2026-09-13 11:46:44.871 +05:30 [INF] Request starting HTTP/1.1 GET http://localhost:5172/Account/Login - null null
2026-09-13 11:46:45.080 +05:30 [INF] Executing endpoint 'MyDailyExpenseTracker.Controllers.AccountController.Login (MyDailyExpenseTracker)'
2026-09-13 11:46:45.095 +05:30 [INF] Route matched with {action = "Login", controller = "Account"}. Executing controller action with signature Microsoft.AspNetCore.Mvc.IActionResult Login(System.String) on controller MyDailyExpenseTracker.Controllers.AccountController (MyDailyExpenseTracker).
2026-09-13 11:46:45.208 +05:30 [INF] Executing ViewResult, running view Login.
2026-09-13 11:46:45.269 +05:30 [INF] Executed ViewResult - view Login executed in 93.0026ms.
2026-09-13 11:46:45.273 +05:30 [INF] Executed action MyDailyExpenseTracker.Controllers.AccountController.Login (MyDailyExpenseTracker) in 173.2595ms
2026-09-13 11:46:45.275 +05:30 [INF] Executed endpoint 'MyDailyExpenseTracker.Controllers.AccountController.Login (MyDailyExpenseTracker)'
2026-09-13 11:46:45.278 +05:30 [INF] Request finished HTTP/1.1 GET http://localhost:5172/Account/Login - 200 null text/html; charset=utf-8 410.0845ms
2026-09-13 11:46:48.239 +05:30 [INF] Request starting HTTP/1.1 POST http://localhost:5172/Account/Login - application/x-www-form-urlencoded 266
2026-09-13 11:46:48.246 +05:30 [INF] Executing endpoint 'MyDailyExpenseTracker.Controllers.AccountController.Login (MyDailyExpenseTracker)'
2026-09-13 11:46:48.248 +05:30 [INF] Route matched with {action = "Login", controller = "Account"}. Executing controller action with signature System.Threading.Tasks.Task`1[Microsoft.AspNetCore.Mvc.IActionResult] Login(MyDailyExpenseTracker.ViewModels.LoginViewModel, System.String) on controller MyDailyExpenseTracker.Controllers.AccountController (MyDailyExpenseTracker).
2026-09-13 11:46:50.138 +05:30 [INF] Executed DbCommand (94ms) [Parameters=[@normalizedUserName='?' (Size = 256)], CommandType='"Text"', CommandTimeout='30']
SELECT TOP(1) [a].[Id], [a].[AccessFailedCount], [a].[ConcurrencyStamp], [a].[CreatedDate], [a].[Currency], [a].[DateFormat], [a].[Email], [a].[EmailConfirmed], [a].[FirstName], [a].[LastName], [a].[LockoutEnabled], [a].[LockoutEnd], [a].[NormalizedEmail], [a].[NormalizedUserName], [a].[PasswordHash], [a].[PhoneNumber], [a].[PhoneNumberConfirmed], [a].[SecurityStamp], [a].[Theme], [a].[TwoFactorEnabled], [a].[UserName]
FROM [AspNetUsers] AS [a]
WHERE [a].[NormalizedUserName] = @normalizedUserName
2026-09-13 11:46:50.255 +05:30 [INF] Executed DbCommand (8ms) [Parameters=[@user_Id='?' (Size = 450)], CommandType='"Text"', CommandTimeout='30']
SELECT [a].[Id], [a].[ClaimType], [a].[ClaimValue], [a].[UserId]
FROM [AspNetUserClaims] AS [a]
WHERE [a].[UserId] = @user_Id
2026-09-13 11:46:50.274 +05:30 [INF] Executed DbCommand (12ms) [Parameters=[@userId='?' (Size = 450)], CommandType='"Text"', CommandTimeout='30']
SELECT [a0].[Name]
FROM [AspNetUserRoles] AS [a]
INNER JOIN [AspNetRoles] AS [a0] ON [a].[RoleId] = [a0].[Id]
WHERE [a].[UserId] = @userId
2026-09-13 11:46:50.284 +05:30 [INF] Executed DbCommand (5ms) [Parameters=[@normalizedName='?' (Size = 256)], CommandType='"Text"', CommandTimeout='30']
SELECT TOP(1) [a].[Id], [a].[ConcurrencyStamp], [a].[Name], [a].[NormalizedName]
FROM [AspNetRoles] AS [a]
WHERE [a].[NormalizedName] = @normalizedName
2026-09-13 11:46:50.292 +05:30 [INF] Executed DbCommand (3ms) [Parameters=[@role_Id='?' (Size = 450)], CommandType='"Text"', CommandTimeout='30']
SELECT [a].[ClaimType], [a].[ClaimValue]
FROM [AspNetRoleClaims] AS [a]
WHERE [a].[RoleId] = @role_Id
2026-09-13 11:46:50.301 +05:30 [INF] AuthenticationScheme: Identity.Application signed in.
2026-09-13 11:46:50.303 +05:30 [INF] User logged in: chavanabhijeet95@gmail.com
2026-09-13 11:46:50.305 +05:30 [INF] Executing RedirectResult, redirecting to /.
2026-09-13 11:46:50.307 +05:30 [INF] Executed action MyDailyExpenseTracker.Controllers.AccountController.Login (MyDailyExpenseTracker) in 2056.7869ms
2026-09-13 11:46:50.309 +05:30 [INF] Executed endpoint 'MyDailyExpenseTracker.Controllers.AccountController.Login (MyDailyExpenseTracker)'
2026-09-13 11:46:50.312 +05:30 [INF] Request finished HTTP/1.1 POST http://localhost:5172/Account/Login - 302 0 null 2072.8501ms
2026-09-13 11:46:50.323 +05:30 [INF] Request starting HTTP/1.1 GET http://localhost:5172/ - null null
2026-09-13 11:46:50.332 +05:30 [INF] Executing endpoint 'MyDailyExpenseTracker.Controllers.DashboardController.Index (MyDailyExpenseTracker)'
2026-09-13 11:46:50.334 +05:30 [INF] Route matched with {action = "Index", controller = "Dashboard"}. Executing controller action with signature System.Threading.Tasks.Task`1[Microsoft.AspNetCore.Mvc.IActionResult] Index() on controller MyDailyExpenseTracker.Controllers.DashboardController (MyDailyExpenseTracker).
2026-09-13 11:46:50.354 +05:30 [INF] Executed DbCommand (11ms) [Parameters=[@userId='?' (Size = 450), @today='?' (DbType = DateTime2), @today2='?' (DbType = DateTime2)], CommandType='"Text"', CommandTimeout='30']
SELECT [r].[RecurringExpenseId], [r].[Amount], [r].[CategoryId], [r].[CreatedDate], [r].[EndDate], [r].[Frequency], [r].[IsActive], [r].[LastGeneratedDate], [r].[Name], [r].[Notes], [r].[PaymentMethodId], [r].[StartDate], [r].[Type], [r].[UserId]
FROM [RecurringExpenses] AS [r]
WHERE [r].[UserId] = @userId AND [r].[IsActive] = CAST(1 AS bit) AND [r].[StartDate] <= @today AND ([r].[EndDate] IS NULL OR [r].[EndDate] >= @today2)
2026-09-13 11:46:50.387 +05:30 [INF] Executed DbCommand (24ms) [Parameters=[@userId='?' (Size = 450), @today_Month='?' (DbType = Int32), @today_Year='?' (DbType = Int32)], CommandType='"Text"', CommandTimeout='30']
SELECT [b1].[BudgetId], [b1].[CreatedDate], [b1].[Month], [b1].[Notes], [b1].[TotalBudget], [b1].[UpdatedDate], [b1].[UserId], [b1].[Year], [s].[BudgetCategoryId], [s].[Amount], [s].[BudgetId], [s].[CategoryId], [s].[CategoryId0], [s].[Color], [s].[CreatedDate], [s].[Icon], [s].[IsActive], [s].[IsDefault], [s].[Name], [s].[Type], [s].[UserId]
FROM (
    SELECT TOP(1) [b].[BudgetId], [b].[CreatedDate], [b].[Month], [b].[Notes], [b].[TotalBudget], [b].[UpdatedDate], [b].[UserId], [b].[Year]
    FROM [Budgets] AS [b]
    WHERE [b].[UserId] = @userId AND [b].[Month] = @today_Month AND [b].[Year] = @today_Year
) AS [b1]
LEFT JOIN (
    SELECT [b0].[BudgetCategoryId], [b0].[Amount], [b0].[BudgetId], [b0].[CategoryId], [c].[CategoryId] AS [CategoryId0], [c].[Color], [c].[CreatedDate], [c].[Icon], [c].[IsActive], [c].[IsDefault], [c].[Name], [c].[Type], [c].[UserId]
    FROM [BudgetCategories] AS [b0]
    INNER JOIN [Categories] AS [c] ON [b0].[CategoryId] = [c].[CategoryId]
) AS [s] ON [b1].[BudgetId] = [s].[BudgetId]
ORDER BY [b1].[BudgetId], [s].[BudgetCategoryId]
2026-09-13 11:46:50.412 +05:30 [INF] Executed DbCommand (15ms) [Parameters=[@userId='?' (Size = 450), @monthStart='?' (DbType = DateTime2)], CommandType='"Text"', CommandTimeout='30']
SELECT COALESCE(SUM([t].[Amount]), 0.0)
FROM [Transactions] AS [t]
WHERE [t].[UserId] = @userId AND [t].[Type] = N'Expense' AND [t].[TransactionDate] >= @monthStart
2026-09-13 11:46:50.427 +05:30 [INF] Executed DbCommand (10ms) [Parameters=[@userId='?' (Size = 450), @today='?' (DbType = DateTime2)], CommandType='"Text"', CommandTimeout='30']
SELECT [t].[Type], COALESCE(SUM([t].[Amount]), 0.0) AS [Total]
FROM [Transactions] AS [t]
WHERE [t].[UserId] = @userId AND CONVERT(date, [t].[TransactionDate]) = @today
GROUP BY [t].[Type]
2026-09-13 11:46:50.435 +05:30 [INF] Executed DbCommand (5ms) [Parameters=[@userId='?' (Size = 450), @monthStart='?' (DbType = DateTime2), @today='?' (DbType = DateTime2)], CommandType='"Text"', CommandTimeout='30']
SELECT [t].[Type], COALESCE(SUM([t].[Amount]), 0.0) AS [Total]
FROM [Transactions] AS [t]
WHERE [t].[UserId] = @userId AND [t].[TransactionDate] >= @monthStart AND [t].[TransactionDate] <= @today
GROUP BY [t].[Type]
2026-09-13 11:46:50.444 +05:30 [INF] Executed DbCommand (5ms) [Parameters=[@userId='?' (Size = 450)], CommandType='"Text"', CommandTimeout='30']
SELECT COALESCE(SUM([t].[Amount]), 0.0)
FROM [Transactions] AS [t]
WHERE [t].[UserId] = @userId AND [t].[Type] = N'Income'
2026-09-13 11:46:50.453 +05:30 [INF] Executed DbCommand (5ms) [Parameters=[@userId='?' (Size = 450)], CommandType='"Text"', CommandTimeout='30']
SELECT COALESCE(SUM([t].[Amount]), 0.0)
FROM [Transactions] AS [t]
WHERE [t].[UserId] = @userId AND [t].[Type] = N'Expense'
2026-09-13 11:46:50.459 +05:30 [INF] Executed DbCommand (2ms) [Parameters=[@userId='?' (Size = 450)], CommandType='"Text"', CommandTimeout='30']
SELECT COUNT(*)
FROM [Transactions] AS [t]
WHERE [t].[UserId] = @userId
2026-09-13 11:46:50.468 +05:30 [INF] Executed DbCommand (5ms) [Parameters=[@userId='?' (Size = 450), @prevStart='?' (DbType = DateTime2), @prevEnd='?' (DbType = DateTime2)], CommandType='"Text"', CommandTimeout='30']
SELECT COALESCE(SUM([t].[Amount]), 0.0)
FROM [Transactions] AS [t]
WHERE [t].[UserId] = @userId AND [t].[Type] = N'Expense' AND [t].[TransactionDate] >= @prevStart AND [t].[TransactionDate] <= @prevEnd
2026-09-13 11:46:50.490 +05:30 [INF] Executed DbCommand (15ms) [Parameters=[@p='?' (DbType = Int32), @userId='?' (Size = 450)], CommandType='"Text"', CommandTimeout='30']
SELECT [t0].[TransactionId], [t0].[TransactionDate], [t0].[Description], [c].[Name] AS [CategoryName], [c].[Icon] AS [CategoryIcon], [c].[Color] AS [CategoryColor], [t0].[Type], [t0].[Amount], [p].[Name] AS [PaymentMethodName]
FROM (
    SELECT TOP(@p) [t].[TransactionId], [t].[Amount], [t].[CategoryId], [t].[CreatedDate], [t].[Description], [t].[PaymentMethodId], [t].[TransactionDate], [t].[Type]
    FROM [Transactions] AS [t]
    WHERE [t].[UserId] = @userId
    ORDER BY [t].[TransactionDate] DESC, [t].[CreatedDate] DESC
) AS [t0]
INNER JOIN [Categories] AS [c] ON [t0].[CategoryId] = [c].[CategoryId]
LEFT JOIN [PaymentMethods] AS [p] ON [t0].[PaymentMethodId] = [p].[PaymentMethodId]
ORDER BY [t0].[TransactionDate] DESC, [t0].[CreatedDate] DESC
2026-09-13 11:46:50.505 +05:30 [INF] Executed DbCommand (11ms) [Parameters=[@userId='?' (Size = 450), @sixMonthsAgo='?' (DbType = DateTime2)], CommandType='"Text"', CommandTimeout='30']
SELECT [t0].[Year], [t0].[Month], COALESCE(SUM([t0].[Amount]), 0.0) AS [Total]
FROM (
    SELECT [t].[Amount], DATEPART(year, [t].[TransactionDate]) AS [Year], DATEPART(month, [t].[TransactionDate]) AS [Month]
    FROM [Transactions] AS [t]
    WHERE [t].[UserId] = @userId AND [t].[Type] = N'Expense' AND [t].[TransactionDate] >= @sixMonthsAgo
) AS [t0]
GROUP BY [t0].[Year], [t0].[Month]
2026-09-13 11:46:50.519 +05:30 [INF] Executed DbCommand (8ms) [Parameters=[@userId='?' (Size = 450), @sixMonthsAgo='?' (DbType = DateTime2)], CommandType='"Text"', CommandTimeout='30']
SELECT [t0].[Year], [t0].[Month], [t0].[Type], COALESCE(SUM([t0].[Amount]), 0.0) AS [Total]
FROM (
    SELECT [t].[Amount], [t].[Type], DATEPART(year, [t].[TransactionDate]) AS [Year], DATEPART(month, [t].[TransactionDate]) AS [Month]
    FROM [Transactions] AS [t]
    WHERE [t].[UserId] = @userId AND [t].[TransactionDate] >= @sixMonthsAgo
) AS [t0]
GROUP BY [t0].[Year], [t0].[Month], [t0].[Type]
2026-09-13 11:46:50.534 +05:30 [INF] Executed DbCommand (12ms) [Parameters=[@p='?' (DbType = Int32), @userId='?' (Size = 450), @monthStart='?' (DbType = DateTime2), @today='?' (DbType = DateTime2)], CommandType='"Text"', CommandTimeout='30']
SELECT TOP(@p) [c].[Name] AS [Category], COALESCE(SUM([t].[Amount]), 0.0) AS [Total]
FROM [Transactions] AS [t]
INNER JOIN [Categories] AS [c] ON [t].[CategoryId] = [c].[CategoryId]
WHERE [t].[UserId] = @userId AND [t].[Type] = N'Expense' AND [t].[TransactionDate] >= @monthStart AND [t].[TransactionDate] <= @today
GROUP BY [c].[Name]
ORDER BY COALESCE(SUM([t].[Amount]), 0.0) DESC
2026-09-13 11:46:50.548 +05:30 [INF] Executed DbCommand (9ms) [Parameters=[@userId='?' (Size = 450), @monthStart='?' (DbType = DateTime2), @today='?' (DbType = DateTime2)], CommandType='"Text"', CommandTimeout='30']
SELECT [t0].[Key] AS [Day], COALESCE(SUM([t0].[Amount]), 0.0) AS [Total]
FROM (
    SELECT [t].[Amount], DATEPART(day, [t].[TransactionDate]) AS [Key]
    FROM [Transactions] AS [t]
    WHERE [t].[UserId] = @userId AND [t].[Type] = N'Expense' AND [t].[TransactionDate] >= @monthStart AND [t].[TransactionDate] <= @today
) AS [t0]
GROUP BY [t0].[Key]
2026-09-13 11:46:50.565 +05:30 [INF] Executed DbCommand (12ms) [Parameters=[@userId='?' (Size = 450), @monthStart='?' (DbType = DateTime2), @today='?' (DbType = DateTime2)], CommandType='"Text"', CommandTimeout='30']
SELECT [p].[Name] AS [Method], COALESCE(SUM([t].[Amount]), 0.0) AS [Total]
FROM [Transactions] AS [t]
LEFT JOIN [PaymentMethods] AS [p] ON [t].[PaymentMethodId] = [p].[PaymentMethodId]
WHERE [t].[UserId] = @userId AND [t].[Type] = N'Expense' AND [t].[TransactionDate] >= @monthStart AND [t].[TransactionDate] <= @today AND [t].[PaymentMethodId] IS NOT NULL
GROUP BY [p].[Name]
2026-09-13 11:46:50.574 +05:30 [INF] Executed DbCommand (4ms) [Parameters=[@userId='?' (Size = 450), @today_Month='?' (DbType = Int32), @today_Year='?' (DbType = Int32)], CommandType='"Text"', CommandTimeout='30']
SELECT TOP(1) [b].[BudgetId], [b].[CreatedDate], [b].[Month], [b].[Notes], [b].[TotalBudget], [b].[UpdatedDate], [b].[UserId], [b].[Year]
FROM [Budgets] AS [b]
WHERE [b].[UserId] = @userId AND [b].[Month] = @today_Month AND [b].[Year] = @today_Year
2026-09-13 11:46:50.584 +05:30 [INF] Executed DbCommand (5ms) [Parameters=[@userId='?' (Size = 450)], CommandType='"Text"', CommandTimeout='30']
SELECT COUNT(*)
FROM [Notifications] AS [n]
WHERE [n].[UserId] = @userId AND [n].[IsRead] = CAST(0 AS bit)
2026-09-13 11:46:50.588 +05:30 [INF] Executing ViewResult, running view Index.
2026-09-13 11:46:50.606 +05:30 [INF] Executed DbCommand (6ms) [Parameters=[@p='?' (Size = 450)], CommandType='"Text"', CommandTimeout='30']
SELECT TOP(1) [a].[Id], [a].[AccessFailedCount], [a].[ConcurrencyStamp], [a].[CreatedDate], [a].[Currency], [a].[DateFormat], [a].[Email], [a].[EmailConfirmed], [a].[FirstName], [a].[LastName], [a].[LockoutEnabled], [a].[LockoutEnd], [a].[NormalizedEmail], [a].[NormalizedUserName], [a].[PasswordHash], [a].[PhoneNumber], [a].[PhoneNumberConfirmed], [a].[SecurityStamp], [a].[Theme], [a].[TwoFactorEnabled], [a].[UserName]
FROM [AspNetUsers] AS [a]
WHERE [a].[Id] = @p
2026-09-13 11:46:50.617 +05:30 [INF] Executed ViewResult - view Index executed in 30.451ms.
2026-09-13 11:46:50.619 +05:30 [INF] Executed action MyDailyExpenseTracker.Controllers.DashboardController.Index (MyDailyExpenseTracker) in 282.5665ms
2026-09-13 11:46:50.622 +05:30 [INF] Executed endpoint 'MyDailyExpenseTracker.Controllers.DashboardController.Index (MyDailyExpenseTracker)'
2026-09-13 11:46:50.624 +05:30 [INF] Request finished HTTP/1.1 GET http://localhost:5172/ - 200 null text/html; charset=utf-8 301.0564ms
2026-09-13 11:46:50.706 +05:30 [INF] Request starting HTTP/1.1 GET http://localhost:5172/css/site.css?v=vtNZor98W6QsGzUeK69TDPcJEDrQk7IBLVSmHJHrQs8 - null null
2026-09-13 11:46:50.708 +05:30 [INF] Request starting HTTP/1.1 GET http://localhost:5172/js/site.js?v=XvixfUlZZbVs8ay4ybLVvOPCyYDYC6oeGZmLTMieI_8 - null null
2026-09-13 11:46:50.723 +05:30 [INF] The file /js/site.js was not modified
2026-09-13 11:46:50.723 +05:30 [INF] The file /css/site.css was not modified
2026-09-13 11:46:50.725 +05:30 [INF] Request finished HTTP/1.1 GET http://localhost:5172/js/site.js?v=XvixfUlZZbVs8ay4ybLVvOPCyYDYC6oeGZmLTMieI_8 - 304 null text/javascript 17.128ms
2026-09-13 11:46:50.727 +05:30 [INF] Request finished HTTP/1.1 GET http://localhost:5172/css/site.css?v=vtNZor98W6QsGzUeK69TDPcJEDrQk7IBLVSmHJHrQs8 - 304 null text/css 21.5717ms
2026-09-13 11:46:58.584 +05:30 [INF] Request starting HTTP/1.1 GET http://localhost:5172/Transactions/Create?type=Expense - null null
2026-09-13 11:46:58.596 +05:30 [INF] Executing endpoint 'MyDailyExpenseTracker.Controllers.TransactionsController.Create (MyDailyExpenseTracker)'
2026-09-13 11:46:58.600 +05:30 [INF] Route matched with {action = "Create", controller = "Transactions"}. Executing controller action with signature System.Threading.Tasks.Task`1[Microsoft.AspNetCore.Mvc.IActionResult] Create(System.String) on controller MyDailyExpenseTracker.Controllers.TransactionsController (MyDailyExpenseTracker).
2026-09-13 11:46:58.647 +05:30 [INF] Executed DbCommand (16ms) [Parameters=[@userId='?' (Size = 450), @type='?' (Size = 10)], CommandType='"Text"', CommandTimeout='30']
SELECT CONVERT(varchar(11), [c].[CategoryId]) AS [Value], [c].[Name] AS [Text]
FROM [Categories] AS [c]
WHERE [c].[IsActive] = CAST(1 AS bit) AND ([c].[UserId] = @userId OR [c].[UserId] IS NULL) AND ([c].[Type] = @type OR [c].[Type] = N'Both')
ORDER BY [c].[Name]
2026-09-13 11:46:58.661 +05:30 [INF] Executed DbCommand (9ms) [Parameters=[@userId='?' (Size = 450)], CommandType='"Text"', CommandTimeout='30']
SELECT CONVERT(varchar(11), [p].[PaymentMethodId]) AS [Value], [p].[Name] AS [Text]
FROM [PaymentMethods] AS [p]
WHERE [p].[IsActive] = CAST(1 AS bit) AND ([p].[UserId] = @userId OR [p].[UserId] IS NULL)
ORDER BY [p].[Name]
2026-09-13 11:46:58.666 +05:30 [INF] Executing ViewResult, running view Create.
2026-09-13 11:46:58.710 +05:30 [INF] Executed DbCommand (6ms) [Parameters=[@p='?' (Size = 450)], CommandType='"Text"', CommandTimeout='30']
SELECT TOP(1) [a].[Id], [a].[AccessFailedCount], [a].[ConcurrencyStamp], [a].[CreatedDate], [a].[Currency], [a].[DateFormat], [a].[Email], [a].[EmailConfirmed], [a].[FirstName], [a].[LastName], [a].[LockoutEnabled], [a].[LockoutEnd], [a].[NormalizedEmail], [a].[NormalizedUserName], [a].[PasswordHash], [a].[PhoneNumber], [a].[PhoneNumberConfirmed], [a].[SecurityStamp], [a].[Theme], [a].[TwoFactorEnabled], [a].[UserName]
FROM [AspNetUsers] AS [a]
WHERE [a].[Id] = @p
2026-09-13 11:46:58.716 +05:30 [INF] Executed ViewResult - view Create executed in 51.9727ms.
2026-09-13 11:46:58.718 +05:30 [INF] Executed action MyDailyExpenseTracker.Controllers.TransactionsController.Create (MyDailyExpenseTracker) in 115.9643ms
2026-09-13 11:46:58.721 +05:30 [INF] Executed endpoint 'MyDailyExpenseTracker.Controllers.TransactionsController.Create (MyDailyExpenseTracker)'
2026-09-13 11:46:58.724 +05:30 [INF] Request finished HTTP/1.1 GET http://localhost:5172/Transactions/Create?type=Expense - 200 null text/html; charset=utf-8 139.2593ms
2026-09-13 11:49:10.965 +05:30 [INF] Request starting HTTP/1.1 POST http://localhost:5172/Transactions/Create - application/x-www-form-urlencoded 401
2026-09-13 11:49:10.994 +05:30 [INF] Executing endpoint 'MyDailyExpenseTracker.Controllers.TransactionsController.Create (MyDailyExpenseTracker)'
2026-09-13 11:49:10.998 +05:30 [INF] Route matched with {action = "Create", controller = "Transactions"}. Executing controller action with signature System.Threading.Tasks.Task`1[Microsoft.AspNetCore.Mvc.IActionResult] Create(MyDailyExpenseTracker.ViewModels.TransactionViewModel) on controller MyDailyExpenseTracker.Controllers.TransactionsController (MyDailyExpenseTracker).
2026-09-13 11:49:11.366 +05:30 [INF] Executed DbCommand (234ms) [Parameters=[@p0='?' (Precision = 18) (Scale = 2) (DbType = Decimal), @p1='?' (DbType = Int32), @p2='?' (DbType = DateTime2), @p3='?' (Size = 200), @p4='?' (Size = 500), @p5='?' (DbType = Int32), @p6='?' (DbType = Int32), @p7='?' (DbType = DateTime2), @p8='?' (Size = 10), @p9='?' (DbType = DateTime2), @p10='?' (Size = 450)], CommandType='"Text"', CommandTimeout='30']
SET IMPLICIT_TRANSACTIONS OFF;
SET NOCOUNT ON;
INSERT INTO [Transactions] ([Amount], [CategoryId], [CreatedDate], [Description], [Notes], [PaymentMethodId], [RecurringExpenseId], [TransactionDate], [Type], [UpdatedDate], [UserId])
OUTPUT INSERTED.[TransactionId]
VALUES (@p0, @p1, @p2, @p3, @p4, @p5, @p6, @p7, @p8, @p9, @p10);
2026-09-13 11:49:11.391 +05:30 [INF] Executing RedirectResult, redirecting to /Transactions.
2026-09-13 11:49:11.405 +05:30 [INF] Executed action MyDailyExpenseTracker.Controllers.TransactionsController.Create (MyDailyExpenseTracker) in 403.3374ms
2026-09-13 11:49:11.407 +05:30 [INF] Executed endpoint 'MyDailyExpenseTracker.Controllers.TransactionsController.Create (MyDailyExpenseTracker)'
2026-09-13 11:49:11.410 +05:30 [INF] Request finished HTTP/1.1 POST http://localhost:5172/Transactions/Create - 302 0 null 445.7165ms
2026-09-13 11:49:11.418 +05:30 [INF] Request starting HTTP/1.1 GET http://localhost:5172/Transactions - null null
2026-09-13 11:49:11.422 +05:30 [INF] Executing endpoint 'MyDailyExpenseTracker.Controllers.TransactionsController.Index (MyDailyExpenseTracker)'
2026-09-13 11:49:11.425 +05:30 [INF] Route matched with {action = "Index", controller = "Transactions"}. Executing controller action with signature System.Threading.Tasks.Task`1[Microsoft.AspNetCore.Mvc.IActionResult] Index(MyDailyExpenseTracker.ViewModels.TransactionFilterViewModel) on controller MyDailyExpenseTracker.Controllers.TransactionsController (MyDailyExpenseTracker).
2026-09-13 11:49:11.454 +05:30 [INF] Executed DbCommand (16ms) [Parameters=[@userId='?' (Size = 450)], CommandType='"Text"', CommandTimeout='30']
SELECT [t].[Type], [t].[Amount]
FROM [Transactions] AS [t]
WHERE [t].[UserId] = @userId
2026-09-13 11:49:11.511 +05:30 [INF] Executed DbCommand (32ms) [Parameters=[@userId='?' (Size = 450), @p='?' (DbType = Int32), @p2='?' (DbType = Int32)], CommandType='"Text"', CommandTimeout='30']
SELECT [t0].[TransactionId], [t0].[TransactionDate], [t0].[Description], [c].[Name] AS [CategoryName], [c].[Icon] AS [CategoryIcon], [c].[Color] AS [CategoryColor], [t0].[Type], [t0].[Amount], [p].[Name] AS [PaymentMethodName]
FROM (
    SELECT [t].[TransactionId], [t].[Amount], [t].[CategoryId], [t].[CreatedDate], [t].[Description], [t].[PaymentMethodId], [t].[TransactionDate], [t].[Type]
    FROM [Transactions] AS [t]
    WHERE [t].[UserId] = @userId
    ORDER BY [t].[TransactionDate] DESC, [t].[CreatedDate] DESC
    OFFSET @p ROWS FETCH NEXT @p2 ROWS ONLY
) AS [t0]
INNER JOIN [Categories] AS [c] ON [t0].[CategoryId] = [c].[CategoryId]
LEFT JOIN [PaymentMethods] AS [p] ON [t0].[PaymentMethodId] = [p].[PaymentMethodId]
ORDER BY [t0].[TransactionDate] DESC, [t0].[CreatedDate] DESC
2026-09-13 11:49:11.529 +05:30 [INF] Executed DbCommand (13ms) [Parameters=[@userId='?' (Size = 450)], CommandType='"Text"', CommandTimeout='30']
SELECT CONVERT(varchar(11), [c].[CategoryId]) AS [Value], [c].[Name] AS [Text]
FROM [Categories] AS [c]
WHERE [c].[IsActive] = CAST(1 AS bit) AND ([c].[UserId] = @userId OR [c].[UserId] IS NULL)
ORDER BY [c].[Name]
2026-09-13 11:49:11.540 +05:30 [INF] Executed DbCommand (6ms) [Parameters=[@userId='?' (Size = 450)], CommandType='"Text"', CommandTimeout='30']
SELECT CONVERT(varchar(11), [p].[PaymentMethodId]) AS [Value], [p].[Name] AS [Text]
FROM [PaymentMethods] AS [p]
WHERE [p].[IsActive] = CAST(1 AS bit) AND ([p].[UserId] = @userId OR [p].[UserId] IS NULL)
ORDER BY [p].[Name]
2026-09-13 11:49:11.547 +05:30 [INF] Executing ViewResult, running view Index.
2026-09-13 11:49:11.563 +05:30 [INF] Executed DbCommand (7ms) [Parameters=[@p='?' (Size = 450)], CommandType='"Text"', CommandTimeout='30']
SELECT TOP(1) [a].[Id], [a].[AccessFailedCount], [a].[ConcurrencyStamp], [a].[CreatedDate], [a].[Currency], [a].[DateFormat], [a].[Email], [a].[EmailConfirmed], [a].[FirstName], [a].[LastName], [a].[LockoutEnabled], [a].[LockoutEnd], [a].[NormalizedEmail], [a].[NormalizedUserName], [a].[PasswordHash], [a].[PhoneNumber], [a].[PhoneNumberConfirmed], [a].[SecurityStamp], [a].[Theme], [a].[TwoFactorEnabled], [a].[UserName]
FROM [AspNetUsers] AS [a]
WHERE [a].[Id] = @p
2026-09-13 11:49:11.576 +05:30 [INF] Executed ViewResult - view Index executed in 32.8002ms.
2026-09-13 11:49:11.578 +05:30 [INF] Executed action MyDailyExpenseTracker.Controllers.TransactionsController.Index (MyDailyExpenseTracker) in 150.6404ms
2026-09-13 11:49:11.580 +05:30 [INF] Executed endpoint 'MyDailyExpenseTracker.Controllers.TransactionsController.Index (MyDailyExpenseTracker)'
2026-09-13 11:49:11.582 +05:30 [INF] Request finished HTTP/1.1 GET http://localhost:5172/Transactions - 200 null text/html; charset=utf-8 163.9506ms
2026-09-13 11:49:20.845 +05:30 [INF] Request starting HTTP/1.1 GET http://localhost:5172/Transactions/Create?type=Expense - null null
2026-09-13 11:49:20.851 +05:30 [INF] Executing endpoint 'MyDailyExpenseTracker.Controllers.TransactionsController.Create (MyDailyExpenseTracker)'
2026-09-13 11:49:20.855 +05:30 [INF] Route matched with {action = "Create", controller = "Transactions"}. Executing controller action with signature System.Threading.Tasks.Task`1[Microsoft.AspNetCore.Mvc.IActionResult] Create(System.String) on controller MyDailyExpenseTracker.Controllers.TransactionsController (MyDailyExpenseTracker).
2026-09-13 11:49:20.877 +05:30 [INF] Executed DbCommand (15ms) [Parameters=[@userId='?' (Size = 450), @type='?' (Size = 10)], CommandType='"Text"', CommandTimeout='30']
SELECT CONVERT(varchar(11), [c].[CategoryId]) AS [Value], [c].[Name] AS [Text]
FROM [Categories] AS [c]
WHERE [c].[IsActive] = CAST(1 AS bit) AND ([c].[UserId] = @userId OR [c].[UserId] IS NULL) AND ([c].[Type] = @type OR [c].[Type] = N'Both')
ORDER BY [c].[Name]
2026-09-13 11:49:20.891 +05:30 [INF] Executed DbCommand (10ms) [Parameters=[@userId='?' (Size = 450)], CommandType='"Text"', CommandTimeout='30']
SELECT CONVERT(varchar(11), [p].[PaymentMethodId]) AS [Value], [p].[Name] AS [Text]
FROM [PaymentMethods] AS [p]
WHERE [p].[IsActive] = CAST(1 AS bit) AND ([p].[UserId] = @userId OR [p].[UserId] IS NULL)
ORDER BY [p].[Name]
2026-09-13 11:49:20.895 +05:30 [INF] Executing ViewResult, running view Create.
2026-09-13 11:49:20.917 +05:30 [INF] Executed DbCommand (5ms) [Parameters=[@p='?' (Size = 450)], CommandType='"Text"', CommandTimeout='30']
SELECT TOP(1) [a].[Id], [a].[AccessFailedCount], [a].[ConcurrencyStamp], [a].[CreatedDate], [a].[Currency], [a].[DateFormat], [a].[Email], [a].[EmailConfirmed], [a].[FirstName], [a].[LastName], [a].[LockoutEnabled], [a].[LockoutEnd], [a].[NormalizedEmail], [a].[NormalizedUserName], [a].[PasswordHash], [a].[PhoneNumber], [a].[PhoneNumberConfirmed], [a].[SecurityStamp], [a].[Theme], [a].[TwoFactorEnabled], [a].[UserName]
FROM [AspNetUsers] AS [a]
WHERE [a].[Id] = @p
2026-09-13 11:49:20.924 +05:30 [INF] Executed ViewResult - view Create executed in 29.9278ms.
2026-09-13 11:49:20.926 +05:30 [INF] Executed action MyDailyExpenseTracker.Controllers.TransactionsController.Create (MyDailyExpenseTracker) in 68.4707ms
2026-09-13 11:49:20.928 +05:30 [INF] Executed endpoint 'MyDailyExpenseTracker.Controllers.TransactionsController.Create (MyDailyExpenseTracker)'
2026-09-13 11:49:20.930 +05:30 [INF] Request finished HTTP/1.1 GET http://localhost:5172/Transactions/Create?type=Expense - 200 null text/html; charset=utf-8 84.9797ms
2026-09-13 11:50:11.802 +05:30 [INF] Request starting HTTP/1.1 POST http://localhost:5172/Transactions/Create - application/x-www-form-urlencoded 386
2026-09-13 11:50:11.811 +05:30 [INF] Executing endpoint 'MyDailyExpenseTracker.Controllers.TransactionsController.Create (MyDailyExpenseTracker)'
2026-09-13 11:50:11.813 +05:30 [INF] Route matched with {action = "Create", controller = "Transactions"}. Executing controller action with signature System.Threading.Tasks.Task`1[Microsoft.AspNetCore.Mvc.IActionResult] Create(MyDailyExpenseTracker.ViewModels.TransactionViewModel) on controller MyDailyExpenseTracker.Controllers.TransactionsController (MyDailyExpenseTracker).
2026-09-13 11:50:11.835 +05:30 [INF] Executed DbCommand (11ms) [Parameters=[@p0='?' (Precision = 18) (Scale = 2) (DbType = Decimal), @p1='?' (DbType = Int32), @p2='?' (DbType = DateTime2), @p3='?' (Size = 200), @p4='?' (Size = 500), @p5='?' (DbType = Int32), @p6='?' (DbType = Int32), @p7='?' (DbType = DateTime2), @p8='?' (Size = 10), @p9='?' (DbType = DateTime2), @p10='?' (Size = 450)], CommandType='"Text"', CommandTimeout='30']
SET IMPLICIT_TRANSACTIONS OFF;
SET NOCOUNT ON;
INSERT INTO [Transactions] ([Amount], [CategoryId], [CreatedDate], [Description], [Notes], [PaymentMethodId], [RecurringExpenseId], [TransactionDate], [Type], [UpdatedDate], [UserId])
OUTPUT INSERTED.[TransactionId]
VALUES (@p0, @p1, @p2, @p3, @p4, @p5, @p6, @p7, @p8, @p9, @p10);
2026-09-13 11:50:11.843 +05:30 [INF] Executing RedirectResult, redirecting to /Transactions.
2026-09-13 11:50:11.845 +05:30 [INF] Executed action MyDailyExpenseTracker.Controllers.TransactionsController.Create (MyDailyExpenseTracker) in 28.3923ms
2026-09-13 11:50:11.850 +05:30 [INF] Executed endpoint 'MyDailyExpenseTracker.Controllers.TransactionsController.Create (MyDailyExpenseTracker)'
2026-09-13 11:50:11.853 +05:30 [INF] Request finished HTTP/1.1 POST http://localhost:5172/Transactions/Create - 302 0 null 51.6495ms
2026-09-13 11:50:11.862 +05:30 [INF] Request starting HTTP/1.1 GET http://localhost:5172/Transactions - null null
2026-09-13 11:50:11.867 +05:30 [INF] Executing endpoint 'MyDailyExpenseTracker.Controllers.TransactionsController.Index (MyDailyExpenseTracker)'
2026-09-13 11:50:11.869 +05:30 [INF] Route matched with {action = "Index", controller = "Transactions"}. Executing controller action with signature System.Threading.Tasks.Task`1[Microsoft.AspNetCore.Mvc.IActionResult] Index(MyDailyExpenseTracker.ViewModels.TransactionFilterViewModel) on controller MyDailyExpenseTracker.Controllers.TransactionsController (MyDailyExpenseTracker).
2026-09-13 11:50:11.882 +05:30 [INF] Executed DbCommand (7ms) [Parameters=[@userId='?' (Size = 450)], CommandType='"Text"', CommandTimeout='30']
SELECT [t].[Type], [t].[Amount]
FROM [Transactions] AS [t]
WHERE [t].[UserId] = @userId
2026-09-13 11:50:11.899 +05:30 [INF] Executed DbCommand (11ms) [Parameters=[@userId='?' (Size = 450), @p='?' (DbType = Int32), @p2='?' (DbType = Int32)], CommandType='"Text"', CommandTimeout='30']
SELECT [t0].[TransactionId], [t0].[TransactionDate], [t0].[Description], [c].[Name] AS [CategoryName], [c].[Icon] AS [CategoryIcon], [c].[Color] AS [CategoryColor], [t0].[Type], [t0].[Amount], [p].[Name] AS [PaymentMethodName]
FROM (
    SELECT [t].[TransactionId], [t].[Amount], [t].[CategoryId], [t].[CreatedDate], [t].[Description], [t].[PaymentMethodId], [t].[TransactionDate], [t].[Type]
    FROM [Transactions] AS [t]
    WHERE [t].[UserId] = @userId
    ORDER BY [t].[TransactionDate] DESC, [t].[CreatedDate] DESC
    OFFSET @p ROWS FETCH NEXT @p2 ROWS ONLY
) AS [t0]
INNER JOIN [Categories] AS [c] ON [t0].[CategoryId] = [c].[CategoryId]
LEFT JOIN [PaymentMethods] AS [p] ON [t0].[PaymentMethodId] = [p].[PaymentMethodId]
ORDER BY [t0].[TransactionDate] DESC, [t0].[CreatedDate] DESC
2026-09-13 11:50:11.913 +05:30 [INF] Executed DbCommand (9ms) [Parameters=[@userId='?' (Size = 450)], CommandType='"Text"', CommandTimeout='30']
SELECT CONVERT(varchar(11), [c].[CategoryId]) AS [Value], [c].[Name] AS [Text]
FROM [Categories] AS [c]
WHERE [c].[IsActive] = CAST(1 AS bit) AND ([c].[UserId] = @userId OR [c].[UserId] IS NULL)
ORDER BY [c].[Name]
2026-09-13 11:50:11.923 +05:30 [INF] Executed DbCommand (6ms) [Parameters=[@userId='?' (Size = 450)], CommandType='"Text"', CommandTimeout='30']
SELECT CONVERT(varchar(11), [p].[PaymentMethodId]) AS [Value], [p].[Name] AS [Text]
FROM [PaymentMethods] AS [p]
WHERE [p].[IsActive] = CAST(1 AS bit) AND ([p].[UserId] = @userId OR [p].[UserId] IS NULL)
ORDER BY [p].[Name]
2026-09-13 11:50:11.927 +05:30 [INF] Executing ViewResult, running view Index.
2026-09-13 11:50:11.934 +05:30 [INF] Executed DbCommand (4ms) [Parameters=[@p='?' (Size = 450)], CommandType='"Text"', CommandTimeout='30']
SELECT TOP(1) [a].[Id], [a].[AccessFailedCount], [a].[ConcurrencyStamp], [a].[CreatedDate], [a].[Currency], [a].[DateFormat], [a].[Email], [a].[EmailConfirmed], [a].[FirstName], [a].[LastName], [a].[LockoutEnabled], [a].[LockoutEnd], [a].[NormalizedEmail], [a].[NormalizedUserName], [a].[PasswordHash], [a].[PhoneNumber], [a].[PhoneNumberConfirmed], [a].[SecurityStamp], [a].[Theme], [a].[TwoFactorEnabled], [a].[UserName]
FROM [AspNetUsers] AS [a]
WHERE [a].[Id] = @p
2026-09-13 11:50:11.940 +05:30 [INF] Executed ViewResult - view Index executed in 13.5207ms.
2026-09-13 11:50:11.942 +05:30 [INF] Executed action MyDailyExpenseTracker.Controllers.TransactionsController.Index (MyDailyExpenseTracker) in 70.7035ms
2026-09-13 11:50:11.944 +05:30 [INF] Executed endpoint 'MyDailyExpenseTracker.Controllers.TransactionsController.Index (MyDailyExpenseTracker)'
2026-09-13 11:50:11.946 +05:30 [INF] Request finished HTTP/1.1 GET http://localhost:5172/Transactions - 200 null text/html; charset=utf-8 83.7874ms
2026-09-13 11:50:39.382 +05:30 [INF] Request starting HTTP/1.1 GET http://localhost:5172/Transactions/Create?type=Expense - null null
2026-09-13 11:50:39.390 +05:30 [INF] Executing endpoint 'MyDailyExpenseTracker.Controllers.TransactionsController.Create (MyDailyExpenseTracker)'
2026-09-13 11:50:39.392 +05:30 [INF] Route matched with {action = "Create", controller = "Transactions"}. Executing controller action with signature System.Threading.Tasks.Task`1[Microsoft.AspNetCore.Mvc.IActionResult] Create(System.String) on controller MyDailyExpenseTracker.Controllers.TransactionsController (MyDailyExpenseTracker).
2026-09-13 11:50:39.412 +05:30 [INF] Executed DbCommand (10ms) [Parameters=[@userId='?' (Size = 450), @type='?' (Size = 10)], CommandType='"Text"', CommandTimeout='30']
SELECT CONVERT(varchar(11), [c].[CategoryId]) AS [Value], [c].[Name] AS [Text]
FROM [Categories] AS [c]
WHERE [c].[IsActive] = CAST(1 AS bit) AND ([c].[UserId] = @userId OR [c].[UserId] IS NULL) AND ([c].[Type] = @type OR [c].[Type] = N'Both')
ORDER BY [c].[Name]
2026-09-13 11:50:39.426 +05:30 [INF] Executed DbCommand (8ms) [Parameters=[@userId='?' (Size = 450)], CommandType='"Text"', CommandTimeout='30']
SELECT CONVERT(varchar(11), [p].[PaymentMethodId]) AS [Value], [p].[Name] AS [Text]
FROM [PaymentMethods] AS [p]
WHERE [p].[IsActive] = CAST(1 AS bit) AND ([p].[UserId] = @userId OR [p].[UserId] IS NULL)
ORDER BY [p].[Name]
2026-09-13 11:50:39.431 +05:30 [INF] Executing ViewResult, running view Create.
2026-09-13 11:50:39.439 +05:30 [INF] Executed DbCommand (4ms) [Parameters=[@p='?' (Size = 450)], CommandType='"Text"', CommandTimeout='30']
SELECT TOP(1) [a].[Id], [a].[AccessFailedCount], [a].[ConcurrencyStamp], [a].[CreatedDate], [a].[Currency], [a].[DateFormat], [a].[Email], [a].[EmailConfirmed], [a].[FirstName], [a].[LastName], [a].[LockoutEnabled], [a].[LockoutEnd], [a].[NormalizedEmail], [a].[NormalizedUserName], [a].[PasswordHash], [a].[PhoneNumber], [a].[PhoneNumberConfirmed], [a].[SecurityStamp], [a].[Theme], [a].[TwoFactorEnabled], [a].[UserName]
FROM [AspNetUsers] AS [a]
WHERE [a].[Id] = @p
2026-09-13 11:50:39.443 +05:30 [INF] Executed ViewResult - view Create executed in 12.1535ms.
2026-09-13 11:50:39.445 +05:30 [INF] Executed action MyDailyExpenseTracker.Controllers.TransactionsController.Create (MyDailyExpenseTracker) in 48.4669ms
2026-09-13 11:50:39.447 +05:30 [INF] Executed endpoint 'MyDailyExpenseTracker.Controllers.TransactionsController.Create (MyDailyExpenseTracker)'
2026-09-13 11:50:39.449 +05:30 [INF] Request finished HTTP/1.1 GET http://localhost:5172/Transactions/Create?type=Expense - 200 null text/html; charset=utf-8 67.2031ms
2026-09-13 11:51:34.233 +05:30 [INF] Request starting HTTP/1.1 POST http://localhost:5172/Transactions/Create - application/x-www-form-urlencoded 387
2026-09-13 11:51:34.241 +05:30 [INF] Executing endpoint 'MyDailyExpenseTracker.Controllers.TransactionsController.Create (MyDailyExpenseTracker)'
2026-09-13 11:51:34.243 +05:30 [INF] Route matched with {action = "Create", controller = "Transactions"}. Executing controller action with signature System.Threading.Tasks.Task`1[Microsoft.AspNetCore.Mvc.IActionResult] Create(MyDailyExpenseTracker.ViewModels.TransactionViewModel) on controller MyDailyExpenseTracker.Controllers.TransactionsController (MyDailyExpenseTracker).
2026-09-13 11:51:34.275 +05:30 [INF] Executed DbCommand (14ms) [Parameters=[@p0='?' (Precision = 18) (Scale = 2) (DbType = Decimal), @p1='?' (DbType = Int32), @p2='?' (DbType = DateTime2), @p3='?' (Size = 200), @p4='?' (Size = 500), @p5='?' (DbType = Int32), @p6='?' (DbType = Int32), @p7='?' (DbType = DateTime2), @p8='?' (Size = 10), @p9='?' (DbType = DateTime2), @p10='?' (Size = 450)], CommandType='"Text"', CommandTimeout='30']
SET IMPLICIT_TRANSACTIONS OFF;
SET NOCOUNT ON;
INSERT INTO [Transactions] ([Amount], [CategoryId], [CreatedDate], [Description], [Notes], [PaymentMethodId], [RecurringExpenseId], [TransactionDate], [Type], [UpdatedDate], [UserId])
OUTPUT INSERTED.[TransactionId]
VALUES (@p0, @p1, @p2, @p3, @p4, @p5, @p6, @p7, @p8, @p9, @p10);
2026-09-13 11:51:34.281 +05:30 [INF] Executing RedirectResult, redirecting to /Transactions.
2026-09-13 11:51:34.284 +05:30 [INF] Executed action MyDailyExpenseTracker.Controllers.TransactionsController.Create (MyDailyExpenseTracker) in 36.8101ms
2026-09-13 11:51:34.286 +05:30 [INF] Executed endpoint 'MyDailyExpenseTracker.Controllers.TransactionsController.Create (MyDailyExpenseTracker)'
2026-09-13 11:51:34.288 +05:30 [INF] Request finished HTTP/1.1 POST http://localhost:5172/Transactions/Create - 302 0 null 54.6719ms
2026-09-13 11:51:34.300 +05:30 [INF] Request starting HTTP/1.1 GET http://localhost:5172/Transactions - null null
2026-09-13 11:51:34.305 +05:30 [INF] Executing endpoint 'MyDailyExpenseTracker.Controllers.TransactionsController.Index (MyDailyExpenseTracker)'
2026-09-13 11:51:34.309 +05:30 [INF] Route matched with {action = "Index", controller = "Transactions"}. Executing controller action with signature System.Threading.Tasks.Task`1[Microsoft.AspNetCore.Mvc.IActionResult] Index(MyDailyExpenseTracker.ViewModels.TransactionFilterViewModel) on controller MyDailyExpenseTracker.Controllers.TransactionsController (MyDailyExpenseTracker).
2026-09-13 11:51:34.319 +05:30 [INF] Executed DbCommand (4ms) [Parameters=[@userId='?' (Size = 450)], CommandType='"Text"', CommandTimeout='30']
SELECT [t].[Type], [t].[Amount]
FROM [Transactions] AS [t]
WHERE [t].[UserId] = @userId
2026-09-13 11:51:34.334 +05:30 [INF] Executed DbCommand (7ms) [Parameters=[@userId='?' (Size = 450), @p='?' (DbType = Int32), @p2='?' (DbType = Int32)], CommandType='"Text"', CommandTimeout='30']
SELECT [t0].[TransactionId], [t0].[TransactionDate], [t0].[Description], [c].[Name] AS [CategoryName], [c].[Icon] AS [CategoryIcon], [c].[Color] AS [CategoryColor], [t0].[Type], [t0].[Amount], [p].[Name] AS [PaymentMethodName]
FROM (
    SELECT [t].[TransactionId], [t].[Amount], [t].[CategoryId], [t].[CreatedDate], [t].[Description], [t].[PaymentMethodId], [t].[TransactionDate], [t].[Type]
    FROM [Transactions] AS [t]
    WHERE [t].[UserId] = @userId
    ORDER BY [t].[TransactionDate] DESC, [t].[CreatedDate] DESC
    OFFSET @p ROWS FETCH NEXT @p2 ROWS ONLY
) AS [t0]
INNER JOIN [Categories] AS [c] ON [t0].[CategoryId] = [c].[CategoryId]
LEFT JOIN [PaymentMethods] AS [p] ON [t0].[PaymentMethodId] = [p].[PaymentMethodId]
ORDER BY [t0].[TransactionDate] DESC, [t0].[CreatedDate] DESC
2026-09-13 11:51:34.347 +05:30 [INF] Executed DbCommand (7ms) [Parameters=[@userId='?' (Size = 450)], CommandType='"Text"', CommandTimeout='30']
SELECT CONVERT(varchar(11), [c].[CategoryId]) AS [Value], [c].[Name] AS [Text]
FROM [Categories] AS [c]
WHERE [c].[IsActive] = CAST(1 AS bit) AND ([c].[UserId] = @userId OR [c].[UserId] IS NULL)
ORDER BY [c].[Name]
2026-09-13 11:51:34.358 +05:30 [INF] Executed DbCommand (7ms) [Parameters=[@userId='?' (Size = 450)], CommandType='"Text"', CommandTimeout='30']
SELECT CONVERT(varchar(11), [p].[PaymentMethodId]) AS [Value], [p].[Name] AS [Text]
FROM [PaymentMethods] AS [p]
WHERE [p].[IsActive] = CAST(1 AS bit) AND ([p].[UserId] = @userId OR [p].[UserId] IS NULL)
ORDER BY [p].[Name]
2026-09-13 11:51:34.361 +05:30 [INF] Executing ViewResult, running view Index.
2026-09-13 11:51:34.369 +05:30 [INF] Executed DbCommand (3ms) [Parameters=[@p='?' (Size = 450)], CommandType='"Text"', CommandTimeout='30']
SELECT TOP(1) [a].[Id], [a].[AccessFailedCount], [a].[ConcurrencyStamp], [a].[CreatedDate], [a].[Currency], [a].[DateFormat], [a].[Email], [a].[EmailConfirmed], [a].[FirstName], [a].[LastName], [a].[LockoutEnabled], [a].[LockoutEnd], [a].[NormalizedEmail], [a].[NormalizedUserName], [a].[PasswordHash], [a].[PhoneNumber], [a].[PhoneNumberConfirmed], [a].[SecurityStamp], [a].[Theme], [a].[TwoFactorEnabled], [a].[UserName]
FROM [AspNetUsers] AS [a]
WHERE [a].[Id] = @p
2026-09-13 11:51:34.377 +05:30 [INF] Executed ViewResult - view Index executed in 16.1224ms.
2026-09-13 11:51:34.379 +05:30 [INF] Executed action MyDailyExpenseTracker.Controllers.TransactionsController.Index (MyDailyExpenseTracker) in 67.1131ms
2026-09-13 11:51:34.381 +05:30 [INF] Executed endpoint 'MyDailyExpenseTracker.Controllers.TransactionsController.Index (MyDailyExpenseTracker)'
2026-09-13 11:51:34.383 +05:30 [INF] Request finished HTTP/1.1 GET http://localhost:5172/Transactions - 200 null text/html; charset=utf-8 83.5332ms
2026-09-13 11:51:42.878 +05:30 [INF] Request starting HTTP/1.1 GET http://localhost:5172/Transactions/Create?type=Expense - null null
2026-09-13 11:51:42.886 +05:30 [INF] Executing endpoint 'MyDailyExpenseTracker.Controllers.TransactionsController.Create (MyDailyExpenseTracker)'
2026-09-13 11:51:42.889 +05:30 [INF] Route matched with {action = "Create", controller = "Transactions"}. Executing controller action with signature System.Threading.Tasks.Task`1[Microsoft.AspNetCore.Mvc.IActionResult] Create(System.String) on controller MyDailyExpenseTracker.Controllers.TransactionsController (MyDailyExpenseTracker).
2026-09-13 11:51:42.920 +05:30 [INF] Executed DbCommand (24ms) [Parameters=[@userId='?' (Size = 450), @type='?' (Size = 10)], CommandType='"Text"', CommandTimeout='30']
SELECT CONVERT(varchar(11), [c].[CategoryId]) AS [Value], [c].[Name] AS [Text]
FROM [Categories] AS [c]
WHERE [c].[IsActive] = CAST(1 AS bit) AND ([c].[UserId] = @userId OR [c].[UserId] IS NULL) AND ([c].[Type] = @type OR [c].[Type] = N'Both')
ORDER BY [c].[Name]
2026-09-13 11:51:42.938 +05:30 [INF] Executed DbCommand (12ms) [Parameters=[@userId='?' (Size = 450)], CommandType='"Text"', CommandTimeout='30']
SELECT CONVERT(varchar(11), [p].[PaymentMethodId]) AS [Value], [p].[Name] AS [Text]
FROM [PaymentMethods] AS [p]
WHERE [p].[IsActive] = CAST(1 AS bit) AND ([p].[UserId] = @userId OR [p].[UserId] IS NULL)
ORDER BY [p].[Name]
2026-09-13 11:51:42.941 +05:30 [INF] Executing ViewResult, running view Create.
2026-09-13 11:51:42.953 +05:30 [INF] Executed DbCommand (8ms) [Parameters=[@p='?' (Size = 450)], CommandType='"Text"', CommandTimeout='30']
SELECT TOP(1) [a].[Id], [a].[AccessFailedCount], [a].[ConcurrencyStamp], [a].[CreatedDate], [a].[Currency], [a].[DateFormat], [a].[Email], [a].[EmailConfirmed], [a].[FirstName], [a].[LastName], [a].[LockoutEnabled], [a].[LockoutEnd], [a].[NormalizedEmail], [a].[NormalizedUserName], [a].[PasswordHash], [a].[PhoneNumber], [a].[PhoneNumberConfirmed], [a].[SecurityStamp], [a].[Theme], [a].[TwoFactorEnabled], [a].[UserName]
FROM [AspNetUsers] AS [a]
WHERE [a].[Id] = @p
2026-09-13 11:51:42.959 +05:30 [INF] Executed ViewResult - view Create executed in 17.8273ms.
2026-09-13 11:51:42.962 +05:30 [INF] Executed action MyDailyExpenseTracker.Controllers.TransactionsController.Create (MyDailyExpenseTracker) in 69.2319ms
2026-09-13 11:51:42.964 +05:30 [INF] Executed endpoint 'MyDailyExpenseTracker.Controllers.TransactionsController.Create (MyDailyExpenseTracker)'
2026-09-13 11:51:42.966 +05:30 [INF] Request finished HTTP/1.1 GET http://localhost:5172/Transactions/Create?type=Expense - 200 null text/html; charset=utf-8 87.9156ms
2026-09-13 11:52:11.958 +05:30 [INF] Request starting HTTP/1.1 POST http://localhost:5172/Transactions/Create - application/x-www-form-urlencoded 390
2026-09-13 11:52:11.964 +05:30 [INF] Executing endpoint 'MyDailyExpenseTracker.Controllers.TransactionsController.Create (MyDailyExpenseTracker)'
2026-09-13 11:52:11.966 +05:30 [INF] Route matched with {action = "Create", controller = "Transactions"}. Executing controller action with signature System.Threading.Tasks.Task`1[Microsoft.AspNetCore.Mvc.IActionResult] Create(MyDailyExpenseTracker.ViewModels.TransactionViewModel) on controller MyDailyExpenseTracker.Controllers.TransactionsController (MyDailyExpenseTracker).
2026-09-13 11:52:11.986 +05:30 [INF] Executed DbCommand (11ms) [Parameters=[@p0='?' (Precision = 18) (Scale = 2) (DbType = Decimal), @p1='?' (DbType = Int32), @p2='?' (DbType = DateTime2), @p3='?' (Size = 200), @p4='?' (Size = 500), @p5='?' (DbType = Int32), @p6='?' (DbType = Int32), @p7='?' (DbType = DateTime2), @p8='?' (Size = 10), @p9='?' (DbType = DateTime2), @p10='?' (Size = 450)], CommandType='"Text"', CommandTimeout='30']
SET IMPLICIT_TRANSACTIONS OFF;
SET NOCOUNT ON;
INSERT INTO [Transactions] ([Amount], [CategoryId], [CreatedDate], [Description], [Notes], [PaymentMethodId], [RecurringExpenseId], [TransactionDate], [Type], [UpdatedDate], [UserId])
OUTPUT INSERTED.[TransactionId]
VALUES (@p0, @p1, @p2, @p3, @p4, @p5, @p6, @p7, @p8, @p9, @p10);
2026-09-13 11:52:11.990 +05:30 [INF] Executing RedirectResult, redirecting to /Transactions.
2026-09-13 11:52:11.992 +05:30 [INF] Executed action MyDailyExpenseTracker.Controllers.TransactionsController.Create (MyDailyExpenseTracker) in 23.0547ms
2026-09-13 11:52:11.995 +05:30 [INF] Executed endpoint 'MyDailyExpenseTracker.Controllers.TransactionsController.Create (MyDailyExpenseTracker)'
2026-09-13 11:52:11.997 +05:30 [INF] Request finished HTTP/1.1 POST http://localhost:5172/Transactions/Create - 302 0 null 38.5428ms
2026-09-13 11:52:12.008 +05:30 [INF] Request starting HTTP/1.1 GET http://localhost:5172/Transactions - null null
2026-09-13 11:52:12.014 +05:30 [INF] Executing endpoint 'MyDailyExpenseTracker.Controllers.TransactionsController.Index (MyDailyExpenseTracker)'
2026-09-13 11:52:12.016 +05:30 [INF] Route matched with {action = "Index", controller = "Transactions"}. Executing controller action with signature System.Threading.Tasks.Task`1[Microsoft.AspNetCore.Mvc.IActionResult] Index(MyDailyExpenseTracker.ViewModels.TransactionFilterViewModel) on controller MyDailyExpenseTracker.Controllers.TransactionsController (MyDailyExpenseTracker).
2026-09-13 11:52:12.025 +05:30 [INF] Executed DbCommand (4ms) [Parameters=[@userId='?' (Size = 450)], CommandType='"Text"', CommandTimeout='30']
SELECT [t].[Type], [t].[Amount]
FROM [Transactions] AS [t]
WHERE [t].[UserId] = @userId
2026-09-13 11:52:12.039 +05:30 [INF] Executed DbCommand (11ms) [Parameters=[@userId='?' (Size = 450), @p='?' (DbType = Int32), @p2='?' (DbType = Int32)], CommandType='"Text"', CommandTimeout='30']
SELECT [t0].[TransactionId], [t0].[TransactionDate], [t0].[Description], [c].[Name] AS [CategoryName], [c].[Icon] AS [CategoryIcon], [c].[Color] AS [CategoryColor], [t0].[Type], [t0].[Amount], [p].[Name] AS [PaymentMethodName]
FROM (
    SELECT [t].[TransactionId], [t].[Amount], [t].[CategoryId], [t].[CreatedDate], [t].[Description], [t].[PaymentMethodId], [t].[TransactionDate], [t].[Type]
    FROM [Transactions] AS [t]
    WHERE [t].[UserId] = @userId
    ORDER BY [t].[TransactionDate] DESC, [t].[CreatedDate] DESC
    OFFSET @p ROWS FETCH NEXT @p2 ROWS ONLY
) AS [t0]
INNER JOIN [Categories] AS [c] ON [t0].[CategoryId] = [c].[CategoryId]
LEFT JOIN [PaymentMethods] AS [p] ON [t0].[PaymentMethodId] = [p].[PaymentMethodId]
ORDER BY [t0].[TransactionDate] DESC, [t0].[CreatedDate] DESC
2026-09-13 11:52:12.051 +05:30 [INF] Executed DbCommand (8ms) [Parameters=[@userId='?' (Size = 450)], CommandType='"Text"', CommandTimeout='30']
SELECT CONVERT(varchar(11), [c].[CategoryId]) AS [Value], [c].[Name] AS [Text]
FROM [Categories] AS [c]
WHERE [c].[IsActive] = CAST(1 AS bit) AND ([c].[UserId] = @userId OR [c].[UserId] IS NULL)
ORDER BY [c].[Name]
2026-09-13 11:52:12.059 +05:30 [INF] Executed DbCommand (5ms) [Parameters=[@userId='?' (Size = 450)], CommandType='"Text"', CommandTimeout='30']
SELECT CONVERT(varchar(11), [p].[PaymentMethodId]) AS [Value], [p].[Name] AS [Text]
FROM [PaymentMethods] AS [p]
WHERE [p].[IsActive] = CAST(1 AS bit) AND ([p].[UserId] = @userId OR [p].[UserId] IS NULL)
ORDER BY [p].[Name]
2026-09-13 11:52:12.062 +05:30 [INF] Executing ViewResult, running view Index.
2026-09-13 11:52:12.074 +05:30 [INF] Executed DbCommand (5ms) [Parameters=[@p='?' (Size = 450)], CommandType='"Text"', CommandTimeout='30']
SELECT TOP(1) [a].[Id], [a].[AccessFailedCount], [a].[ConcurrencyStamp], [a].[CreatedDate], [a].[Currency], [a].[DateFormat], [a].[Email], [a].[EmailConfirmed], [a].[FirstName], [a].[LastName], [a].[LockoutEnabled], [a].[LockoutEnd], [a].[NormalizedEmail], [a].[NormalizedUserName], [a].[PasswordHash], [a].[PhoneNumber], [a].[PhoneNumberConfirmed], [a].[SecurityStamp], [a].[Theme], [a].[TwoFactorEnabled], [a].[UserName]
FROM [AspNetUsers] AS [a]
WHERE [a].[Id] = @p
2026-09-13 11:52:12.079 +05:30 [INF] Executed ViewResult - view Index executed in 16.9431ms.
2026-09-13 11:52:12.082 +05:30 [INF] Executed action MyDailyExpenseTracker.Controllers.TransactionsController.Index (MyDailyExpenseTracker) in 63.0446ms
2026-09-13 11:52:12.086 +05:30 [INF] Executed endpoint 'MyDailyExpenseTracker.Controllers.TransactionsController.Index (MyDailyExpenseTracker)'
2026-09-13 11:52:12.087 +05:30 [INF] Request finished HTTP/1.1 GET http://localhost:5172/Transactions - 200 null text/html; charset=utf-8 79.4413ms
2026-09-13 11:52:20.023 +05:30 [INF] Request starting HTTP/1.1 GET http://localhost:5172/ - null null
2026-09-13 11:52:20.030 +05:30 [INF] Executing endpoint 'MyDailyExpenseTracker.Controllers.DashboardController.Index (MyDailyExpenseTracker)'
2026-09-13 11:52:20.033 +05:30 [INF] Route matched with {action = "Index", controller = "Dashboard"}. Executing controller action with signature System.Threading.Tasks.Task`1[Microsoft.AspNetCore.Mvc.IActionResult] Index() on controller MyDailyExpenseTracker.Controllers.DashboardController (MyDailyExpenseTracker).
2026-09-13 11:52:20.063 +05:30 [INF] Executed DbCommand (20ms) [Parameters=[@userId='?' (Size = 450), @today='?' (DbType = DateTime2), @today2='?' (DbType = DateTime2)], CommandType='"Text"', CommandTimeout='30']
SELECT [r].[RecurringExpenseId], [r].[Amount], [r].[CategoryId], [r].[CreatedDate], [r].[EndDate], [r].[Frequency], [r].[IsActive], [r].[LastGeneratedDate], [r].[Name], [r].[Notes], [r].[PaymentMethodId], [r].[StartDate], [r].[Type], [r].[UserId]
FROM [RecurringExpenses] AS [r]
WHERE [r].[UserId] = @userId AND [r].[IsActive] = CAST(1 AS bit) AND [r].[StartDate] <= @today AND ([r].[EndDate] IS NULL OR [r].[EndDate] >= @today2)
2026-09-13 11:52:20.104 +05:30 [INF] Executed DbCommand (31ms) [Parameters=[@userId='?' (Size = 450), @today_Month='?' (DbType = Int32), @today_Year='?' (DbType = Int32)], CommandType='"Text"', CommandTimeout='30']
SELECT [b1].[BudgetId], [b1].[CreatedDate], [b1].[Month], [b1].[Notes], [b1].[TotalBudget], [b1].[UpdatedDate], [b1].[UserId], [b1].[Year], [s].[BudgetCategoryId], [s].[Amount], [s].[BudgetId], [s].[CategoryId], [s].[CategoryId0], [s].[Color], [s].[CreatedDate], [s].[Icon], [s].[IsActive], [s].[IsDefault], [s].[Name], [s].[Type], [s].[UserId]
FROM (
    SELECT TOP(1) [b].[BudgetId], [b].[CreatedDate], [b].[Month], [b].[Notes], [b].[TotalBudget], [b].[UpdatedDate], [b].[UserId], [b].[Year]
    FROM [Budgets] AS [b]
    WHERE [b].[UserId] = @userId AND [b].[Month] = @today_Month AND [b].[Year] = @today_Year
) AS [b1]
LEFT JOIN (
    SELECT [b0].[BudgetCategoryId], [b0].[Amount], [b0].[BudgetId], [b0].[CategoryId], [c].[CategoryId] AS [CategoryId0], [c].[Color], [c].[CreatedDate], [c].[Icon], [c].[IsActive], [c].[IsDefault], [c].[Name], [c].[Type], [c].[UserId]
    FROM [BudgetCategories] AS [b0]
    INNER JOIN [Categories] AS [c] ON [b0].[CategoryId] = [c].[CategoryId]
) AS [s] ON [b1].[BudgetId] = [s].[BudgetId]
ORDER BY [b1].[BudgetId], [s].[BudgetCategoryId]
2026-09-13 11:52:20.133 +05:30 [INF] Executed DbCommand (23ms) [Parameters=[@userId='?' (Size = 450), @monthStart='?' (DbType = DateTime2)], CommandType='"Text"', CommandTimeout='30']
SELECT COALESCE(SUM([t].[Amount]), 0.0)
FROM [Transactions] AS [t]
WHERE [t].[UserId] = @userId AND [t].[Type] = N'Expense' AND [t].[TransactionDate] >= @monthStart
2026-09-13 11:52:20.154 +05:30 [INF] Executed DbCommand (17ms) [Parameters=[@userId='?' (Size = 450), @today='?' (DbType = DateTime2)], CommandType='"Text"', CommandTimeout='30']
SELECT [t].[Type], COALESCE(SUM([t].[Amount]), 0.0) AS [Total]
FROM [Transactions] AS [t]
WHERE [t].[UserId] = @userId AND CONVERT(date, [t].[TransactionDate]) = @today
GROUP BY [t].[Type]
2026-09-13 11:52:20.168 +05:30 [INF] Executed DbCommand (11ms) [Parameters=[@userId='?' (Size = 450), @monthStart='?' (DbType = DateTime2), @today='?' (DbType = DateTime2)], CommandType='"Text"', CommandTimeout='30']
SELECT [t].[Type], COALESCE(SUM([t].[Amount]), 0.0) AS [Total]
FROM [Transactions] AS [t]
WHERE [t].[UserId] = @userId AND [t].[TransactionDate] >= @monthStart AND [t].[TransactionDate] <= @today
GROUP BY [t].[Type]
2026-09-13 11:52:20.179 +05:30 [INF] Executed DbCommand (7ms) [Parameters=[@userId='?' (Size = 450)], CommandType='"Text"', CommandTimeout='30']
SELECT COALESCE(SUM([t].[Amount]), 0.0)
FROM [Transactions] AS [t]
WHERE [t].[UserId] = @userId AND [t].[Type] = N'Income'
2026-09-13 11:52:20.190 +05:30 [INF] Executed DbCommand (5ms) [Parameters=[@userId='?' (Size = 450)], CommandType='"Text"', CommandTimeout='30']
SELECT COALESCE(SUM([t].[Amount]), 0.0)
FROM [Transactions] AS [t]
WHERE [t].[UserId] = @userId AND [t].[Type] = N'Expense'
2026-09-13 11:52:20.197 +05:30 [INF] Executed DbCommand (3ms) [Parameters=[@userId='?' (Size = 450)], CommandType='"Text"', CommandTimeout='30']
SELECT COUNT(*)
FROM [Transactions] AS [t]
WHERE [t].[UserId] = @userId
2026-09-13 11:52:20.207 +05:30 [INF] Executed DbCommand (6ms) [Parameters=[@userId='?' (Size = 450), @prevStart='?' (DbType = DateTime2), @prevEnd='?' (DbType = DateTime2)], CommandType='"Text"', CommandTimeout='30']
SELECT COALESCE(SUM([t].[Amount]), 0.0)
FROM [Transactions] AS [t]
WHERE [t].[UserId] = @userId AND [t].[Type] = N'Expense' AND [t].[TransactionDate] >= @prevStart AND [t].[TransactionDate] <= @prevEnd
2026-09-13 11:52:20.222 +05:30 [INF] Executed DbCommand (9ms) [Parameters=[@p='?' (DbType = Int32), @userId='?' (Size = 450)], CommandType='"Text"', CommandTimeout='30']
SELECT [t0].[TransactionId], [t0].[TransactionDate], [t0].[Description], [c].[Name] AS [CategoryName], [c].[Icon] AS [CategoryIcon], [c].[Color] AS [CategoryColor], [t0].[Type], [t0].[Amount], [p].[Name] AS [PaymentMethodName]
FROM (
    SELECT TOP(@p) [t].[TransactionId], [t].[Amount], [t].[CategoryId], [t].[CreatedDate], [t].[Description], [t].[PaymentMethodId], [t].[TransactionDate], [t].[Type]
    FROM [Transactions] AS [t]
    WHERE [t].[UserId] = @userId
    ORDER BY [t].[TransactionDate] DESC, [t].[CreatedDate] DESC
) AS [t0]
INNER JOIN [Categories] AS [c] ON [t0].[CategoryId] = [c].[CategoryId]
LEFT JOIN [PaymentMethods] AS [p] ON [t0].[PaymentMethodId] = [p].[PaymentMethodId]
ORDER BY [t0].[TransactionDate] DESC, [t0].[CreatedDate] DESC
2026-09-13 11:52:20.241 +05:30 [INF] Executed DbCommand (13ms) [Parameters=[@userId='?' (Size = 450), @sixMonthsAgo='?' (DbType = DateTime2)], CommandType='"Text"', CommandTimeout='30']
SELECT [t0].[Year], [t0].[Month], COALESCE(SUM([t0].[Amount]), 0.0) AS [Total]
FROM (
    SELECT [t].[Amount], DATEPART(year, [t].[TransactionDate]) AS [Year], DATEPART(month, [t].[TransactionDate]) AS [Month]
    FROM [Transactions] AS [t]
    WHERE [t].[UserId] = @userId AND [t].[Type] = N'Expense' AND [t].[TransactionDate] >= @sixMonthsAgo
) AS [t0]
GROUP BY [t0].[Year], [t0].[Month]
2026-09-13 11:52:20.255 +05:30 [INF] Executed DbCommand (8ms) [Parameters=[@userId='?' (Size = 450), @sixMonthsAgo='?' (DbType = DateTime2)], CommandType='"Text"', CommandTimeout='30']
SELECT [t0].[Year], [t0].[Month], [t0].[Type], COALESCE(SUM([t0].[Amount]), 0.0) AS [Total]
FROM (
    SELECT [t].[Amount], [t].[Type], DATEPART(year, [t].[TransactionDate]) AS [Year], DATEPART(month, [t].[TransactionDate]) AS [Month]
    FROM [Transactions] AS [t]
    WHERE [t].[UserId] = @userId AND [t].[TransactionDate] >= @sixMonthsAgo
) AS [t0]
GROUP BY [t0].[Year], [t0].[Month], [t0].[Type]
2026-09-13 11:52:20.274 +05:30 [INF] Executed DbCommand (13ms) [Parameters=[@p='?' (DbType = Int32), @userId='?' (Size = 450), @monthStart='?' (DbType = DateTime2), @today='?' (DbType = DateTime2)], CommandType='"Text"', CommandTimeout='30']
SELECT TOP(@p) [c].[Name] AS [Category], COALESCE(SUM([t].[Amount]), 0.0) AS [Total]
FROM [Transactions] AS [t]
INNER JOIN [Categories] AS [c] ON [t].[CategoryId] = [c].[CategoryId]
WHERE [t].[UserId] = @userId AND [t].[Type] = N'Expense' AND [t].[TransactionDate] >= @monthStart AND [t].[TransactionDate] <= @today
GROUP BY [c].[Name]
ORDER BY COALESCE(SUM([t].[Amount]), 0.0) DESC
2026-09-13 11:52:20.287 +05:30 [INF] Executed DbCommand (8ms) [Parameters=[@userId='?' (Size = 450), @monthStart='?' (DbType = DateTime2), @today='?' (DbType = DateTime2)], CommandType='"Text"', CommandTimeout='30']
SELECT [t0].[Key] AS [Day], COALESCE(SUM([t0].[Amount]), 0.0) AS [Total]
FROM (
    SELECT [t].[Amount], DATEPART(day, [t].[TransactionDate]) AS [Key]
    FROM [Transactions] AS [t]
    WHERE [t].[UserId] = @userId AND [t].[Type] = N'Expense' AND [t].[TransactionDate] >= @monthStart AND [t].[TransactionDate] <= @today
) AS [t0]
GROUP BY [t0].[Key]
2026-09-13 11:52:20.303 +05:30 [INF] Executed DbCommand (12ms) [Parameters=[@userId='?' (Size = 450), @monthStart='?' (DbType = DateTime2), @today='?' (DbType = DateTime2)], CommandType='"Text"', CommandTimeout='30']
SELECT [p].[Name] AS [Method], COALESCE(SUM([t].[Amount]), 0.0) AS [Total]
FROM [Transactions] AS [t]
LEFT JOIN [PaymentMethods] AS [p] ON [t].[PaymentMethodId] = [p].[PaymentMethodId]
WHERE [t].[UserId] = @userId AND [t].[Type] = N'Expense' AND [t].[TransactionDate] >= @monthStart AND [t].[TransactionDate] <= @today AND [t].[PaymentMethodId] IS NOT NULL
GROUP BY [p].[Name]
2026-09-13 11:52:20.312 +05:30 [INF] Executed DbCommand (4ms) [Parameters=[@userId='?' (Size = 450), @today_Month='?' (DbType = Int32), @today_Year='?' (DbType = Int32)], CommandType='"Text"', CommandTimeout='30']
SELECT TOP(1) [b].[BudgetId], [b].[CreatedDate], [b].[Month], [b].[Notes], [b].[TotalBudget], [b].[UpdatedDate], [b].[UserId], [b].[Year]
FROM [Budgets] AS [b]
WHERE [b].[UserId] = @userId AND [b].[Month] = @today_Month AND [b].[Year] = @today_Year
2026-09-13 11:52:20.320 +05:30 [INF] Executed DbCommand (3ms) [Parameters=[@userId='?' (Size = 450)], CommandType='"Text"', CommandTimeout='30']
SELECT COUNT(*)
FROM [Notifications] AS [n]
WHERE [n].[UserId] = @userId AND [n].[IsRead] = CAST(0 AS bit)
2026-09-13 11:52:20.323 +05:30 [INF] Executing ViewResult, running view Index.
2026-09-13 11:52:20.332 +05:30 [INF] Executed DbCommand (5ms) [Parameters=[@p='?' (Size = 450)], CommandType='"Text"', CommandTimeout='30']
SELECT TOP(1) [a].[Id], [a].[AccessFailedCount], [a].[ConcurrencyStamp], [a].[CreatedDate], [a].[Currency], [a].[DateFormat], [a].[Email], [a].[EmailConfirmed], [a].[FirstName], [a].[LastName], [a].[LockoutEnabled], [a].[LockoutEnd], [a].[NormalizedEmail], [a].[NormalizedUserName], [a].[PasswordHash], [a].[PhoneNumber], [a].[PhoneNumberConfirmed], [a].[SecurityStamp], [a].[Theme], [a].[TwoFactorEnabled], [a].[UserName]
FROM [AspNetUsers] AS [a]
WHERE [a].[Id] = @p
2026-09-13 11:52:20.342 +05:30 [INF] Executed ViewResult - view Index executed in 19.7223ms.
2026-09-13 11:52:20.348 +05:30 [INF] Executed action MyDailyExpenseTracker.Controllers.DashboardController.Index (MyDailyExpenseTracker) in 311.624ms
2026-09-13 11:52:20.350 +05:30 [INF] Executed endpoint 'MyDailyExpenseTracker.Controllers.DashboardController.Index (MyDailyExpenseTracker)'
2026-09-13 11:52:20.352 +05:30 [INF] Request finished HTTP/1.1 GET http://localhost:5172/ - 200 null text/html; charset=utf-8 328.8993ms
2026-09-13 11:52:29.267 +05:30 [INF] Request starting HTTP/1.1 GET http://localhost:5172/Transactions - null null
2026-09-13 11:52:29.275 +05:30 [INF] Executing endpoint 'MyDailyExpenseTracker.Controllers.TransactionsController.Index (MyDailyExpenseTracker)'
2026-09-13 11:52:29.277 +05:30 [INF] Route matched with {action = "Index", controller = "Transactions"}. Executing controller action with signature System.Threading.Tasks.Task`1[Microsoft.AspNetCore.Mvc.IActionResult] Index(MyDailyExpenseTracker.ViewModels.TransactionFilterViewModel) on controller MyDailyExpenseTracker.Controllers.TransactionsController (MyDailyExpenseTracker).
2026-09-13 11:52:29.294 +05:30 [INF] Executed DbCommand (8ms) [Parameters=[@userId='?' (Size = 450)], CommandType='"Text"', CommandTimeout='30']
SELECT [t].[Type], [t].[Amount]
FROM [Transactions] AS [t]
WHERE [t].[UserId] = @userId
2026-09-13 11:52:29.320 +05:30 [INF] Executed DbCommand (20ms) [Parameters=[@userId='?' (Size = 450), @p='?' (DbType = Int32), @p2='?' (DbType = Int32)], CommandType='"Text"', CommandTimeout='30']
SELECT [t0].[TransactionId], [t0].[TransactionDate], [t0].[Description], [c].[Name] AS [CategoryName], [c].[Icon] AS [CategoryIcon], [c].[Color] AS [CategoryColor], [t0].[Type], [t0].[Amount], [p].[Name] AS [PaymentMethodName]
FROM (
    SELECT [t].[TransactionId], [t].[Amount], [t].[CategoryId], [t].[CreatedDate], [t].[Description], [t].[PaymentMethodId], [t].[TransactionDate], [t].[Type]
    FROM [Transactions] AS [t]
    WHERE [t].[UserId] = @userId
    ORDER BY [t].[TransactionDate] DESC, [t].[CreatedDate] DESC
    OFFSET @p ROWS FETCH NEXT @p2 ROWS ONLY
) AS [t0]
INNER JOIN [Categories] AS [c] ON [t0].[CategoryId] = [c].[CategoryId]
LEFT JOIN [PaymentMethods] AS [p] ON [t0].[PaymentMethodId] = [p].[PaymentMethodId]
ORDER BY [t0].[TransactionDate] DESC, [t0].[CreatedDate] DESC
2026-09-13 11:52:29.349 +05:30 [INF] Executed DbCommand (16ms) [Parameters=[@userId='?' (Size = 450)], CommandType='"Text"', CommandTimeout='30']
SELECT CONVERT(varchar(11), [c].[CategoryId]) AS [Value], [c].[Name] AS [Text]
FROM [Categories] AS [c]
WHERE [c].[IsActive] = CAST(1 AS bit) AND ([c].[UserId] = @userId OR [c].[UserId] IS NULL)
ORDER BY [c].[Name]
2026-09-13 11:52:29.361 +05:30 [INF] Executed DbCommand (10ms) [Parameters=[@userId='?' (Size = 450)], CommandType='"Text"', CommandTimeout='30']
SELECT CONVERT(varchar(11), [p].[PaymentMethodId]) AS [Value], [p].[Name] AS [Text]
FROM [PaymentMethods] AS [p]
WHERE [p].[IsActive] = CAST(1 AS bit) AND ([p].[UserId] = @userId OR [p].[UserId] IS NULL)
ORDER BY [p].[Name]
2026-09-13 11:52:29.365 +05:30 [INF] Executing ViewResult, running view Index.
2026-09-13 11:52:29.376 +05:30 [INF] Executed DbCommand (7ms) [Parameters=[@p='?' (Size = 450)], CommandType='"Text"', CommandTimeout='30']
SELECT TOP(1) [a].[Id], [a].[AccessFailedCount], [a].[ConcurrencyStamp], [a].[CreatedDate], [a].[Currency], [a].[DateFormat], [a].[Email], [a].[EmailConfirmed], [a].[FirstName], [a].[LastName], [a].[LockoutEnabled], [a].[LockoutEnd], [a].[NormalizedEmail], [a].[NormalizedUserName], [a].[PasswordHash], [a].[PhoneNumber], [a].[PhoneNumberConfirmed], [a].[SecurityStamp], [a].[Theme], [a].[TwoFactorEnabled], [a].[UserName]
FROM [AspNetUsers] AS [a]
WHERE [a].[Id] = @p
2026-09-13 11:52:29.380 +05:30 [INF] Executed ViewResult - view Index executed in 15.0482ms.
2026-09-13 11:52:29.382 +05:30 [INF] Executed action MyDailyExpenseTracker.Controllers.TransactionsController.Index (MyDailyExpenseTracker) in 98.8152ms
2026-09-13 11:52:29.384 +05:30 [INF] Executed endpoint 'MyDailyExpenseTracker.Controllers.TransactionsController.Index (MyDailyExpenseTracker)'
2026-09-13 11:52:29.385 +05:30 [INF] Request finished HTTP/1.1 GET http://localhost:5172/Transactions - 200 null text/html; charset=utf-8 118.305ms
2026-09-13 11:52:31.461 +05:30 [INF] Request starting HTTP/1.1 GET http://localhost:5172/Categories - null null
2026-09-13 11:52:31.467 +05:30 [INF] Executing endpoint 'MyDailyExpenseTracker.Controllers.CategoriesController.Index (MyDailyExpenseTracker)'
2026-09-13 11:52:31.470 +05:30 [INF] Route matched with {action = "Index", controller = "Categories"}. Executing controller action with signature System.Threading.Tasks.Task`1[Microsoft.AspNetCore.Mvc.IActionResult] Index() on controller MyDailyExpenseTracker.Controllers.CategoriesController (MyDailyExpenseTracker).
2026-09-13 11:52:31.494 +05:30 [INF] Executed DbCommand (16ms) [Parameters=[@userId='?' (Size = 450)], CommandType='"Text"', CommandTimeout='30']
SELECT [t].[CategoryId], COUNT(*) AS [Count]
FROM [Transactions] AS [t]
WHERE [t].[UserId] = @userId
GROUP BY [t].[CategoryId]
2026-09-13 11:52:31.512 +05:30 [INF] Executed DbCommand (10ms) [Parameters=[@userId='?' (Size = 450)], CommandType='"Text"', CommandTimeout='30']
SELECT [c].[CategoryId], [c].[Name], [c].[Icon], [c].[Color], [c].[Type], [c].[IsDefault]
FROM [Categories] AS [c]
WHERE [c].[IsActive] = CAST(1 AS bit) AND ([c].[UserId] = @userId OR [c].[UserId] IS NULL)
ORDER BY [c].[Type], [c].[Name]
2026-09-13 11:52:31.528 +05:30 [INF] Executing ViewResult, running view Index.
2026-09-13 11:52:31.542 +05:30 [INF] Executed DbCommand (7ms) [Parameters=[@p='?' (Size = 450)], CommandType='"Text"', CommandTimeout='30']
SELECT TOP(1) [a].[Id], [a].[AccessFailedCount], [a].[ConcurrencyStamp], [a].[CreatedDate], [a].[Currency], [a].[DateFormat], [a].[Email], [a].[EmailConfirmed], [a].[FirstName], [a].[LastName], [a].[LockoutEnabled], [a].[LockoutEnd], [a].[NormalizedEmail], [a].[NormalizedUserName], [a].[PasswordHash], [a].[PhoneNumber], [a].[PhoneNumberConfirmed], [a].[SecurityStamp], [a].[Theme], [a].[TwoFactorEnabled], [a].[UserName]
FROM [AspNetUsers] AS [a]
WHERE [a].[Id] = @p
2026-09-13 11:52:31.547 +05:30 [INF] Executed ViewResult - view Index executed in 29.3082ms.
2026-09-13 11:52:31.549 +05:30 [INF] Executed action MyDailyExpenseTracker.Controllers.CategoriesController.Index (MyDailyExpenseTracker) in 75.3276ms
2026-09-13 11:52:31.550 +05:30 [INF] Executed endpoint 'MyDailyExpenseTracker.Controllers.CategoriesController.Index (MyDailyExpenseTracker)'
2026-09-13 11:52:31.553 +05:30 [INF] Request finished HTTP/1.1 GET http://localhost:5172/Categories - 200 null text/html; charset=utf-8 91.495ms
2026-09-13 11:52:35.056 +05:30 [INF] Request starting HTTP/1.1 GET http://localhost:5172/PaymentMethods - null null
2026-09-13 11:52:35.061 +05:30 [INF] Executing endpoint 'MyDailyExpenseTracker.Controllers.PaymentMethodsController.Index (MyDailyExpenseTracker)'
2026-09-13 11:52:35.062 +05:30 [INF] Route matched with {action = "Index", controller = "PaymentMethods"}. Executing controller action with signature System.Threading.Tasks.Task`1[Microsoft.AspNetCore.Mvc.IActionResult] Index() on controller MyDailyExpenseTracker.Controllers.PaymentMethodsController (MyDailyExpenseTracker).
2026-09-13 11:52:35.087 +05:30 [INF] Executed DbCommand (13ms) [Parameters=[@userId='?' (Size = 450)], CommandType='"Text"', CommandTimeout='30']
SELECT [t].[PaymentMethodId] AS [MethodId], COUNT(*) AS [Count]
FROM [Transactions] AS [t]
WHERE [t].[UserId] = @userId AND [t].[PaymentMethodId] IS NOT NULL
GROUP BY [t].[PaymentMethodId]
2026-09-13 11:52:35.108 +05:30 [INF] Executed DbCommand (12ms) [Parameters=[@userId='?' (Size = 450)], CommandType='"Text"', CommandTimeout='30']
SELECT [p].[PaymentMethodId], [p].[Name], [p].[Icon], [p].[IsDefault]
FROM [PaymentMethods] AS [p]
WHERE [p].[IsActive] = CAST(1 AS bit) AND ([p].[UserId] = @userId OR [p].[UserId] IS NULL)
ORDER BY [p].[Name]
2026-09-13 11:52:35.113 +05:30 [INF] Executing ViewResult, running view Index.
2026-09-13 11:52:35.125 +05:30 [INF] Executed DbCommand (7ms) [Parameters=[@p='?' (Size = 450)], CommandType='"Text"', CommandTimeout='30']
SELECT TOP(1) [a].[Id], [a].[AccessFailedCount], [a].[ConcurrencyStamp], [a].[CreatedDate], [a].[Currency], [a].[DateFormat], [a].[Email], [a].[EmailConfirmed], [a].[FirstName], [a].[LastName], [a].[LockoutEnabled], [a].[LockoutEnd], [a].[NormalizedEmail], [a].[NormalizedUserName], [a].[PasswordHash], [a].[PhoneNumber], [a].[PhoneNumberConfirmed], [a].[SecurityStamp], [a].[Theme], [a].[TwoFactorEnabled], [a].[UserName]
FROM [AspNetUsers] AS [a]
WHERE [a].[Id] = @p
2026-09-13 11:52:35.129 +05:30 [INF] Executed ViewResult - view Index executed in 17.0612ms.
2026-09-13 11:52:35.130 +05:30 [INF] Executed action MyDailyExpenseTracker.Controllers.PaymentMethodsController.Index (MyDailyExpenseTracker) in 64.8728ms
2026-09-13 11:52:35.132 +05:30 [INF] Executed endpoint 'MyDailyExpenseTracker.Controllers.PaymentMethodsController.Index (MyDailyExpenseTracker)'
2026-09-13 11:52:35.134 +05:30 [INF] Request finished HTTP/1.1 GET http://localhost:5172/PaymentMethods - 200 null text/html; charset=utf-8 77.2938ms
2026-09-13 11:52:36.393 +05:30 [INF] Request starting HTTP/1.1 GET http://localhost:5172/Budget - null null
2026-09-13 11:52:36.397 +05:30 [INF] Executing endpoint 'MyDailyExpenseTracker.Controllers.BudgetController.Index (MyDailyExpenseTracker)'
2026-09-13 11:52:36.399 +05:30 [INF] Route matched with {action = "Index", controller = "Budget"}. Executing controller action with signature System.Threading.Tasks.Task`1[Microsoft.AspNetCore.Mvc.IActionResult] Index(Int32, Int32) on controller MyDailyExpenseTracker.Controllers.BudgetController (MyDailyExpenseTracker).
2026-09-13 11:52:36.425 +05:30 [INF] Executed DbCommand (18ms) [Parameters=[@userId='?' (Size = 450), @month='?' (DbType = Int32), @year='?' (DbType = Int32)], CommandType='"Text"', CommandTimeout='30']
SELECT [b1].[BudgetId], [b1].[CreatedDate], [b1].[Month], [b1].[Notes], [b1].[TotalBudget], [b1].[UpdatedDate], [b1].[UserId], [b1].[Year], [s].[BudgetCategoryId], [s].[Amount], [s].[BudgetId], [s].[CategoryId], [s].[CategoryId0], [s].[Color], [s].[CreatedDate], [s].[Icon], [s].[IsActive], [s].[IsDefault], [s].[Name], [s].[Type], [s].[UserId]
FROM (
    SELECT TOP(1) [b].[BudgetId], [b].[CreatedDate], [b].[Month], [b].[Notes], [b].[TotalBudget], [b].[UpdatedDate], [b].[UserId], [b].[Year]
    FROM [Budgets] AS [b]
    WHERE [b].[UserId] = @userId AND [b].[Month] = @month AND [b].[Year] = @year
) AS [b1]
LEFT JOIN (
    SELECT [b0].[BudgetCategoryId], [b0].[Amount], [b0].[BudgetId], [b0].[CategoryId], [c].[CategoryId] AS [CategoryId0], [c].[Color], [c].[CreatedDate], [c].[Icon], [c].[IsActive], [c].[IsDefault], [c].[Name], [c].[Type], [c].[UserId]
    FROM [BudgetCategories] AS [b0]
    INNER JOIN [Categories] AS [c] ON [b0].[CategoryId] = [c].[CategoryId]
) AS [s] ON [b1].[BudgetId] = [s].[BudgetId]
ORDER BY [b1].[BudgetId], [s].[BudgetCategoryId]
2026-09-13 11:52:36.441 +05:30 [INF] Executed DbCommand (8ms) [Parameters=[@userId='?' (Size = 450)], CommandType='"Text"', CommandTimeout='30']
SELECT [t].[CategoryId], COUNT(*) AS [Count]
FROM [Transactions] AS [t]
WHERE [t].[UserId] = @userId
GROUP BY [t].[CategoryId]
2026-09-13 11:52:36.449 +05:30 [INF] Executed DbCommand (5ms) [Parameters=[@userId='?' (Size = 450)], CommandType='"Text"', CommandTimeout='30']
SELECT [c].[CategoryId], [c].[Name], [c].[Icon], [c].[Color], [c].[Type], [c].[IsDefault]
FROM [Categories] AS [c]
WHERE [c].[IsActive] = CAST(1 AS bit) AND ([c].[UserId] = @userId OR [c].[UserId] IS NULL)
ORDER BY [c].[Type], [c].[Name]
2026-09-13 11:52:36.463 +05:30 [INF] Executed DbCommand (8ms) [Parameters=[@userId='?' (Size = 450), @monthStart='?' (DbType = DateTime2), @monthEnd='?' (DbType = DateTime2)], CommandType='"Text"', CommandTimeout='30']
SELECT [t].[CategoryId], COALESCE(SUM([t].[Amount]), 0.0) AS [Total]
FROM [Transactions] AS [t]
WHERE [t].[UserId] = @userId AND [t].[Type] = N'Expense' AND [t].[TransactionDate] >= @monthStart AND [t].[TransactionDate] <= @monthEnd
GROUP BY [t].[CategoryId]
2026-09-13 11:52:36.474 +05:30 [INF] Executing ViewResult, running view Index.
2026-09-13 11:52:36.486 +05:30 [INF] Executed DbCommand (5ms) [Parameters=[@p='?' (Size = 450)], CommandType='"Text"', CommandTimeout='30']
SELECT TOP(1) [a].[Id], [a].[AccessFailedCount], [a].[ConcurrencyStamp], [a].[CreatedDate], [a].[Currency], [a].[DateFormat], [a].[Email], [a].[EmailConfirmed], [a].[FirstName], [a].[LastName], [a].[LockoutEnabled], [a].[LockoutEnd], [a].[NormalizedEmail], [a].[NormalizedUserName], [a].[PasswordHash], [a].[PhoneNumber], [a].[PhoneNumberConfirmed], [a].[SecurityStamp], [a].[Theme], [a].[TwoFactorEnabled], [a].[UserName]
FROM [AspNetUsers] AS [a]
WHERE [a].[Id] = @p
2026-09-13 11:52:36.497 +05:30 [INF] Executed ViewResult - view Index executed in 24.5675ms.
2026-09-13 11:52:36.499 +05:30 [INF] Executed action MyDailyExpenseTracker.Controllers.BudgetController.Index (MyDailyExpenseTracker) in 96.689ms
2026-09-13 11:52:36.501 +05:30 [INF] Executed endpoint 'MyDailyExpenseTracker.Controllers.BudgetController.Index (MyDailyExpenseTracker)'
2026-09-13 11:52:36.503 +05:30 [INF] Request finished HTTP/1.1 GET http://localhost:5172/Budget - 200 null text/html; charset=utf-8 110.7411ms
2026-09-13 11:52:36.552 +05:30 [INF] Request starting HTTP/1.1 GET http://localhost:5172/lib/jquery-validation/dist/jquery.validate.min.js - null null
2026-09-13 11:52:36.574 +05:30 [INF] Request starting HTTP/1.1 GET http://localhost:5172/lib/jquery-validation-unobtrusive/dist/jquery.validate.unobtrusive.min.js - null null
2026-09-13 11:52:36.580 +05:30 [INF] The file /lib/jquery-validation/dist/jquery.validate.min.js was not modified
2026-09-13 11:52:36.580 +05:30 [INF] The file /lib/jquery-validation-unobtrusive/dist/jquery.validate.unobtrusive.min.js was not modified
2026-09-13 11:52:36.582 +05:30 [INF] Request finished HTTP/1.1 GET http://localhost:5172/lib/jquery-validation/dist/jquery.validate.min.js - 304 null text/javascript 29.9232ms
2026-09-13 11:52:36.583 +05:30 [INF] Request finished HTTP/1.1 GET http://localhost:5172/lib/jquery-validation-unobtrusive/dist/jquery.validate.unobtrusive.min.js - 304 null text/javascript 9.756ms
2026-09-13 11:53:07.691 +05:30 [INF] Request starting HTTP/1.1 GET http://localhost:5172/Transactions/Create - null null
2026-09-13 11:53:07.698 +05:30 [INF] Executing endpoint 'MyDailyExpenseTracker.Controllers.TransactionsController.Create (MyDailyExpenseTracker)'
2026-09-13 11:53:07.704 +05:30 [INF] Route matched with {action = "Create", controller = "Transactions"}. Executing controller action with signature System.Threading.Tasks.Task`1[Microsoft.AspNetCore.Mvc.IActionResult] Create(System.String) on controller MyDailyExpenseTracker.Controllers.TransactionsController (MyDailyExpenseTracker).
2026-09-13 11:53:07.723 +05:30 [INF] Executed DbCommand (14ms) [Parameters=[@userId='?' (Size = 450), @type='?' (Size = 10)], CommandType='"Text"', CommandTimeout='30']
SELECT CONVERT(varchar(11), [c].[CategoryId]) AS [Value], [c].[Name] AS [Text]
FROM [Categories] AS [c]
WHERE [c].[IsActive] = CAST(1 AS bit) AND ([c].[UserId] = @userId OR [c].[UserId] IS NULL) AND ([c].[Type] = @type OR [c].[Type] = N'Both')
ORDER BY [c].[Name]
2026-09-13 11:53:07.740 +05:30 [INF] Executed DbCommand (12ms) [Parameters=[@userId='?' (Size = 450)], CommandType='"Text"', CommandTimeout='30']
SELECT CONVERT(varchar(11), [p].[PaymentMethodId]) AS [Value], [p].[Name] AS [Text]
FROM [PaymentMethods] AS [p]
WHERE [p].[IsActive] = CAST(1 AS bit) AND ([p].[UserId] = @userId OR [p].[UserId] IS NULL)
ORDER BY [p].[Name]
2026-09-13 11:53:07.743 +05:30 [INF] Executing ViewResult, running view Create.
2026-09-13 11:53:07.757 +05:30 [INF] Executed DbCommand (8ms) [Parameters=[@p='?' (Size = 450)], CommandType='"Text"', CommandTimeout='30']
SELECT TOP(1) [a].[Id], [a].[AccessFailedCount], [a].[ConcurrencyStamp], [a].[CreatedDate], [a].[Currency], [a].[DateFormat], [a].[Email], [a].[EmailConfirmed], [a].[FirstName], [a].[LastName], [a].[LockoutEnabled], [a].[LockoutEnd], [a].[NormalizedEmail], [a].[NormalizedUserName], [a].[PasswordHash], [a].[PhoneNumber], [a].[PhoneNumberConfirmed], [a].[SecurityStamp], [a].[Theme], [a].[TwoFactorEnabled], [a].[UserName]
FROM [AspNetUsers] AS [a]
WHERE [a].[Id] = @p
2026-09-13 11:53:07.761 +05:30 [INF] Executed ViewResult - view Create executed in 17.9664ms.
2026-09-13 11:53:07.763 +05:30 [INF] Executed action MyDailyExpenseTracker.Controllers.TransactionsController.Create (MyDailyExpenseTracker) in 55.6765ms
2026-09-13 11:53:07.765 +05:30 [INF] Executed endpoint 'MyDailyExpenseTracker.Controllers.TransactionsController.Create (MyDailyExpenseTracker)'
2026-09-13 11:53:07.766 +05:30 [INF] Request finished HTTP/1.1 GET http://localhost:5172/Transactions/Create - 200 null text/html; charset=utf-8 75.1325ms
2026-09-13 11:54:36.983 +05:30 [INF] Request starting HTTP/1.1 POST http://localhost:5172/Transactions/Create - application/x-www-form-urlencoded 396
2026-09-13 11:54:36.988 +05:30 [INF] Executing endpoint 'MyDailyExpenseTracker.Controllers.TransactionsController.Create (MyDailyExpenseTracker)'
2026-09-13 11:54:36.989 +05:30 [INF] Route matched with {action = "Create", controller = "Transactions"}. Executing controller action with signature System.Threading.Tasks.Task`1[Microsoft.AspNetCore.Mvc.IActionResult] Create(MyDailyExpenseTracker.ViewModels.TransactionViewModel) on controller MyDailyExpenseTracker.Controllers.TransactionsController (MyDailyExpenseTracker).
2026-09-13 11:54:37.017 +05:30 [INF] Executed DbCommand (13ms) [Parameters=[@p0='?' (Precision = 18) (Scale = 2) (DbType = Decimal), @p1='?' (DbType = Int32), @p2='?' (DbType = DateTime2), @p3='?' (Size = 200), @p4='?' (Size = 500), @p5='?' (DbType = Int32), @p6='?' (DbType = Int32), @p7='?' (DbType = DateTime2), @p8='?' (Size = 10), @p9='?' (DbType = DateTime2), @p10='?' (Size = 450)], CommandType='"Text"', CommandTimeout='30']
SET IMPLICIT_TRANSACTIONS OFF;
SET NOCOUNT ON;
INSERT INTO [Transactions] ([Amount], [CategoryId], [CreatedDate], [Description], [Notes], [PaymentMethodId], [RecurringExpenseId], [TransactionDate], [Type], [UpdatedDate], [UserId])
OUTPUT INSERTED.[TransactionId]
VALUES (@p0, @p1, @p2, @p3, @p4, @p5, @p6, @p7, @p8, @p9, @p10);
2026-09-13 11:54:37.026 +05:30 [INF] Executing RedirectResult, redirecting to /Transactions.
2026-09-13 11:54:37.028 +05:30 [INF] Executed action MyDailyExpenseTracker.Controllers.TransactionsController.Create (MyDailyExpenseTracker) in 30.5063ms
2026-09-13 11:54:37.031 +05:30 [INF] Executed endpoint 'MyDailyExpenseTracker.Controllers.TransactionsController.Create (MyDailyExpenseTracker)'
2026-09-13 11:54:37.032 +05:30 [INF] Request finished HTTP/1.1 POST http://localhost:5172/Transactions/Create - 302 0 null 49.142ms
2026-09-13 11:54:37.037 +05:30 [INF] Request starting HTTP/1.1 GET http://localhost:5172/Transactions - null null
2026-09-13 11:54:37.041 +05:30 [INF] Executing endpoint 'MyDailyExpenseTracker.Controllers.TransactionsController.Index (MyDailyExpenseTracker)'
2026-09-13 11:54:37.043 +05:30 [INF] Route matched with {action = "Index", controller = "Transactions"}. Executing controller action with signature System.Threading.Tasks.Task`1[Microsoft.AspNetCore.Mvc.IActionResult] Index(MyDailyExpenseTracker.ViewModels.TransactionFilterViewModel) on controller MyDailyExpenseTracker.Controllers.TransactionsController (MyDailyExpenseTracker).
2026-09-13 11:54:37.051 +05:30 [INF] Executed DbCommand (4ms) [Parameters=[@userId='?' (Size = 450)], CommandType='"Text"', CommandTimeout='30']
SELECT [t].[Type], [t].[Amount]
FROM [Transactions] AS [t]
WHERE [t].[UserId] = @userId
2026-09-13 11:54:37.065 +05:30 [INF] Executed DbCommand (9ms) [Parameters=[@userId='?' (Size = 450), @p='?' (DbType = Int32), @p2='?' (DbType = Int32)], CommandType='"Text"', CommandTimeout='30']
SELECT [t0].[TransactionId], [t0].[TransactionDate], [t0].[Description], [c].[Name] AS [CategoryName], [c].[Icon] AS [CategoryIcon], [c].[Color] AS [CategoryColor], [t0].[Type], [t0].[Amount], [p].[Name] AS [PaymentMethodName]
FROM (
    SELECT [t].[TransactionId], [t].[Amount], [t].[CategoryId], [t].[CreatedDate], [t].[Description], [t].[PaymentMethodId], [t].[TransactionDate], [t].[Type]
    FROM [Transactions] AS [t]
    WHERE [t].[UserId] = @userId
    ORDER BY [t].[TransactionDate] DESC, [t].[CreatedDate] DESC
    OFFSET @p ROWS FETCH NEXT @p2 ROWS ONLY
) AS [t0]
INNER JOIN [Categories] AS [c] ON [t0].[CategoryId] = [c].[CategoryId]
LEFT JOIN [PaymentMethods] AS [p] ON [t0].[PaymentMethodId] = [p].[PaymentMethodId]
ORDER BY [t0].[TransactionDate] DESC, [t0].[CreatedDate] DESC
2026-09-13 11:54:37.074 +05:30 [INF] Executed DbCommand (5ms) [Parameters=[@userId='?' (Size = 450)], CommandType='"Text"', CommandTimeout='30']
SELECT CONVERT(varchar(11), [c].[CategoryId]) AS [Value], [c].[Name] AS [Text]
FROM [Categories] AS [c]
WHERE [c].[IsActive] = CAST(1 AS bit) AND ([c].[UserId] = @userId OR [c].[UserId] IS NULL)
ORDER BY [c].[Name]
2026-09-13 11:54:37.084 +05:30 [INF] Executed DbCommand (5ms) [Parameters=[@userId='?' (Size = 450)], CommandType='"Text"', CommandTimeout='30']
SELECT CONVERT(varchar(11), [p].[PaymentMethodId]) AS [Value], [p].[Name] AS [Text]
FROM [PaymentMethods] AS [p]
WHERE [p].[IsActive] = CAST(1 AS bit) AND ([p].[UserId] = @userId OR [p].[UserId] IS NULL)
ORDER BY [p].[Name]
2026-09-13 11:54:37.088 +05:30 [INF] Executing ViewResult, running view Index.
2026-09-13 11:54:37.096 +05:30 [INF] Executed DbCommand (5ms) [Parameters=[@p='?' (Size = 450)], CommandType='"Text"', CommandTimeout='30']
SELECT TOP(1) [a].[Id], [a].[AccessFailedCount], [a].[ConcurrencyStamp], [a].[CreatedDate], [a].[Currency], [a].[DateFormat], [a].[Email], [a].[EmailConfirmed], [a].[FirstName], [a].[LastName], [a].[LockoutEnabled], [a].[LockoutEnd], [a].[NormalizedEmail], [a].[NormalizedUserName], [a].[PasswordHash], [a].[PhoneNumber], [a].[PhoneNumberConfirmed], [a].[SecurityStamp], [a].[Theme], [a].[TwoFactorEnabled], [a].[UserName]
FROM [AspNetUsers] AS [a]
WHERE [a].[Id] = @p
2026-09-13 11:54:37.100 +05:30 [INF] Executed ViewResult - view Index executed in 12.1033ms.
2026-09-13 11:54:37.102 +05:30 [INF] Executed action MyDailyExpenseTracker.Controllers.TransactionsController.Index (MyDailyExpenseTracker) in 56.8875ms
2026-09-13 11:54:37.104 +05:30 [INF] Executed endpoint 'MyDailyExpenseTracker.Controllers.TransactionsController.Index (MyDailyExpenseTracker)'
2026-09-13 11:54:37.106 +05:30 [INF] Request finished HTTP/1.1 GET http://localhost:5172/Transactions - 200 null text/html; charset=utf-8 68.845ms
2026-09-13 11:54:40.860 +05:30 [INF] Request starting HTTP/1.1 GET http://localhost:5172/Reports - null null
2026-09-13 11:54:40.868 +05:30 [INF] Executing endpoint 'MyDailyExpenseTracker.Controllers.ReportsController.Index (MyDailyExpenseTracker)'
2026-09-13 11:54:40.869 +05:30 [INF] Route matched with {action = "Index", controller = "Reports"}. Executing controller action with signature System.Threading.Tasks.Task`1[Microsoft.AspNetCore.Mvc.IActionResult] Index(Int32, Int32) on controller MyDailyExpenseTracker.Controllers.ReportsController (MyDailyExpenseTracker).
2026-09-13 11:54:40.892 +05:30 [INF] Executed DbCommand (9ms) [Parameters=[@userId='?' (Size = 450), @monthStart='?' (DbType = DateTime2), @monthEnd='?' (DbType = DateTime2)], CommandType='"Text"', CommandTimeout='30']
SELECT [t].[TransactionId], [t].[Amount], [t].[CategoryId], [t].[CreatedDate], [t].[Description], [t].[Notes], [t].[PaymentMethodId], [t].[RecurringExpenseId], [t].[TransactionDate], [t].[Type], [t].[UpdatedDate], [t].[UserId], [c].[CategoryId], [c].[Color], [c].[CreatedDate], [c].[Icon], [c].[IsActive], [c].[IsDefault], [c].[Name], [c].[Type], [c].[UserId], [p].[PaymentMethodId], [p].[CreatedDate], [p].[Icon], [p].[IsActive], [p].[IsDefault], [p].[Name], [p].[UserId]
FROM [Transactions] AS [t]
INNER JOIN [Categories] AS [c] ON [t].[CategoryId] = [c].[CategoryId]
LEFT JOIN [PaymentMethods] AS [p] ON [t].[PaymentMethodId] = [p].[PaymentMethodId]
WHERE [t].[UserId] = @userId AND [t].[TransactionDate] >= @monthStart AND [t].[TransactionDate] <= @monthEnd
2026-09-13 11:54:40.915 +05:30 [INF] Executed DbCommand (8ms) [Parameters=[@userId='?' (Size = 450)], CommandType='"Text"', CommandTimeout='30']
SELECT MIN([t].[TransactionDate])
FROM [Transactions] AS [t]
WHERE [t].[UserId] = @userId
2026-09-13 11:54:40.920 +05:30 [INF] Executing ViewResult, running view Index.
2026-09-13 11:54:40.933 +05:30 [INF] Executed DbCommand (6ms) [Parameters=[@p='?' (Size = 450)], CommandType='"Text"', CommandTimeout='30']
SELECT TOP(1) [a].[Id], [a].[AccessFailedCount], [a].[ConcurrencyStamp], [a].[CreatedDate], [a].[Currency], [a].[DateFormat], [a].[Email], [a].[EmailConfirmed], [a].[FirstName], [a].[LastName], [a].[LockoutEnabled], [a].[LockoutEnd], [a].[NormalizedEmail], [a].[NormalizedUserName], [a].[PasswordHash], [a].[PhoneNumber], [a].[PhoneNumberConfirmed], [a].[SecurityStamp], [a].[Theme], [a].[TwoFactorEnabled], [a].[UserName]
FROM [AspNetUsers] AS [a]
WHERE [a].[Id] = @p
2026-09-13 11:54:40.937 +05:30 [INF] Executed ViewResult - view Index executed in 17.172ms.
2026-09-13 11:54:40.939 +05:30 [INF] Executed action MyDailyExpenseTracker.Controllers.ReportsController.Index (MyDailyExpenseTracker) in 64.4244ms
2026-09-13 11:54:40.941 +05:30 [INF] Executed endpoint 'MyDailyExpenseTracker.Controllers.ReportsController.Index (MyDailyExpenseTracker)'
2026-09-13 11:54:40.943 +05:30 [INF] Request finished HTTP/1.1 GET http://localhost:5172/Reports - 200 null text/html; charset=utf-8 83.2294ms
2026-09-13 11:54:55.457 +05:30 [INF] Request starting HTTP/1.1 GET http://localhost:5172/ - null null
2026-09-13 11:54:55.461 +05:30 [INF] Executing endpoint 'MyDailyExpenseTracker.Controllers.DashboardController.Index (MyDailyExpenseTracker)'
2026-09-13 11:54:55.462 +05:30 [INF] Route matched with {action = "Index", controller = "Dashboard"}. Executing controller action with signature System.Threading.Tasks.Task`1[Microsoft.AspNetCore.Mvc.IActionResult] Index() on controller MyDailyExpenseTracker.Controllers.DashboardController (MyDailyExpenseTracker).
2026-09-13 11:54:55.482 +05:30 [INF] Executed DbCommand (9ms) [Parameters=[@userId='?' (Size = 450), @today='?' (DbType = DateTime2), @today2='?' (DbType = DateTime2)], CommandType='"Text"', CommandTimeout='30']
SELECT [r].[RecurringExpenseId], [r].[Amount], [r].[CategoryId], [r].[CreatedDate], [r].[EndDate], [r].[Frequency], [r].[IsActive], [r].[LastGeneratedDate], [r].[Name], [r].[Notes], [r].[PaymentMethodId], [r].[StartDate], [r].[Type], [r].[UserId]
FROM [RecurringExpenses] AS [r]
WHERE [r].[UserId] = @userId AND [r].[IsActive] = CAST(1 AS bit) AND [r].[StartDate] <= @today AND ([r].[EndDate] IS NULL OR [r].[EndDate] >= @today2)
2026-09-13 11:54:55.504 +05:30 [INF] Executed DbCommand (17ms) [Parameters=[@userId='?' (Size = 450), @today_Month='?' (DbType = Int32), @today_Year='?' (DbType = Int32)], CommandType='"Text"', CommandTimeout='30']
SELECT [b1].[BudgetId], [b1].[CreatedDate], [b1].[Month], [b1].[Notes], [b1].[TotalBudget], [b1].[UpdatedDate], [b1].[UserId], [b1].[Year], [s].[BudgetCategoryId], [s].[Amount], [s].[BudgetId], [s].[CategoryId], [s].[CategoryId0], [s].[Color], [s].[CreatedDate], [s].[Icon], [s].[IsActive], [s].[IsDefault], [s].[Name], [s].[Type], [s].[UserId]
FROM (
    SELECT TOP(1) [b].[BudgetId], [b].[CreatedDate], [b].[Month], [b].[Notes], [b].[TotalBudget], [b].[UpdatedDate], [b].[UserId], [b].[Year]
    FROM [Budgets] AS [b]
    WHERE [b].[UserId] = @userId AND [b].[Month] = @today_Month AND [b].[Year] = @today_Year
) AS [b1]
LEFT JOIN (
    SELECT [b0].[BudgetCategoryId], [b0].[Amount], [b0].[BudgetId], [b0].[CategoryId], [c].[CategoryId] AS [CategoryId0], [c].[Color], [c].[CreatedDate], [c].[Icon], [c].[IsActive], [c].[IsDefault], [c].[Name], [c].[Type], [c].[UserId]
    FROM [BudgetCategories] AS [b0]
    INNER JOIN [Categories] AS [c] ON [b0].[CategoryId] = [c].[CategoryId]
) AS [s] ON [b1].[BudgetId] = [s].[BudgetId]
ORDER BY [b1].[BudgetId], [s].[BudgetCategoryId]
2026-09-13 11:54:55.526 +05:30 [INF] Executed DbCommand (13ms) [Parameters=[@userId='?' (Size = 450), @monthStart='?' (DbType = DateTime2)], CommandType='"Text"', CommandTimeout='30']
SELECT COALESCE(SUM([t].[Amount]), 0.0)
FROM [Transactions] AS [t]
WHERE [t].[UserId] = @userId AND [t].[Type] = N'Expense' AND [t].[TransactionDate] >= @monthStart
2026-09-13 11:54:55.535 +05:30 [INF] Executed DbCommand (6ms) [Parameters=[@userId='?' (Size = 450), @today='?' (DbType = DateTime2)], CommandType='"Text"', CommandTimeout='30']
SELECT [t].[Type], COALESCE(SUM([t].[Amount]), 0.0) AS [Total]
FROM [Transactions] AS [t]
WHERE [t].[UserId] = @userId AND CONVERT(date, [t].[TransactionDate]) = @today
GROUP BY [t].[Type]
2026-09-13 11:54:55.545 +05:30 [INF] Executed DbCommand (6ms) [Parameters=[@userId='?' (Size = 450), @monthStart='?' (DbType = DateTime2), @today='?' (DbType = DateTime2)], CommandType='"Text"', CommandTimeout='30']
SELECT [t].[Type], COALESCE(SUM([t].[Amount]), 0.0) AS [Total]
FROM [Transactions] AS [t]
WHERE [t].[UserId] = @userId AND [t].[TransactionDate] >= @monthStart AND [t].[TransactionDate] <= @today
GROUP BY [t].[Type]
2026-09-13 11:54:55.555 +05:30 [INF] Executed DbCommand (6ms) [Parameters=[@userId='?' (Size = 450)], CommandType='"Text"', CommandTimeout='30']
SELECT COALESCE(SUM([t].[Amount]), 0.0)
FROM [Transactions] AS [t]
WHERE [t].[UserId] = @userId AND [t].[Type] = N'Income'
2026-09-13 11:54:55.565 +05:30 [INF] Executed DbCommand (5ms) [Parameters=[@userId='?' (Size = 450)], CommandType='"Text"', CommandTimeout='30']
SELECT COALESCE(SUM([t].[Amount]), 0.0)
FROM [Transactions] AS [t]
WHERE [t].[UserId] = @userId AND [t].[Type] = N'Expense'
2026-09-13 11:54:55.575 +05:30 [INF] Executed DbCommand (4ms) [Parameters=[@userId='?' (Size = 450)], CommandType='"Text"', CommandTimeout='30']
SELECT COUNT(*)
FROM [Transactions] AS [t]
WHERE [t].[UserId] = @userId
2026-09-13 11:54:55.585 +05:30 [INF] Executed DbCommand (6ms) [Parameters=[@userId='?' (Size = 450), @prevStart='?' (DbType = DateTime2), @prevEnd='?' (DbType = DateTime2)], CommandType='"Text"', CommandTimeout='30']
SELECT COALESCE(SUM([t].[Amount]), 0.0)
FROM [Transactions] AS [t]
WHERE [t].[UserId] = @userId AND [t].[Type] = N'Expense' AND [t].[TransactionDate] >= @prevStart AND [t].[TransactionDate] <= @prevEnd
2026-09-13 11:54:55.601 +05:30 [INF] Executed DbCommand (11ms) [Parameters=[@p='?' (DbType = Int32), @userId='?' (Size = 450)], CommandType='"Text"', CommandTimeout='30']
SELECT [t0].[TransactionId], [t0].[TransactionDate], [t0].[Description], [c].[Name] AS [CategoryName], [c].[Icon] AS [CategoryIcon], [c].[Color] AS [CategoryColor], [t0].[Type], [t0].[Amount], [p].[Name] AS [PaymentMethodName]
FROM (
    SELECT TOP(@p) [t].[TransactionId], [t].[Amount], [t].[CategoryId], [t].[CreatedDate], [t].[Description], [t].[PaymentMethodId], [t].[TransactionDate], [t].[Type]
    FROM [Transactions] AS [t]
    WHERE [t].[UserId] = @userId
    ORDER BY [t].[TransactionDate] DESC, [t].[CreatedDate] DESC
) AS [t0]
INNER JOIN [Categories] AS [c] ON [t0].[CategoryId] = [c].[CategoryId]
LEFT JOIN [PaymentMethods] AS [p] ON [t0].[PaymentMethodId] = [p].[PaymentMethodId]
ORDER BY [t0].[TransactionDate] DESC, [t0].[CreatedDate] DESC
2026-09-13 11:54:55.614 +05:30 [INF] Executed DbCommand (7ms) [Parameters=[@userId='?' (Size = 450), @sixMonthsAgo='?' (DbType = DateTime2)], CommandType='"Text"', CommandTimeout='30']
SELECT [t0].[Year], [t0].[Month], COALESCE(SUM([t0].[Amount]), 0.0) AS [Total]
FROM (
    SELECT [t].[Amount], DATEPART(year, [t].[TransactionDate]) AS [Year], DATEPART(month, [t].[TransactionDate]) AS [Month]
    FROM [Transactions] AS [t]
    WHERE [t].[UserId] = @userId AND [t].[Type] = N'Expense' AND [t].[TransactionDate] >= @sixMonthsAgo
) AS [t0]
GROUP BY [t0].[Year], [t0].[Month]
2026-09-13 11:54:55.627 +05:30 [INF] Executed DbCommand (8ms) [Parameters=[@userId='?' (Size = 450), @sixMonthsAgo='?' (DbType = DateTime2)], CommandType='"Text"', CommandTimeout='30']
SELECT [t0].[Year], [t0].[Month], [t0].[Type], COALESCE(SUM([t0].[Amount]), 0.0) AS [Total]
FROM (
    SELECT [t].[Amount], [t].[Type], DATEPART(year, [t].[TransactionDate]) AS [Year], DATEPART(month, [t].[TransactionDate]) AS [Month]
    FROM [Transactions] AS [t]
    WHERE [t].[UserId] = @userId AND [t].[TransactionDate] >= @sixMonthsAgo
) AS [t0]
GROUP BY [t0].[Year], [t0].[Month], [t0].[Type]
2026-09-13 11:54:55.645 +05:30 [INF] Executed DbCommand (13ms) [Parameters=[@p='?' (DbType = Int32), @userId='?' (Size = 450), @monthStart='?' (DbType = DateTime2), @today='?' (DbType = DateTime2)], CommandType='"Text"', CommandTimeout='30']
SELECT TOP(@p) [c].[Name] AS [Category], COALESCE(SUM([t].[Amount]), 0.0) AS [Total]
FROM [Transactions] AS [t]
INNER JOIN [Categories] AS [c] ON [t].[CategoryId] = [c].[CategoryId]
WHERE [t].[UserId] = @userId AND [t].[Type] = N'Expense' AND [t].[TransactionDate] >= @monthStart AND [t].[TransactionDate] <= @today
GROUP BY [c].[Name]
ORDER BY COALESCE(SUM([t].[Amount]), 0.0) DESC
2026-09-13 11:54:55.657 +05:30 [INF] Executed DbCommand (8ms) [Parameters=[@userId='?' (Size = 450), @monthStart='?' (DbType = DateTime2), @today='?' (DbType = DateTime2)], CommandType='"Text"', CommandTimeout='30']
SELECT [t0].[Key] AS [Day], COALESCE(SUM([t0].[Amount]), 0.0) AS [Total]
FROM (
    SELECT [t].[Amount], DATEPART(day, [t].[TransactionDate]) AS [Key]
    FROM [Transactions] AS [t]
    WHERE [t].[UserId] = @userId AND [t].[Type] = N'Expense' AND [t].[TransactionDate] >= @monthStart AND [t].[TransactionDate] <= @today
) AS [t0]
GROUP BY [t0].[Key]
2026-09-13 11:54:55.668 +05:30 [INF] Executed DbCommand (7ms) [Parameters=[@userId='?' (Size = 450), @monthStart='?' (DbType = DateTime2), @today='?' (DbType = DateTime2)], CommandType='"Text"', CommandTimeout='30']
SELECT [p].[Name] AS [Method], COALESCE(SUM([t].[Amount]), 0.0) AS [Total]
FROM [Transactions] AS [t]
LEFT JOIN [PaymentMethods] AS [p] ON [t].[PaymentMethodId] = [p].[PaymentMethodId]
WHERE [t].[UserId] = @userId AND [t].[Type] = N'Expense' AND [t].[TransactionDate] >= @monthStart AND [t].[TransactionDate] <= @today AND [t].[PaymentMethodId] IS NOT NULL
GROUP BY [p].[Name]
2026-09-13 11:54:55.674 +05:30 [INF] Executed DbCommand (2ms) [Parameters=[@userId='?' (Size = 450), @today_Month='?' (DbType = Int32), @today_Year='?' (DbType = Int32)], CommandType='"Text"', CommandTimeout='30']
SELECT TOP(1) [b].[BudgetId], [b].[CreatedDate], [b].[Month], [b].[Notes], [b].[TotalBudget], [b].[UpdatedDate], [b].[UserId], [b].[Year]
FROM [Budgets] AS [b]
WHERE [b].[UserId] = @userId AND [b].[Month] = @today_Month AND [b].[Year] = @today_Year
2026-09-13 11:54:55.679 +05:30 [INF] Executed DbCommand (2ms) [Parameters=[@userId='?' (Size = 450)], CommandType='"Text"', CommandTimeout='30']
SELECT COUNT(*)
FROM [Notifications] AS [n]
WHERE [n].[UserId] = @userId AND [n].[IsRead] = CAST(0 AS bit)
2026-09-13 11:54:55.682 +05:30 [INF] Executing ViewResult, running view Index.
2026-09-13 11:54:55.690 +05:30 [INF] Executed DbCommand (4ms) [Parameters=[@p='?' (Size = 450)], CommandType='"Text"', CommandTimeout='30']
SELECT TOP(1) [a].[Id], [a].[AccessFailedCount], [a].[ConcurrencyStamp], [a].[CreatedDate], [a].[Currency], [a].[DateFormat], [a].[Email], [a].[EmailConfirmed], [a].[FirstName], [a].[LastName], [a].[LockoutEnabled], [a].[LockoutEnd], [a].[NormalizedEmail], [a].[NormalizedUserName], [a].[PasswordHash], [a].[PhoneNumber], [a].[PhoneNumberConfirmed], [a].[SecurityStamp], [a].[Theme], [a].[TwoFactorEnabled], [a].[UserName]
FROM [AspNetUsers] AS [a]
WHERE [a].[Id] = @p
2026-09-13 11:54:55.694 +05:30 [INF] Executed ViewResult - view Index executed in 11.3281ms.
2026-09-13 11:54:55.695 +05:30 [INF] Executed action MyDailyExpenseTracker.Controllers.DashboardController.Index (MyDailyExpenseTracker) in 229.1116ms
2026-09-13 11:54:55.698 +05:30 [INF] Executed endpoint 'MyDailyExpenseTracker.Controllers.DashboardController.Index (MyDailyExpenseTracker)'
2026-09-13 11:54:55.699 +05:30 [INF] Request finished HTTP/1.1 GET http://localhost:5172/ - 200 null text/html; charset=utf-8 242.3899ms
2026-09-13 11:54:56.874 +05:30 [INF] Request starting HTTP/1.1 GET http://localhost:5172/Transactions - null null
2026-09-13 11:54:56.878 +05:30 [INF] Executing endpoint 'MyDailyExpenseTracker.Controllers.TransactionsController.Index (MyDailyExpenseTracker)'
2026-09-13 11:54:56.880 +05:30 [INF] Route matched with {action = "Index", controller = "Transactions"}. Executing controller action with signature System.Threading.Tasks.Task`1[Microsoft.AspNetCore.Mvc.IActionResult] Index(MyDailyExpenseTracker.ViewModels.TransactionFilterViewModel) on controller MyDailyExpenseTracker.Controllers.TransactionsController (MyDailyExpenseTracker).
2026-09-13 11:54:56.890 +05:30 [INF] Executed DbCommand (4ms) [Parameters=[@userId='?' (Size = 450)], CommandType='"Text"', CommandTimeout='30']
SELECT [t].[Type], [t].[Amount]
FROM [Transactions] AS [t]
WHERE [t].[UserId] = @userId
2026-09-13 11:54:56.904 +05:30 [INF] Executed DbCommand (10ms) [Parameters=[@userId='?' (Size = 450), @p='?' (DbType = Int32), @p2='?' (DbType = Int32)], CommandType='"Text"', CommandTimeout='30']
SELECT [t0].[TransactionId], [t0].[TransactionDate], [t0].[Description], [c].[Name] AS [CategoryName], [c].[Icon] AS [CategoryIcon], [c].[Color] AS [CategoryColor], [t0].[Type], [t0].[Amount], [p].[Name] AS [PaymentMethodName]
FROM (
    SELECT [t].[TransactionId], [t].[Amount], [t].[CategoryId], [t].[CreatedDate], [t].[Description], [t].[PaymentMethodId], [t].[TransactionDate], [t].[Type]
    FROM [Transactions] AS [t]
    WHERE [t].[UserId] = @userId
    ORDER BY [t].[TransactionDate] DESC, [t].[CreatedDate] DESC
    OFFSET @p ROWS FETCH NEXT @p2 ROWS ONLY
) AS [t0]
INNER JOIN [Categories] AS [c] ON [t0].[CategoryId] = [c].[CategoryId]
LEFT JOIN [PaymentMethods] AS [p] ON [t0].[PaymentMethodId] = [p].[PaymentMethodId]
ORDER BY [t0].[TransactionDate] DESC, [t0].[CreatedDate] DESC
2026-09-13 11:54:56.911 +05:30 [INF] Executed DbCommand (4ms) [Parameters=[@userId='?' (Size = 450)], CommandType='"Text"', CommandTimeout='30']
SELECT CONVERT(varchar(11), [c].[CategoryId]) AS [Value], [c].[Name] AS [Text]
FROM [Categories] AS [c]
WHERE [c].[IsActive] = CAST(1 AS bit) AND ([c].[UserId] = @userId OR [c].[UserId] IS NULL)
ORDER BY [c].[Name]
2026-09-13 11:54:56.922 +05:30 [INF] Executed DbCommand (5ms) [Parameters=[@userId='?' (Size = 450)], CommandType='"Text"', CommandTimeout='30']
SELECT CONVERT(varchar(11), [p].[PaymentMethodId]) AS [Value], [p].[Name] AS [Text]
FROM [PaymentMethods] AS [p]
WHERE [p].[IsActive] = CAST(1 AS bit) AND ([p].[UserId] = @userId OR [p].[UserId] IS NULL)
ORDER BY [p].[Name]
2026-09-13 11:54:56.925 +05:30 [INF] Executing ViewResult, running view Index.
2026-09-13 11:54:56.934 +05:30 [INF] Executed DbCommand (5ms) [Parameters=[@p='?' (Size = 450)], CommandType='"Text"', CommandTimeout='30']
SELECT TOP(1) [a].[Id], [a].[AccessFailedCount], [a].[ConcurrencyStamp], [a].[CreatedDate], [a].[Currency], [a].[DateFormat], [a].[Email], [a].[EmailConfirmed], [a].[FirstName], [a].[LastName], [a].[LockoutEnabled], [a].[LockoutEnd], [a].[NormalizedEmail], [a].[NormalizedUserName], [a].[PasswordHash], [a].[PhoneNumber], [a].[PhoneNumberConfirmed], [a].[SecurityStamp], [a].[Theme], [a].[TwoFactorEnabled], [a].[UserName]
FROM [AspNetUsers] AS [a]
WHERE [a].[Id] = @p
2026-09-13 11:54:56.938 +05:30 [INF] Executed ViewResult - view Index executed in 13.0232ms.
2026-09-13 11:54:56.940 +05:30 [INF] Executed action MyDailyExpenseTracker.Controllers.TransactionsController.Index (MyDailyExpenseTracker) in 57.0981ms
2026-09-13 11:54:56.942 +05:30 [INF] Executed endpoint 'MyDailyExpenseTracker.Controllers.TransactionsController.Index (MyDailyExpenseTracker)'
2026-09-13 11:54:56.944 +05:30 [INF] Request finished HTTP/1.1 GET http://localhost:5172/Transactions - 200 null text/html; charset=utf-8 70.6226ms
2026-09-13 11:54:58.296 +05:30 [INF] Request starting HTTP/1.1 GET http://localhost:5172/ - null null
2026-09-13 11:54:58.301 +05:30 [INF] Executing endpoint 'MyDailyExpenseTracker.Controllers.DashboardController.Index (MyDailyExpenseTracker)'
2026-09-13 11:54:58.302 +05:30 [INF] Route matched with {action = "Index", controller = "Dashboard"}. Executing controller action with signature System.Threading.Tasks.Task`1[Microsoft.AspNetCore.Mvc.IActionResult] Index() on controller MyDailyExpenseTracker.Controllers.DashboardController (MyDailyExpenseTracker).
2026-09-13 11:54:58.310 +05:30 [INF] Executed DbCommand (4ms) [Parameters=[@userId='?' (Size = 450), @today='?' (DbType = DateTime2), @today2='?' (DbType = DateTime2)], CommandType='"Text"', CommandTimeout='30']
SELECT [r].[RecurringExpenseId], [r].[Amount], [r].[CategoryId], [r].[CreatedDate], [r].[EndDate], [r].[Frequency], [r].[IsActive], [r].[LastGeneratedDate], [r].[Name], [r].[Notes], [r].[PaymentMethodId], [r].[StartDate], [r].[Type], [r].[UserId]
FROM [RecurringExpenses] AS [r]
WHERE [r].[UserId] = @userId AND [r].[IsActive] = CAST(1 AS bit) AND [r].[StartDate] <= @today AND ([r].[EndDate] IS NULL OR [r].[EndDate] >= @today2)
2026-09-13 11:54:58.329 +05:30 [INF] Executed DbCommand (13ms) [Parameters=[@userId='?' (Size = 450), @today_Month='?' (DbType = Int32), @today_Year='?' (DbType = Int32)], CommandType='"Text"', CommandTimeout='30']
SELECT [b1].[BudgetId], [b1].[CreatedDate], [b1].[Month], [b1].[Notes], [b1].[TotalBudget], [b1].[UpdatedDate], [b1].[UserId], [b1].[Year], [s].[BudgetCategoryId], [s].[Amount], [s].[BudgetId], [s].[CategoryId], [s].[CategoryId0], [s].[Color], [s].[CreatedDate], [s].[Icon], [s].[IsActive], [s].[IsDefault], [s].[Name], [s].[Type], [s].[UserId]
FROM (
    SELECT TOP(1) [b].[BudgetId], [b].[CreatedDate], [b].[Month], [b].[Notes], [b].[TotalBudget], [b].[UpdatedDate], [b].[UserId], [b].[Year]
    FROM [Budgets] AS [b]
    WHERE [b].[UserId] = @userId AND [b].[Month] = @today_Month AND [b].[Year] = @today_Year
) AS [b1]
LEFT JOIN (
    SELECT [b0].[BudgetCategoryId], [b0].[Amount], [b0].[BudgetId], [b0].[CategoryId], [c].[CategoryId] AS [CategoryId0], [c].[Color], [c].[CreatedDate], [c].[Icon], [c].[IsActive], [c].[IsDefault], [c].[Name], [c].[Type], [c].[UserId]
    FROM [BudgetCategories] AS [b0]
    INNER JOIN [Categories] AS [c] ON [b0].[CategoryId] = [c].[CategoryId]
) AS [s] ON [b1].[BudgetId] = [s].[BudgetId]
ORDER BY [b1].[BudgetId], [s].[BudgetCategoryId]
2026-09-13 11:54:58.341 +05:30 [INF] Executed DbCommand (8ms) [Parameters=[@userId='?' (Size = 450), @monthStart='?' (DbType = DateTime2)], CommandType='"Text"', CommandTimeout='30']
SELECT COALESCE(SUM([t].[Amount]), 0.0)
FROM [Transactions] AS [t]
WHERE [t].[UserId] = @userId AND [t].[Type] = N'Expense' AND [t].[TransactionDate] >= @monthStart
2026-09-13 11:54:58.352 +05:30 [INF] Executed DbCommand (7ms) [Parameters=[@userId='?' (Size = 450), @today='?' (DbType = DateTime2)], CommandType='"Text"', CommandTimeout='30']
SELECT [t].[Type], COALESCE(SUM([t].[Amount]), 0.0) AS [Total]
FROM [Transactions] AS [t]
WHERE [t].[UserId] = @userId AND CONVERT(date, [t].[TransactionDate]) = @today
GROUP BY [t].[Type]
2026-09-13 11:54:58.360 +05:30 [INF] Executed DbCommand (4ms) [Parameters=[@userId='?' (Size = 450), @monthStart='?' (DbType = DateTime2), @today='?' (DbType = DateTime2)], CommandType='"Text"', CommandTimeout='30']
SELECT [t].[Type], COALESCE(SUM([t].[Amount]), 0.0) AS [Total]
FROM [Transactions] AS [t]
WHERE [t].[UserId] = @userId AND [t].[TransactionDate] >= @monthStart AND [t].[TransactionDate] <= @today
GROUP BY [t].[Type]
2026-09-13 11:54:58.370 +05:30 [INF] Executed DbCommand (6ms) [Parameters=[@userId='?' (Size = 450)], CommandType='"Text"', CommandTimeout='30']
SELECT COALESCE(SUM([t].[Amount]), 0.0)
FROM [Transactions] AS [t]
WHERE [t].[UserId] = @userId AND [t].[Type] = N'Income'
2026-09-13 11:54:58.376 +05:30 [INF] Executed DbCommand (3ms) [Parameters=[@userId='?' (Size = 450)], CommandType='"Text"', CommandTimeout='30']
SELECT COALESCE(SUM([t].[Amount]), 0.0)
FROM [Transactions] AS [t]
WHERE [t].[UserId] = @userId AND [t].[Type] = N'Expense'
2026-09-13 11:54:58.381 +05:30 [INF] Executed DbCommand (2ms) [Parameters=[@userId='?' (Size = 450)], CommandType='"Text"', CommandTimeout='30']
SELECT COUNT(*)
FROM [Transactions] AS [t]
WHERE [t].[UserId] = @userId
2026-09-13 11:54:58.390 +05:30 [INF] Executed DbCommand (5ms) [Parameters=[@userId='?' (Size = 450), @prevStart='?' (DbType = DateTime2), @prevEnd='?' (DbType = DateTime2)], CommandType='"Text"', CommandTimeout='30']
SELECT COALESCE(SUM([t].[Amount]), 0.0)
FROM [Transactions] AS [t]
WHERE [t].[UserId] = @userId AND [t].[Type] = N'Expense' AND [t].[TransactionDate] >= @prevStart AND [t].[TransactionDate] <= @prevEnd
2026-09-13 11:54:58.401 +05:30 [INF] Executed DbCommand (8ms) [Parameters=[@p='?' (DbType = Int32), @userId='?' (Size = 450)], CommandType='"Text"', CommandTimeout='30']
SELECT [t0].[TransactionId], [t0].[TransactionDate], [t0].[Description], [c].[Name] AS [CategoryName], [c].[Icon] AS [CategoryIcon], [c].[Color] AS [CategoryColor], [t0].[Type], [t0].[Amount], [p].[Name] AS [PaymentMethodName]
FROM (
    SELECT TOP(@p) [t].[TransactionId], [t].[Amount], [t].[CategoryId], [t].[CreatedDate], [t].[Description], [t].[PaymentMethodId], [t].[TransactionDate], [t].[Type]
    FROM [Transactions] AS [t]
    WHERE [t].[UserId] = @userId
    ORDER BY [t].[TransactionDate] DESC, [t].[CreatedDate] DESC
) AS [t0]
INNER JOIN [Categories] AS [c] ON [t0].[CategoryId] = [c].[CategoryId]
LEFT JOIN [PaymentMethods] AS [p] ON [t0].[PaymentMethodId] = [p].[PaymentMethodId]
ORDER BY [t0].[TransactionDate] DESC, [t0].[CreatedDate] DESC
2026-09-13 11:54:58.411 +05:30 [INF] Executed DbCommand (6ms) [Parameters=[@userId='?' (Size = 450), @sixMonthsAgo='?' (DbType = DateTime2)], CommandType='"Text"', CommandTimeout='30']
SELECT [t0].[Year], [t0].[Month], COALESCE(SUM([t0].[Amount]), 0.0) AS [Total]
FROM (
    SELECT [t].[Amount], DATEPART(year, [t].[TransactionDate]) AS [Year], DATEPART(month, [t].[TransactionDate]) AS [Month]
    FROM [Transactions] AS [t]
    WHERE [t].[UserId] = @userId AND [t].[Type] = N'Expense' AND [t].[TransactionDate] >= @sixMonthsAgo
) AS [t0]
GROUP BY [t0].[Year], [t0].[Month]
2026-09-13 11:54:58.422 +05:30 [INF] Executed DbCommand (6ms) [Parameters=[@userId='?' (Size = 450), @sixMonthsAgo='?' (DbType = DateTime2)], CommandType='"Text"', CommandTimeout='30']
SELECT [t0].[Year], [t0].[Month], [t0].[Type], COALESCE(SUM([t0].[Amount]), 0.0) AS [Total]
FROM (
    SELECT [t].[Amount], [t].[Type], DATEPART(year, [t].[TransactionDate]) AS [Year], DATEPART(month, [t].[TransactionDate]) AS [Month]
    FROM [Transactions] AS [t]
    WHERE [t].[UserId] = @userId AND [t].[TransactionDate] >= @sixMonthsAgo
) AS [t0]
GROUP BY [t0].[Year], [t0].[Month], [t0].[Type]
2026-09-13 11:54:58.439 +05:30 [INF] Executed DbCommand (12ms) [Parameters=[@p='?' (DbType = Int32), @userId='?' (Size = 450), @monthStart='?' (DbType = DateTime2), @today='?' (DbType = DateTime2)], CommandType='"Text"', CommandTimeout='30']
SELECT TOP(@p) [c].[Name] AS [Category], COALESCE(SUM([t].[Amount]), 0.0) AS [Total]
FROM [Transactions] AS [t]
INNER JOIN [Categories] AS [c] ON [t].[CategoryId] = [c].[CategoryId]
WHERE [t].[UserId] = @userId AND [t].[Type] = N'Expense' AND [t].[TransactionDate] >= @monthStart AND [t].[TransactionDate] <= @today
GROUP BY [c].[Name]
ORDER BY COALESCE(SUM([t].[Amount]), 0.0) DESC
2026-09-13 11:54:58.451 +05:30 [INF] Executed DbCommand (9ms) [Parameters=[@userId='?' (Size = 450), @monthStart='?' (DbType = DateTime2), @today='?' (DbType = DateTime2)], CommandType='"Text"', CommandTimeout='30']
SELECT [t0].[Key] AS [Day], COALESCE(SUM([t0].[Amount]), 0.0) AS [Total]
FROM (
    SELECT [t].[Amount], DATEPART(day, [t].[TransactionDate]) AS [Key]
    FROM [Transactions] AS [t]
    WHERE [t].[UserId] = @userId AND [t].[Type] = N'Expense' AND [t].[TransactionDate] >= @monthStart AND [t].[TransactionDate] <= @today
) AS [t0]
GROUP BY [t0].[Key]
2026-09-13 11:54:58.467 +05:30 [INF] Executed DbCommand (11ms) [Parameters=[@userId='?' (Size = 450), @monthStart='?' (DbType = DateTime2), @today='?' (DbType = DateTime2)], CommandType='"Text"', CommandTimeout='30']
SELECT [p].[Name] AS [Method], COALESCE(SUM([t].[Amount]), 0.0) AS [Total]
FROM [Transactions] AS [t]
LEFT JOIN [PaymentMethods] AS [p] ON [t].[PaymentMethodId] = [p].[PaymentMethodId]
WHERE [t].[UserId] = @userId AND [t].[Type] = N'Expense' AND [t].[TransactionDate] >= @monthStart AND [t].[TransactionDate] <= @today AND [t].[PaymentMethodId] IS NOT NULL
GROUP BY [p].[Name]
2026-09-13 11:54:58.473 +05:30 [INF] Executed DbCommand (2ms) [Parameters=[@userId='?' (Size = 450), @today_Month='?' (DbType = Int32), @today_Year='?' (DbType = Int32)], CommandType='"Text"', CommandTimeout='30']
SELECT TOP(1) [b].[BudgetId], [b].[CreatedDate], [b].[Month], [b].[Notes], [b].[TotalBudget], [b].[UpdatedDate], [b].[UserId], [b].[Year]
FROM [Budgets] AS [b]
WHERE [b].[UserId] = @userId AND [b].[Month] = @today_Month AND [b].[Year] = @today_Year
2026-09-13 11:54:58.485 +05:30 [INF] Executed DbCommand (4ms) [Parameters=[@userId='?' (Size = 450)], CommandType='"Text"', CommandTimeout='30']
SELECT COUNT(*)
FROM [Notifications] AS [n]
WHERE [n].[UserId] = @userId AND [n].[IsRead] = CAST(0 AS bit)
2026-09-13 11:54:58.488 +05:30 [INF] Executing ViewResult, running view Index.
2026-09-13 11:54:58.493 +05:30 [INF] Executed DbCommand (3ms) [Parameters=[@p='?' (Size = 450)], CommandType='"Text"', CommandTimeout='30']
SELECT TOP(1) [a].[Id], [a].[AccessFailedCount], [a].[ConcurrencyStamp], [a].[CreatedDate], [a].[Currency], [a].[DateFormat], [a].[Email], [a].[EmailConfirmed], [a].[FirstName], [a].[LastName], [a].[LockoutEnabled], [a].[LockoutEnd], [a].[NormalizedEmail], [a].[NormalizedUserName], [a].[PasswordHash], [a].[PhoneNumber], [a].[PhoneNumberConfirmed], [a].[SecurityStamp], [a].[Theme], [a].[TwoFactorEnabled], [a].[UserName]
FROM [AspNetUsers] AS [a]
WHERE [a].[Id] = @p
2026-09-13 11:54:58.498 +05:30 [INF] Executed ViewResult - view Index executed in 10.1069ms.
2026-09-13 11:54:58.502 +05:30 [INF] Executed action MyDailyExpenseTracker.Controllers.DashboardController.Index (MyDailyExpenseTracker) in 197.6649ms
2026-09-13 11:54:58.505 +05:30 [INF] Executed endpoint 'MyDailyExpenseTracker.Controllers.DashboardController.Index (MyDailyExpenseTracker)'
2026-09-13 11:54:58.507 +05:30 [INF] Request finished HTTP/1.1 GET http://localhost:5172/ - 200 null text/html; charset=utf-8 210.2516ms
