2026-09-01 15:35:42.504 +05:30 [INF] Request starting HTTP/1.1 GET http://localhost:5172/ - null null
2026-09-01 15:35:42.717 +05:30 [INF] Authorization failed. These requirements were not met:
DenyAnonymousAuthorizationRequirement: Requires an authenticated user.
2026-09-01 15:35:42.729 +05:30 [INF] AuthenticationScheme: Identity.Application was challenged.
2026-09-01 15:35:42.732 +05:30 [INF] Request finished HTTP/1.1 GET http://localhost:5172/ - 302 0 null 231.3782ms
2026-09-01 15:35:42.744 +05:30 [INF] Request starting HTTP/1.1 GET http://localhost:5172/Account/Login?ReturnUrl=%2F - null null
2026-09-01 15:35:42.748 +05:30 [INF] Executing endpoint 'MyDailyExpenseTracker.Controllers.AccountController.Login (MyDailyExpenseTracker)'
2026-09-01 15:35:42.756 +05:30 [INF] Route matched with {action = "Login", controller = "Account"}. Executing controller action with signature Microsoft.AspNetCore.Mvc.IActionResult Login(System.String) on controller MyDailyExpenseTracker.Controllers.AccountController (MyDailyExpenseTracker).
2026-09-01 15:35:42.821 +05:30 [INF] Executing ViewResult, running view Login.
2026-09-01 15:35:42.854 +05:30 [INF] Executed ViewResult - view Login executed in 59.2016ms.
2026-09-01 15:35:42.854 +05:30 [INF] Executed action MyDailyExpenseTracker.Controllers.AccountController.Login (MyDailyExpenseTracker) in 97.7915ms
2026-09-01 15:35:42.854 +05:30 [INF] Executed endpoint 'MyDailyExpenseTracker.Controllers.AccountController.Login (MyDailyExpenseTracker)'
2026-09-01 15:35:42.855 +05:30 [INF] Request finished HTTP/1.1 GET http://localhost:5172/Account/Login?ReturnUrl=%2F - 200 null text/html; charset=utf-8 111.9073ms
2026-09-01 15:35:42.892 +05:30 [INF] Request starting HTTP/1.1 GET http://localhost:5172/css/site.css?v=3jDqC1Ys9wiWRxAEk-JC7LuRjkay3HAy8SDcbuXvqzo - null null
2026-09-01 15:35:42.892 +05:30 [INF] Request starting HTTP/1.1 GET http://localhost:5172/js/site.js?v=XvixfUlZZbVs8ay4ybLVvOPCyYDYC6oeGZmLTMieI_8 - null null
2026-09-01 15:35:42.926 +05:30 [INF] The file /js/site.js was not modified
2026-09-01 15:35:42.926 +05:30 [INF] The file /css/site.css was not modified
2026-09-01 15:35:42.926 +05:30 [INF] Request finished HTTP/1.1 GET http://localhost:5172/css/site.css?v=3jDqC1Ys9wiWRxAEk-JC7LuRjkay3HAy8SDcbuXvqzo - 304 null text/css 34.4944ms
2026-09-01 15:35:42.926 +05:30 [INF] Request finished HTTP/1.1 GET http://localhost:5172/js/site.js?v=XvixfUlZZbVs8ay4ybLVvOPCyYDYC6oeGZmLTMieI_8 - 304 null text/javascript 33.9001ms
2026-09-01 15:35:49.944 +05:30 [INF] Request starting HTTP/1.1 POST http://localhost:5172/Account/Login - application/x-www-form-urlencoded 269
2026-09-01 15:35:49.947 +05:30 [INF] Executing endpoint 'MyDailyExpenseTracker.Controllers.AccountController.Login (MyDailyExpenseTracker)'
2026-09-01 15:35:49.949 +05:30 [INF] Route matched with {action = "Login", controller = "Account"}. Executing controller action with signature System.Threading.Tasks.Task`1[Microsoft.AspNetCore.Mvc.IActionResult] Login(MyDailyExpenseTracker.ViewModels.LoginViewModel, System.String) on controller MyDailyExpenseTracker.Controllers.AccountController (MyDailyExpenseTracker).
2026-09-01 15:35:51.257 +05:30 [INF] Executed DbCommand (81ms) [Parameters=[@normalizedUserName='?' (Size = 256)], CommandType='"Text"', CommandTimeout='30']
SELECT TOP(1) [a].[Id], [a].[AccessFailedCount], [a].[ConcurrencyStamp], [a].[CreatedDate], [a].[Currency], [a].[DateFormat], [a].[Email], [a].[EmailConfirmed], [a].[FirstName], [a].[LastName], [a].[LockoutEnabled], [a].[LockoutEnd], [a].[NormalizedEmail], [a].[NormalizedUserName], [a].[PasswordHash], [a].[PhoneNumber], [a].[PhoneNumberConfirmed], [a].[SecurityStamp], [a].[Theme], [a].[TwoFactorEnabled], [a].[UserName]
FROM [AspNetUsers] AS [a]
WHERE [a].[NormalizedUserName] = @normalizedUserName
2026-09-01 15:35:51.359 +05:30 [INF] Executed DbCommand (7ms) [Parameters=[@user_Id='?' (Size = 450)], CommandType='"Text"', CommandTimeout='30']
SELECT [a].[Id], [a].[ClaimType], [a].[ClaimValue], [a].[UserId]
FROM [AspNetUserClaims] AS [a]
WHERE [a].[UserId] = @user_Id
2026-09-01 15:35:51.377 +05:30 [INF] Executed DbCommand (12ms) [Parameters=[@userId='?' (Size = 450)], CommandType='"Text"', CommandTimeout='30']
SELECT [a0].[Name]
FROM [AspNetUserRoles] AS [a]
INNER JOIN [AspNetRoles] AS [a0] ON [a].[RoleId] = [a0].[Id]
WHERE [a].[UserId] = @userId
2026-09-01 15:35:51.385 +05:30 [INF] Executed DbCommand (5ms) [Parameters=[@normalizedName='?' (Size = 256)], CommandType='"Text"', CommandTimeout='30']
SELECT TOP(1) [a].[Id], [a].[ConcurrencyStamp], [a].[Name], [a].[NormalizedName]
FROM [AspNetRoles] AS [a]
WHERE [a].[NormalizedName] = @normalizedName
2026-09-01 15:35:51.391 +05:30 [INF] Executed DbCommand (2ms) [Parameters=[@role_Id='?' (Size = 450)], CommandType='"Text"', CommandTimeout='30']
SELECT [a].[ClaimType], [a].[ClaimValue]
FROM [AspNetRoleClaims] AS [a]
WHERE [a].[RoleId] = @role_Id
2026-09-01 15:35:51.394 +05:30 [INF] AuthenticationScheme: Identity.Application signed in.
2026-09-01 15:35:51.396 +05:30 [INF] User logged in: chavanabhijeet95@gmail.com
2026-09-01 15:35:51.404 +05:30 [INF] Executing RedirectResult, redirecting to /.
2026-09-01 15:35:51.405 +05:30 [INF] Executed action MyDailyExpenseTracker.Controllers.AccountController.Login (MyDailyExpenseTracker) in 1455.7612ms
2026-09-01 15:35:51.405 +05:30 [INF] Executed endpoint 'MyDailyExpenseTracker.Controllers.AccountController.Login (MyDailyExpenseTracker)'
2026-09-01 15:35:51.406 +05:30 [INF] Request finished HTTP/1.1 POST http://localhost:5172/Account/Login - 302 0 null 1461.5726ms
2026-09-01 15:35:51.410 +05:30 [INF] Request starting HTTP/1.1 GET http://localhost:5172/ - null null
2026-09-01 15:35:51.411 +05:30 [INF] Executing endpoint 'MyDailyExpenseTracker.Controllers.DashboardController.Index (MyDailyExpenseTracker)'
2026-09-01 15:35:51.413 +05:30 [INF] Route matched with {action = "Index", controller = "Dashboard"}. Executing controller action with signature System.Threading.Tasks.Task`1[Microsoft.AspNetCore.Mvc.IActionResult] Index() on controller MyDailyExpenseTracker.Controllers.DashboardController (MyDailyExpenseTracker).
2026-09-01 15:35:51.435 +05:30 [INF] Executed DbCommand (13ms) [Parameters=[@userId='?' (Size = 450), @today='?' (DbType = DateTime2), @today2='?' (DbType = DateTime2)], CommandType='"Text"', CommandTimeout='30']
SELECT [r].[RecurringExpenseId], [r].[Amount], [r].[CategoryId], [r].[CreatedDate], [r].[EndDate], [r].[Frequency], [r].[IsActive], [r].[LastGeneratedDate], [r].[Name], [r].[Notes], [r].[PaymentMethodId], [r].[StartDate], [r].[Type], [r].[UserId]
FROM [RecurringExpenses] AS [r]
WHERE [r].[UserId] = @userId AND [r].[IsActive] = CAST(1 AS bit) AND [r].[StartDate] <= @today AND ([r].[EndDate] IS NULL OR [r].[EndDate] >= @today2)
2026-09-01 15:35:51.457 +05:30 [INF] Executed DbCommand (15ms) [Parameters=[@userId='?' (Size = 450), @today_Month='?' (DbType = Int32), @today_Year='?' (DbType = Int32)], CommandType='"Text"', CommandTimeout='30']
SELECT [b1].[BudgetId], [b1].[CreatedDate], [b1].[Month], [b1].[Notes], [b1].[TotalBudget], [b1].[UpdatedDate], [b1].[UserId], [b1].[Year], [s].[BudgetCategoryId], [s].[Amount], [s].[BudgetId], [s].[CategoryId], [s].[CategoryId0], [s].[Color], [s].[CreatedDate], [s].[Icon], [s].[IsActive], [s].[IsDefault], [s].[Name], [s].[Type], [s].[UserId]
FROM (
    SELECT TOP(1) [b].[BudgetId], [b].[CreatedDate], [b].[Month], [b].[Notes], [b].[TotalBudget], [b].[UpdatedDate], [b].[UserId], [b].[Year]
    FROM [Budgets] AS [b]
    WHERE [b].[UserId] = @userId AND [b].[Month] = @today_Month AND [b].[Year] = @today_Year
) AS [b1]
LEFT JOIN (
    SELECT [b0].[BudgetCategoryId], [b0].[Amount], [b0].[BudgetId], [b0].[CategoryId], [c].[CategoryId] AS [CategoryId0], [c].[Color], [c].[CreatedDate], [c].[Icon], [c].[IsActive], [c].[IsDefault], [c].[Name], [c].[Type], [c].[UserId]
    FROM [BudgetCategories] AS [b0]
    INNER JOIN [Categories] AS [c] ON [b0].[CategoryId] = [c].[CategoryId]
) AS [s] ON [b1].[BudgetId] = [s].[BudgetId]
ORDER BY [b1].[BudgetId], [s].[BudgetCategoryId]
2026-09-01 15:35:51.473 +05:30 [INF] Executed DbCommand (10ms) [Parameters=[@userId='?' (Size = 450), @today='?' (DbType = DateTime2)], CommandType='"Text"', CommandTimeout='30']
SELECT [t].[Type], COALESCE(SUM([t].[Amount]), 0.0) AS [Total]
FROM [Transactions] AS [t]
WHERE [t].[UserId] = @userId AND CONVERT(date, [t].[TransactionDate]) = @today
GROUP BY [t].[Type]
2026-09-01 15:35:51.477 +05:30 [INF] Executed DbCommand (4ms) [Parameters=[@userId='?' (Size = 450), @monthStart='?' (DbType = DateTime2), @today='?' (DbType = DateTime2)], CommandType='"Text"', CommandTimeout='30']
SELECT [t].[Type], COALESCE(SUM([t].[Amount]), 0.0) AS [Total]
FROM [Transactions] AS [t]
WHERE [t].[UserId] = @userId AND [t].[TransactionDate] >= @monthStart AND [t].[TransactionDate] <= @today
GROUP BY [t].[Type]
2026-09-01 15:35:51.486 +05:30 [INF] Executed DbCommand (5ms) [Parameters=[@userId='?' (Size = 450)], CommandType='"Text"', CommandTimeout='30']
SELECT COALESCE(SUM([t].[Amount]), 0.0)
FROM [Transactions] AS [t]
WHERE [t].[UserId] = @userId AND [t].[Type] = N'Income'
2026-09-01 15:35:51.492 +05:30 [INF] Executed DbCommand (6ms) [Parameters=[@userId='?' (Size = 450)], CommandType='"Text"', CommandTimeout='30']
SELECT COALESCE(SUM([t].[Amount]), 0.0)
FROM [Transactions] AS [t]
WHERE [t].[UserId] = @userId AND [t].[Type] = N'Expense'
2026-09-01 15:35:51.496 +05:30 [INF] Executed DbCommand (3ms) [Parameters=[@userId='?' (Size = 450)], CommandType='"Text"', CommandTimeout='30']
SELECT COUNT(*)
FROM [Transactions] AS [t]
WHERE [t].[UserId] = @userId
2026-09-01 15:35:51.503 +05:30 [INF] Executed DbCommand (5ms) [Parameters=[@userId='?' (Size = 450), @prevStart='?' (DbType = DateTime2), @prevEnd='?' (DbType = DateTime2)], CommandType='"Text"', CommandTimeout='30']
SELECT COALESCE(SUM([t].[Amount]), 0.0)
FROM [Transactions] AS [t]
WHERE [t].[UserId] = @userId AND [t].[Type] = N'Expense' AND [t].[TransactionDate] >= @prevStart AND [t].[TransactionDate] <= @prevEnd
2026-09-01 15:35:51.530 +05:30 [INF] Executed DbCommand (17ms) [Parameters=[@p='?' (DbType = Int32), @userId='?' (Size = 450)], CommandType='"Text"', CommandTimeout='30']
SELECT [t0].[TransactionId], [t0].[TransactionDate], [t0].[Description], [c].[Name] AS [CategoryName], [c].[Icon] AS [CategoryIcon], [c].[Color] AS [CategoryColor], [t0].[Type], [t0].[Amount], [p].[Name] AS [PaymentMethodName]
FROM (
    SELECT TOP(@p) [t].[TransactionId], [t].[Amount], [t].[CategoryId], [t].[CreatedDate], [t].[Description], [t].[PaymentMethodId], [t].[TransactionDate], [t].[Type]
    FROM [Transactions] AS [t]
    WHERE [t].[UserId] = @userId
    ORDER BY [t].[TransactionDate] DESC, [t].[CreatedDate] DESC
) AS [t0]
INNER JOIN [Categories] AS [c] ON [t0].[CategoryId] = [c].[CategoryId]
LEFT JOIN [PaymentMethods] AS [p] ON [t0].[PaymentMethodId] = [p].[PaymentMethodId]
ORDER BY [t0].[TransactionDate] DESC, [t0].[CreatedDate] DESC
2026-09-01 15:35:51.541 +05:30 [INF] Executed DbCommand (8ms) [Parameters=[@userId='?' (Size = 450), @sixMonthsAgo='?' (DbType = DateTime2)], CommandType='"Text"', CommandTimeout='30']
SELECT [t0].[Year], [t0].[Month], COALESCE(SUM([t0].[Amount]), 0.0) AS [Total]
FROM (
    SELECT [t].[Amount], DATEPART(year, [t].[TransactionDate]) AS [Year], DATEPART(month, [t].[TransactionDate]) AS [Month]
    FROM [Transactions] AS [t]
    WHERE [t].[UserId] = @userId AND [t].[Type] = N'Expense' AND [t].[TransactionDate] >= @sixMonthsAgo
) AS [t0]
GROUP BY [t0].[Year], [t0].[Month]
2026-09-01 15:35:51.549 +05:30 [INF] Executed DbCommand (5ms) [Parameters=[@userId='?' (Size = 450), @sixMonthsAgo='?' (DbType = DateTime2)], CommandType='"Text"', CommandTimeout='30']
SELECT [t0].[Year], [t0].[Month], [t0].[Type], COALESCE(SUM([t0].[Amount]), 0.0) AS [Total]
FROM (
    SELECT [t].[Amount], [t].[Type], DATEPART(year, [t].[TransactionDate]) AS [Year], DATEPART(month, [t].[TransactionDate]) AS [Month]
    FROM [Transactions] AS [t]
    WHERE [t].[UserId] = @userId AND [t].[TransactionDate] >= @sixMonthsAgo
) AS [t0]
GROUP BY [t0].[Year], [t0].[Month], [t0].[Type]
2026-09-01 15:35:51.558 +05:30 [INF] Executed DbCommand (7ms) [Parameters=[@p='?' (DbType = Int32), @userId='?' (Size = 450), @monthStart='?' (DbType = DateTime2), @today='?' (DbType = DateTime2)], CommandType='"Text"', CommandTimeout='30']
SELECT TOP(@p) [c].[Name] AS [Category], COALESCE(SUM([t].[Amount]), 0.0) AS [Total]
FROM [Transactions] AS [t]
INNER JOIN [Categories] AS [c] ON [t].[CategoryId] = [c].[CategoryId]
WHERE [t].[UserId] = @userId AND [t].[Type] = N'Expense' AND [t].[TransactionDate] >= @monthStart AND [t].[TransactionDate] <= @today
GROUP BY [c].[Name]
ORDER BY COALESCE(SUM([t].[Amount]), 0.0) DESC
2026-09-01 15:35:51.565 +05:30 [INF] Executed DbCommand (6ms) [Parameters=[@userId='?' (Size = 450), @monthStart='?' (DbType = DateTime2), @today='?' (DbType = DateTime2)], CommandType='"Text"', CommandTimeout='30']
SELECT [t0].[Key] AS [Day], COALESCE(SUM([t0].[Amount]), 0.0) AS [Total]
FROM (
    SELECT [t].[Amount], DATEPART(day, [t].[TransactionDate]) AS [Key]
    FROM [Transactions] AS [t]
    WHERE [t].[UserId] = @userId AND [t].[Type] = N'Expense' AND [t].[TransactionDate] >= @monthStart AND [t].[TransactionDate] <= @today
) AS [t0]
GROUP BY [t0].[Key]
2026-09-01 15:35:51.576 +05:30 [INF] Executed DbCommand (10ms) [Parameters=[@userId='?' (Size = 450), @monthStart='?' (DbType = DateTime2), @today='?' (DbType = DateTime2)], CommandType='"Text"', CommandTimeout='30']
SELECT [p].[Name] AS [Method], COALESCE(SUM([t].[Amount]), 0.0) AS [Total]
FROM [Transactions] AS [t]
LEFT JOIN [PaymentMethods] AS [p] ON [t].[PaymentMethodId] = [p].[PaymentMethodId]
WHERE [t].[UserId] = @userId AND [t].[Type] = N'Expense' AND [t].[TransactionDate] >= @monthStart AND [t].[TransactionDate] <= @today AND [t].[PaymentMethodId] IS NOT NULL
GROUP BY [p].[Name]
2026-09-01 15:35:51.580 +05:30 [INF] Executed DbCommand (4ms) [Parameters=[@userId='?' (Size = 450), @today_Month='?' (DbType = Int32), @today_Year='?' (DbType = Int32)], CommandType='"Text"', CommandTimeout='30']
SELECT TOP(1) [b].[BudgetId], [b].[CreatedDate], [b].[Month], [b].[Notes], [b].[TotalBudget], [b].[UpdatedDate], [b].[UserId], [b].[Year]
FROM [Budgets] AS [b]
WHERE [b].[UserId] = @userId AND [b].[Month] = @today_Month AND [b].[Year] = @today_Year
2026-09-01 15:35:51.585 +05:30 [INF] Executed DbCommand (2ms) [Parameters=[@userId='?' (Size = 450)], CommandType='"Text"', CommandTimeout='30']
SELECT COUNT(*)
FROM [Notifications] AS [n]
WHERE [n].[UserId] = @userId AND [n].[IsRead] = CAST(0 AS bit)
2026-09-01 15:35:51.587 +05:30 [INF] Executing ViewResult, running view Index.
2026-09-01 15:35:51.610 +05:30 [INF] Executed DbCommand (6ms) [Parameters=[@p='?' (Size = 450)], CommandType='"Text"', CommandTimeout='30']
SELECT TOP(1) [a].[Id], [a].[AccessFailedCount], [a].[ConcurrencyStamp], [a].[CreatedDate], [a].[Currency], [a].[DateFormat], [a].[Email], [a].[EmailConfirmed], [a].[FirstName], [a].[LastName], [a].[LockoutEnabled], [a].[LockoutEnd], [a].[NormalizedEmail], [a].[NormalizedUserName], [a].[PasswordHash], [a].[PhoneNumber], [a].[PhoneNumberConfirmed], [a].[SecurityStamp], [a].[Theme], [a].[TwoFactorEnabled], [a].[UserName]
FROM [AspNetUsers] AS [a]
WHERE [a].[Id] = @p
2026-09-01 15:35:51.622 +05:30 [INF] Executed ViewResult - view Index executed in 35.2658ms.
2026-09-01 15:35:51.622 +05:30 [INF] Executed action MyDailyExpenseTracker.Controllers.DashboardController.Index (MyDailyExpenseTracker) in 209.123ms
2026-09-01 15:35:51.622 +05:30 [INF] Executed endpoint 'MyDailyExpenseTracker.Controllers.DashboardController.Index (MyDailyExpenseTracker)'
2026-09-01 15:35:51.622 +05:30 [INF] Request finished HTTP/1.1 GET http://localhost:5172/ - 200 null text/html; charset=utf-8 212.4964ms
2026-09-01 15:35:58.982 +05:30 [INF] Request starting HTTP/1.1 GET http://localhost:5172/Reports - null null
2026-09-01 15:35:58.983 +05:30 [INF] Executing endpoint 'MyDailyExpenseTracker.Controllers.ReportsController.Index (MyDailyExpenseTracker)'
2026-09-01 15:35:58.983 +05:30 [INF] Route matched with {action = "Index", controller = "Reports"}. Executing controller action with signature System.Threading.Tasks.Task`1[Microsoft.AspNetCore.Mvc.IActionResult] Index(Int32, Int32) on controller MyDailyExpenseTracker.Controllers.ReportsController (MyDailyExpenseTracker).
2026-09-01 15:35:58.997 +05:30 [INF] Executed DbCommand (11ms) [Parameters=[@userId='?' (Size = 450), @monthStart='?' (DbType = DateTime2), @monthEnd='?' (DbType = DateTime2)], CommandType='"Text"', CommandTimeout='30']
SELECT [t].[TransactionId], [t].[Amount], [t].[CategoryId], [t].[CreatedDate], [t].[Description], [t].[Notes], [t].[PaymentMethodId], [t].[RecurringExpenseId], [t].[TransactionDate], [t].[Type], [t].[UpdatedDate], [t].[UserId], [c].[CategoryId], [c].[Color], [c].[CreatedDate], [c].[Icon], [c].[IsActive], [c].[IsDefault], [c].[Name], [c].[Type], [c].[UserId], [p].[PaymentMethodId], [p].[CreatedDate], [p].[Icon], [p].[IsActive], [p].[IsDefault], [p].[Name], [p].[UserId]
FROM [Transactions] AS [t]
INNER JOIN [Categories] AS [c] ON [t].[CategoryId] = [c].[CategoryId]
LEFT JOIN [PaymentMethods] AS [p] ON [t].[PaymentMethodId] = [p].[PaymentMethodId]
WHERE [t].[UserId] = @userId AND [t].[TransactionDate] >= @monthStart AND [t].[TransactionDate] <= @monthEnd
2026-09-01 15:35:59.005 +05:30 [INF] Executed DbCommand (5ms) [Parameters=[@userId='?' (Size = 450)], CommandType='"Text"', CommandTimeout='30']
SELECT MIN([t].[TransactionDate])
FROM [Transactions] AS [t]
WHERE [t].[UserId] = @userId
2026-09-01 15:35:59.010 +05:30 [INF] Executing ViewResult, running view Index.
2026-09-01 15:35:59.016 +05:30 [INF] Executed DbCommand (3ms) [Parameters=[@p='?' (Size = 450)], CommandType='"Text"', CommandTimeout='30']
SELECT TOP(1) [a].[Id], [a].[AccessFailedCount], [a].[ConcurrencyStamp], [a].[CreatedDate], [a].[Currency], [a].[DateFormat], [a].[Email], [a].[EmailConfirmed], [a].[FirstName], [a].[LastName], [a].[LockoutEnabled], [a].[LockoutEnd], [a].[NormalizedEmail], [a].[NormalizedUserName], [a].[PasswordHash], [a].[PhoneNumber], [a].[PhoneNumberConfirmed], [a].[SecurityStamp], [a].[Theme], [a].[TwoFactorEnabled], [a].[UserName]
FROM [AspNetUsers] AS [a]
WHERE [a].[Id] = @p
2026-09-01 15:35:59.017 +05:30 [INF] Executed ViewResult - view Index executed in 9.2372ms.
2026-09-01 15:35:59.018 +05:30 [INF] Executed action MyDailyExpenseTracker.Controllers.ReportsController.Index (MyDailyExpenseTracker) in 34.4053ms
2026-09-01 15:35:59.018 +05:30 [INF] Executed endpoint 'MyDailyExpenseTracker.Controllers.ReportsController.Index (MyDailyExpenseTracker)'
2026-09-01 15:35:59.018 +05:30 [INF] Request finished HTTP/1.1 GET http://localhost:5172/Reports - 200 null text/html; charset=utf-8 35.6103ms
2026-09-01 15:36:07.027 +05:30 [INF] Request starting HTTP/1.1 GET http://localhost:5172/Reports?month=9&year=2026 - null null
2026-09-01 15:36:07.028 +05:30 [INF] Executing endpoint 'MyDailyExpenseTracker.Controllers.ReportsController.Index (MyDailyExpenseTracker)'
2026-09-01 15:36:07.028 +05:30 [INF] Route matched with {action = "Index", controller = "Reports"}. Executing controller action with signature System.Threading.Tasks.Task`1[Microsoft.AspNetCore.Mvc.IActionResult] Index(Int32, Int32) on controller MyDailyExpenseTracker.Controllers.ReportsController (MyDailyExpenseTracker).
2026-09-01 15:36:07.037 +05:30 [INF] Executed DbCommand (7ms) [Parameters=[@userId='?' (Size = 450), @monthStart='?' (DbType = DateTime2), @monthEnd='?' (DbType = DateTime2)], CommandType='"Text"', CommandTimeout='30']
SELECT [t].[TransactionId], [t].[Amount], [t].[CategoryId], [t].[CreatedDate], [t].[Description], [t].[Notes], [t].[PaymentMethodId], [t].[RecurringExpenseId], [t].[TransactionDate], [t].[Type], [t].[UpdatedDate], [t].[UserId], [c].[CategoryId], [c].[Color], [c].[CreatedDate], [c].[Icon], [c].[IsActive], [c].[IsDefault], [c].[Name], [c].[Type], [c].[UserId], [p].[PaymentMethodId], [p].[CreatedDate], [p].[Icon], [p].[IsActive], [p].[IsDefault], [p].[Name], [p].[UserId]
FROM [Transactions] AS [t]
INNER JOIN [Categories] AS [c] ON [t].[CategoryId] = [c].[CategoryId]
LEFT JOIN [PaymentMethods] AS [p] ON [t].[PaymentMethodId] = [p].[PaymentMethodId]
WHERE [t].[UserId] = @userId AND [t].[TransactionDate] >= @monthStart AND [t].[TransactionDate] <= @monthEnd
2026-09-01 15:36:07.041 +05:30 [INF] Executed DbCommand (3ms) [Parameters=[@userId='?' (Size = 450)], CommandType='"Text"', CommandTimeout='30']
SELECT MIN([t].[TransactionDate])
FROM [Transactions] AS [t]
WHERE [t].[UserId] = @userId
2026-09-01 15:36:07.042 +05:30 [INF] Executing ViewResult, running view Index.
2026-09-01 15:36:07.044 +05:30 [INF] Executed DbCommand (2ms) [Parameters=[@p='?' (Size = 450)], CommandType='"Text"', CommandTimeout='30']
SELECT TOP(1) [a].[Id], [a].[AccessFailedCount], [a].[ConcurrencyStamp], [a].[CreatedDate], [a].[Currency], [a].[DateFormat], [a].[Email], [a].[EmailConfirmed], [a].[FirstName], [a].[LastName], [a].[LockoutEnabled], [a].[LockoutEnd], [a].[NormalizedEmail], [a].[NormalizedUserName], [a].[PasswordHash], [a].[PhoneNumber], [a].[PhoneNumberConfirmed], [a].[SecurityStamp], [a].[Theme], [a].[TwoFactorEnabled], [a].[UserName]
FROM [AspNetUsers] AS [a]
WHERE [a].[Id] = @p
2026-09-01 15:36:07.046 +05:30 [INF] Executed ViewResult - view Index executed in 4.6215ms.
2026-09-01 15:36:07.046 +05:30 [INF] Executed action MyDailyExpenseTracker.Controllers.ReportsController.Index (MyDailyExpenseTracker) in 18.331ms
2026-09-01 15:36:07.046 +05:30 [INF] Executed endpoint 'MyDailyExpenseTracker.Controllers.ReportsController.Index (MyDailyExpenseTracker)'
2026-09-01 15:36:07.046 +05:30 [INF] Request finished HTTP/1.1 GET http://localhost:5172/Reports?month=9&year=2026 - 200 null text/html; charset=utf-8 19.1517ms
2026-09-01 15:36:08.820 +05:30 [INF] Request starting HTTP/1.1 GET http://localhost:5172/ - null null
2026-09-01 15:36:08.821 +05:30 [INF] Executing endpoint 'MyDailyExpenseTracker.Controllers.DashboardController.Index (MyDailyExpenseTracker)'
2026-09-01 15:36:08.821 +05:30 [INF] Route matched with {action = "Index", controller = "Dashboard"}. Executing controller action with signature System.Threading.Tasks.Task`1[Microsoft.AspNetCore.Mvc.IActionResult] Index() on controller MyDailyExpenseTracker.Controllers.DashboardController (MyDailyExpenseTracker).
2026-09-01 15:36:08.827 +05:30 [INF] Executed DbCommand (5ms) [Parameters=[@userId='?' (Size = 450), @today='?' (DbType = DateTime2), @today2='?' (DbType = DateTime2)], CommandType='"Text"', CommandTimeout='30']
SELECT [r].[RecurringExpenseId], [r].[Amount], [r].[CategoryId], [r].[CreatedDate], [r].[EndDate], [r].[Frequency], [r].[IsActive], [r].[LastGeneratedDate], [r].[Name], [r].[Notes], [r].[PaymentMethodId], [r].[StartDate], [r].[Type], [r].[UserId]
FROM [RecurringExpenses] AS [r]
WHERE [r].[UserId] = @userId AND [r].[IsActive] = CAST(1 AS bit) AND [r].[StartDate] <= @today AND ([r].[EndDate] IS NULL OR [r].[EndDate] >= @today2)
2026-09-01 15:36:08.837 +05:30 [INF] Executed DbCommand (9ms) [Parameters=[@userId='?' (Size = 450), @today_Month='?' (DbType = Int32), @today_Year='?' (DbType = Int32)], CommandType='"Text"', CommandTimeout='30']
SELECT [b1].[BudgetId], [b1].[CreatedDate], [b1].[Month], [b1].[Notes], [b1].[TotalBudget], [b1].[UpdatedDate], [b1].[UserId], [b1].[Year], [s].[BudgetCategoryId], [s].[Amount], [s].[BudgetId], [s].[CategoryId], [s].[CategoryId0], [s].[Color], [s].[CreatedDate], [s].[Icon], [s].[IsActive], [s].[IsDefault], [s].[Name], [s].[Type], [s].[UserId]
FROM (
    SELECT TOP(1) [b].[BudgetId], [b].[CreatedDate], [b].[Month], [b].[Notes], [b].[TotalBudget], [b].[UpdatedDate], [b].[UserId], [b].[Year]
    FROM [Budgets] AS [b]
    WHERE [b].[UserId] = @userId AND [b].[Month] = @today_Month AND [b].[Year] = @today_Year
) AS [b1]
LEFT JOIN (
    SELECT [b0].[BudgetCategoryId], [b0].[Amount], [b0].[BudgetId], [b0].[CategoryId], [c].[CategoryId] AS [CategoryId0], [c].[Color], [c].[CreatedDate], [c].[Icon], [c].[IsActive], [c].[IsDefault], [c].[Name], [c].[Type], [c].[UserId]
    FROM [BudgetCategories] AS [b0]
    INNER JOIN [Categories] AS [c] ON [b0].[CategoryId] = [c].[CategoryId]
) AS [s] ON [b1].[BudgetId] = [s].[BudgetId]
ORDER BY [b1].[BudgetId], [s].[BudgetCategoryId]
2026-09-01 15:36:08.841 +05:30 [INF] Executed DbCommand (4ms) [Parameters=[@userId='?' (Size = 450), @today='?' (DbType = DateTime2)], CommandType='"Text"', CommandTimeout='30']
SELECT [t].[Type], COALESCE(SUM([t].[Amount]), 0.0) AS [Total]
FROM [Transactions] AS [t]
WHERE [t].[UserId] = @userId AND CONVERT(date, [t].[TransactionDate]) = @today
GROUP BY [t].[Type]
2026-09-01 15:36:08.845 +05:30 [INF] Executed DbCommand (3ms) [Parameters=[@userId='?' (Size = 450), @monthStart='?' (DbType = DateTime2), @today='?' (DbType = DateTime2)], CommandType='"Text"', CommandTimeout='30']
SELECT [t].[Type], COALESCE(SUM([t].[Amount]), 0.0) AS [Total]
FROM [Transactions] AS [t]
WHERE [t].[UserId] = @userId AND [t].[TransactionDate] >= @monthStart AND [t].[TransactionDate] <= @today
GROUP BY [t].[Type]
2026-09-01 15:36:08.848 +05:30 [INF] Executed DbCommand (3ms) [Parameters=[@userId='?' (Size = 450)], CommandType='"Text"', CommandTimeout='30']
SELECT COALESCE(SUM([t].[Amount]), 0.0)
FROM [Transactions] AS [t]
WHERE [t].[UserId] = @userId AND [t].[Type] = N'Income'
2026-09-01 15:36:08.852 +05:30 [INF] Executed DbCommand (3ms) [Parameters=[@userId='?' (Size = 450)], CommandType='"Text"', CommandTimeout='30']
SELECT COALESCE(SUM([t].[Amount]), 0.0)
FROM [Transactions] AS [t]
WHERE [t].[UserId] = @userId AND [t].[Type] = N'Expense'
2026-09-01 15:36:08.854 +05:30 [INF] Executed DbCommand (2ms) [Parameters=[@userId='?' (Size = 450)], CommandType='"Text"', CommandTimeout='30']
SELECT COUNT(*)
FROM [Transactions] AS [t]
WHERE [t].[UserId] = @userId
2026-09-01 15:36:08.858 +05:30 [INF] Executed DbCommand (3ms) [Parameters=[@userId='?' (Size = 450), @prevStart='?' (DbType = DateTime2), @prevEnd='?' (DbType = DateTime2)], CommandType='"Text"', CommandTimeout='30']
SELECT COALESCE(SUM([t].[Amount]), 0.0)
FROM [Transactions] AS [t]
WHERE [t].[UserId] = @userId AND [t].[Type] = N'Expense' AND [t].[TransactionDate] >= @prevStart AND [t].[TransactionDate] <= @prevEnd
2026-09-01 15:36:08.863 +05:30 [INF] Executed DbCommand (4ms) [Parameters=[@p='?' (DbType = Int32), @userId='?' (Size = 450)], CommandType='"Text"', CommandTimeout='30']
SELECT [t0].[TransactionId], [t0].[TransactionDate], [t0].[Description], [c].[Name] AS [CategoryName], [c].[Icon] AS [CategoryIcon], [c].[Color] AS [CategoryColor], [t0].[Type], [t0].[Amount], [p].[Name] AS [PaymentMethodName]
FROM (
    SELECT TOP(@p) [t].[TransactionId], [t].[Amount], [t].[CategoryId], [t].[CreatedDate], [t].[Description], [t].[PaymentMethodId], [t].[TransactionDate], [t].[Type]
    FROM [Transactions] AS [t]
    WHERE [t].[UserId] = @userId
    ORDER BY [t].[TransactionDate] DESC, [t].[CreatedDate] DESC
) AS [t0]
INNER JOIN [Categories] AS [c] ON [t0].[CategoryId] = [c].[CategoryId]
LEFT JOIN [PaymentMethods] AS [p] ON [t0].[PaymentMethodId] = [p].[PaymentMethodId]
ORDER BY [t0].[TransactionDate] DESC, [t0].[CreatedDate] DESC
2026-09-01 15:36:08.868 +05:30 [INF] Executed DbCommand (5ms) [Parameters=[@userId='?' (Size = 450), @sixMonthsAgo='?' (DbType = DateTime2)], CommandType='"Text"', CommandTimeout='30']
SELECT [t0].[Year], [t0].[Month], COALESCE(SUM([t0].[Amount]), 0.0) AS [Total]
FROM (
    SELECT [t].[Amount], DATEPART(year, [t].[TransactionDate]) AS [Year], DATEPART(month, [t].[TransactionDate]) AS [Month]
    FROM [Transactions] AS [t]
    WHERE [t].[UserId] = @userId AND [t].[Type] = N'Expense' AND [t].[TransactionDate] >= @sixMonthsAgo
) AS [t0]
GROUP BY [t0].[Year], [t0].[Month]
2026-09-01 15:36:08.873 +05:30 [INF] Executed DbCommand (4ms) [Parameters=[@userId='?' (Size = 450), @sixMonthsAgo='?' (DbType = DateTime2)], CommandType='"Text"', CommandTimeout='30']
SELECT [t0].[Year], [t0].[Month], [t0].[Type], COALESCE(SUM([t0].[Amount]), 0.0) AS [Total]
FROM (
    SELECT [t].[Amount], [t].[Type], DATEPART(year, [t].[TransactionDate]) AS [Year], DATEPART(month, [t].[TransactionDate]) AS [Month]
    FROM [Transactions] AS [t]
    WHERE [t].[UserId] = @userId AND [t].[TransactionDate] >= @sixMonthsAgo
) AS [t0]
GROUP BY [t0].[Year], [t0].[Month], [t0].[Type]
2026-09-01 15:36:08.879 +05:30 [INF] Executed DbCommand (5ms) [Parameters=[@p='?' (DbType = Int32), @userId='?' (Size = 450), @monthStart='?' (DbType = DateTime2), @today='?' (DbType = DateTime2)], CommandType='"Text"', CommandTimeout='30']
SELECT TOP(@p) [c].[Name] AS [Category], COALESCE(SUM([t].[Amount]), 0.0) AS [Total]
FROM [Transactions] AS [t]
INNER JOIN [Categories] AS [c] ON [t].[CategoryId] = [c].[CategoryId]
WHERE [t].[UserId] = @userId AND [t].[Type] = N'Expense' AND [t].[TransactionDate] >= @monthStart AND [t].[TransactionDate] <= @today
GROUP BY [c].[Name]
ORDER BY COALESCE(SUM([t].[Amount]), 0.0) DESC
2026-09-01 15:36:08.885 +05:30 [INF] Executed DbCommand (5ms) [Parameters=[@userId='?' (Size = 450), @monthStart='?' (DbType = DateTime2), @today='?' (DbType = DateTime2)], CommandType='"Text"', CommandTimeout='30']
SELECT [t0].[Key] AS [Day], COALESCE(SUM([t0].[Amount]), 0.0) AS [Total]
FROM (
    SELECT [t].[Amount], DATEPART(day, [t].[TransactionDate]) AS [Key]
    FROM [Transactions] AS [t]
    WHERE [t].[UserId] = @userId AND [t].[Type] = N'Expense' AND [t].[TransactionDate] >= @monthStart AND [t].[TransactionDate] <= @today
) AS [t0]
GROUP BY [t0].[Key]
2026-09-01 15:36:08.892 +05:30 [INF] Executed DbCommand (6ms) [Parameters=[@userId='?' (Size = 450), @monthStart='?' (DbType = DateTime2), @today='?' (DbType = DateTime2)], CommandType='"Text"', CommandTimeout='30']
SELECT [p].[Name] AS [Method], COALESCE(SUM([t].[Amount]), 0.0) AS [Total]
FROM [Transactions] AS [t]
LEFT JOIN [PaymentMethods] AS [p] ON [t].[PaymentMethodId] = [p].[PaymentMethodId]
WHERE [t].[UserId] = @userId AND [t].[Type] = N'Expense' AND [t].[TransactionDate] >= @monthStart AND [t].[TransactionDate] <= @today AND [t].[PaymentMethodId] IS NOT NULL
GROUP BY [p].[Name]
2026-09-01 15:36:08.894 +05:30 [INF] Executed DbCommand (2ms) [Parameters=[@userId='?' (Size = 450), @today_Month='?' (DbType = Int32), @today_Year='?' (DbType = Int32)], CommandType='"Text"', CommandTimeout='30']
SELECT TOP(1) [b].[BudgetId], [b].[CreatedDate], [b].[Month], [b].[Notes], [b].[TotalBudget], [b].[UpdatedDate], [b].[UserId], [b].[Year]
FROM [Budgets] AS [b]
WHERE [b].[UserId] = @userId AND [b].[Month] = @today_Month AND [b].[Year] = @today_Year
2026-09-01 15:36:08.896 +05:30 [INF] Executed DbCommand (2ms) [Parameters=[@userId='?' (Size = 450)], CommandType='"Text"', CommandTimeout='30']
SELECT COUNT(*)
FROM [Notifications] AS [n]
WHERE [n].[UserId] = @userId AND [n].[IsRead] = CAST(0 AS bit)
2026-09-01 15:36:08.896 +05:30 [INF] Executing ViewResult, running view Index.
2026-09-01 15:36:08.899 +05:30 [INF] Executed DbCommand (2ms) [Parameters=[@p='?' (Size = 450)], CommandType='"Text"', CommandTimeout='30']
SELECT TOP(1) [a].[Id], [a].[AccessFailedCount], [a].[ConcurrencyStamp], [a].[CreatedDate], [a].[Currency], [a].[DateFormat], [a].[Email], [a].[EmailConfirmed], [a].[FirstName], [a].[LastName], [a].[LockoutEnabled], [a].[LockoutEnd], [a].[NormalizedEmail], [a].[NormalizedUserName], [a].[PasswordHash], [a].[PhoneNumber], [a].[PhoneNumberConfirmed], [a].[SecurityStamp], [a].[Theme], [a].[TwoFactorEnabled], [a].[UserName]
FROM [AspNetUsers] AS [a]
WHERE [a].[Id] = @p
2026-09-01 15:36:08.900 +05:30 [INF] Executed ViewResult - view Index executed in 3.8377ms.
2026-09-01 15:36:08.900 +05:30 [INF] Executed action MyDailyExpenseTracker.Controllers.DashboardController.Index (MyDailyExpenseTracker) in 79.6283ms
2026-09-01 15:36:08.900 +05:30 [INF] Executed endpoint 'MyDailyExpenseTracker.Controllers.DashboardController.Index (MyDailyExpenseTracker)'
2026-09-01 15:36:08.901 +05:30 [INF] Request finished HTTP/1.1 GET http://localhost:5172/ - 200 null text/html; charset=utf-8 80.3374ms
2026-09-01 15:36:10.517 +05:30 [INF] Request starting HTTP/1.1 GET http://localhost:5172/Transactions - null null
2026-09-01 15:36:10.517 +05:30 [INF] Executing endpoint 'MyDailyExpenseTracker.Controllers.TransactionsController.Index (MyDailyExpenseTracker)'
2026-09-01 15:36:10.517 +05:30 [INF] Route matched with {action = "Index", controller = "Transactions"}. Executing controller action with signature System.Threading.Tasks.Task`1[Microsoft.AspNetCore.Mvc.IActionResult] Index(MyDailyExpenseTracker.ViewModels.TransactionFilterViewModel) on controller MyDailyExpenseTracker.Controllers.TransactionsController (MyDailyExpenseTracker).
2026-09-01 15:36:10.525 +05:30 [INF] Executed DbCommand (4ms) [Parameters=[@userId='?' (Size = 450)], CommandType='"Text"', CommandTimeout='30']
SELECT [t].[Type], [t].[Amount]
FROM [Transactions] AS [t]
WHERE [t].[UserId] = @userId
2026-09-01 15:36:10.541 +05:30 [INF] Executed DbCommand (7ms) [Parameters=[@userId='?' (Size = 450), @p='?' (DbType = Int32), @p2='?' (DbType = Int32)], CommandType='"Text"', CommandTimeout='30']
SELECT [t0].[TransactionId], [t0].[TransactionDate], [t0].[Description], [c].[Name] AS [CategoryName], [c].[Icon] AS [CategoryIcon], [c].[Color] AS [CategoryColor], [t0].[Type], [t0].[Amount], [p].[Name] AS [PaymentMethodName]
FROM (
    SELECT [t].[TransactionId], [t].[Amount], [t].[CategoryId], [t].[CreatedDate], [t].[Description], [t].[PaymentMethodId], [t].[TransactionDate], [t].[Type]
    FROM [Transactions] AS [t]
    WHERE [t].[UserId] = @userId
    ORDER BY [t].[TransactionDate] DESC, [t].[CreatedDate] DESC
    OFFSET @p ROWS FETCH NEXT @p2 ROWS ONLY
) AS [t0]
INNER JOIN [Categories] AS [c] ON [t0].[CategoryId] = [c].[CategoryId]
LEFT JOIN [PaymentMethods] AS [p] ON [t0].[PaymentMethodId] = [p].[PaymentMethodId]
ORDER BY [t0].[TransactionDate] DESC, [t0].[CreatedDate] DESC
2026-09-01 15:36:10.551 +05:30 [INF] Executed DbCommand (8ms) [Parameters=[@userId='?' (Size = 450)], CommandType='"Text"', CommandTimeout='30']
SELECT CONVERT(varchar(11), [c].[CategoryId]) AS [Value], [c].[Name] AS [Text]
FROM [Categories] AS [c]
WHERE [c].[IsActive] = CAST(1 AS bit) AND ([c].[UserId] = @userId OR [c].[UserId] IS NULL)
ORDER BY [c].[Name]
2026-09-01 15:36:10.555 +05:30 [INF] Executed DbCommand (4ms) [Parameters=[@userId='?' (Size = 450)], CommandType='"Text"', CommandTimeout='30']
SELECT CONVERT(varchar(11), [p].[PaymentMethodId]) AS [Value], [p].[Name] AS [Text]
FROM [PaymentMethods] AS [p]
WHERE [p].[IsActive] = CAST(1 AS bit) AND ([p].[UserId] = @userId OR [p].[UserId] IS NULL)
ORDER BY [p].[Name]
2026-09-01 15:36:10.557 +05:30 [INF] Executing ViewResult, running view Index.
2026-09-01 15:36:10.562 +05:30 [INF] Executed DbCommand (3ms) [Parameters=[@p='?' (Size = 450)], CommandType='"Text"', CommandTimeout='30']
SELECT TOP(1) [a].[Id], [a].[AccessFailedCount], [a].[ConcurrencyStamp], [a].[CreatedDate], [a].[Currency], [a].[DateFormat], [a].[Email], [a].[EmailConfirmed], [a].[FirstName], [a].[LastName], [a].[LockoutEnabled], [a].[LockoutEnd], [a].[NormalizedEmail], [a].[NormalizedUserName], [a].[PasswordHash], [a].[PhoneNumber], [a].[PhoneNumberConfirmed], [a].[SecurityStamp], [a].[Theme], [a].[TwoFactorEnabled], [a].[UserName]
FROM [AspNetUsers] AS [a]
WHERE [a].[Id] = @p
2026-09-01 15:36:10.563 +05:30 [INF] Executed ViewResult - view Index executed in 7.2723ms.
2026-09-01 15:36:10.563 +05:30 [INF] Executed action MyDailyExpenseTracker.Controllers.TransactionsController.Index (MyDailyExpenseTracker) in 45.6517ms
2026-09-01 15:36:10.563 +05:30 [INF] Executed endpoint 'MyDailyExpenseTracker.Controllers.TransactionsController.Index (MyDailyExpenseTracker)'
2026-09-01 15:36:10.563 +05:30 [INF] Request finished HTTP/1.1 GET http://localhost:5172/Transactions - 200 null text/html; charset=utf-8 46.3283ms
2026-09-01 15:36:12.019 +05:30 [INF] Request starting HTTP/1.1 GET http://localhost:5172/Categories - null null
2026-09-01 15:36:12.020 +05:30 [INF] Executing endpoint 'MyDailyExpenseTracker.Controllers.CategoriesController.Index (MyDailyExpenseTracker)'
2026-09-01 15:36:12.020 +05:30 [INF] Route matched with {action = "Index", controller = "Categories"}. Executing controller action with signature System.Threading.Tasks.Task`1[Microsoft.AspNetCore.Mvc.IActionResult] Index() on controller MyDailyExpenseTracker.Controllers.CategoriesController (MyDailyExpenseTracker).
2026-09-01 15:36:12.031 +05:30 [INF] Executed DbCommand (9ms) [Parameters=[@userId='?' (Size = 450)], CommandType='"Text"', CommandTimeout='30']
SELECT [t].[CategoryId], COUNT(*) AS [Count]
FROM [Transactions] AS [t]
WHERE [t].[UserId] = @userId
GROUP BY [t].[CategoryId]
2026-09-01 15:36:12.040 +05:30 [INF] Executed DbCommand (7ms) [Parameters=[@userId='?' (Size = 450)], CommandType='"Text"', CommandTimeout='30']
SELECT [c].[CategoryId], [c].[Name], [c].[Icon], [c].[Color], [c].[Type], [c].[IsDefault]
FROM [Categories] AS [c]
WHERE [c].[IsActive] = CAST(1 AS bit) AND ([c].[UserId] = @userId OR [c].[UserId] IS NULL)
ORDER BY [c].[Type], [c].[Name]
2026-09-01 15:36:12.041 +05:30 [INF] Executing ViewResult, running view Index.
2026-09-01 15:36:12.048 +05:30 [INF] Executed DbCommand (3ms) [Parameters=[@p='?' (Size = 450)], CommandType='"Text"', CommandTimeout='30']
SELECT TOP(1) [a].[Id], [a].[AccessFailedCount], [a].[ConcurrencyStamp], [a].[CreatedDate], [a].[Currency], [a].[DateFormat], [a].[Email], [a].[EmailConfirmed], [a].[FirstName], [a].[LastName], [a].[LockoutEnabled], [a].[LockoutEnd], [a].[NormalizedEmail], [a].[NormalizedUserName], [a].[PasswordHash], [a].[PhoneNumber], [a].[PhoneNumberConfirmed], [a].[SecurityStamp], [a].[Theme], [a].[TwoFactorEnabled], [a].[UserName]
FROM [AspNetUsers] AS [a]
WHERE [a].[Id] = @p
2026-09-01 15:36:12.049 +05:30 [INF] Executed ViewResult - view Index executed in 9.3328ms.
2026-09-01 15:36:12.049 +05:30 [INF] Executed action MyDailyExpenseTracker.Controllers.CategoriesController.Index (MyDailyExpenseTracker) in 29.3982ms
2026-09-01 15:36:12.049 +05:30 [INF] Executed endpoint 'MyDailyExpenseTracker.Controllers.CategoriesController.Index (MyDailyExpenseTracker)'
2026-09-01 15:36:12.049 +05:30 [INF] Request finished HTTP/1.1 GET http://localhost:5172/Categories - 200 null text/html; charset=utf-8 30.3399ms
2026-09-01 15:36:12.812 +05:30 [INF] Request starting HTTP/1.1 GET http://localhost:5172/PaymentMethods - null null
2026-09-01 15:36:12.812 +05:30 [INF] Executing endpoint 'MyDailyExpenseTracker.Controllers.PaymentMethodsController.Index (MyDailyExpenseTracker)'
2026-09-01 15:36:12.812 +05:30 [INF] Route matched with {action = "Index", controller = "PaymentMethods"}. Executing controller action with signature System.Threading.Tasks.Task`1[Microsoft.AspNetCore.Mvc.IActionResult] Index() on controller MyDailyExpenseTracker.Controllers.PaymentMethodsController (MyDailyExpenseTracker).
2026-09-01 15:36:12.821 +05:30 [INF] Executed DbCommand (8ms) [Parameters=[@userId='?' (Size = 450)], CommandType='"Text"', CommandTimeout='30']
SELECT [t].[PaymentMethodId] AS [MethodId], COUNT(*) AS [Count]
FROM [Transactions] AS [t]
WHERE [t].[UserId] = @userId AND [t].[PaymentMethodId] IS NOT NULL
GROUP BY [t].[PaymentMethodId]
2026-09-01 15:36:12.826 +05:30 [INF] Executed DbCommand (3ms) [Parameters=[@userId='?' (Size = 450)], CommandType='"Text"', CommandTimeout='30']
SELECT [p].[PaymentMethodId], [p].[Name], [p].[Icon], [p].[IsDefault]
FROM [PaymentMethods] AS [p]
WHERE [p].[IsActive] = CAST(1 AS bit) AND ([p].[UserId] = @userId OR [p].[UserId] IS NULL)
ORDER BY [p].[Name]
2026-09-01 15:36:12.827 +05:30 [INF] Executing ViewResult, running view Index.
2026-09-01 15:36:12.830 +05:30 [INF] Executed DbCommand (3ms) [Parameters=[@p='?' (Size = 450)], CommandType='"Text"', CommandTimeout='30']
SELECT TOP(1) [a].[Id], [a].[AccessFailedCount], [a].[ConcurrencyStamp], [a].[CreatedDate], [a].[Currency], [a].[DateFormat], [a].[Email], [a].[EmailConfirmed], [a].[FirstName], [a].[LastName], [a].[LockoutEnabled], [a].[LockoutEnd], [a].[NormalizedEmail], [a].[NormalizedUserName], [a].[PasswordHash], [a].[PhoneNumber], [a].[PhoneNumberConfirmed], [a].[SecurityStamp], [a].[Theme], [a].[TwoFactorEnabled], [a].[UserName]
FROM [AspNetUsers] AS [a]
WHERE [a].[Id] = @p
2026-09-01 15:36:12.833 +05:30 [INF] Executed ViewResult - view Index executed in 6.8339ms.
2026-09-01 15:36:12.833 +05:30 [INF] Executed action MyDailyExpenseTracker.Controllers.PaymentMethodsController.Index (MyDailyExpenseTracker) in 20.3317ms
2026-09-01 15:36:12.833 +05:30 [INF] Executed endpoint 'MyDailyExpenseTracker.Controllers.PaymentMethodsController.Index (MyDailyExpenseTracker)'
2026-09-01 15:36:12.833 +05:30 [INF] Request finished HTTP/1.1 GET http://localhost:5172/PaymentMethods - 200 null text/html; charset=utf-8 21.1159ms
2026-09-01 15:36:14.772 +05:30 [INF] Request starting HTTP/1.1 GET http://localhost:5172/Budget - null null
2026-09-01 15:36:14.772 +05:30 [INF] Executing endpoint 'MyDailyExpenseTracker.Controllers.BudgetController.Index (MyDailyExpenseTracker)'
2026-09-01 15:36:14.772 +05:30 [INF] Route matched with {action = "Index", controller = "Budget"}. Executing controller action with signature System.Threading.Tasks.Task`1[Microsoft.AspNetCore.Mvc.IActionResult] Index(Int32, Int32) on controller MyDailyExpenseTracker.Controllers.BudgetController (MyDailyExpenseTracker).
2026-09-01 15:36:14.791 +05:30 [INF] Executed DbCommand (14ms) [Parameters=[@userId='?' (Size = 450), @month='?' (DbType = Int32), @year='?' (DbType = Int32)], CommandType='"Text"', CommandTimeout='30']
SELECT [b1].[BudgetId], [b1].[CreatedDate], [b1].[Month], [b1].[Notes], [b1].[TotalBudget], [b1].[UpdatedDate], [b1].[UserId], [b1].[Year], [s].[BudgetCategoryId], [s].[Amount], [s].[BudgetId], [s].[CategoryId], [s].[CategoryId0], [s].[Color], [s].[CreatedDate], [s].[Icon], [s].[IsActive], [s].[IsDefault], [s].[Name], [s].[Type], [s].[UserId]
FROM (
    SELECT TOP(1) [b].[BudgetId], [b].[CreatedDate], [b].[Month], [b].[Notes], [b].[TotalBudget], [b].[UpdatedDate], [b].[UserId], [b].[Year]
    FROM [Budgets] AS [b]
    WHERE [b].[UserId] = @userId AND [b].[Month] = @month AND [b].[Year] = @year
) AS [b1]
LEFT JOIN (
    SELECT [b0].[BudgetCategoryId], [b0].[Amount], [b0].[BudgetId], [b0].[CategoryId], [c].[CategoryId] AS [CategoryId0], [c].[Color], [c].[CreatedDate], [c].[Icon], [c].[IsActive], [c].[IsDefault], [c].[Name], [c].[Type], [c].[UserId]
    FROM [BudgetCategories] AS [b0]
    INNER JOIN [Categories] AS [c] ON [b0].[CategoryId] = [c].[CategoryId]
) AS [s] ON [b1].[BudgetId] = [s].[BudgetId]
ORDER BY [b1].[BudgetId], [s].[BudgetCategoryId]
2026-09-01 15:36:14.800 +05:30 [INF] Executed DbCommand (9ms) [Parameters=[@userId='?' (Size = 450)], CommandType='"Text"', CommandTimeout='30']
SELECT [t].[CategoryId], COUNT(*) AS [Count]
FROM [Transactions] AS [t]
WHERE [t].[UserId] = @userId
GROUP BY [t].[CategoryId]
2026-09-01 15:36:14.805 +05:30 [INF] Executed DbCommand (4ms) [Parameters=[@userId='?' (Size = 450)], CommandType='"Text"', CommandTimeout='30']
SELECT [c].[CategoryId], [c].[Name], [c].[Icon], [c].[Color], [c].[Type], [c].[IsDefault]
FROM [Categories] AS [c]
WHERE [c].[IsActive] = CAST(1 AS bit) AND ([c].[UserId] = @userId OR [c].[UserId] IS NULL)
ORDER BY [c].[Type], [c].[Name]
2026-09-01 15:36:14.811 +05:30 [INF] Executed DbCommand (5ms) [Parameters=[@userId='?' (Size = 450), @monthStart='?' (DbType = DateTime2), @monthEnd='?' (DbType = DateTime2)], CommandType='"Text"', CommandTimeout='30']
SELECT [t].[CategoryId], COALESCE(SUM([t].[Amount]), 0.0) AS [Total]
FROM [Transactions] AS [t]
WHERE [t].[UserId] = @userId AND [t].[Type] = N'Expense' AND [t].[TransactionDate] >= @monthStart AND [t].[TransactionDate] <= @monthEnd
GROUP BY [t].[CategoryId]
2026-09-01 15:36:14.813 +05:30 [INF] Executing ViewResult, running view Index.
2026-09-01 15:36:14.822 +05:30 [INF] Executed DbCommand (4ms) [Parameters=[@p='?' (Size = 450)], CommandType='"Text"', CommandTimeout='30']
SELECT TOP(1) [a].[Id], [a].[AccessFailedCount], [a].[ConcurrencyStamp], [a].[CreatedDate], [a].[Currency], [a].[DateFormat], [a].[Email], [a].[EmailConfirmed], [a].[FirstName], [a].[LastName], [a].[LockoutEnabled], [a].[LockoutEnd], [a].[NormalizedEmail], [a].[NormalizedUserName], [a].[PasswordHash], [a].[PhoneNumber], [a].[PhoneNumberConfirmed], [a].[SecurityStamp], [a].[Theme], [a].[TwoFactorEnabled], [a].[UserName]
FROM [AspNetUsers] AS [a]
WHERE [a].[Id] = @p
2026-09-01 15:36:14.824 +05:30 [INF] Executed ViewResult - view Index executed in 12.0214ms.
2026-09-01 15:36:14.824 +05:30 [INF] Executed action MyDailyExpenseTracker.Controllers.BudgetController.Index (MyDailyExpenseTracker) in 51.9477ms
2026-09-01 15:36:14.824 +05:30 [INF] Executed endpoint 'MyDailyExpenseTracker.Controllers.BudgetController.Index (MyDailyExpenseTracker)'
2026-09-01 15:36:14.825 +05:30 [INF] Request finished HTTP/1.1 GET http://localhost:5172/Budget - 200 null text/html; charset=utf-8 52.7488ms
2026-09-01 15:36:17.220 +05:30 [INF] Request starting HTTP/1.1 GET http://localhost:5172/RecurringExpenses - null null
2026-09-01 15:36:17.221 +05:30 [INF] Executing endpoint 'MyDailyExpenseTracker.Controllers.RecurringExpensesController.Index (MyDailyExpenseTracker)'
2026-09-01 15:36:17.221 +05:30 [INF] Route matched with {action = "Index", controller = "RecurringExpenses"}. Executing controller action with signature System.Threading.Tasks.Task`1[Microsoft.AspNetCore.Mvc.IActionResult] Index() on controller MyDailyExpenseTracker.Controllers.RecurringExpensesController (MyDailyExpenseTracker).
2026-09-01 15:36:17.231 +05:30 [INF] Executed DbCommand (7ms) [Parameters=[@userId='?' (Size = 450)], CommandType='"Text"', CommandTimeout='30']
SELECT [r].[RecurringExpenseId], [r].[Name], [r].[Amount], [r].[Type], [r].[CategoryId], [c].[Name] AS [CategoryName], [r].[PaymentMethodId], [p].[Name] AS [PaymentMethodName], [r].[Frequency], [r].[StartDate], [r].[EndDate], [r].[IsActive], [r].[LastGeneratedDate], [r].[Notes]
FROM [RecurringExpenses] AS [r]
INNER JOIN [Categories] AS [c] ON [r].[CategoryId] = [c].[CategoryId]
LEFT JOIN [PaymentMethods] AS [p] ON [r].[PaymentMethodId] = [p].[PaymentMethodId]
WHERE [r].[UserId] = @userId
ORDER BY [r].[Name]
2026-09-01 15:36:17.232 +05:30 [INF] Executing ViewResult, running view Index.
2026-09-01 15:36:17.236 +05:30 [INF] Executed DbCommand (2ms) [Parameters=[@p='?' (Size = 450)], CommandType='"Text"', CommandTimeout='30']
SELECT TOP(1) [a].[Id], [a].[AccessFailedCount], [a].[ConcurrencyStamp], [a].[CreatedDate], [a].[Currency], [a].[DateFormat], [a].[Email], [a].[EmailConfirmed], [a].[FirstName], [a].[LastName], [a].[LockoutEnabled], [a].[LockoutEnd], [a].[NormalizedEmail], [a].[NormalizedUserName], [a].[PasswordHash], [a].[PhoneNumber], [a].[PhoneNumberConfirmed], [a].[SecurityStamp], [a].[Theme], [a].[TwoFactorEnabled], [a].[UserName]
FROM [AspNetUsers] AS [a]
WHERE [a].[Id] = @p
2026-09-01 15:36:17.236 +05:30 [INF] Executed ViewResult - view Index executed in 5.1941ms.
2026-09-01 15:36:17.236 +05:30 [INF] Executed action MyDailyExpenseTracker.Controllers.RecurringExpensesController.Index (MyDailyExpenseTracker) in 15.8053ms
2026-09-01 15:36:17.237 +05:30 [INF] Executed endpoint 'MyDailyExpenseTracker.Controllers.RecurringExpensesController.Index (MyDailyExpenseTracker)'
2026-09-01 15:36:17.237 +05:30 [INF] Request finished HTTP/1.1 GET http://localhost:5172/RecurringExpenses - 200 null text/html; charset=utf-8 16.5253ms
2026-09-01 15:36:18.251 +05:30 [INF] Request starting HTTP/1.1 GET http://localhost:5172/Reports - null null
2026-09-01 15:36:18.251 +05:30 [INF] Executing endpoint 'MyDailyExpenseTracker.Controllers.ReportsController.Index (MyDailyExpenseTracker)'
2026-09-01 15:36:18.252 +05:30 [INF] Route matched with {action = "Index", controller = "Reports"}. Executing controller action with signature System.Threading.Tasks.Task`1[Microsoft.AspNetCore.Mvc.IActionResult] Index(Int32, Int32) on controller MyDailyExpenseTracker.Controllers.ReportsController (MyDailyExpenseTracker).
2026-09-01 15:36:18.260 +05:30 [INF] Executed DbCommand (8ms) [Parameters=[@userId='?' (Size = 450), @monthStart='?' (DbType = DateTime2), @monthEnd='?' (DbType = DateTime2)], CommandType='"Text"', CommandTimeout='30']
SELECT [t].[TransactionId], [t].[Amount], [t].[CategoryId], [t].[CreatedDate], [t].[Description], [t].[Notes], [t].[PaymentMethodId], [t].[RecurringExpenseId], [t].[TransactionDate], [t].[Type], [t].[UpdatedDate], [t].[UserId], [c].[CategoryId], [c].[Color], [c].[CreatedDate], [c].[Icon], [c].[IsActive], [c].[IsDefault], [c].[Name], [c].[Type], [c].[UserId], [p].[PaymentMethodId], [p].[CreatedDate], [p].[Icon], [p].[IsActive], [p].[IsDefault], [p].[Name], [p].[UserId]
FROM [Transactions] AS [t]
INNER JOIN [Categories] AS [c] ON [t].[CategoryId] = [c].[CategoryId]
LEFT JOIN [PaymentMethods] AS [p] ON [t].[PaymentMethodId] = [p].[PaymentMethodId]
WHERE [t].[UserId] = @userId AND [t].[TransactionDate] >= @monthStart AND [t].[TransactionDate] <= @monthEnd
2026-09-01 15:36:18.265 +05:30 [INF] Executed DbCommand (4ms) [Parameters=[@userId='?' (Size = 450)], CommandType='"Text"', CommandTimeout='30']
SELECT MIN([t].[TransactionDate])
FROM [Transactions] AS [t]
WHERE [t].[UserId] = @userId
2026-09-01 15:36:18.266 +05:30 [INF] Executing ViewResult, running view Index.
2026-09-01 15:36:18.269 +05:30 [INF] Executed DbCommand (3ms) [Parameters=[@p='?' (Size = 450)], CommandType='"Text"', CommandTimeout='30']
SELECT TOP(1) [a].[Id], [a].[AccessFailedCount], [a].[ConcurrencyStamp], [a].[CreatedDate], [a].[Currency], [a].[DateFormat], [a].[Email], [a].[EmailConfirmed], [a].[FirstName], [a].[LastName], [a].[LockoutEnabled], [a].[LockoutEnd], [a].[NormalizedEmail], [a].[NormalizedUserName], [a].[PasswordHash], [a].[PhoneNumber], [a].[PhoneNumberConfirmed], [a].[SecurityStamp], [a].[Theme], [a].[TwoFactorEnabled], [a].[UserName]
FROM [AspNetUsers] AS [a]
WHERE [a].[Id] = @p
2026-09-01 15:36:18.270 +05:30 [INF] Executed ViewResult - view Index executed in 4.5549ms.
2026-09-01 15:36:18.270 +05:30 [INF] Executed action MyDailyExpenseTracker.Controllers.ReportsController.Index (MyDailyExpenseTracker) in 18.6007ms
2026-09-01 15:36:18.270 +05:30 [INF] Executed endpoint 'MyDailyExpenseTracker.Controllers.ReportsController.Index (MyDailyExpenseTracker)'
2026-09-01 15:36:18.270 +05:30 [INF] Request finished HTTP/1.1 GET http://localhost:5172/Reports - 200 null text/html; charset=utf-8 19.4639ms
2026-09-01 15:36:19.772 +05:30 [INF] Request starting HTTP/1.1 GET http://localhost:5172/ - null null
2026-09-01 15:36:19.773 +05:30 [INF] Executing endpoint 'MyDailyExpenseTracker.Controllers.DashboardController.Index (MyDailyExpenseTracker)'
2026-09-01 15:36:19.773 +05:30 [INF] Route matched with {action = "Index", controller = "Dashboard"}. Executing controller action with signature System.Threading.Tasks.Task`1[Microsoft.AspNetCore.Mvc.IActionResult] Index() on controller MyDailyExpenseTracker.Controllers.DashboardController (MyDailyExpenseTracker).
2026-09-01 15:36:19.779 +05:30 [INF] Executed DbCommand (5ms) [Parameters=[@userId='?' (Size = 450), @today='?' (DbType = DateTime2), @today2='?' (DbType = DateTime2)], CommandType='"Text"', CommandTimeout='30']
SELECT [r].[RecurringExpenseId], [r].[Amount], [r].[CategoryId], [r].[CreatedDate], [r].[EndDate], [r].[Frequency], [r].[IsActive], [r].[LastGeneratedDate], [r].[Name], [r].[Notes], [r].[PaymentMethodId], [r].[StartDate], [r].[Type], [r].[UserId]
FROM [RecurringExpenses] AS [r]
WHERE [r].[UserId] = @userId AND [r].[IsActive] = CAST(1 AS bit) AND [r].[StartDate] <= @today AND ([r].[EndDate] IS NULL OR [r].[EndDate] >= @today2)
2026-09-01 15:36:19.788 +05:30 [INF] Executed DbCommand (8ms) [Parameters=[@userId='?' (Size = 450), @today_Month='?' (DbType = Int32), @today_Year='?' (DbType = Int32)], CommandType='"Text"', CommandTimeout='30']
SELECT [b1].[BudgetId], [b1].[CreatedDate], [b1].[Month], [b1].[Notes], [b1].[TotalBudget], [b1].[UpdatedDate], [b1].[UserId], [b1].[Year], [s].[BudgetCategoryId], [s].[Amount], [s].[BudgetId], [s].[CategoryId], [s].[CategoryId0], [s].[Color], [s].[CreatedDate], [s].[Icon], [s].[IsActive], [s].[IsDefault], [s].[Name], [s].[Type], [s].[UserId]
FROM (
    SELECT TOP(1) [b].[BudgetId], [b].[CreatedDate], [b].[Month], [b].[Notes], [b].[TotalBudget], [b].[UpdatedDate], [b].[UserId], [b].[Year]
    FROM [Budgets] AS [b]
    WHERE [b].[UserId] = @userId AND [b].[Month] = @today_Month AND [b].[Year] = @today_Year
) AS [b1]
LEFT JOIN (
    SELECT [b0].[BudgetCategoryId], [b0].[Amount], [b0].[BudgetId], [b0].[CategoryId], [c].[CategoryId] AS [CategoryId0], [c].[Color], [c].[CreatedDate], [c].[Icon], [c].[IsActive], [c].[IsDefault], [c].[Name], [c].[Type], [c].[UserId]
    FROM [BudgetCategories] AS [b0]
    INNER JOIN [Categories] AS [c] ON [b0].[CategoryId] = [c].[CategoryId]
) AS [s] ON [b1].[BudgetId] = [s].[BudgetId]
ORDER BY [b1].[BudgetId], [s].[BudgetCategoryId]
2026-09-01 15:36:19.792 +05:30 [INF] Executed DbCommand (4ms) [Parameters=[@userId='?' (Size = 450), @today='?' (DbType = DateTime2)], CommandType='"Text"', CommandTimeout='30']
SELECT [t].[Type], COALESCE(SUM([t].[Amount]), 0.0) AS [Total]
FROM [Transactions] AS [t]
WHERE [t].[UserId] = @userId AND CONVERT(date, [t].[TransactionDate]) = @today
GROUP BY [t].[Type]
2026-09-01 15:36:19.799 +05:30 [INF] Executed DbCommand (6ms) [Parameters=[@userId='?' (Size = 450), @monthStart='?' (DbType = DateTime2), @today='?' (DbType = DateTime2)], CommandType='"Text"', CommandTimeout='30']
SELECT [t].[Type], COALESCE(SUM([t].[Amount]), 0.0) AS [Total]
FROM [Transactions] AS [t]
WHERE [t].[UserId] = @userId AND [t].[TransactionDate] >= @monthStart AND [t].[TransactionDate] <= @today
GROUP BY [t].[Type]
2026-09-01 15:36:19.803 +05:30 [INF] Executed DbCommand (4ms) [Parameters=[@userId='?' (Size = 450)], CommandType='"Text"', CommandTimeout='30']
SELECT COALESCE(SUM([t].[Amount]), 0.0)
FROM [Transactions] AS [t]
WHERE [t].[UserId] = @userId AND [t].[Type] = N'Income'
2026-09-01 15:36:19.807 +05:30 [INF] Executed DbCommand (3ms) [Parameters=[@userId='?' (Size = 450)], CommandType='"Text"', CommandTimeout='30']
SELECT COALESCE(SUM([t].[Amount]), 0.0)
FROM [Transactions] AS [t]
WHERE [t].[UserId] = @userId AND [t].[Type] = N'Expense'
2026-09-01 15:36:19.809 +05:30 [INF] Executed DbCommand (1ms) [Parameters=[@userId='?' (Size = 450)], CommandType='"Text"', CommandTimeout='30']
SELECT COUNT(*)
FROM [Transactions] AS [t]
WHERE [t].[UserId] = @userId
2026-09-01 15:36:19.814 +05:30 [INF] Executed DbCommand (4ms) [Parameters=[@userId='?' (Size = 450), @prevStart='?' (DbType = DateTime2), @prevEnd='?' (DbType = DateTime2)], CommandType='"Text"', CommandTimeout='30']
SELECT COALESCE(SUM([t].[Amount]), 0.0)
FROM [Transactions] AS [t]
WHERE [t].[UserId] = @userId AND [t].[Type] = N'Expense' AND [t].[TransactionDate] >= @prevStart AND [t].[TransactionDate] <= @prevEnd
2026-09-01 15:36:19.820 +05:30 [INF] Executed DbCommand (5ms) [Parameters=[@p='?' (DbType = Int32), @userId='?' (Size = 450)], CommandType='"Text"', CommandTimeout='30']
SELECT [t0].[TransactionId], [t0].[TransactionDate], [t0].[Description], [c].[Name] AS [CategoryName], [c].[Icon] AS [CategoryIcon], [c].[Color] AS [CategoryColor], [t0].[Type], [t0].[Amount], [p].[Name] AS [PaymentMethodName]
FROM (
    SELECT TOP(@p) [t].[TransactionId], [t].[Amount], [t].[CategoryId], [t].[CreatedDate], [t].[Description], [t].[PaymentMethodId], [t].[TransactionDate], [t].[Type]
    FROM [Transactions] AS [t]
    WHERE [t].[UserId] = @userId
    ORDER BY [t].[TransactionDate] DESC, [t].[CreatedDate] DESC
) AS [t0]
INNER JOIN [Categories] AS [c] ON [t0].[CategoryId] = [c].[CategoryId]
LEFT JOIN [PaymentMethods] AS [p] ON [t0].[PaymentMethodId] = [p].[PaymentMethodId]
ORDER BY [t0].[TransactionDate] DESC, [t0].[CreatedDate] DESC
2026-09-01 15:36:19.827 +05:30 [INF] Executed DbCommand (7ms) [Parameters=[@userId='?' (Size = 450), @sixMonthsAgo='?' (DbType = DateTime2)], CommandType='"Text"', CommandTimeout='30']
SELECT [t0].[Year], [t0].[Month], COALESCE(SUM([t0].[Amount]), 0.0) AS [Total]
FROM (
    SELECT [t].[Amount], DATEPART(year, [t].[TransactionDate]) AS [Year], DATEPART(month, [t].[TransactionDate]) AS [Month]
    FROM [Transactions] AS [t]
    WHERE [t].[UserId] = @userId AND [t].[Type] = N'Expense' AND [t].[TransactionDate] >= @sixMonthsAgo
) AS [t0]
GROUP BY [t0].[Year], [t0].[Month]
2026-09-01 15:36:19.834 +05:30 [INF] Executed DbCommand (5ms) [Parameters=[@userId='?' (Size = 450), @sixMonthsAgo='?' (DbType = DateTime2)], CommandType='"Text"', CommandTimeout='30']
SELECT [t0].[Year], [t0].[Month], [t0].[Type], COALESCE(SUM([t0].[Amount]), 0.0) AS [Total]
FROM (
    SELECT [t].[Amount], [t].[Type], DATEPART(year, [t].[TransactionDate]) AS [Year], DATEPART(month, [t].[TransactionDate]) AS [Month]
    FROM [Transactions] AS [t]
    WHERE [t].[UserId] = @userId AND [t].[TransactionDate] >= @sixMonthsAgo
) AS [t0]
GROUP BY [t0].[Year], [t0].[Month], [t0].[Type]
2026-09-01 15:36:19.841 +05:30 [INF] Executed DbCommand (6ms) [Parameters=[@p='?' (DbType = Int32), @userId='?' (Size = 450), @monthStart='?' (DbType = DateTime2), @today='?' (DbType = DateTime2)], CommandType='"Text"', CommandTimeout='30']
SELECT TOP(@p) [c].[Name] AS [Category], COALESCE(SUM([t].[Amount]), 0.0) AS [Total]
FROM [Transactions] AS [t]
INNER JOIN [Categories] AS [c] ON [t].[CategoryId] = [c].[CategoryId]
WHERE [t].[UserId] = @userId AND [t].[Type] = N'Expense' AND [t].[TransactionDate] >= @monthStart AND [t].[TransactionDate] <= @today
GROUP BY [c].[Name]
ORDER BY COALESCE(SUM([t].[Amount]), 0.0) DESC
2026-09-01 15:36:19.847 +05:30 [INF] Executed DbCommand (5ms) [Parameters=[@userId='?' (Size = 450), @monthStart='?' (DbType = DateTime2), @today='?' (DbType = DateTime2)], CommandType='"Text"', CommandTimeout='30']
SELECT [t0].[Key] AS [Day], COALESCE(SUM([t0].[Amount]), 0.0) AS [Total]
FROM (
    SELECT [t].[Amount], DATEPART(day, [t].[TransactionDate]) AS [Key]
    FROM [Transactions] AS [t]
    WHERE [t].[UserId] = @userId AND [t].[Type] = N'Expense' AND [t].[TransactionDate] >= @monthStart AND [t].[TransactionDate] <= @today
) AS [t0]
GROUP BY [t0].[Key]
2026-09-01 15:36:19.853 +05:30 [INF] Executed DbCommand (6ms) [Parameters=[@userId='?' (Size = 450), @monthStart='?' (DbType = DateTime2), @today='?' (DbType = DateTime2)], CommandType='"Text"', CommandTimeout='30']
SELECT [p].[Name] AS [Method], COALESCE(SUM([t].[Amount]), 0.0) AS [Total]
FROM [Transactions] AS [t]
LEFT JOIN [PaymentMethods] AS [p] ON [t].[PaymentMethodId] = [p].[PaymentMethodId]
WHERE [t].[UserId] = @userId AND [t].[Type] = N'Expense' AND [t].[TransactionDate] >= @monthStart AND [t].[TransactionDate] <= @today AND [t].[PaymentMethodId] IS NOT NULL
GROUP BY [p].[Name]
2026-09-01 15:36:19.856 +05:30 [INF] Executed DbCommand (3ms) [Parameters=[@userId='?' (Size = 450), @today_Month='?' (DbType = Int32), @today_Year='?' (DbType = Int32)], CommandType='"Text"', CommandTimeout='30']
SELECT TOP(1) [b].[BudgetId], [b].[CreatedDate], [b].[Month], [b].[Notes], [b].[TotalBudget], [b].[UpdatedDate], [b].[UserId], [b].[Year]
FROM [Budgets] AS [b]
WHERE [b].[UserId] = @userId AND [b].[Month] = @today_Month AND [b].[Year] = @today_Year
2026-09-01 15:36:19.860 +05:30 [INF] Executed DbCommand (3ms) [Parameters=[@userId='?' (Size = 450)], CommandType='"Text"', CommandTimeout='30']
SELECT COUNT(*)
FROM [Notifications] AS [n]
WHERE [n].[UserId] = @userId AND [n].[IsRead] = CAST(0 AS bit)
2026-09-01 15:36:19.861 +05:30 [INF] Executing ViewResult, running view Index.
2026-09-01 15:36:19.865 +05:30 [INF] Executed DbCommand (3ms) [Parameters=[@p='?' (Size = 450)], CommandType='"Text"', CommandTimeout='30']
SELECT TOP(1) [a].[Id], [a].[AccessFailedCount], [a].[ConcurrencyStamp], [a].[CreatedDate], [a].[Currency], [a].[DateFormat], [a].[Email], [a].[EmailConfirmed], [a].[FirstName], [a].[LastName], [a].[LockoutEnabled], [a].[LockoutEnd], [a].[NormalizedEmail], [a].[NormalizedUserName], [a].[PasswordHash], [a].[PhoneNumber], [a].[PhoneNumberConfirmed], [a].[SecurityStamp], [a].[Theme], [a].[TwoFactorEnabled], [a].[UserName]
FROM [AspNetUsers] AS [a]
WHERE [a].[Id] = @p
2026-09-01 15:36:19.866 +05:30 [INF] Executed ViewResult - view Index executed in 5.8253ms.
2026-09-01 15:36:19.867 +05:30 [INF] Executed action MyDailyExpenseTracker.Controllers.DashboardController.Index (MyDailyExpenseTracker) in 93.2438ms
2026-09-01 15:36:19.867 +05:30 [INF] Executed endpoint 'MyDailyExpenseTracker.Controllers.DashboardController.Index (MyDailyExpenseTracker)'
2026-09-01 15:36:19.867 +05:30 [INF] Request finished HTTP/1.1 GET http://localhost:5172/ - 200 null text/html; charset=utf-8 94.5399ms
2026-09-01 15:36:20.972 +05:30 [INF] Request starting HTTP/1.1 GET http://localhost:5172/Transactions - null null
2026-09-01 15:36:20.973 +05:30 [INF] Executing endpoint 'MyDailyExpenseTracker.Controllers.TransactionsController.Index (MyDailyExpenseTracker)'
2026-09-01 15:36:20.973 +05:30 [INF] Route matched with {action = "Index", controller = "Transactions"}. Executing controller action with signature System.Threading.Tasks.Task`1[Microsoft.AspNetCore.Mvc.IActionResult] Index(MyDailyExpenseTracker.ViewModels.TransactionFilterViewModel) on controller MyDailyExpenseTracker.Controllers.TransactionsController (MyDailyExpenseTracker).
2026-09-01 15:36:20.980 +05:30 [INF] Executed DbCommand (6ms) [Parameters=[@userId='?' (Size = 450)], CommandType='"Text"', CommandTimeout='30']
SELECT [t].[Type], [t].[Amount]
FROM [Transactions] AS [t]
WHERE [t].[UserId] = @userId
2026-09-01 15:36:20.988 +05:30 [INF] Executed DbCommand (7ms) [Parameters=[@userId='?' (Size = 450), @p='?' (DbType = Int32), @p2='?' (DbType = Int32)], CommandType='"Text"', CommandTimeout='30']
SELECT [t0].[TransactionId], [t0].[TransactionDate], [t0].[Description], [c].[Name] AS [CategoryName], [c].[Icon] AS [CategoryIcon], [c].[Color] AS [CategoryColor], [t0].[Type], [t0].[Amount], [p].[Name] AS [PaymentMethodName]
FROM (
    SELECT [t].[TransactionId], [t].[Amount], [t].[CategoryId], [t].[CreatedDate], [t].[Description], [t].[PaymentMethodId], [t].[TransactionDate], [t].[Type]
    FROM [Transactions] AS [t]
    WHERE [t].[UserId] = @userId
    ORDER BY [t].[TransactionDate] DESC, [t].[CreatedDate] DESC
    OFFSET @p ROWS FETCH NEXT @p2 ROWS ONLY
) AS [t0]
INNER JOIN [Categories] AS [c] ON [t0].[CategoryId] = [c].[CategoryId]
LEFT JOIN [PaymentMethods] AS [p] ON [t0].[PaymentMethodId] = [p].[PaymentMethodId]
ORDER BY [t0].[TransactionDate] DESC, [t0].[CreatedDate] DESC
2026-09-01 15:36:20.998 +05:30 [INF] Executed DbCommand (8ms) [Parameters=[@userId='?' (Size = 450)], CommandType='"Text"', CommandTimeout='30']
SELECT CONVERT(varchar(11), [c].[CategoryId]) AS [Value], [c].[Name] AS [Text]
FROM [Categories] AS [c]
WHERE [c].[IsActive] = CAST(1 AS bit) AND ([c].[UserId] = @userId OR [c].[UserId] IS NULL)
ORDER BY [c].[Name]
2026-09-01 15:36:21.003 +05:30 [INF] Executed DbCommand (4ms) [Parameters=[@userId='?' (Size = 450)], CommandType='"Text"', CommandTimeout='30']
SELECT CONVERT(varchar(11), [p].[PaymentMethodId]) AS [Value], [p].[Name] AS [Text]
FROM [PaymentMethods] AS [p]
WHERE [p].[IsActive] = CAST(1 AS bit) AND ([p].[UserId] = @userId OR [p].[UserId] IS NULL)
ORDER BY [p].[Name]
2026-09-01 15:36:21.003 +05:30 [INF] Executing ViewResult, running view Index.
2026-09-01 15:36:21.007 +05:30 [INF] Executed DbCommand (3ms) [Parameters=[@p='?' (Size = 450)], CommandType='"Text"', CommandTimeout='30']
SELECT TOP(1) [a].[Id], [a].[AccessFailedCount], [a].[ConcurrencyStamp], [a].[CreatedDate], [a].[Currency], [a].[DateFormat], [a].[Email], [a].[EmailConfirmed], [a].[FirstName], [a].[LastName], [a].[LockoutEnabled], [a].[LockoutEnd], [a].[NormalizedEmail], [a].[NormalizedUserName], [a].[PasswordHash], [a].[PhoneNumber], [a].[PhoneNumberConfirmed], [a].[SecurityStamp], [a].[Theme], [a].[TwoFactorEnabled], [a].[UserName]
FROM [AspNetUsers] AS [a]
WHERE [a].[Id] = @p
2026-09-01 15:36:21.008 +05:30 [INF] Executed ViewResult - view Index executed in 5.2715ms.
2026-09-01 15:36:21.008 +05:30 [INF] Executed action MyDailyExpenseTracker.Controllers.TransactionsController.Index (MyDailyExpenseTracker) in 35.3666ms
2026-09-01 15:36:21.008 +05:30 [INF] Executed endpoint 'MyDailyExpenseTracker.Controllers.TransactionsController.Index (MyDailyExpenseTracker)'
2026-09-01 15:36:21.008 +05:30 [INF] Request finished HTTP/1.1 GET http://localhost:5172/Transactions - 200 null text/html; charset=utf-8 36.0999ms
2026-09-01 15:36:22.517 +05:30 [INF] Request starting HTTP/1.1 GET http://localhost:5172/ - null null
2026-09-01 15:36:22.518 +05:30 [INF] Executing endpoint 'MyDailyExpenseTracker.Controllers.DashboardController.Index (MyDailyExpenseTracker)'
2026-09-01 15:36:22.518 +05:30 [INF] Route matched with {action = "Index", controller = "Dashboard"}. Executing controller action with signature System.Threading.Tasks.Task`1[Microsoft.AspNetCore.Mvc.IActionResult] Index() on controller MyDailyExpenseTracker.Controllers.DashboardController (MyDailyExpenseTracker).
2026-09-01 15:36:22.523 +05:30 [INF] Executed DbCommand (5ms) [Parameters=[@userId='?' (Size = 450), @today='?' (DbType = DateTime2), @today2='?' (DbType = DateTime2)], CommandType='"Text"', CommandTimeout='30']
SELECT [r].[RecurringExpenseId], [r].[Amount], [r].[CategoryId], [r].[CreatedDate], [r].[EndDate], [r].[Frequency], [r].[IsActive], [r].[LastGeneratedDate], [r].[Name], [r].[Notes], [r].[PaymentMethodId], [r].[StartDate], [r].[Type], [r].[UserId]
FROM [RecurringExpenses] AS [r]
WHERE [r].[UserId] = @userId AND [r].[IsActive] = CAST(1 AS bit) AND [r].[StartDate] <= @today AND ([r].[EndDate] IS NULL OR [r].[EndDate] >= @today2)
2026-09-01 15:36:22.533 +05:30 [INF] Executed DbCommand (9ms) [Parameters=[@userId='?' (Size = 450), @today_Month='?' (DbType = Int32), @today_Year='?' (DbType = Int32)], CommandType='"Text"', CommandTimeout='30']
SELECT [b1].[BudgetId], [b1].[CreatedDate], [b1].[Month], [b1].[Notes], [b1].[TotalBudget], [b1].[UpdatedDate], [b1].[UserId], [b1].[Year], [s].[BudgetCategoryId], [s].[Amount], [s].[BudgetId], [s].[CategoryId], [s].[CategoryId0], [s].[Color], [s].[CreatedDate], [s].[Icon], [s].[IsActive], [s].[IsDefault], [s].[Name], [s].[Type], [s].[UserId]
FROM (
    SELECT TOP(1) [b].[BudgetId], [b].[CreatedDate], [b].[Month], [b].[Notes], [b].[TotalBudget], [b].[UpdatedDate], [b].[UserId], [b].[Year]
    FROM [Budgets] AS [b]
    WHERE [b].[UserId] = @userId AND [b].[Month] = @today_Month AND [b].[Year] = @today_Year
) AS [b1]
LEFT JOIN (
    SELECT [b0].[BudgetCategoryId], [b0].[Amount], [b0].[BudgetId], [b0].[CategoryId], [c].[CategoryId] AS [CategoryId0], [c].[Color], [c].[CreatedDate], [c].[Icon], [c].[IsActive], [c].[IsDefault], [c].[Name], [c].[Type], [c].[UserId]
    FROM [BudgetCategories] AS [b0]
    INNER JOIN [Categories] AS [c] ON [b0].[CategoryId] = [c].[CategoryId]
) AS [s] ON [b1].[BudgetId] = [s].[BudgetId]
ORDER BY [b1].[BudgetId], [s].[BudgetCategoryId]
2026-09-01 15:36:22.537 +05:30 [INF] Executed DbCommand (4ms) [Parameters=[@userId='?' (Size = 450), @today='?' (DbType = DateTime2)], CommandType='"Text"', CommandTimeout='30']
SELECT [t].[Type], COALESCE(SUM([t].[Amount]), 0.0) AS [Total]
FROM [Transactions] AS [t]
WHERE [t].[UserId] = @userId AND CONVERT(date, [t].[TransactionDate]) = @today
GROUP BY [t].[Type]
2026-09-01 15:36:22.540 +05:30 [INF] Executed DbCommand (3ms) [Parameters=[@userId='?' (Size = 450), @monthStart='?' (DbType = DateTime2), @today='?' (DbType = DateTime2)], CommandType='"Text"', CommandTimeout='30']
SELECT [t].[Type], COALESCE(SUM([t].[Amount]), 0.0) AS [Total]
FROM [Transactions] AS [t]
WHERE [t].[UserId] = @userId AND [t].[TransactionDate] >= @monthStart AND [t].[TransactionDate] <= @today
GROUP BY [t].[Type]
2026-09-01 15:36:22.545 +05:30 [INF] Executed DbCommand (5ms) [Parameters=[@userId='?' (Size = 450)], CommandType='"Text"', CommandTimeout='30']
SELECT COALESCE(SUM([t].[Amount]), 0.0)
FROM [Transactions] AS [t]
WHERE [t].[UserId] = @userId AND [t].[Type] = N'Income'
2026-09-01 15:36:22.549 +05:30 [INF] Executed DbCommand (3ms) [Parameters=[@userId='?' (Size = 450)], CommandType='"Text"', CommandTimeout='30']
SELECT COALESCE(SUM([t].[Amount]), 0.0)
FROM [Transactions] AS [t]
WHERE [t].[UserId] = @userId AND [t].[Type] = N'Expense'
2026-09-01 15:36:22.551 +05:30 [INF] Executed DbCommand (1ms) [Parameters=[@userId='?' (Size = 450)], CommandType='"Text"', CommandTimeout='30']
SELECT COUNT(*)
FROM [Transactions] AS [t]
WHERE [t].[UserId] = @userId
2026-09-01 15:36:22.554 +05:30 [INF] Executed DbCommand (3ms) [Parameters=[@userId='?' (Size = 450), @prevStart='?' (DbType = DateTime2), @prevEnd='?' (DbType = DateTime2)], CommandType='"Text"', CommandTimeout='30']
SELECT COALESCE(SUM([t].[Amount]), 0.0)
FROM [Transactions] AS [t]
WHERE [t].[UserId] = @userId AND [t].[Type] = N'Expense' AND [t].[TransactionDate] >= @prevStart AND [t].[TransactionDate] <= @prevEnd
2026-09-01 15:36:22.560 +05:30 [INF] Executed DbCommand (5ms) [Parameters=[@p='?' (DbType = Int32), @userId='?' (Size = 450)], CommandType='"Text"', CommandTimeout='30']
SELECT [t0].[TransactionId], [t0].[TransactionDate], [t0].[Description], [c].[Name] AS [CategoryName], [c].[Icon] AS [CategoryIcon], [c].[Color] AS [CategoryColor], [t0].[Type], [t0].[Amount], [p].[Name] AS [PaymentMethodName]
FROM (
    SELECT TOP(@p) [t].[TransactionId], [t].[Amount], [t].[CategoryId], [t].[CreatedDate], [t].[Description], [t].[PaymentMethodId], [t].[TransactionDate], [t].[Type]
    FROM [Transactions] AS [t]
    WHERE [t].[UserId] = @userId
    ORDER BY [t].[TransactionDate] DESC, [t].[CreatedDate] DESC
) AS [t0]
INNER JOIN [Categories] AS [c] ON [t0].[CategoryId] = [c].[CategoryId]
LEFT JOIN [PaymentMethods] AS [p] ON [t0].[PaymentMethodId] = [p].[PaymentMethodId]
ORDER BY [t0].[TransactionDate] DESC, [t0].[CreatedDate] DESC
2026-09-01 15:36:22.565 +05:30 [INF] Executed DbCommand (5ms) [Parameters=[@userId='?' (Size = 450), @sixMonthsAgo='?' (DbType = DateTime2)], CommandType='"Text"', CommandTimeout='30']
SELECT [t0].[Year], [t0].[Month], COALESCE(SUM([t0].[Amount]), 0.0) AS [Total]
FROM (
    SELECT [t].[Amount], DATEPART(year, [t].[TransactionDate]) AS [Year], DATEPART(month, [t].[TransactionDate]) AS [Month]
    FROM [Transactions] AS [t]
    WHERE [t].[UserId] = @userId AND [t].[Type] = N'Expense' AND [t].[TransactionDate] >= @sixMonthsAgo
) AS [t0]
GROUP BY [t0].[Year], [t0].[Month]
2026-09-01 15:36:22.570 +05:30 [INF] Executed DbCommand (4ms) [Parameters=[@userId='?' (Size = 450), @sixMonthsAgo='?' (DbType = DateTime2)], CommandType='"Text"', CommandTimeout='30']
SELECT [t0].[Year], [t0].[Month], [t0].[Type], COALESCE(SUM([t0].[Amount]), 0.0) AS [Total]
FROM (
    SELECT [t].[Amount], [t].[Type], DATEPART(year, [t].[TransactionDate]) AS [Year], DATEPART(month, [t].[TransactionDate]) AS [Month]
    FROM [Transactions] AS [t]
    WHERE [t].[UserId] = @userId AND [t].[TransactionDate] >= @sixMonthsAgo
) AS [t0]
GROUP BY [t0].[Year], [t0].[Month], [t0].[Type]
2026-09-01 15:36:22.577 +05:30 [INF] Executed DbCommand (6ms) [Parameters=[@p='?' (DbType = Int32), @userId='?' (Size = 450), @monthStart='?' (DbType = DateTime2), @today='?' (DbType = DateTime2)], CommandType='"Text"', CommandTimeout='30']
SELECT TOP(@p) [c].[Name] AS [Category], COALESCE(SUM([t].[Amount]), 0.0) AS [Total]
FROM [Transactions] AS [t]
INNER JOIN [Categories] AS [c] ON [t].[CategoryId] = [c].[CategoryId]
WHERE [t].[UserId] = @userId AND [t].[Type] = N'Expense' AND [t].[TransactionDate] >= @monthStart AND [t].[TransactionDate] <= @today
GROUP BY [c].[Name]
ORDER BY COALESCE(SUM([t].[Amount]), 0.0) DESC
2026-09-01 15:36:22.583 +05:30 [INF] Executed DbCommand (5ms) [Parameters=[@userId='?' (Size = 450), @monthStart='?' (DbType = DateTime2), @today='?' (DbType = DateTime2)], CommandType='"Text"', CommandTimeout='30']
SELECT [t0].[Key] AS [Day], COALESCE(SUM([t0].[Amount]), 0.0) AS [Total]
FROM (
    SELECT [t].[Amount], DATEPART(day, [t].[TransactionDate]) AS [Key]
    FROM [Transactions] AS [t]
    WHERE [t].[UserId] = @userId AND [t].[Type] = N'Expense' AND [t].[TransactionDate] >= @monthStart AND [t].[TransactionDate] <= @today
) AS [t0]
GROUP BY [t0].[Key]
2026-09-01 15:36:22.589 +05:30 [INF] Executed DbCommand (5ms) [Parameters=[@userId='?' (Size = 450), @monthStart='?' (DbType = DateTime2), @today='?' (DbType = DateTime2)], CommandType='"Text"', CommandTimeout='30']
SELECT [p].[Name] AS [Method], COALESCE(SUM([t].[Amount]), 0.0) AS [Total]
FROM [Transactions] AS [t]
LEFT JOIN [PaymentMethods] AS [p] ON [t].[PaymentMethodId] = [p].[PaymentMethodId]
WHERE [t].[UserId] = @userId AND [t].[Type] = N'Expense' AND [t].[TransactionDate] >= @monthStart AND [t].[TransactionDate] <= @today AND [t].[PaymentMethodId] IS NOT NULL
GROUP BY [p].[Name]
2026-09-01 15:36:22.592 +05:30 [INF] Executed DbCommand (2ms) [Parameters=[@userId='?' (Size = 450), @today_Month='?' (DbType = Int32), @today_Year='?' (DbType = Int32)], CommandType='"Text"', CommandTimeout='30']
SELECT TOP(1) [b].[BudgetId], [b].[CreatedDate], [b].[Month], [b].[Notes], [b].[TotalBudget], [b].[UpdatedDate], [b].[UserId], [b].[Year]
FROM [Budgets] AS [b]
WHERE [b].[UserId] = @userId AND [b].[Month] = @today_Month AND [b].[Year] = @today_Year
2026-09-01 15:36:22.596 +05:30 [INF] Executed DbCommand (3ms) [Parameters=[@userId='?' (Size = 450)], CommandType='"Text"', CommandTimeout='30']
SELECT COUNT(*)
FROM [Notifications] AS [n]
WHERE [n].[UserId] = @userId AND [n].[IsRead] = CAST(0 AS bit)
2026-09-01 15:36:22.596 +05:30 [INF] Executing ViewResult, running view Index.
2026-09-01 15:36:22.600 +05:30 [INF] Executed DbCommand (3ms) [Parameters=[@p='?' (Size = 450)], CommandType='"Text"', CommandTimeout='30']
SELECT TOP(1) [a].[Id], [a].[AccessFailedCount], [a].[ConcurrencyStamp], [a].[CreatedDate], [a].[Currency], [a].[DateFormat], [a].[Email], [a].[EmailConfirmed], [a].[FirstName], [a].[LastName], [a].[LockoutEnabled], [a].[LockoutEnd], [a].[NormalizedEmail], [a].[NormalizedUserName], [a].[PasswordHash], [a].[PhoneNumber], [a].[PhoneNumberConfirmed], [a].[SecurityStamp], [a].[Theme], [a].[TwoFactorEnabled], [a].[UserName]
FROM [AspNetUsers] AS [a]
WHERE [a].[Id] = @p
2026-09-01 15:36:22.601 +05:30 [INF] Executed ViewResult - view Index executed in 4.3103ms.
2026-09-01 15:36:22.601 +05:30 [INF] Executed action MyDailyExpenseTracker.Controllers.DashboardController.Index (MyDailyExpenseTracker) in 82.7907ms
2026-09-01 15:36:22.601 +05:30 [INF] Executed endpoint 'MyDailyExpenseTracker.Controllers.DashboardController.Index (MyDailyExpenseTracker)'
2026-09-01 15:36:22.601 +05:30 [INF] Request finished HTTP/1.1 GET http://localhost:5172/ - 200 null text/html; charset=utf-8 83.5079ms
2026-09-01 15:36:24.413 +05:30 [INF] Request starting HTTP/1.1 GET http://localhost:5172/Reports - null null
2026-09-01 15:36:24.413 +05:30 [INF] Executing endpoint 'MyDailyExpenseTracker.Controllers.ReportsController.Index (MyDailyExpenseTracker)'
2026-09-01 15:36:24.413 +05:30 [INF] Route matched with {action = "Index", controller = "Reports"}. Executing controller action with signature System.Threading.Tasks.Task`1[Microsoft.AspNetCore.Mvc.IActionResult] Index(Int32, Int32) on controller MyDailyExpenseTracker.Controllers.ReportsController (MyDailyExpenseTracker).
2026-09-01 15:36:24.421 +05:30 [INF] Executed DbCommand (7ms) [Parameters=[@userId='?' (Size = 450), @monthStart='?' (DbType = DateTime2), @monthEnd='?' (DbType = DateTime2)], CommandType='"Text"', CommandTimeout='30']
SELECT [t].[TransactionId], [t].[Amount], [t].[CategoryId], [t].[CreatedDate], [t].[Description], [t].[Notes], [t].[PaymentMethodId], [t].[RecurringExpenseId], [t].[TransactionDate], [t].[Type], [t].[UpdatedDate], [t].[UserId], [c].[CategoryId], [c].[Color], [c].[CreatedDate], [c].[Icon], [c].[IsActive], [c].[IsDefault], [c].[Name], [c].[Type], [c].[UserId], [p].[PaymentMethodId], [p].[CreatedDate], [p].[Icon], [p].[IsActive], [p].[IsDefault], [p].[Name], [p].[UserId]
FROM [Transactions] AS [t]
INNER JOIN [Categories] AS [c] ON [t].[CategoryId] = [c].[CategoryId]
LEFT JOIN [PaymentMethods] AS [p] ON [t].[PaymentMethodId] = [p].[PaymentMethodId]
WHERE [t].[UserId] = @userId AND [t].[TransactionDate] >= @monthStart AND [t].[TransactionDate] <= @monthEnd
2026-09-01 15:36:24.423 +05:30 [INF] Executed DbCommand (2ms) [Parameters=[@userId='?' (Size = 450)], CommandType='"Text"', CommandTimeout='30']
SELECT MIN([t].[TransactionDate])
FROM [Transactions] AS [t]
WHERE [t].[UserId] = @userId
2026-09-01 15:36:24.423 +05:30 [INF] Executing ViewResult, running view Index.
2026-09-01 15:36:24.427 +05:30 [INF] Executed DbCommand (3ms) [Parameters=[@p='?' (Size = 450)], CommandType='"Text"', CommandTimeout='30']
SELECT TOP(1) [a].[Id], [a].[AccessFailedCount], [a].[ConcurrencyStamp], [a].[CreatedDate], [a].[Currency], [a].[DateFormat], [a].[Email], [a].[EmailConfirmed], [a].[FirstName], [a].[LastName], [a].[LockoutEnabled], [a].[LockoutEnd], [a].[NormalizedEmail], [a].[NormalizedUserName], [a].[PasswordHash], [a].[PhoneNumber], [a].[PhoneNumberConfirmed], [a].[SecurityStamp], [a].[Theme], [a].[TwoFactorEnabled], [a].[UserName]
FROM [AspNetUsers] AS [a]
WHERE [a].[Id] = @p
2026-09-01 15:36:24.429 +05:30 [INF] Executed ViewResult - view Index executed in 5.3022ms.
2026-09-01 15:36:24.429 +05:30 [INF] Executed action MyDailyExpenseTracker.Controllers.ReportsController.Index (MyDailyExpenseTracker) in 15.4135ms
2026-09-01 15:36:24.429 +05:30 [INF] Executed endpoint 'MyDailyExpenseTracker.Controllers.ReportsController.Index (MyDailyExpenseTracker)'
2026-09-01 15:36:24.429 +05:30 [INF] Request finished HTTP/1.1 GET http://localhost:5172/Reports - 200 null text/html; charset=utf-8 16.0183ms
2026-09-01 15:36:25.373 +05:30 [INF] Request starting HTTP/1.1 GET http://localhost:5172/Profile - null null
2026-09-01 15:36:25.374 +05:30 [INF] Executing endpoint 'MyDailyExpenseTracker.Controllers.ProfileController.Index (MyDailyExpenseTracker)'
2026-09-01 15:36:25.374 +05:30 [INF] Route matched with {action = "Index", controller = "Profile"}. Executing controller action with signature System.Threading.Tasks.Task`1[Microsoft.AspNetCore.Mvc.IActionResult] Index() on controller MyDailyExpenseTracker.Controllers.ProfileController (MyDailyExpenseTracker).
2026-09-01 15:36:25.382 +05:30 [INF] Executed DbCommand (6ms) [Parameters=[@p='?' (Size = 450)], CommandType='"Text"', CommandTimeout='30']
SELECT TOP(1) [a].[Id], [a].[AccessFailedCount], [a].[ConcurrencyStamp], [a].[CreatedDate], [a].[Currency], [a].[DateFormat], [a].[Email], [a].[EmailConfirmed], [a].[FirstName], [a].[LastName], [a].[LockoutEnabled], [a].[LockoutEnd], [a].[NormalizedEmail], [a].[NormalizedUserName], [a].[PasswordHash], [a].[PhoneNumber], [a].[PhoneNumberConfirmed], [a].[SecurityStamp], [a].[Theme], [a].[TwoFactorEnabled], [a].[UserName]
FROM [AspNetUsers] AS [a]
WHERE [a].[Id] = @p
2026-09-01 15:36:25.391 +05:30 [INF] Executed DbCommand (5ms) [Parameters=[@user_Id='?' (Size = 450)], CommandType='"Text"', CommandTimeout='30']
SELECT COUNT(*)
FROM [Transactions] AS [t]
WHERE [t].[UserId] = @user_Id
2026-09-01 15:36:25.394 +05:30 [INF] Executing ViewResult, running view Index.
2026-09-01 15:36:25.401 +05:30 [INF] Executed ViewResult - view Index executed in 8.9557ms.
2026-09-01 15:36:25.401 +05:30 [INF] Executed action MyDailyExpenseTracker.Controllers.ProfileController.Index (MyDailyExpenseTracker) in 27.0787ms
2026-09-01 15:36:25.402 +05:30 [INF] Executed endpoint 'MyDailyExpenseTracker.Controllers.ProfileController.Index (MyDailyExpenseTracker)'
2026-09-01 15:36:25.402 +05:30 [INF] Request finished HTTP/1.1 GET http://localhost:5172/Profile - 200 null text/html; charset=utf-8 28.2142ms
2026-09-01 15:36:30.836 +05:30 [INF] Request starting HTTP/1.1 GET http://localhost:5172/Reports - null null
2026-09-01 15:36:30.836 +05:30 [INF] Executing endpoint 'MyDailyExpenseTracker.Controllers.ReportsController.Index (MyDailyExpenseTracker)'
2026-09-01 15:36:30.836 +05:30 [INF] Route matched with {action = "Index", controller = "Reports"}. Executing controller action with signature System.Threading.Tasks.Task`1[Microsoft.AspNetCore.Mvc.IActionResult] Index(Int32, Int32) on controller MyDailyExpenseTracker.Controllers.ReportsController (MyDailyExpenseTracker).
2026-09-01 15:36:30.844 +05:30 [INF] Executed DbCommand (7ms) [Parameters=[@userId='?' (Size = 450), @monthStart='?' (DbType = DateTime2), @monthEnd='?' (DbType = DateTime2)], CommandType='"Text"', CommandTimeout='30']
SELECT [t].[TransactionId], [t].[Amount], [t].[CategoryId], [t].[CreatedDate], [t].[Description], [t].[Notes], [t].[PaymentMethodId], [t].[RecurringExpenseId], [t].[TransactionDate], [t].[Type], [t].[UpdatedDate], [t].[UserId], [c].[CategoryId], [c].[Color], [c].[CreatedDate], [c].[Icon], [c].[IsActive], [c].[IsDefault], [c].[Name], [c].[Type], [c].[UserId], [p].[PaymentMethodId], [p].[CreatedDate], [p].[Icon], [p].[IsActive], [p].[IsDefault], [p].[Name], [p].[UserId]
FROM [Transactions] AS [t]
INNER JOIN [Categories] AS [c] ON [t].[CategoryId] = [c].[CategoryId]
LEFT JOIN [PaymentMethods] AS [p] ON [t].[PaymentMethodId] = [p].[PaymentMethodId]
WHERE [t].[UserId] = @userId AND [t].[TransactionDate] >= @monthStart AND [t].[TransactionDate] <= @monthEnd
2026-09-01 15:36:30.848 +05:30 [INF] Executed DbCommand (3ms) [Parameters=[@userId='?' (Size = 450)], CommandType='"Text"', CommandTimeout='30']
SELECT MIN([t].[TransactionDate])
FROM [Transactions] AS [t]
WHERE [t].[UserId] = @userId
2026-09-01 15:36:30.848 +05:30 [INF] Executing ViewResult, running view Index.
2026-09-01 15:36:30.852 +05:30 [INF] Executed DbCommand (3ms) [Parameters=[@p='?' (Size = 450)], CommandType='"Text"', CommandTimeout='30']
SELECT TOP(1) [a].[Id], [a].[AccessFailedCount], [a].[ConcurrencyStamp], [a].[CreatedDate], [a].[Currency], [a].[DateFormat], [a].[Email], [a].[EmailConfirmed], [a].[FirstName], [a].[LastName], [a].[LockoutEnabled], [a].[LockoutEnd], [a].[NormalizedEmail], [a].[NormalizedUserName], [a].[PasswordHash], [a].[PhoneNumber], [a].[PhoneNumberConfirmed], [a].[SecurityStamp], [a].[Theme], [a].[TwoFactorEnabled], [a].[UserName]
FROM [AspNetUsers] AS [a]
WHERE [a].[Id] = @p
2026-09-01 15:36:30.854 +05:30 [INF] Executed ViewResult - view Index executed in 5.8096ms.
2026-09-01 15:36:30.854 +05:30 [INF] Executed action MyDailyExpenseTracker.Controllers.ReportsController.Index (MyDailyExpenseTracker) in 17.7202ms
2026-09-01 15:36:30.854 +05:30 [INF] Executed endpoint 'MyDailyExpenseTracker.Controllers.ReportsController.Index (MyDailyExpenseTracker)'
2026-09-01 15:36:30.854 +05:30 [INF] Request finished HTTP/1.1 GET http://localhost:5172/Reports - 200 null text/html; charset=utf-8 18.4283ms
2026-09-01 15:36:31.516 +05:30 [INF] Request starting HTTP/1.1 GET http://localhost:5172/RecurringExpenses - null null
2026-09-01 15:36:31.517 +05:30 [INF] Executing endpoint 'MyDailyExpenseTracker.Controllers.RecurringExpensesController.Index (MyDailyExpenseTracker)'
2026-09-01 15:36:31.517 +05:30 [INF] Route matched with {action = "Index", controller = "RecurringExpenses"}. Executing controller action with signature System.Threading.Tasks.Task`1[Microsoft.AspNetCore.Mvc.IActionResult] Index() on controller MyDailyExpenseTracker.Controllers.RecurringExpensesController (MyDailyExpenseTracker).
2026-09-01 15:36:31.527 +05:30 [INF] Executed DbCommand (9ms) [Parameters=[@userId='?' (Size = 450)], CommandType='"Text"', CommandTimeout='30']
SELECT [r].[RecurringExpenseId], [r].[Name], [r].[Amount], [r].[Type], [r].[CategoryId], [c].[Name] AS [CategoryName], [r].[PaymentMethodId], [p].[Name] AS [PaymentMethodName], [r].[Frequency], [r].[StartDate], [r].[EndDate], [r].[IsActive], [r].[LastGeneratedDate], [r].[Notes]
FROM [RecurringExpenses] AS [r]
INNER JOIN [Categories] AS [c] ON [r].[CategoryId] = [c].[CategoryId]
LEFT JOIN [PaymentMethods] AS [p] ON [r].[PaymentMethodId] = [p].[PaymentMethodId]
WHERE [r].[UserId] = @userId
ORDER BY [r].[Name]
2026-09-01 15:36:31.527 +05:30 [INF] Executing ViewResult, running view Index.
2026-09-01 15:36:31.532 +05:30 [INF] Executed DbCommand (4ms) [Parameters=[@p='?' (Size = 450)], CommandType='"Text"', CommandTimeout='30']
SELECT TOP(1) [a].[Id], [a].[AccessFailedCount], [a].[ConcurrencyStamp], [a].[CreatedDate], [a].[Currency], [a].[DateFormat], [a].[Email], [a].[EmailConfirmed], [a].[FirstName], [a].[LastName], [a].[LockoutEnabled], [a].[LockoutEnd], [a].[NormalizedEmail], [a].[NormalizedUserName], [a].[PasswordHash], [a].[PhoneNumber], [a].[PhoneNumberConfirmed], [a].[SecurityStamp], [a].[Theme], [a].[TwoFactorEnabled], [a].[UserName]
FROM [AspNetUsers] AS [a]
WHERE [a].[Id] = @p
2026-09-01 15:36:31.533 +05:30 [INF] Executed ViewResult - view Index executed in 6.078ms.
2026-09-01 15:36:31.533 +05:30 [INF] Executed action MyDailyExpenseTracker.Controllers.RecurringExpensesController.Index (MyDailyExpenseTracker) in 16.2726ms
2026-09-01 15:36:31.533 +05:30 [INF] Executed endpoint 'MyDailyExpenseTracker.Controllers.RecurringExpensesController.Index (MyDailyExpenseTracker)'
2026-09-01 15:36:31.533 +05:30 [INF] Request finished HTTP/1.1 GET http://localhost:5172/RecurringExpenses - 200 null text/html; charset=utf-8 16.9927ms
2026-09-01 15:36:32.005 +05:30 [INF] Request starting HTTP/1.1 GET http://localhost:5172/Budget - null null
2026-09-01 15:36:32.006 +05:30 [INF] Executing endpoint 'MyDailyExpenseTracker.Controllers.BudgetController.Index (MyDailyExpenseTracker)'
2026-09-01 15:36:32.006 +05:30 [INF] Route matched with {action = "Index", controller = "Budget"}. Executing controller action with signature System.Threading.Tasks.Task`1[Microsoft.AspNetCore.Mvc.IActionResult] Index(Int32, Int32) on controller MyDailyExpenseTracker.Controllers.BudgetController (MyDailyExpenseTracker).
2026-09-01 15:36:32.030 +05:30 [INF] Executed DbCommand (22ms) [Parameters=[@userId='?' (Size = 450), @month='?' (DbType = Int32), @year='?' (DbType = Int32)], CommandType='"Text"', CommandTimeout='30']
SELECT [b1].[BudgetId], [b1].[CreatedDate], [b1].[Month], [b1].[Notes], [b1].[TotalBudget], [b1].[UpdatedDate], [b1].[UserId], [b1].[Year], [s].[BudgetCategoryId], [s].[Amount], [s].[BudgetId], [s].[CategoryId], [s].[CategoryId0], [s].[Color], [s].[CreatedDate], [s].[Icon], [s].[IsActive], [s].[IsDefault], [s].[Name], [s].[Type], [s].[UserId]
FROM (
    SELECT TOP(1) [b].[BudgetId], [b].[CreatedDate], [b].[Month], [b].[Notes], [b].[TotalBudget], [b].[UpdatedDate], [b].[UserId], [b].[Year]
    FROM [Budgets] AS [b]
    WHERE [b].[UserId] = @userId AND [b].[Month] = @month AND [b].[Year] = @year
) AS [b1]
LEFT JOIN (
    SELECT [b0].[BudgetCategoryId], [b0].[Amount], [b0].[BudgetId], [b0].[CategoryId], [c].[CategoryId] AS [CategoryId0], [c].[Color], [c].[CreatedDate], [c].[Icon], [c].[IsActive], [c].[IsDefault], [c].[Name], [c].[Type], [c].[UserId]
    FROM [BudgetCategories] AS [b0]
    INNER JOIN [Categories] AS [c] ON [b0].[CategoryId] = [c].[CategoryId]
) AS [s] ON [b1].[BudgetId] = [s].[BudgetId]
ORDER BY [b1].[BudgetId], [s].[BudgetCategoryId]
2026-09-01 15:36:32.043 +05:30 [INF] Executed DbCommand (12ms) [Parameters=[@userId='?' (Size = 450)], CommandType='"Text"', CommandTimeout='30']
SELECT [t].[CategoryId], COUNT(*) AS [Count]
FROM [Transactions] AS [t]
WHERE [t].[UserId] = @userId
GROUP BY [t].[CategoryId]
2026-09-01 15:36:32.051 +05:30 [INF] Executed DbCommand (7ms) [Parameters=[@userId='?' (Size = 450)], CommandType='"Text"', CommandTimeout='30']
SELECT [c].[CategoryId], [c].[Name], [c].[Icon], [c].[Color], [c].[Type], [c].[IsDefault]
FROM [Categories] AS [c]
WHERE [c].[IsActive] = CAST(1 AS bit) AND ([c].[UserId] = @userId OR [c].[UserId] IS NULL)
ORDER BY [c].[Type], [c].[Name]
2026-09-01 15:36:32.065 +05:30 [INF] Executed DbCommand (13ms) [Parameters=[@userId='?' (Size = 450), @monthStart='?' (DbType = DateTime2), @monthEnd='?' (DbType = DateTime2)], CommandType='"Text"', CommandTimeout='30']
SELECT [t].[CategoryId], COALESCE(SUM([t].[Amount]), 0.0) AS [Total]
FROM [Transactions] AS [t]
WHERE [t].[UserId] = @userId AND [t].[Type] = N'Expense' AND [t].[TransactionDate] >= @monthStart AND [t].[TransactionDate] <= @monthEnd
GROUP BY [t].[CategoryId]
2026-09-01 15:36:32.066 +05:30 [INF] Executing ViewResult, running view Index.
2026-09-01 15:36:32.076 +05:30 [INF] Executed DbCommand (7ms) [Parameters=[@p='?' (Size = 450)], CommandType='"Text"', CommandTimeout='30']
SELECT TOP(1) [a].[Id], [a].[AccessFailedCount], [a].[ConcurrencyStamp], [a].[CreatedDate], [a].[Currency], [a].[DateFormat], [a].[Email], [a].[EmailConfirmed], [a].[FirstName], [a].[LastName], [a].[LockoutEnabled], [a].[LockoutEnd], [a].[NormalizedEmail], [a].[NormalizedUserName], [a].[PasswordHash], [a].[PhoneNumber], [a].[PhoneNumberConfirmed], [a].[SecurityStamp], [a].[Theme], [a].[TwoFactorEnabled], [a].[UserName]
FROM [AspNetUsers] AS [a]
WHERE [a].[Id] = @p
2026-09-01 15:36:32.077 +05:30 [INF] Executed ViewResult - view Index executed in 11.1599ms.
2026-09-01 15:36:32.077 +05:30 [INF] Executed action MyDailyExpenseTracker.Controllers.BudgetController.Index (MyDailyExpenseTracker) in 70.8371ms
2026-09-01 15:36:32.077 +05:30 [INF] Executed endpoint 'MyDailyExpenseTracker.Controllers.BudgetController.Index (MyDailyExpenseTracker)'
2026-09-01 15:36:32.077 +05:30 [INF] Request finished HTTP/1.1 GET http://localhost:5172/Budget - 200 null text/html; charset=utf-8 71.9911ms
2026-09-01 15:36:32.487 +05:30 [INF] Request starting HTTP/1.1 GET http://localhost:5172/PaymentMethods - null null
2026-09-01 15:36:32.487 +05:30 [INF] Executing endpoint 'MyDailyExpenseTracker.Controllers.PaymentMethodsController.Index (MyDailyExpenseTracker)'
2026-09-01 15:36:32.488 +05:30 [INF] Route matched with {action = "Index", controller = "PaymentMethods"}. Executing controller action with signature System.Threading.Tasks.Task`1[Microsoft.AspNetCore.Mvc.IActionResult] Index() on controller MyDailyExpenseTracker.Controllers.PaymentMethodsController (MyDailyExpenseTracker).
2026-09-01 15:36:32.499 +05:30 [INF] Executed DbCommand (10ms) [Parameters=[@userId='?' (Size = 450)], CommandType='"Text"', CommandTimeout='30']
SELECT [t].[PaymentMethodId] AS [MethodId], COUNT(*) AS [Count]
FROM [Transactions] AS [t]
WHERE [t].[UserId] = @userId AND [t].[PaymentMethodId] IS NOT NULL
GROUP BY [t].[PaymentMethodId]
2026-09-01 15:36:32.506 +05:30 [INF] Executed DbCommand (7ms) [Parameters=[@userId='?' (Size = 450)], CommandType='"Text"', CommandTimeout='30']
SELECT [p].[PaymentMethodId], [p].[Name], [p].[Icon], [p].[IsDefault]
FROM [PaymentMethods] AS [p]
WHERE [p].[IsActive] = CAST(1 AS bit) AND ([p].[UserId] = @userId OR [p].[UserId] IS NULL)
ORDER BY [p].[Name]
2026-09-01 15:36:32.507 +05:30 [INF] Executing ViewResult, running view Index.
2026-09-01 15:36:32.514 +05:30 [INF] Executed DbCommand (6ms) [Parameters=[@p='?' (Size = 450)], CommandType='"Text"', CommandTimeout='30']
SELECT TOP(1) [a].[Id], [a].[AccessFailedCount], [a].[ConcurrencyStamp], [a].[CreatedDate], [a].[Currency], [a].[DateFormat], [a].[Email], [a].[EmailConfirmed], [a].[FirstName], [a].[LastName], [a].[LockoutEnabled], [a].[LockoutEnd], [a].[NormalizedEmail], [a].[NormalizedUserName], [a].[PasswordHash], [a].[PhoneNumber], [a].[PhoneNumberConfirmed], [a].[SecurityStamp], [a].[Theme], [a].[TwoFactorEnabled], [a].[UserName]
FROM [AspNetUsers] AS [a]
WHERE [a].[Id] = @p
2026-09-01 15:36:32.515 +05:30 [INF] Executed ViewResult - view Index executed in 8.4362ms.
2026-09-01 15:36:32.515 +05:30 [INF] Executed action MyDailyExpenseTracker.Controllers.PaymentMethodsController.Index (MyDailyExpenseTracker) in 27.4873ms
2026-09-01 15:36:32.515 +05:30 [INF] Executed endpoint 'MyDailyExpenseTracker.Controllers.PaymentMethodsController.Index (MyDailyExpenseTracker)'
2026-09-01 15:36:32.515 +05:30 [INF] Request finished HTTP/1.1 GET http://localhost:5172/PaymentMethods - 200 null text/html; charset=utf-8 28.6272ms
2026-09-01 15:36:32.956 +05:30 [INF] Request starting HTTP/1.1 GET http://localhost:5172/Categories - null null
2026-09-01 15:36:32.957 +05:30 [INF] Executing endpoint 'MyDailyExpenseTracker.Controllers.CategoriesController.Index (MyDailyExpenseTracker)'
2026-09-01 15:36:32.957 +05:30 [INF] Route matched with {action = "Index", controller = "Categories"}. Executing controller action with signature System.Threading.Tasks.Task`1[Microsoft.AspNetCore.Mvc.IActionResult] Index() on controller MyDailyExpenseTracker.Controllers.CategoriesController (MyDailyExpenseTracker).
2026-09-01 15:36:32.964 +05:30 [INF] Executed DbCommand (7ms) [Parameters=[@userId='?' (Size = 450)], CommandType='"Text"', CommandTimeout='30']
SELECT [t].[CategoryId], COUNT(*) AS [Count]
FROM [Transactions] AS [t]
WHERE [t].[UserId] = @userId
GROUP BY [t].[CategoryId]
2026-09-01 15:36:32.968 +05:30 [INF] Executed DbCommand (3ms) [Parameters=[@userId='?' (Size = 450)], CommandType='"Text"', CommandTimeout='30']
SELECT [c].[CategoryId], [c].[Name], [c].[Icon], [c].[Color], [c].[Type], [c].[IsDefault]
FROM [Categories] AS [c]
WHERE [c].[IsActive] = CAST(1 AS bit) AND ([c].[UserId] = @userId OR [c].[UserId] IS NULL)
ORDER BY [c].[Type], [c].[Name]
2026-09-01 15:36:32.968 +05:30 [INF] Executing ViewResult, running view Index.
2026-09-01 15:36:32.973 +05:30 [INF] Executed DbCommand (3ms) [Parameters=[@p='?' (Size = 450)], CommandType='"Text"', CommandTimeout='30']
SELECT TOP(1) [a].[Id], [a].[AccessFailedCount], [a].[ConcurrencyStamp], [a].[CreatedDate], [a].[Currency], [a].[DateFormat], [a].[Email], [a].[EmailConfirmed], [a].[FirstName], [a].[LastName], [a].[LockoutEnabled], [a].[LockoutEnd], [a].[NormalizedEmail], [a].[NormalizedUserName], [a].[PasswordHash], [a].[PhoneNumber], [a].[PhoneNumberConfirmed], [a].[SecurityStamp], [a].[Theme], [a].[TwoFactorEnabled], [a].[UserName]
FROM [AspNetUsers] AS [a]
WHERE [a].[Id] = @p
2026-09-01 15:36:32.974 +05:30 [INF] Executed ViewResult - view Index executed in 5.6072ms.
2026-09-01 15:36:32.974 +05:30 [INF] Executed action MyDailyExpenseTracker.Controllers.CategoriesController.Index (MyDailyExpenseTracker) in 17.3401ms
2026-09-01 15:36:32.974 +05:30 [INF] Executed endpoint 'MyDailyExpenseTracker.Controllers.CategoriesController.Index (MyDailyExpenseTracker)'
2026-09-01 15:36:32.974 +05:30 [INF] Request finished HTTP/1.1 GET http://localhost:5172/Categories - 200 null text/html; charset=utf-8 18.1263ms
2026-09-01 15:36:34.591 +05:30 [INF] Request starting HTTP/1.1 GET http://localhost:5172/Transactions - null null
2026-09-01 15:36:34.591 +05:30 [INF] Executing endpoint 'MyDailyExpenseTracker.Controllers.TransactionsController.Index (MyDailyExpenseTracker)'
2026-09-01 15:36:34.592 +05:30 [INF] Route matched with {action = "Index", controller = "Transactions"}. Executing controller action with signature System.Threading.Tasks.Task`1[Microsoft.AspNetCore.Mvc.IActionResult] Index(MyDailyExpenseTracker.ViewModels.TransactionFilterViewModel) on controller MyDailyExpenseTracker.Controllers.TransactionsController (MyDailyExpenseTracker).
2026-09-01 15:36:34.597 +05:30 [INF] Executed DbCommand (4ms) [Parameters=[@userId='?' (Size = 450)], CommandType='"Text"', CommandTimeout='30']
SELECT [t].[Type], [t].[Amount]
FROM [Transactions] AS [t]
WHERE [t].[UserId] = @userId
2026-09-01 15:36:34.603 +05:30 [INF] Executed DbCommand (6ms) [Parameters=[@userId='?' (Size = 450), @p='?' (DbType = Int32), @p2='?' (DbType = Int32)], CommandType='"Text"', CommandTimeout='30']
SELECT [t0].[TransactionId], [t0].[TransactionDate], [t0].[Description], [c].[Name] AS [CategoryName], [c].[Icon] AS [CategoryIcon], [c].[Color] AS [CategoryColor], [t0].[Type], [t0].[Amount], [p].[Name] AS [PaymentMethodName]
FROM (
    SELECT [t].[TransactionId], [t].[Amount], [t].[CategoryId], [t].[CreatedDate], [t].[Description], [t].[PaymentMethodId], [t].[TransactionDate], [t].[Type]
    FROM [Transactions] AS [t]
    WHERE [t].[UserId] = @userId
    ORDER BY [t].[TransactionDate] DESC, [t].[CreatedDate] DESC
    OFFSET @p ROWS FETCH NEXT @p2 ROWS ONLY
) AS [t0]
INNER JOIN [Categories] AS [c] ON [t0].[CategoryId] = [c].[CategoryId]
LEFT JOIN [PaymentMethods] AS [p] ON [t0].[PaymentMethodId] = [p].[PaymentMethodId]
ORDER BY [t0].[TransactionDate] DESC, [t0].[CreatedDate] DESC
2026-09-01 15:36:34.609 +05:30 [INF] Executed DbCommand (5ms) [Parameters=[@userId='?' (Size = 450)], CommandType='"Text"', CommandTimeout='30']
SELECT CONVERT(varchar(11), [c].[CategoryId]) AS [Value], [c].[Name] AS [Text]
FROM [Categories] AS [c]
WHERE [c].[IsActive] = CAST(1 AS bit) AND ([c].[UserId] = @userId OR [c].[UserId] IS NULL)
ORDER BY [c].[Name]
2026-09-01 15:36:34.613 +05:30 [INF] Executed DbCommand (4ms) [Parameters=[@userId='?' (Size = 450)], CommandType='"Text"', CommandTimeout='30']
SELECT CONVERT(varchar(11), [p].[PaymentMethodId]) AS [Value], [p].[Name] AS [Text]
FROM [PaymentMethods] AS [p]
WHERE [p].[IsActive] = CAST(1 AS bit) AND ([p].[UserId] = @userId OR [p].[UserId] IS NULL)
ORDER BY [p].[Name]
2026-09-01 15:36:34.613 +05:30 [INF] Executing ViewResult, running view Index.
2026-09-01 15:36:34.620 +05:30 [INF] Executed DbCommand (5ms) [Parameters=[@p='?' (Size = 450)], CommandType='"Text"', CommandTimeout='30']
SELECT TOP(1) [a].[Id], [a].[AccessFailedCount], [a].[ConcurrencyStamp], [a].[CreatedDate], [a].[Currency], [a].[DateFormat], [a].[Email], [a].[EmailConfirmed], [a].[FirstName], [a].[LastName], [a].[LockoutEnabled], [a].[LockoutEnd], [a].[NormalizedEmail], [a].[NormalizedUserName], [a].[PasswordHash], [a].[PhoneNumber], [a].[PhoneNumberConfirmed], [a].[SecurityStamp], [a].[Theme], [a].[TwoFactorEnabled], [a].[UserName]
FROM [AspNetUsers] AS [a]
WHERE [a].[Id] = @p
2026-09-01 15:36:34.621 +05:30 [INF] Executed ViewResult - view Index executed in 8.0607ms.
2026-09-01 15:36:34.622 +05:30 [INF] Executed action MyDailyExpenseTracker.Controllers.TransactionsController.Index (MyDailyExpenseTracker) in 29.9853ms
2026-09-01 15:36:34.622 +05:30 [INF] Executed endpoint 'MyDailyExpenseTracker.Controllers.TransactionsController.Index (MyDailyExpenseTracker)'
2026-09-01 15:36:34.622 +05:30 [INF] Request finished HTTP/1.1 GET http://localhost:5172/Transactions - 200 null text/html; charset=utf-8 30.8046ms
2026-09-01 15:36:35.181 +05:30 [INF] Request starting HTTP/1.1 GET http://localhost:5172/ - null null
2026-09-01 15:36:35.181 +05:30 [INF] Executing endpoint 'MyDailyExpenseTracker.Controllers.DashboardController.Index (MyDailyExpenseTracker)'
2026-09-01 15:36:35.182 +05:30 [INF] Route matched with {action = "Index", controller = "Dashboard"}. Executing controller action with signature System.Threading.Tasks.Task`1[Microsoft.AspNetCore.Mvc.IActionResult] Index() on controller MyDailyExpenseTracker.Controllers.DashboardController (MyDailyExpenseTracker).
2026-09-01 15:36:35.188 +05:30 [INF] Executed DbCommand (6ms) [Parameters=[@userId='?' (Size = 450), @today='?' (DbType = DateTime2), @today2='?' (DbType = DateTime2)], CommandType='"Text"', CommandTimeout='30']
SELECT [r].[RecurringExpenseId], [r].[Amount], [r].[CategoryId], [r].[CreatedDate], [r].[EndDate], [r].[Frequency], [r].[IsActive], [r].[LastGeneratedDate], [r].[Name], [r].[Notes], [r].[PaymentMethodId], [r].[StartDate], [r].[Type], [r].[UserId]
FROM [RecurringExpenses] AS [r]
WHERE [r].[UserId] = @userId AND [r].[IsActive] = CAST(1 AS bit) AND [r].[StartDate] <= @today AND ([r].[EndDate] IS NULL OR [r].[EndDate] >= @today2)
2026-09-01 15:36:35.200 +05:30 [INF] Executed DbCommand (11ms) [Parameters=[@userId='?' (Size = 450), @today_Month='?' (DbType = Int32), @today_Year='?' (DbType = Int32)], CommandType='"Text"', CommandTimeout='30']
SELECT [b1].[BudgetId], [b1].[CreatedDate], [b1].[Month], [b1].[Notes], [b1].[TotalBudget], [b1].[UpdatedDate], [b1].[UserId], [b1].[Year], [s].[BudgetCategoryId], [s].[Amount], [s].[BudgetId], [s].[CategoryId], [s].[CategoryId0], [s].[Color], [s].[CreatedDate], [s].[Icon], [s].[IsActive], [s].[IsDefault], [s].[Name], [s].[Type], [s].[UserId]
FROM (
    SELECT TOP(1) [b].[BudgetId], [b].[CreatedDate], [b].[Month], [b].[Notes], [b].[TotalBudget], [b].[UpdatedDate], [b].[UserId], [b].[Year]
    FROM [Budgets] AS [b]
    WHERE [b].[UserId] = @userId AND [b].[Month] = @today_Month AND [b].[Year] = @today_Year
) AS [b1]
LEFT JOIN (
    SELECT [b0].[BudgetCategoryId], [b0].[Amount], [b0].[BudgetId], [b0].[CategoryId], [c].[CategoryId] AS [CategoryId0], [c].[Color], [c].[CreatedDate], [c].[Icon], [c].[IsActive], [c].[IsDefault], [c].[Name], [c].[Type], [c].[UserId]
    FROM [BudgetCategories] AS [b0]
    INNER JOIN [Categories] AS [c] ON [b0].[CategoryId] = [c].[CategoryId]
) AS [s] ON [b1].[BudgetId] = [s].[BudgetId]
ORDER BY [b1].[BudgetId], [s].[BudgetCategoryId]
2026-09-01 15:36:35.207 +05:30 [INF] Executed DbCommand (6ms) [Parameters=[@userId='?' (Size = 450), @today='?' (DbType = DateTime2)], CommandType='"Text"', CommandTimeout='30']
SELECT [t].[Type], COALESCE(SUM([t].[Amount]), 0.0) AS [Total]
FROM [Transactions] AS [t]
WHERE [t].[UserId] = @userId AND CONVERT(date, [t].[TransactionDate]) = @today
GROUP BY [t].[Type]
2026-09-01 15:36:35.212 +05:30 [INF] Executed DbCommand (4ms) [Parameters=[@userId='?' (Size = 450), @monthStart='?' (DbType = DateTime2), @today='?' (DbType = DateTime2)], CommandType='"Text"', CommandTimeout='30']
SELECT [t].[Type], COALESCE(SUM([t].[Amount]), 0.0) AS [Total]
FROM [Transactions] AS [t]
WHERE [t].[UserId] = @userId AND [t].[TransactionDate] >= @monthStart AND [t].[TransactionDate] <= @today
GROUP BY [t].[Type]
2026-09-01 15:36:35.217 +05:30 [INF] Executed DbCommand (5ms) [Parameters=[@userId='?' (Size = 450)], CommandType='"Text"', CommandTimeout='30']
SELECT COALESCE(SUM([t].[Amount]), 0.0)
FROM [Transactions] AS [t]
WHERE [t].[UserId] = @userId AND [t].[Type] = N'Income'
2026-09-01 15:36:35.222 +05:30 [INF] Executed DbCommand (4ms) [Parameters=[@userId='?' (Size = 450)], CommandType='"Text"', CommandTimeout='30']
SELECT COALESCE(SUM([t].[Amount]), 0.0)
FROM [Transactions] AS [t]
WHERE [t].[UserId] = @userId AND [t].[Type] = N'Expense'
2026-09-01 15:36:35.224 +05:30 [INF] Executed DbCommand (2ms) [Parameters=[@userId='?' (Size = 450)], CommandType='"Text"', CommandTimeout='30']
SELECT COUNT(*)
FROM [Transactions] AS [t]
WHERE [t].[UserId] = @userId
2026-09-01 15:36:35.229 +05:30 [INF] Executed DbCommand (4ms) [Parameters=[@userId='?' (Size = 450), @prevStart='?' (DbType = DateTime2), @prevEnd='?' (DbType = DateTime2)], CommandType='"Text"', CommandTimeout='30']
SELECT COALESCE(SUM([t].[Amount]), 0.0)
FROM [Transactions] AS [t]
WHERE [t].[UserId] = @userId AND [t].[Type] = N'Expense' AND [t].[TransactionDate] >= @prevStart AND [t].[TransactionDate] <= @prevEnd
2026-09-01 15:36:35.238 +05:30 [INF] Executed DbCommand (8ms) [Parameters=[@p='?' (DbType = Int32), @userId='?' (Size = 450)], CommandType='"Text"', CommandTimeout='30']
SELECT [t0].[TransactionId], [t0].[TransactionDate], [t0].[Description], [c].[Name] AS [CategoryName], [c].[Icon] AS [CategoryIcon], [c].[Color] AS [CategoryColor], [t0].[Type], [t0].[Amount], [p].[Name] AS [PaymentMethodName]
FROM (
    SELECT TOP(@p) [t].[TransactionId], [t].[Amount], [t].[CategoryId], [t].[CreatedDate], [t].[Description], [t].[PaymentMethodId], [t].[TransactionDate], [t].[Type]
    FROM [Transactions] AS [t]
    WHERE [t].[UserId] = @userId
    ORDER BY [t].[TransactionDate] DESC, [t].[CreatedDate] DESC
) AS [t0]
INNER JOIN [Categories] AS [c] ON [t0].[CategoryId] = [c].[CategoryId]
LEFT JOIN [PaymentMethods] AS [p] ON [t0].[PaymentMethodId] = [p].[PaymentMethodId]
ORDER BY [t0].[TransactionDate] DESC, [t0].[CreatedDate] DESC
2026-09-01 15:36:35.247 +05:30 [INF] Executed DbCommand (8ms) [Parameters=[@userId='?' (Size = 450), @sixMonthsAgo='?' (DbType = DateTime2)], CommandType='"Text"', CommandTimeout='30']
SELECT [t0].[Year], [t0].[Month], COALESCE(SUM([t0].[Amount]), 0.0) AS [Total]
FROM (
    SELECT [t].[Amount], DATEPART(year, [t].[TransactionDate]) AS [Year], DATEPART(month, [t].[TransactionDate]) AS [Month]
    FROM [Transactions] AS [t]
    WHERE [t].[UserId] = @userId AND [t].[Type] = N'Expense' AND [t].[TransactionDate] >= @sixMonthsAgo
) AS [t0]
GROUP BY [t0].[Year], [t0].[Month]
2026-09-01 15:36:35.254 +05:30 [INF] Executed DbCommand (6ms) [Parameters=[@userId='?' (Size = 450), @sixMonthsAgo='?' (DbType = DateTime2)], CommandType='"Text"', CommandTimeout='30']
SELECT [t0].[Year], [t0].[Month], [t0].[Type], COALESCE(SUM([t0].[Amount]), 0.0) AS [Total]
FROM (
    SELECT [t].[Amount], [t].[Type], DATEPART(year, [t].[TransactionDate]) AS [Year], DATEPART(month, [t].[TransactionDate]) AS [Month]
    FROM [Transactions] AS [t]
    WHERE [t].[UserId] = @userId AND [t].[TransactionDate] >= @sixMonthsAgo
) AS [t0]
GROUP BY [t0].[Year], [t0].[Month], [t0].[Type]
2026-09-01 15:36:35.266 +05:30 [INF] Executed DbCommand (11ms) [Parameters=[@p='?' (DbType = Int32), @userId='?' (Size = 450), @monthStart='?' (DbType = DateTime2), @today='?' (DbType = DateTime2)], CommandType='"Text"', CommandTimeout='30']
SELECT TOP(@p) [c].[Name] AS [Category], COALESCE(SUM([t].[Amount]), 0.0) AS [Total]
FROM [Transactions] AS [t]
INNER JOIN [Categories] AS [c] ON [t].[CategoryId] = [c].[CategoryId]
WHERE [t].[UserId] = @userId AND [t].[Type] = N'Expense' AND [t].[TransactionDate] >= @monthStart AND [t].[TransactionDate] <= @today
GROUP BY [c].[Name]
ORDER BY COALESCE(SUM([t].[Amount]), 0.0) DESC
2026-09-01 15:36:35.276 +05:30 [INF] Executed DbCommand (10ms) [Parameters=[@userId='?' (Size = 450), @monthStart='?' (DbType = DateTime2), @today='?' (DbType = DateTime2)], CommandType='"Text"', CommandTimeout='30']
SELECT [t0].[Key] AS [Day], COALESCE(SUM([t0].[Amount]), 0.0) AS [Total]
FROM (
    SELECT [t].[Amount], DATEPART(day, [t].[TransactionDate]) AS [Key]
    FROM [Transactions] AS [t]
    WHERE [t].[UserId] = @userId AND [t].[Type] = N'Expense' AND [t].[TransactionDate] >= @monthStart AND [t].[TransactionDate] <= @today
) AS [t0]
GROUP BY [t0].[Key]
2026-09-01 15:36:35.287 +05:30 [INF] Executed DbCommand (10ms) [Parameters=[@userId='?' (Size = 450), @monthStart='?' (DbType = DateTime2), @today='?' (DbType = DateTime2)], CommandType='"Text"', CommandTimeout='30']
SELECT [p].[Name] AS [Method], COALESCE(SUM([t].[Amount]), 0.0) AS [Total]
FROM [Transactions] AS [t]
LEFT JOIN [PaymentMethods] AS [p] ON [t].[PaymentMethodId] = [p].[PaymentMethodId]
WHERE [t].[UserId] = @userId AND [t].[Type] = N'Expense' AND [t].[TransactionDate] >= @monthStart AND [t].[TransactionDate] <= @today AND [t].[PaymentMethodId] IS NOT NULL
GROUP BY [p].[Name]
2026-09-01 15:36:35.291 +05:30 [INF] Executed DbCommand (3ms) [Parameters=[@userId='?' (Size = 450), @today_Month='?' (DbType = Int32), @today_Year='?' (DbType = Int32)], CommandType='"Text"', CommandTimeout='30']
SELECT TOP(1) [b].[BudgetId], [b].[CreatedDate], [b].[Month], [b].[Notes], [b].[TotalBudget], [b].[UpdatedDate], [b].[UserId], [b].[Year]
FROM [Budgets] AS [b]
WHERE [b].[UserId] = @userId AND [b].[Month] = @today_Month AND [b].[Year] = @today_Year
2026-09-01 15:36:35.294 +05:30 [INF] Executed DbCommand (3ms) [Parameters=[@userId='?' (Size = 450)], CommandType='"Text"', CommandTimeout='30']
SELECT COUNT(*)
FROM [Notifications] AS [n]
WHERE [n].[UserId] = @userId AND [n].[IsRead] = CAST(0 AS bit)
2026-09-01 15:36:35.294 +05:30 [INF] Executing ViewResult, running view Index.
2026-09-01 15:36:35.298 +05:30 [INF] Executed DbCommand (3ms) [Parameters=[@p='?' (Size = 450)], CommandType='"Text"', CommandTimeout='30']
SELECT TOP(1) [a].[Id], [a].[AccessFailedCount], [a].[ConcurrencyStamp], [a].[CreatedDate], [a].[Currency], [a].[DateFormat], [a].[Email], [a].[EmailConfirmed], [a].[FirstName], [a].[LastName], [a].[LockoutEnabled], [a].[LockoutEnd], [a].[NormalizedEmail], [a].[NormalizedUserName], [a].[PasswordHash], [a].[PhoneNumber], [a].[PhoneNumberConfirmed], [a].[SecurityStamp], [a].[Theme], [a].[TwoFactorEnabled], [a].[UserName]
FROM [AspNetUsers] AS [a]
WHERE [a].[Id] = @p
2026-09-01 15:36:35.299 +05:30 [INF] Executed ViewResult - view Index executed in 4.7059ms.
2026-09-01 15:36:35.299 +05:30 [INF] Executed action MyDailyExpenseTracker.Controllers.DashboardController.Index (MyDailyExpenseTracker) in 117.2968ms
2026-09-01 15:36:35.299 +05:30 [INF] Executed endpoint 'MyDailyExpenseTracker.Controllers.DashboardController.Index (MyDailyExpenseTracker)'
2026-09-01 15:36:35.299 +05:30 [INF] Request finished HTTP/1.1 GET http://localhost:5172/ - 200 null text/html; charset=utf-8 118.0455ms
2026-09-01 15:36:37.654 +05:30 [INF] Request starting HTTP/1.1 GET http://localhost:5172/Transactions/Create?type=Expense - null null
2026-09-01 15:36:37.654 +05:30 [INF] Executing endpoint 'MyDailyExpenseTracker.Controllers.TransactionsController.Create (MyDailyExpenseTracker)'
2026-09-01 15:36:37.654 +05:30 [INF] Route matched with {action = "Create", controller = "Transactions"}. Executing controller action with signature System.Threading.Tasks.Task`1[Microsoft.AspNetCore.Mvc.IActionResult] Create(System.String) on controller MyDailyExpenseTracker.Controllers.TransactionsController (MyDailyExpenseTracker).
2026-09-01 15:36:37.661 +05:30 [INF] Executed DbCommand (6ms) [Parameters=[@userId='?' (Size = 450), @type='?' (Size = 10)], CommandType='"Text"', CommandTimeout='30']
SELECT CONVERT(varchar(11), [c].[CategoryId]) AS [Value], [c].[Name] AS [Text]
FROM [Categories] AS [c]
WHERE [c].[IsActive] = CAST(1 AS bit) AND ([c].[UserId] = @userId OR [c].[UserId] IS NULL) AND ([c].[Type] = @type OR [c].[Type] = N'Both')
ORDER BY [c].[Name]
2026-09-01 15:36:37.665 +05:30 [INF] Executed DbCommand (3ms) [Parameters=[@userId='?' (Size = 450)], CommandType='"Text"', CommandTimeout='30']
SELECT CONVERT(varchar(11), [p].[PaymentMethodId]) AS [Value], [p].[Name] AS [Text]
FROM [PaymentMethods] AS [p]
WHERE [p].[IsActive] = CAST(1 AS bit) AND ([p].[UserId] = @userId OR [p].[UserId] IS NULL)
ORDER BY [p].[Name]
2026-09-01 15:36:37.666 +05:30 [INF] Executing ViewResult, running view Create.
2026-09-01 15:36:37.672 +05:30 [INF] Executed DbCommand (3ms) [Parameters=[@p='?' (Size = 450)], CommandType='"Text"', CommandTimeout='30']
SELECT TOP(1) [a].[Id], [a].[AccessFailedCount], [a].[ConcurrencyStamp], [a].[CreatedDate], [a].[Currency], [a].[DateFormat], [a].[Email], [a].[EmailConfirmed], [a].[FirstName], [a].[LastName], [a].[LockoutEnabled], [a].[LockoutEnd], [a].[NormalizedEmail], [a].[NormalizedUserName], [a].[PasswordHash], [a].[PhoneNumber], [a].[PhoneNumberConfirmed], [a].[SecurityStamp], [a].[Theme], [a].[TwoFactorEnabled], [a].[UserName]
FROM [AspNetUsers] AS [a]
WHERE [a].[Id] = @p
2026-09-01 15:36:37.673 +05:30 [INF] Executed ViewResult - view Create executed in 7.655ms.
2026-09-01 15:36:37.673 +05:30 [INF] Executed action MyDailyExpenseTracker.Controllers.TransactionsController.Create (MyDailyExpenseTracker) in 18.5503ms
2026-09-01 15:36:37.673 +05:30 [INF] Executed endpoint 'MyDailyExpenseTracker.Controllers.TransactionsController.Create (MyDailyExpenseTracker)'
2026-09-01 15:36:37.673 +05:30 [INF] Request finished HTTP/1.1 GET http://localhost:5172/Transactions/Create?type=Expense - 200 null text/html; charset=utf-8 19.3851ms
2026-09-01 15:36:40.614 +05:30 [INF] Request starting HTTP/1.1 GET http://localhost:5172/ - null null
2026-09-01 15:36:40.615 +05:30 [INF] Executing endpoint 'MyDailyExpenseTracker.Controllers.DashboardController.Index (MyDailyExpenseTracker)'
2026-09-01 15:36:40.615 +05:30 [INF] Route matched with {action = "Index", controller = "Dashboard"}. Executing controller action with signature System.Threading.Tasks.Task`1[Microsoft.AspNetCore.Mvc.IActionResult] Index() on controller MyDailyExpenseTracker.Controllers.DashboardController (MyDailyExpenseTracker).
2026-09-01 15:36:40.624 +05:30 [INF] Executed DbCommand (7ms) [Parameters=[@userId='?' (Size = 450), @today='?' (DbType = DateTime2), @today2='?' (DbType = DateTime2)], CommandType='"Text"', CommandTimeout='30']
SELECT [r].[RecurringExpenseId], [r].[Amount], [r].[CategoryId], [r].[CreatedDate], [r].[EndDate], [r].[Frequency], [r].[IsActive], [r].[LastGeneratedDate], [r].[Name], [r].[Notes], [r].[PaymentMethodId], [r].[StartDate], [r].[Type], [r].[UserId]
FROM [RecurringExpenses] AS [r]
WHERE [r].[UserId] = @userId AND [r].[IsActive] = CAST(1 AS bit) AND [r].[StartDate] <= @today AND ([r].[EndDate] IS NULL OR [r].[EndDate] >= @today2)
2026-09-01 15:36:40.641 +05:30 [INF] Executed DbCommand (16ms) [Parameters=[@userId='?' (Size = 450), @today_Month='?' (DbType = Int32), @today_Year='?' (DbType = Int32)], CommandType='"Text"', CommandTimeout='30']
SELECT [b1].[BudgetId], [b1].[CreatedDate], [b1].[Month], [b1].[Notes], [b1].[TotalBudget], [b1].[UpdatedDate], [b1].[UserId], [b1].[Year], [s].[BudgetCategoryId], [s].[Amount], [s].[BudgetId], [s].[CategoryId], [s].[CategoryId0], [s].[Color], [s].[CreatedDate], [s].[Icon], [s].[IsActive], [s].[IsDefault], [s].[Name], [s].[Type], [s].[UserId]
FROM (
    SELECT TOP(1) [b].[BudgetId], [b].[CreatedDate], [b].[Month], [b].[Notes], [b].[TotalBudget], [b].[UpdatedDate], [b].[UserId], [b].[Year]
    FROM [Budgets] AS [b]
    WHERE [b].[UserId] = @userId AND [b].[Month] = @today_Month AND [b].[Year] = @today_Year
) AS [b1]
LEFT JOIN (
    SELECT [b0].[BudgetCategoryId], [b0].[Amount], [b0].[BudgetId], [b0].[CategoryId], [c].[CategoryId] AS [CategoryId0], [c].[Color], [c].[CreatedDate], [c].[Icon], [c].[IsActive], [c].[IsDefault], [c].[Name], [c].[Type], [c].[UserId]
    FROM [BudgetCategories] AS [b0]
    INNER JOIN [Categories] AS [c] ON [b0].[CategoryId] = [c].[CategoryId]
) AS [s] ON [b1].[BudgetId] = [s].[BudgetId]
ORDER BY [b1].[BudgetId], [s].[BudgetCategoryId]
2026-09-01 15:36:40.651 +05:30 [INF] Executed DbCommand (8ms) [Parameters=[@userId='?' (Size = 450), @today='?' (DbType = DateTime2)], CommandType='"Text"', CommandTimeout='30']
SELECT [t].[Type], COALESCE(SUM([t].[Amount]), 0.0) AS [Total]
FROM [Transactions] AS [t]
WHERE [t].[UserId] = @userId AND CONVERT(date, [t].[TransactionDate]) = @today
GROUP BY [t].[Type]
2026-09-01 15:36:40.657 +05:30 [INF] Executed DbCommand (5ms) [Parameters=[@userId='?' (Size = 450), @monthStart='?' (DbType = DateTime2), @today='?' (DbType = DateTime2)], CommandType='"Text"', CommandTimeout='30']
SELECT [t].[Type], COALESCE(SUM([t].[Amount]), 0.0) AS [Total]
FROM [Transactions] AS [t]
WHERE [t].[UserId] = @userId AND [t].[TransactionDate] >= @monthStart AND [t].[TransactionDate] <= @today
GROUP BY [t].[Type]
2026-09-01 15:36:40.664 +05:30 [INF] Executed DbCommand (7ms) [Parameters=[@userId='?' (Size = 450)], CommandType='"Text"', CommandTimeout='30']
SELECT COALESCE(SUM([t].[Amount]), 0.0)
FROM [Transactions] AS [t]
WHERE [t].[UserId] = @userId AND [t].[Type] = N'Income'
2026-09-01 15:36:40.672 +05:30 [INF] Executed DbCommand (7ms) [Parameters=[@userId='?' (Size = 450)], CommandType='"Text"', CommandTimeout='30']
SELECT COALESCE(SUM([t].[Amount]), 0.0)
FROM [Transactions] AS [t]
WHERE [t].[UserId] = @userId AND [t].[Type] = N'Expense'
2026-09-01 15:36:40.674 +05:30 [INF] Executed DbCommand (2ms) [Parameters=[@userId='?' (Size = 450)], CommandType='"Text"', CommandTimeout='30']
SELECT COUNT(*)
FROM [Transactions] AS [t]
WHERE [t].[UserId] = @userId
2026-09-01 15:36:40.680 +05:30 [INF] Executed DbCommand (5ms) [Parameters=[@userId='?' (Size = 450), @prevStart='?' (DbType = DateTime2), @prevEnd='?' (DbType = DateTime2)], CommandType='"Text"', CommandTimeout='30']
SELECT COALESCE(SUM([t].[Amount]), 0.0)
FROM [Transactions] AS [t]
WHERE [t].[UserId] = @userId AND [t].[Type] = N'Expense' AND [t].[TransactionDate] >= @prevStart AND [t].[TransactionDate] <= @prevEnd
2026-09-01 15:36:40.689 +05:30 [INF] Executed DbCommand (8ms) [Parameters=[@p='?' (DbType = Int32), @userId='?' (Size = 450)], CommandType='"Text"', CommandTimeout='30']
SELECT [t0].[TransactionId], [t0].[TransactionDate], [t0].[Description], [c].[Name] AS [CategoryName], [c].[Icon] AS [CategoryIcon], [c].[Color] AS [CategoryColor], [t0].[Type], [t0].[Amount], [p].[Name] AS [PaymentMethodName]
FROM (
    SELECT TOP(@p) [t].[TransactionId], [t].[Amount], [t].[CategoryId], [t].[CreatedDate], [t].[Description], [t].[PaymentMethodId], [t].[TransactionDate], [t].[Type]
    FROM [Transactions] AS [t]
    WHERE [t].[UserId] = @userId
    ORDER BY [t].[TransactionDate] DESC, [t].[CreatedDate] DESC
) AS [t0]
INNER JOIN [Categories] AS [c] ON [t0].[CategoryId] = [c].[CategoryId]
LEFT JOIN [PaymentMethods] AS [p] ON [t0].[PaymentMethodId] = [p].[PaymentMethodId]
ORDER BY [t0].[TransactionDate] DESC, [t0].[CreatedDate] DESC
2026-09-01 15:36:40.698 +05:30 [INF] Executed DbCommand (8ms) [Parameters=[@userId='?' (Size = 450), @sixMonthsAgo='?' (DbType = DateTime2)], CommandType='"Text"', CommandTimeout='30']
SELECT [t0].[Year], [t0].[Month], COALESCE(SUM([t0].[Amount]), 0.0) AS [Total]
FROM (
    SELECT [t].[Amount], DATEPART(year, [t].[TransactionDate]) AS [Year], DATEPART(month, [t].[TransactionDate]) AS [Month]
    FROM [Transactions] AS [t]
    WHERE [t].[UserId] = @userId AND [t].[Type] = N'Expense' AND [t].[TransactionDate] >= @sixMonthsAgo
) AS [t0]
GROUP BY [t0].[Year], [t0].[Month]
2026-09-01 15:36:40.708 +05:30 [INF] Executed DbCommand (9ms) [Parameters=[@userId='?' (Size = 450), @sixMonthsAgo='?' (DbType = DateTime2)], CommandType='"Text"', CommandTimeout='30']
SELECT [t0].[Year], [t0].[Month], [t0].[Type], COALESCE(SUM([t0].[Amount]), 0.0) AS [Total]
FROM (
    SELECT [t].[Amount], [t].[Type], DATEPART(year, [t].[TransactionDate]) AS [Year], DATEPART(month, [t].[TransactionDate]) AS [Month]
    FROM [Transactions] AS [t]
    WHERE [t].[UserId] = @userId AND [t].[TransactionDate] >= @sixMonthsAgo
) AS [t0]
GROUP BY [t0].[Year], [t0].[Month], [t0].[Type]
2026-09-01 15:36:40.720 +05:30 [INF] Executed DbCommand (12ms) [Parameters=[@p='?' (DbType = Int32), @userId='?' (Size = 450), @monthStart='?' (DbType = DateTime2), @today='?' (DbType = DateTime2)], CommandType='"Text"', CommandTimeout='30']
SELECT TOP(@p) [c].[Name] AS [Category], COALESCE(SUM([t].[Amount]), 0.0) AS [Total]
FROM [Transactions] AS [t]
INNER JOIN [Categories] AS [c] ON [t].[CategoryId] = [c].[CategoryId]
WHERE [t].[UserId] = @userId AND [t].[Type] = N'Expense' AND [t].[TransactionDate] >= @monthStart AND [t].[TransactionDate] <= @today
GROUP BY [c].[Name]
ORDER BY COALESCE(SUM([t].[Amount]), 0.0) DESC
2026-09-01 15:36:40.728 +05:30 [INF] Executed DbCommand (7ms) [Parameters=[@userId='?' (Size = 450), @monthStart='?' (DbType = DateTime2), @today='?' (DbType = DateTime2)], CommandType='"Text"', CommandTimeout='30']
SELECT [t0].[Key] AS [Day], COALESCE(SUM([t0].[Amount]), 0.0) AS [Total]
FROM (
    SELECT [t].[Amount], DATEPART(day, [t].[TransactionDate]) AS [Key]
    FROM [Transactions] AS [t]
    WHERE [t].[UserId] = @userId AND [t].[Type] = N'Expense' AND [t].[TransactionDate] >= @monthStart AND [t].[TransactionDate] <= @today
) AS [t0]
GROUP BY [t0].[Key]
2026-09-01 15:36:40.739 +05:30 [INF] Executed DbCommand (10ms) [Parameters=[@userId='?' (Size = 450), @monthStart='?' (DbType = DateTime2), @today='?' (DbType = DateTime2)], CommandType='"Text"', CommandTimeout='30']
SELECT [p].[Name] AS [Method], COALESCE(SUM([t].[Amount]), 0.0) AS [Total]
FROM [Transactions] AS [t]
LEFT JOIN [PaymentMethods] AS [p] ON [t].[PaymentMethodId] = [p].[PaymentMethodId]
WHERE [t].[UserId] = @userId AND [t].[Type] = N'Expense' AND [t].[TransactionDate] >= @monthStart AND [t].[TransactionDate] <= @today AND [t].[PaymentMethodId] IS NOT NULL
GROUP BY [p].[Name]
2026-09-01 15:36:40.743 +05:30 [INF] Executed DbCommand (3ms) [Parameters=[@userId='?' (Size = 450), @today_Month='?' (DbType = Int32), @today_Year='?' (DbType = Int32)], CommandType='"Text"', CommandTimeout='30']
SELECT TOP(1) [b].[BudgetId], [b].[CreatedDate], [b].[Month], [b].[Notes], [b].[TotalBudget], [b].[UpdatedDate], [b].[UserId], [b].[Year]
FROM [Budgets] AS [b]
WHERE [b].[UserId] = @userId AND [b].[Month] = @today_Month AND [b].[Year] = @today_Year
2026-09-01 15:36:40.748 +05:30 [INF] Executed DbCommand (4ms) [Parameters=[@userId='?' (Size = 450)], CommandType='"Text"', CommandTimeout='30']
SELECT COUNT(*)
FROM [Notifications] AS [n]
WHERE [n].[UserId] = @userId AND [n].[IsRead] = CAST(0 AS bit)
2026-09-01 15:36:40.748 +05:30 [INF] Executing ViewResult, running view Index.
2026-09-01 15:36:40.754 +05:30 [INF] Executed DbCommand (4ms) [Parameters=[@p='?' (Size = 450)], CommandType='"Text"', CommandTimeout='30']
SELECT TOP(1) [a].[Id], [a].[AccessFailedCount], [a].[ConcurrencyStamp], [a].[CreatedDate], [a].[Currency], [a].[DateFormat], [a].[Email], [a].[EmailConfirmed], [a].[FirstName], [a].[LastName], [a].[LockoutEnabled], [a].[LockoutEnd], [a].[NormalizedEmail], [a].[NormalizedUserName], [a].[PasswordHash], [a].[PhoneNumber], [a].[PhoneNumberConfirmed], [a].[SecurityStamp], [a].[Theme], [a].[TwoFactorEnabled], [a].[UserName]
FROM [AspNetUsers] AS [a]
WHERE [a].[Id] = @p
2026-09-01 15:36:40.755 +05:30 [INF] Executed ViewResult - view Index executed in 7.2086ms.
2026-09-01 15:36:40.755 +05:30 [INF] Executed action MyDailyExpenseTracker.Controllers.DashboardController.Index (MyDailyExpenseTracker) in 140.4884ms
2026-09-01 15:36:40.755 +05:30 [INF] Executed endpoint 'MyDailyExpenseTracker.Controllers.DashboardController.Index (MyDailyExpenseTracker)'
2026-09-01 15:36:40.755 +05:30 [INF] Request finished HTTP/1.1 GET http://localhost:5172/ - 200 null text/html; charset=utf-8 141.6127ms
2026-09-01 15:42:59.016 +05:30 [INF] Request starting HTTP/1.1 GET http://localhost:5172/ - null null
2026-09-01 15:42:59.055 +05:30 [INF] Executing endpoint 'MyDailyExpenseTracker.Controllers.DashboardController.Index (MyDailyExpenseTracker)'
2026-09-01 15:42:59.058 +05:30 [INF] Route matched with {action = "Index", controller = "Dashboard"}. Executing controller action with signature System.Threading.Tasks.Task`1[Microsoft.AspNetCore.Mvc.IActionResult] Index() on controller MyDailyExpenseTracker.Controllers.DashboardController (MyDailyExpenseTracker).
2026-09-01 15:42:59.227 +05:30 [INF] Executed DbCommand (127ms) [Parameters=[@userId='?' (Size = 450), @today='?' (DbType = DateTime2), @today2='?' (DbType = DateTime2)], CommandType='"Text"', CommandTimeout='30']
SELECT [r].[RecurringExpenseId], [r].[Amount], [r].[CategoryId], [r].[CreatedDate], [r].[EndDate], [r].[Frequency], [r].[IsActive], [r].[LastGeneratedDate], [r].[Name], [r].[Notes], [r].[PaymentMethodId], [r].[StartDate], [r].[Type], [r].[UserId]
FROM [RecurringExpenses] AS [r]
WHERE [r].[UserId] = @userId AND [r].[IsActive] = CAST(1 AS bit) AND [r].[StartDate] <= @today AND ([r].[EndDate] IS NULL OR [r].[EndDate] >= @today2)
2026-09-01 15:42:59.265 +05:30 [INF] Executed DbCommand (31ms) [Parameters=[@userId='?' (Size = 450), @today_Month='?' (DbType = Int32), @today_Year='?' (DbType = Int32)], CommandType='"Text"', CommandTimeout='30']
SELECT [b1].[BudgetId], [b1].[CreatedDate], [b1].[Month], [b1].[Notes], [b1].[TotalBudget], [b1].[UpdatedDate], [b1].[UserId], [b1].[Year], [s].[BudgetCategoryId], [s].[Amount], [s].[BudgetId], [s].[CategoryId], [s].[CategoryId0], [s].[Color], [s].[CreatedDate], [s].[Icon], [s].[IsActive], [s].[IsDefault], [s].[Name], [s].[Type], [s].[UserId]
FROM (
    SELECT TOP(1) [b].[BudgetId], [b].[CreatedDate], [b].[Month], [b].[Notes], [b].[TotalBudget], [b].[UpdatedDate], [b].[UserId], [b].[Year]
    FROM [Budgets] AS [b]
    WHERE [b].[UserId] = @userId AND [b].[Month] = @today_Month AND [b].[Year] = @today_Year
) AS [b1]
LEFT JOIN (
    SELECT [b0].[BudgetCategoryId], [b0].[Amount], [b0].[BudgetId], [b0].[CategoryId], [c].[CategoryId] AS [CategoryId0], [c].[Color], [c].[CreatedDate], [c].[Icon], [c].[IsActive], [c].[IsDefault], [c].[Name], [c].[Type], [c].[UserId]
    FROM [BudgetCategories] AS [b0]
    INNER JOIN [Categories] AS [c] ON [b0].[CategoryId] = [c].[CategoryId]
) AS [s] ON [b1].[BudgetId] = [s].[BudgetId]
ORDER BY [b1].[BudgetId], [s].[BudgetCategoryId]
2026-09-01 15:42:59.298 +05:30 [INF] Executed DbCommand (26ms) [Parameters=[@userId='?' (Size = 450), @today='?' (DbType = DateTime2)], CommandType='"Text"', CommandTimeout='30']
SELECT [t].[Type], COALESCE(SUM([t].[Amount]), 0.0) AS [Total]
FROM [Transactions] AS [t]
WHERE [t].[UserId] = @userId AND CONVERT(date, [t].[TransactionDate]) = @today
GROUP BY [t].[Type]
2026-09-01 15:42:59.308 +05:30 [INF] Executed DbCommand (9ms) [Parameters=[@userId='?' (Size = 450), @monthStart='?' (DbType = DateTime2), @today='?' (DbType = DateTime2)], CommandType='"Text"', CommandTimeout='30']
SELECT [t].[Type], COALESCE(SUM([t].[Amount]), 0.0) AS [Total]
FROM [Transactions] AS [t]
WHERE [t].[UserId] = @userId AND [t].[TransactionDate] >= @monthStart AND [t].[TransactionDate] <= @today
GROUP BY [t].[Type]
2026-09-01 15:42:59.322 +05:30 [INF] Executed DbCommand (12ms) [Parameters=[@userId='?' (Size = 450)], CommandType='"Text"', CommandTimeout='30']
SELECT COALESCE(SUM([t].[Amount]), 0.0)
FROM [Transactions] AS [t]
WHERE [t].[UserId] = @userId AND [t].[Type] = N'Income'
2026-09-01 15:42:59.332 +05:30 [INF] Executed DbCommand (8ms) [Parameters=[@userId='?' (Size = 450)], CommandType='"Text"', CommandTimeout='30']
SELECT COALESCE(SUM([t].[Amount]), 0.0)
FROM [Transactions] AS [t]
WHERE [t].[UserId] = @userId AND [t].[Type] = N'Expense'
2026-09-01 15:42:59.340 +05:30 [INF] Executed DbCommand (7ms) [Parameters=[@userId='?' (Size = 450)], CommandType='"Text"', CommandTimeout='30']
SELECT COUNT(*)
FROM [Transactions] AS [t]
WHERE [t].[UserId] = @userId
2026-09-01 15:42:59.351 +05:30 [INF] Executed DbCommand (9ms) [Parameters=[@userId='?' (Size = 450), @prevStart='?' (DbType = DateTime2), @prevEnd='?' (DbType = DateTime2)], CommandType='"Text"', CommandTimeout='30']
SELECT COALESCE(SUM([t].[Amount]), 0.0)
FROM [Transactions] AS [t]
WHERE [t].[UserId] = @userId AND [t].[Type] = N'Expense' AND [t].[TransactionDate] >= @prevStart AND [t].[TransactionDate] <= @prevEnd
2026-09-01 15:42:59.382 +05:30 [INF] Executed DbCommand (24ms) [Parameters=[@p='?' (DbType = Int32), @userId='?' (Size = 450)], CommandType='"Text"', CommandTimeout='30']
SELECT [t0].[TransactionId], [t0].[TransactionDate], [t0].[Description], [c].[Name] AS [CategoryName], [c].[Icon] AS [CategoryIcon], [c].[Color] AS [CategoryColor], [t0].[Type], [t0].[Amount], [p].[Name] AS [PaymentMethodName]
FROM (
    SELECT TOP(@p) [t].[TransactionId], [t].[Amount], [t].[CategoryId], [t].[CreatedDate], [t].[Description], [t].[PaymentMethodId], [t].[TransactionDate], [t].[Type]
    FROM [Transactions] AS [t]
    WHERE [t].[UserId] = @userId
    ORDER BY [t].[TransactionDate] DESC, [t].[CreatedDate] DESC
) AS [t0]
INNER JOIN [Categories] AS [c] ON [t0].[CategoryId] = [c].[CategoryId]
LEFT JOIN [PaymentMethods] AS [p] ON [t0].[PaymentMethodId] = [p].[PaymentMethodId]
ORDER BY [t0].[TransactionDate] DESC, [t0].[CreatedDate] DESC
2026-09-01 15:42:59.406 +05:30 [INF] Executed DbCommand (22ms) [Parameters=[@userId='?' (Size = 450), @sixMonthsAgo='?' (DbType = DateTime2)], CommandType='"Text"', CommandTimeout='30']
SELECT [t0].[Year], [t0].[Month], COALESCE(SUM([t0].[Amount]), 0.0) AS [Total]
FROM (
    SELECT [t].[Amount], DATEPART(year, [t].[TransactionDate]) AS [Year], DATEPART(month, [t].[TransactionDate]) AS [Month]
    FROM [Transactions] AS [t]
    WHERE [t].[UserId] = @userId AND [t].[Type] = N'Expense' AND [t].[TransactionDate] >= @sixMonthsAgo
) AS [t0]
GROUP BY [t0].[Year], [t0].[Month]
2026-09-01 15:42:59.420 +05:30 [INF] Executed DbCommand (11ms) [Parameters=[@userId='?' (Size = 450), @sixMonthsAgo='?' (DbType = DateTime2)], CommandType='"Text"', CommandTimeout='30']
SELECT [t0].[Year], [t0].[Month], [t0].[Type], COALESCE(SUM([t0].[Amount]), 0.0) AS [Total]
FROM (
    SELECT [t].[Amount], [t].[Type], DATEPART(year, [t].[TransactionDate]) AS [Year], DATEPART(month, [t].[TransactionDate]) AS [Month]
    FROM [Transactions] AS [t]
    WHERE [t].[UserId] = @userId AND [t].[TransactionDate] >= @sixMonthsAgo
) AS [t0]
GROUP BY [t0].[Year], [t0].[Month], [t0].[Type]
2026-09-01 15:42:59.442 +05:30 [INF] Executed DbCommand (20ms) [Parameters=[@p='?' (DbType = Int32), @userId='?' (Size = 450), @monthStart='?' (DbType = DateTime2), @today='?' (DbType = DateTime2)], CommandType='"Text"', CommandTimeout='30']
SELECT TOP(@p) [c].[Name] AS [Category], COALESCE(SUM([t].[Amount]), 0.0) AS [Total]
FROM [Transactions] AS [t]
INNER JOIN [Categories] AS [c] ON [t].[CategoryId] = [c].[CategoryId]
WHERE [t].[UserId] = @userId AND [t].[Type] = N'Expense' AND [t].[TransactionDate] >= @monthStart AND [t].[TransactionDate] <= @today
GROUP BY [c].[Name]
ORDER BY COALESCE(SUM([t].[Amount]), 0.0) DESC
2026-09-01 15:42:59.454 +05:30 [INF] Executed DbCommand (10ms) [Parameters=[@userId='?' (Size = 450), @monthStart='?' (DbType = DateTime2), @today='?' (DbType = DateTime2)], CommandType='"Text"', CommandTimeout='30']
SELECT [t0].[Key] AS [Day], COALESCE(SUM([t0].[Amount]), 0.0) AS [Total]
FROM (
    SELECT [t].[Amount], DATEPART(day, [t].[TransactionDate]) AS [Key]
    FROM [Transactions] AS [t]
    WHERE [t].[UserId] = @userId AND [t].[Type] = N'Expense' AND [t].[TransactionDate] >= @monthStart AND [t].[TransactionDate] <= @today
) AS [t0]
GROUP BY [t0].[Key]
2026-09-01 15:42:59.473 +05:30 [INF] Executed DbCommand (16ms) [Parameters=[@userId='?' (Size = 450), @monthStart='?' (DbType = DateTime2), @today='?' (DbType = DateTime2)], CommandType='"Text"', CommandTimeout='30']
SELECT [p].[Name] AS [Method], COALESCE(SUM([t].[Amount]), 0.0) AS [Total]
FROM [Transactions] AS [t]
LEFT JOIN [PaymentMethods] AS [p] ON [t].[PaymentMethodId] = [p].[PaymentMethodId]
WHERE [t].[UserId] = @userId AND [t].[Type] = N'Expense' AND [t].[TransactionDate] >= @monthStart AND [t].[TransactionDate] <= @today AND [t].[PaymentMethodId] IS NOT NULL
GROUP BY [p].[Name]
2026-09-01 15:42:59.480 +05:30 [INF] Executed DbCommand (5ms) [Parameters=[@userId='?' (Size = 450), @today_Month='?' (DbType = Int32), @today_Year='?' (DbType = Int32)], CommandType='"Text"', CommandTimeout='30']
SELECT TOP(1) [b].[BudgetId], [b].[CreatedDate], [b].[Month], [b].[Notes], [b].[TotalBudget], [b].[UpdatedDate], [b].[UserId], [b].[Year]
FROM [Budgets] AS [b]
WHERE [b].[UserId] = @userId AND [b].[Month] = @today_Month AND [b].[Year] = @today_Year
2026-09-01 15:42:59.488 +05:30 [INF] Executed DbCommand (7ms) [Parameters=[@userId='?' (Size = 450)], CommandType='"Text"', CommandTimeout='30']
SELECT COUNT(*)
FROM [Notifications] AS [n]
WHERE [n].[UserId] = @userId AND [n].[IsRead] = CAST(0 AS bit)
2026-09-01 15:42:59.492 +05:30 [INF] Executing ViewResult, running view Index.
2026-09-01 15:42:59.573 +05:30 [INF] Executed DbCommand (26ms) [Parameters=[@p='?' (Size = 450)], CommandType='"Text"', CommandTimeout='30']
SELECT TOP(1) [a].[Id], [a].[AccessFailedCount], [a].[ConcurrencyStamp], [a].[CreatedDate], [a].[Currency], [a].[DateFormat], [a].[Email], [a].[EmailConfirmed], [a].[FirstName], [a].[LastName], [a].[LockoutEnabled], [a].[LockoutEnd], [a].[NormalizedEmail], [a].[NormalizedUserName], [a].[PasswordHash], [a].[PhoneNumber], [a].[PhoneNumberConfirmed], [a].[SecurityStamp], [a].[Theme], [a].[TwoFactorEnabled], [a].[UserName]
FROM [AspNetUsers] AS [a]
WHERE [a].[Id] = @p
2026-09-01 15:42:59.596 +05:30 [INF] Executed ViewResult - view Index executed in 106.3987ms.
2026-09-01 15:42:59.597 +05:30 [INF] Executed action MyDailyExpenseTracker.Controllers.DashboardController.Index (MyDailyExpenseTracker) in 537.8069ms
2026-09-01 15:42:59.597 +05:30 [INF] Executed endpoint 'MyDailyExpenseTracker.Controllers.DashboardController.Index (MyDailyExpenseTracker)'
2026-09-01 15:42:59.597 +05:30 [INF] Request finished HTTP/1.1 GET http://localhost:5172/ - 200 null text/html; charset=utf-8 582.327ms
2026-09-01 15:42:59.969 +05:30 [INF] Request starting HTTP/1.1 GET http://localhost:5172/css/site.css?v=sR4yzXFRap2fHEGdzNVt8NopMXg07zrK4XywahY6PY0 - null null
2026-09-01 15:43:00.005 +05:30 [INF] Sending file. Request path: '/css/site.css'. Physical path: 'C:\Users\ABHI\Desktop\Expense Tracker\MyDailyExpenseTracker\wwwroot\css\site.css'
2026-09-01 15:43:00.006 +05:30 [INF] Request finished HTTP/1.1 GET http://localhost:5172/css/site.css?v=sR4yzXFRap2fHEGdzNVt8NopMXg07zrK4XywahY6PY0 - 200 27799 text/css 36.6709ms
2026-09-01 15:43:00.459 +05:30 [INF] Request starting HTTP/1.1 GET http://localhost:5172/favicon.ico - null null
2026-09-01 15:43:00.476 +05:30 [INF] The file /favicon.ico was not modified
2026-09-01 15:43:00.477 +05:30 [INF] Request finished HTTP/1.1 GET http://localhost:5172/favicon.ico - 304 null image/x-icon 18.0816ms
2026-09-01 15:43:12.986 +05:30 [INF] Request starting HTTP/1.1 GET http://localhost:5172/Transactions - null null
2026-09-01 15:43:12.987 +05:30 [INF] Executing endpoint 'MyDailyExpenseTracker.Controllers.TransactionsController.Index (MyDailyExpenseTracker)'
2026-09-01 15:43:12.987 +05:30 [INF] Route matched with {action = "Index", controller = "Transactions"}. Executing controller action with signature System.Threading.Tasks.Task`1[Microsoft.AspNetCore.Mvc.IActionResult] Index(MyDailyExpenseTracker.ViewModels.TransactionFilterViewModel) on controller MyDailyExpenseTracker.Controllers.TransactionsController (MyDailyExpenseTracker).
2026-09-01 15:43:13.003 +05:30 [INF] Executed DbCommand (5ms) [Parameters=[@userId='?' (Size = 450)], CommandType='"Text"', CommandTimeout='30']
SELECT [t].[Type], [t].[Amount]
FROM [Transactions] AS [t]
WHERE [t].[UserId] = @userId
2026-09-01 15:43:13.029 +05:30 [INF] Executed DbCommand (18ms) [Parameters=[@userId='?' (Size = 450), @p='?' (DbType = Int32), @p2='?' (DbType = Int32)], CommandType='"Text"', CommandTimeout='30']
SELECT [t0].[TransactionId], [t0].[TransactionDate], [t0].[Description], [c].[Name] AS [CategoryName], [c].[Icon] AS [CategoryIcon], [c].[Color] AS [CategoryColor], [t0].[Type], [t0].[Amount], [p].[Name] AS [PaymentMethodName]
FROM (
    SELECT [t].[TransactionId], [t].[Amount], [t].[CategoryId], [t].[CreatedDate], [t].[Description], [t].[PaymentMethodId], [t].[TransactionDate], [t].[Type]
    FROM [Transactions] AS [t]
    WHERE [t].[UserId] = @userId
    ORDER BY [t].[TransactionDate] DESC, [t].[CreatedDate] DESC
    OFFSET @p ROWS FETCH NEXT @p2 ROWS ONLY
) AS [t0]
INNER JOIN [Categories] AS [c] ON [t0].[CategoryId] = [c].[CategoryId]
LEFT JOIN [PaymentMethods] AS [p] ON [t0].[PaymentMethodId] = [p].[PaymentMethodId]
ORDER BY [t0].[TransactionDate] DESC, [t0].[CreatedDate] DESC
2026-09-01 15:43:13.049 +05:30 [INF] Executed DbCommand (17ms) [Parameters=[@userId='?' (Size = 450)], CommandType='"Text"', CommandTimeout='30']
SELECT CONVERT(varchar(11), [c].[CategoryId]) AS [Value], [c].[Name] AS [Text]
FROM [Categories] AS [c]
WHERE [c].[IsActive] = CAST(1 AS bit) AND ([c].[UserId] = @userId OR [c].[UserId] IS NULL)
ORDER BY [c].[Name]
2026-09-01 15:43:13.059 +05:30 [INF] Executed DbCommand (9ms) [Parameters=[@userId='?' (Size = 450)], CommandType='"Text"', CommandTimeout='30']
SELECT CONVERT(varchar(11), [p].[PaymentMethodId]) AS [Value], [p].[Name] AS [Text]
FROM [PaymentMethods] AS [p]
WHERE [p].[IsActive] = CAST(1 AS bit) AND ([p].[UserId] = @userId OR [p].[UserId] IS NULL)
ORDER BY [p].[Name]
2026-09-01 15:43:13.059 +05:30 [INF] Executing ViewResult, running view Index.
2026-09-01 15:43:13.068 +05:30 [INF] Executed DbCommand (7ms) [Parameters=[@p='?' (Size = 450)], CommandType='"Text"', CommandTimeout='30']
SELECT TOP(1) [a].[Id], [a].[AccessFailedCount], [a].[ConcurrencyStamp], [a].[CreatedDate], [a].[Currency], [a].[DateFormat], [a].[Email], [a].[EmailConfirmed], [a].[FirstName], [a].[LastName], [a].[LockoutEnabled], [a].[LockoutEnd], [a].[NormalizedEmail], [a].[NormalizedUserName], [a].[PasswordHash], [a].[PhoneNumber], [a].[PhoneNumberConfirmed], [a].[SecurityStamp], [a].[Theme], [a].[TwoFactorEnabled], [a].[UserName]
FROM [AspNetUsers] AS [a]
WHERE [a].[Id] = @p
2026-09-01 15:43:13.069 +05:30 [INF] Executed ViewResult - view Index executed in 10.1873ms.
2026-09-01 15:43:13.069 +05:30 [INF] Executed action MyDailyExpenseTracker.Controllers.TransactionsController.Index (MyDailyExpenseTracker) in 82.0898ms
2026-09-01 15:43:13.069 +05:30 [INF] Executed endpoint 'MyDailyExpenseTracker.Controllers.TransactionsController.Index (MyDailyExpenseTracker)'
2026-09-01 15:43:13.069 +05:30 [INF] Request finished HTTP/1.1 GET http://localhost:5172/Transactions - 200 null text/html; charset=utf-8 83.0935ms
2026-09-01 15:43:13.139 +05:30 [INF] Request starting HTTP/1.1 GET http://localhost:5172/css/site.css?v=sR4yzXFRap2fHEGdzNVt8NopMXg07zrK4XywahY6PY0 - null null
2026-09-01 15:43:13.139 +05:30 [INF] The file /css/site.css was not modified
2026-09-01 15:43:13.140 +05:30 [INF] Request finished HTTP/1.1 GET http://localhost:5172/css/site.css?v=sR4yzXFRap2fHEGdzNVt8NopMXg07zrK4XywahY6PY0 - 304 null text/css 0.9119ms
2026-09-01 15:43:20.074 +05:30 [INF] Request starting HTTP/1.1 GET http://localhost:5172/RecurringExpenses - null null
2026-09-01 15:43:20.075 +05:30 [INF] Executing endpoint 'MyDailyExpenseTracker.Controllers.RecurringExpensesController.Index (MyDailyExpenseTracker)'
2026-09-01 15:43:20.075 +05:30 [INF] Route matched with {action = "Index", controller = "RecurringExpenses"}. Executing controller action with signature System.Threading.Tasks.Task`1[Microsoft.AspNetCore.Mvc.IActionResult] Index() on controller MyDailyExpenseTracker.Controllers.RecurringExpensesController (MyDailyExpenseTracker).
2026-09-01 15:43:20.084 +05:30 [INF] Executed DbCommand (7ms) [Parameters=[@userId='?' (Size = 450)], CommandType='"Text"', CommandTimeout='30']
SELECT [r].[RecurringExpenseId], [r].[Name], [r].[Amount], [r].[Type], [r].[CategoryId], [c].[Name] AS [CategoryName], [r].[PaymentMethodId], [p].[Name] AS [PaymentMethodName], [r].[Frequency], [r].[StartDate], [r].[EndDate], [r].[IsActive], [r].[LastGeneratedDate], [r].[Notes]
FROM [RecurringExpenses] AS [r]
INNER JOIN [Categories] AS [c] ON [r].[CategoryId] = [c].[CategoryId]
LEFT JOIN [PaymentMethods] AS [p] ON [r].[PaymentMethodId] = [p].[PaymentMethodId]
WHERE [r].[UserId] = @userId
ORDER BY [r].[Name]
2026-09-01 15:43:20.084 +05:30 [INF] Executing ViewResult, running view Index.
2026-09-01 15:43:20.088 +05:30 [INF] Executed DbCommand (3ms) [Parameters=[@p='?' (Size = 450)], CommandType='"Text"', CommandTimeout='30']
SELECT TOP(1) [a].[Id], [a].[AccessFailedCount], [a].[ConcurrencyStamp], [a].[CreatedDate], [a].[Currency], [a].[DateFormat], [a].[Email], [a].[EmailConfirmed], [a].[FirstName], [a].[LastName], [a].[LockoutEnabled], [a].[LockoutEnd], [a].[NormalizedEmail], [a].[NormalizedUserName], [a].[PasswordHash], [a].[PhoneNumber], [a].[PhoneNumberConfirmed], [a].[SecurityStamp], [a].[Theme], [a].[TwoFactorEnabled], [a].[UserName]
FROM [AspNetUsers] AS [a]
WHERE [a].[Id] = @p
2026-09-01 15:43:20.089 +05:30 [INF] Executed ViewResult - view Index executed in 4.8098ms.
2026-09-01 15:43:20.089 +05:30 [INF] Executed action MyDailyExpenseTracker.Controllers.RecurringExpensesController.Index (MyDailyExpenseTracker) in 13.904ms
2026-09-01 15:43:20.089 +05:30 [INF] Executed endpoint 'MyDailyExpenseTracker.Controllers.RecurringExpensesController.Index (MyDailyExpenseTracker)'
2026-09-01 15:43:20.089 +05:30 [INF] Request finished HTTP/1.1 GET http://localhost:5172/RecurringExpenses - 200 null text/html; charset=utf-8 14.6774ms
2026-09-01 15:43:21.250 +05:30 [INF] Request starting HTTP/1.1 GET http://localhost:5172/Categories - null null
2026-09-01 15:43:21.250 +05:30 [INF] Executing endpoint 'MyDailyExpenseTracker.Controllers.CategoriesController.Index (MyDailyExpenseTracker)'
2026-09-01 15:43:21.250 +05:30 [INF] Route matched with {action = "Index", controller = "Categories"}. Executing controller action with signature System.Threading.Tasks.Task`1[Microsoft.AspNetCore.Mvc.IActionResult] Index() on controller MyDailyExpenseTracker.Controllers.CategoriesController (MyDailyExpenseTracker).
2026-09-01 15:43:21.261 +05:30 [INF] Executed DbCommand (9ms) [Parameters=[@userId='?' (Size = 450)], CommandType='"Text"', CommandTimeout='30']
SELECT [t].[CategoryId], COUNT(*) AS [Count]
FROM [Transactions] AS [t]
WHERE [t].[UserId] = @userId
GROUP BY [t].[CategoryId]
2026-09-01 15:43:21.267 +05:30 [INF] Executed DbCommand (5ms) [Parameters=[@userId='?' (Size = 450)], CommandType='"Text"', CommandTimeout='30']
SELECT [c].[CategoryId], [c].[Name], [c].[Icon], [c].[Color], [c].[Type], [c].[IsDefault]
FROM [Categories] AS [c]
WHERE [c].[IsActive] = CAST(1 AS bit) AND ([c].[UserId] = @userId OR [c].[UserId] IS NULL)
ORDER BY [c].[Type], [c].[Name]
2026-09-01 15:43:21.267 +05:30 [INF] Executing ViewResult, running view Index.
2026-09-01 15:43:21.271 +05:30 [INF] Executed DbCommand (3ms) [Parameters=[@p='?' (Size = 450)], CommandType='"Text"', CommandTimeout='30']
SELECT TOP(1) [a].[Id], [a].[AccessFailedCount], [a].[ConcurrencyStamp], [a].[CreatedDate], [a].[Currency], [a].[DateFormat], [a].[Email], [a].[EmailConfirmed], [a].[FirstName], [a].[LastName], [a].[LockoutEnabled], [a].[LockoutEnd], [a].[NormalizedEmail], [a].[NormalizedUserName], [a].[PasswordHash], [a].[PhoneNumber], [a].[PhoneNumberConfirmed], [a].[SecurityStamp], [a].[Theme], [a].[TwoFactorEnabled], [a].[UserName]
FROM [AspNetUsers] AS [a]
WHERE [a].[Id] = @p
2026-09-01 15:43:21.272 +05:30 [INF] Executed ViewResult - view Index executed in 5.5685ms.
2026-09-01 15:43:21.273 +05:30 [INF] Executed action MyDailyExpenseTracker.Controllers.CategoriesController.Index (MyDailyExpenseTracker) in 22.6794ms
2026-09-01 15:43:21.273 +05:30 [INF] Executed endpoint 'MyDailyExpenseTracker.Controllers.CategoriesController.Index (MyDailyExpenseTracker)'
2026-09-01 15:43:21.273 +05:30 [INF] Request finished HTTP/1.1 GET http://localhost:5172/Categories - 200 null text/html; charset=utf-8 23.4411ms
2026-09-01 15:43:22.848 +05:30 [INF] Request starting HTTP/1.1 GET http://localhost:5172/Transactions - null null
2026-09-01 15:43:22.849 +05:30 [INF] Executing endpoint 'MyDailyExpenseTracker.Controllers.TransactionsController.Index (MyDailyExpenseTracker)'
2026-09-01 15:43:22.849 +05:30 [INF] Route matched with {action = "Index", controller = "Transactions"}. Executing controller action with signature System.Threading.Tasks.Task`1[Microsoft.AspNetCore.Mvc.IActionResult] Index(MyDailyExpenseTracker.ViewModels.TransactionFilterViewModel) on controller MyDailyExpenseTracker.Controllers.TransactionsController (MyDailyExpenseTracker).
2026-09-01 15:43:22.860 +05:30 [INF] Executed DbCommand (5ms) [Parameters=[@userId='?' (Size = 450)], CommandType='"Text"', CommandTimeout='30']
SELECT [t].[Type], [t].[Amount]
FROM [Transactions] AS [t]
WHERE [t].[UserId] = @userId
2026-09-01 15:43:22.869 +05:30 [INF] Executed DbCommand (8ms) [Parameters=[@userId='?' (Size = 450), @p='?' (DbType = Int32), @p2='?' (DbType = Int32)], CommandType='"Text"', CommandTimeout='30']
SELECT [t0].[TransactionId], [t0].[TransactionDate], [t0].[Description], [c].[Name] AS [CategoryName], [c].[Icon] AS [CategoryIcon], [c].[Color] AS [CategoryColor], [t0].[Type], [t0].[Amount], [p].[Name] AS [PaymentMethodName]
FROM (
    SELECT [t].[TransactionId], [t].[Amount], [t].[CategoryId], [t].[CreatedDate], [t].[Description], [t].[PaymentMethodId], [t].[TransactionDate], [t].[Type]
    FROM [Transactions] AS [t]
    WHERE [t].[UserId] = @userId
    ORDER BY [t].[TransactionDate] DESC, [t].[CreatedDate] DESC
    OFFSET @p ROWS FETCH NEXT @p2 ROWS ONLY
) AS [t0]
INNER JOIN [Categories] AS [c] ON [t0].[CategoryId] = [c].[CategoryId]
LEFT JOIN [PaymentMethods] AS [p] ON [t0].[PaymentMethodId] = [p].[PaymentMethodId]
ORDER BY [t0].[TransactionDate] DESC, [t0].[CreatedDate] DESC
2026-09-01 15:43:22.877 +05:30 [INF] Executed DbCommand (7ms) [Parameters=[@userId='?' (Size = 450)], CommandType='"Text"', CommandTimeout='30']
SELECT CONVERT(varchar(11), [c].[CategoryId]) AS [Value], [c].[Name] AS [Text]
FROM [Categories] AS [c]
WHERE [c].[IsActive] = CAST(1 AS bit) AND ([c].[UserId] = @userId OR [c].[UserId] IS NULL)
ORDER BY [c].[Name]
2026-09-01 15:43:22.882 +05:30 [INF] Executed DbCommand (4ms) [Parameters=[@userId='?' (Size = 450)], CommandType='"Text"', CommandTimeout='30']
SELECT CONVERT(varchar(11), [p].[PaymentMethodId]) AS [Value], [p].[Name] AS [Text]
FROM [PaymentMethods] AS [p]
WHERE [p].[IsActive] = CAST(1 AS bit) AND ([p].[UserId] = @userId OR [p].[UserId] IS NULL)
ORDER BY [p].[Name]
2026-09-01 15:43:22.882 +05:30 [INF] Executing ViewResult, running view Index.
2026-09-01 15:43:22.887 +05:30 [INF] Executed DbCommand (4ms) [Parameters=[@p='?' (Size = 450)], CommandType='"Text"', CommandTimeout='30']
SELECT TOP(1) [a].[Id], [a].[AccessFailedCount], [a].[ConcurrencyStamp], [a].[CreatedDate], [a].[Currency], [a].[DateFormat], [a].[Email], [a].[EmailConfirmed], [a].[FirstName], [a].[LastName], [a].[LockoutEnabled], [a].[LockoutEnd], [a].[NormalizedEmail], [a].[NormalizedUserName], [a].[PasswordHash], [a].[PhoneNumber], [a].[PhoneNumberConfirmed], [a].[SecurityStamp], [a].[Theme], [a].[TwoFactorEnabled], [a].[UserName]
FROM [AspNetUsers] AS [a]
WHERE [a].[Id] = @p
2026-09-01 15:43:22.888 +05:30 [INF] Executed ViewResult - view Index executed in 5.3096ms.
2026-09-01 15:43:22.888 +05:30 [INF] Executed action MyDailyExpenseTracker.Controllers.TransactionsController.Index (MyDailyExpenseTracker) in 38.4783ms
2026-09-01 15:43:22.888 +05:30 [INF] Executed endpoint 'MyDailyExpenseTracker.Controllers.TransactionsController.Index (MyDailyExpenseTracker)'
2026-09-01 15:43:22.888 +05:30 [INF] Request finished HTTP/1.1 GET http://localhost:5172/Transactions - 200 null text/html; charset=utf-8 39.3882ms
2026-09-01 15:43:23.578 +05:30 [INF] Request starting HTTP/1.1 GET http://localhost:5172/ - null null
2026-09-01 15:43:23.578 +05:30 [INF] Executing endpoint 'MyDailyExpenseTracker.Controllers.DashboardController.Index (MyDailyExpenseTracker)'
2026-09-01 15:43:23.578 +05:30 [INF] Route matched with {action = "Index", controller = "Dashboard"}. Executing controller action with signature System.Threading.Tasks.Task`1[Microsoft.AspNetCore.Mvc.IActionResult] Index() on controller MyDailyExpenseTracker.Controllers.DashboardController (MyDailyExpenseTracker).
2026-09-01 15:43:23.586 +05:30 [INF] Executed DbCommand (7ms) [Parameters=[@userId='?' (Size = 450), @today='?' (DbType = DateTime2), @today2='?' (DbType = DateTime2)], CommandType='"Text"', CommandTimeout='30']
SELECT [r].[RecurringExpenseId], [r].[Amount], [r].[CategoryId], [r].[CreatedDate], [r].[EndDate], [r].[Frequency], [r].[IsActive], [r].[LastGeneratedDate], [r].[Name], [r].[Notes], [r].[PaymentMethodId], [r].[StartDate], [r].[Type], [r].[UserId]
FROM [RecurringExpenses] AS [r]
WHERE [r].[UserId] = @userId AND [r].[IsActive] = CAST(1 AS bit) AND [r].[StartDate] <= @today AND ([r].[EndDate] IS NULL OR [r].[EndDate] >= @today2)
2026-09-01 15:43:23.609 +05:30 [INF] Executed DbCommand (21ms) [Parameters=[@userId='?' (Size = 450), @today_Month='?' (DbType = Int32), @today_Year='?' (DbType = Int32)], CommandType='"Text"', CommandTimeout='30']
SELECT [b1].[BudgetId], [b1].[CreatedDate], [b1].[Month], [b1].[Notes], [b1].[TotalBudget], [b1].[UpdatedDate], [b1].[UserId], [b1].[Year], [s].[BudgetCategoryId], [s].[Amount], [s].[BudgetId], [s].[CategoryId], [s].[CategoryId0], [s].[Color], [s].[CreatedDate], [s].[Icon], [s].[IsActive], [s].[IsDefault], [s].[Name], [s].[Type], [s].[UserId]
FROM (
    SELECT TOP(1) [b].[BudgetId], [b].[CreatedDate], [b].[Month], [b].[Notes], [b].[TotalBudget], [b].[UpdatedDate], [b].[UserId], [b].[Year]
    FROM [Budgets] AS [b]
    WHERE [b].[UserId] = @userId AND [b].[Month] = @today_Month AND [b].[Year] = @today_Year
) AS [b1]
LEFT JOIN (
    SELECT [b0].[BudgetCategoryId], [b0].[Amount], [b0].[BudgetId], [b0].[CategoryId], [c].[CategoryId] AS [CategoryId0], [c].[Color], [c].[CreatedDate], [c].[Icon], [c].[IsActive], [c].[IsDefault], [c].[Name], [c].[Type], [c].[UserId]
    FROM [BudgetCategories] AS [b0]
    INNER JOIN [Categories] AS [c] ON [b0].[CategoryId] = [c].[CategoryId]
) AS [s] ON [b1].[BudgetId] = [s].[BudgetId]
ORDER BY [b1].[BudgetId], [s].[BudgetCategoryId]
2026-09-01 15:43:23.619 +05:30 [INF] Executed DbCommand (9ms) [Parameters=[@userId='?' (Size = 450), @today='?' (DbType = DateTime2)], CommandType='"Text"', CommandTimeout='30']
SELECT [t].[Type], COALESCE(SUM([t].[Amount]), 0.0) AS [Total]
FROM [Transactions] AS [t]
WHERE [t].[UserId] = @userId AND CONVERT(date, [t].[TransactionDate]) = @today
GROUP BY [t].[Type]
2026-09-01 15:43:23.628 +05:30 [INF] Executed DbCommand (7ms) [Parameters=[@userId='?' (Size = 450), @monthStart='?' (DbType = DateTime2), @today='?' (DbType = DateTime2)], CommandType='"Text"', CommandTimeout='30']
SELECT [t].[Type], COALESCE(SUM([t].[Amount]), 0.0) AS [Total]
FROM [Transactions] AS [t]
WHERE [t].[UserId] = @userId AND [t].[TransactionDate] >= @monthStart AND [t].[TransactionDate] <= @today
GROUP BY [t].[Type]
2026-09-01 15:43:23.633 +05:30 [INF] Executed DbCommand (5ms) [Parameters=[@userId='?' (Size = 450)], CommandType='"Text"', CommandTimeout='30']
SELECT COALESCE(SUM([t].[Amount]), 0.0)
FROM [Transactions] AS [t]
WHERE [t].[UserId] = @userId AND [t].[Type] = N'Income'
2026-09-01 15:43:23.639 +05:30 [INF] Executed DbCommand (5ms) [Parameters=[@userId='?' (Size = 450)], CommandType='"Text"', CommandTimeout='30']
SELECT COALESCE(SUM([t].[Amount]), 0.0)
FROM [Transactions] AS [t]
WHERE [t].[UserId] = @userId AND [t].[Type] = N'Expense'
2026-09-01 15:43:23.641 +05:30 [INF] Executed DbCommand (2ms) [Parameters=[@userId='?' (Size = 450)], CommandType='"Text"', CommandTimeout='30']
SELECT COUNT(*)
FROM [Transactions] AS [t]
WHERE [t].[UserId] = @userId
2026-09-01 15:43:23.647 +05:30 [INF] Executed DbCommand (5ms) [Parameters=[@userId='?' (Size = 450), @prevStart='?' (DbType = DateTime2), @prevEnd='?' (DbType = DateTime2)], CommandType='"Text"', CommandTimeout='30']
SELECT COALESCE(SUM([t].[Amount]), 0.0)
FROM [Transactions] AS [t]
WHERE [t].[UserId] = @userId AND [t].[Type] = N'Expense' AND [t].[TransactionDate] >= @prevStart AND [t].[TransactionDate] <= @prevEnd
2026-09-01 15:43:23.655 +05:30 [INF] Executed DbCommand (8ms) [Parameters=[@p='?' (DbType = Int32), @userId='?' (Size = 450)], CommandType='"Text"', CommandTimeout='30']
SELECT [t0].[TransactionId], [t0].[TransactionDate], [t0].[Description], [c].[Name] AS [CategoryName], [c].[Icon] AS [CategoryIcon], [c].[Color] AS [CategoryColor], [t0].[Type], [t0].[Amount], [p].[Name] AS [PaymentMethodName]
FROM (
    SELECT TOP(@p) [t].[TransactionId], [t].[Amount], [t].[CategoryId], [t].[CreatedDate], [t].[Description], [t].[PaymentMethodId], [t].[TransactionDate], [t].[Type]
    FROM [Transactions] AS [t]
    WHERE [t].[UserId] = @userId
    ORDER BY [t].[TransactionDate] DESC, [t].[CreatedDate] DESC
) AS [t0]
INNER JOIN [Categories] AS [c] ON [t0].[CategoryId] = [c].[CategoryId]
LEFT JOIN [PaymentMethods] AS [p] ON [t0].[PaymentMethodId] = [p].[PaymentMethodId]
ORDER BY [t0].[TransactionDate] DESC, [t0].[CreatedDate] DESC
2026-09-01 15:43:23.663 +05:30 [INF] Executed DbCommand (7ms) [Parameters=[@userId='?' (Size = 450), @sixMonthsAgo='?' (DbType = DateTime2)], CommandType='"Text"', CommandTimeout='30']
SELECT [t0].[Year], [t0].[Month], COALESCE(SUM([t0].[Amount]), 0.0) AS [Total]
FROM (
    SELECT [t].[Amount], DATEPART(year, [t].[TransactionDate]) AS [Year], DATEPART(month, [t].[TransactionDate]) AS [Month]
    FROM [Transactions] AS [t]
    WHERE [t].[UserId] = @userId AND [t].[Type] = N'Expense' AND [t].[TransactionDate] >= @sixMonthsAgo
) AS [t0]
GROUP BY [t0].[Year], [t0].[Month]
2026-09-01 15:43:23.673 +05:30 [INF] Executed DbCommand (8ms) [Parameters=[@userId='?' (Size = 450), @sixMonthsAgo='?' (DbType = DateTime2)], CommandType='"Text"', CommandTimeout='30']
SELECT [t0].[Year], [t0].[Month], [t0].[Type], COALESCE(SUM([t0].[Amount]), 0.0) AS [Total]
FROM (
    SELECT [t].[Amount], [t].[Type], DATEPART(year, [t].[TransactionDate]) AS [Year], DATEPART(month, [t].[TransactionDate]) AS [Month]
    FROM [Transactions] AS [t]
    WHERE [t].[UserId] = @userId AND [t].[TransactionDate] >= @sixMonthsAgo
) AS [t0]
GROUP BY [t0].[Year], [t0].[Month], [t0].[Type]
2026-09-01 15:43:23.687 +05:30 [INF] Executed DbCommand (13ms) [Parameters=[@p='?' (DbType = Int32), @userId='?' (Size = 450), @monthStart='?' (DbType = DateTime2), @today='?' (DbType = DateTime2)], CommandType='"Text"', CommandTimeout='30']
SELECT TOP(@p) [c].[Name] AS [Category], COALESCE(SUM([t].[Amount]), 0.0) AS [Total]
FROM [Transactions] AS [t]
INNER JOIN [Categories] AS [c] ON [t].[CategoryId] = [c].[CategoryId]
WHERE [t].[UserId] = @userId AND [t].[Type] = N'Expense' AND [t].[TransactionDate] >= @monthStart AND [t].[TransactionDate] <= @today
GROUP BY [c].[Name]
ORDER BY COALESCE(SUM([t].[Amount]), 0.0) DESC
2026-09-01 15:43:23.697 +05:30 [INF] Executed DbCommand (9ms) [Parameters=[@userId='?' (Size = 450), @monthStart='?' (DbType = DateTime2), @today='?' (DbType = DateTime2)], CommandType='"Text"', CommandTimeout='30']
SELECT [t0].[Key] AS [Day], COALESCE(SUM([t0].[Amount]), 0.0) AS [Total]
FROM (
    SELECT [t].[Amount], DATEPART(day, [t].[TransactionDate]) AS [Key]
    FROM [Transactions] AS [t]
    WHERE [t].[UserId] = @userId AND [t].[Type] = N'Expense' AND [t].[TransactionDate] >= @monthStart AND [t].[TransactionDate] <= @today
) AS [t0]
GROUP BY [t0].[Key]
2026-09-01 15:43:23.706 +05:30 [INF] Executed DbCommand (9ms) [Parameters=[@userId='?' (Size = 450), @monthStart='?' (DbType = DateTime2), @today='?' (DbType = DateTime2)], CommandType='"Text"', CommandTimeout='30']
SELECT [p].[Name] AS [Method], COALESCE(SUM([t].[Amount]), 0.0) AS [Total]
FROM [Transactions] AS [t]
LEFT JOIN [PaymentMethods] AS [p] ON [t].[PaymentMethodId] = [p].[PaymentMethodId]
WHERE [t].[UserId] = @userId AND [t].[Type] = N'Expense' AND [t].[TransactionDate] >= @monthStart AND [t].[TransactionDate] <= @today AND [t].[PaymentMethodId] IS NOT NULL
GROUP BY [p].[Name]
2026-09-01 15:43:23.710 +05:30 [INF] Executed DbCommand (3ms) [Parameters=[@userId='?' (Size = 450), @today_Month='?' (DbType = Int32), @today_Year='?' (DbType = Int32)], CommandType='"Text"', CommandTimeout='30']
SELECT TOP(1) [b].[BudgetId], [b].[CreatedDate], [b].[Month], [b].[Notes], [b].[TotalBudget], [b].[UpdatedDate], [b].[UserId], [b].[Year]
FROM [Budgets] AS [b]
WHERE [b].[UserId] = @userId AND [b].[Month] = @today_Month AND [b].[Year] = @today_Year
2026-09-01 15:43:23.714 +05:30 [INF] Executed DbCommand (3ms) [Parameters=[@userId='?' (Size = 450)], CommandType='"Text"', CommandTimeout='30']
SELECT COUNT(*)
FROM [Notifications] AS [n]
WHERE [n].[UserId] = @userId AND [n].[IsRead] = CAST(0 AS bit)
2026-09-01 15:43:23.714 +05:30 [INF] Executing ViewResult, running view Index.
2026-09-01 15:43:23.719 +05:30 [INF] Executed DbCommand (4ms) [Parameters=[@p='?' (Size = 450)], CommandType='"Text"', CommandTimeout='30']
SELECT TOP(1) [a].[Id], [a].[AccessFailedCount], [a].[ConcurrencyStamp], [a].[CreatedDate], [a].[Currency], [a].[DateFormat], [a].[Email], [a].[EmailConfirmed], [a].[FirstName], [a].[LastName], [a].[LockoutEnabled], [a].[LockoutEnd], [a].[NormalizedEmail], [a].[NormalizedUserName], [a].[PasswordHash], [a].[PhoneNumber], [a].[PhoneNumberConfirmed], [a].[SecurityStamp], [a].[Theme], [a].[TwoFactorEnabled], [a].[UserName]
FROM [AspNetUsers] AS [a]
WHERE [a].[Id] = @p
2026-09-01 15:43:23.721 +05:30 [INF] Executed ViewResult - view Index executed in 6.6909ms.
2026-09-01 15:43:23.721 +05:30 [INF] Executed action MyDailyExpenseTracker.Controllers.DashboardController.Index (MyDailyExpenseTracker) in 142.3149ms
2026-09-01 15:43:23.721 +05:30 [INF] Executed endpoint 'MyDailyExpenseTracker.Controllers.DashboardController.Index (MyDailyExpenseTracker)'
2026-09-01 15:43:23.721 +05:30 [INF] Request finished HTTP/1.1 GET http://localhost:5172/ - 200 null text/html; charset=utf-8 143.4302ms
2026-09-01 15:43:23.766 +05:30 [INF] Request starting HTTP/1.1 GET http://localhost:5172/css/site.css?v=sR4yzXFRap2fHEGdzNVt8NopMXg07zrK4XywahY6PY0 - null null
2026-09-01 15:43:23.767 +05:30 [INF] The file /css/site.css was not modified
2026-09-01 15:43:23.767 +05:30 [INF] Request finished HTTP/1.1 GET http://localhost:5172/css/site.css?v=sR4yzXFRap2fHEGdzNVt8NopMXg07zrK4XywahY6PY0 - 304 null text/css 1.0439ms
2026-09-01 15:43:25.161 +05:30 [INF] Request starting HTTP/1.1 GET http://localhost:5172/RecurringExpenses - null null
2026-09-01 15:43:25.162 +05:30 [INF] Executing endpoint 'MyDailyExpenseTracker.Controllers.RecurringExpensesController.Index (MyDailyExpenseTracker)'
2026-09-01 15:43:25.162 +05:30 [INF] Route matched with {action = "Index", controller = "RecurringExpenses"}. Executing controller action with signature System.Threading.Tasks.Task`1[Microsoft.AspNetCore.Mvc.IActionResult] Index() on controller MyDailyExpenseTracker.Controllers.RecurringExpensesController (MyDailyExpenseTracker).
2026-09-01 15:43:25.170 +05:30 [INF] Executed DbCommand (8ms) [Parameters=[@userId='?' (Size = 450)], CommandType='"Text"', CommandTimeout='30']
SELECT [r].[RecurringExpenseId], [r].[Name], [r].[Amount], [r].[Type], [r].[CategoryId], [c].[Name] AS [CategoryName], [r].[PaymentMethodId], [p].[Name] AS [PaymentMethodName], [r].[Frequency], [r].[StartDate], [r].[EndDate], [r].[IsActive], [r].[LastGeneratedDate], [r].[Notes]
FROM [RecurringExpenses] AS [r]
INNER JOIN [Categories] AS [c] ON [r].[CategoryId] = [c].[CategoryId]
LEFT JOIN [PaymentMethods] AS [p] ON [r].[PaymentMethodId] = [p].[PaymentMethodId]
WHERE [r].[UserId] = @userId
ORDER BY [r].[Name]
2026-09-01 15:43:25.171 +05:30 [INF] Executing ViewResult, running view Index.
2026-09-01 15:43:25.176 +05:30 [INF] Executed DbCommand (4ms) [Parameters=[@p='?' (Size = 450)], CommandType='"Text"', CommandTimeout='30']
SELECT TOP(1) [a].[Id], [a].[AccessFailedCount], [a].[ConcurrencyStamp], [a].[CreatedDate], [a].[Currency], [a].[DateFormat], [a].[Email], [a].[EmailConfirmed], [a].[FirstName], [a].[LastName], [a].[LockoutEnabled], [a].[LockoutEnd], [a].[NormalizedEmail], [a].[NormalizedUserName], [a].[PasswordHash], [a].[PhoneNumber], [a].[PhoneNumberConfirmed], [a].[SecurityStamp], [a].[Theme], [a].[TwoFactorEnabled], [a].[UserName]
FROM [AspNetUsers] AS [a]
WHERE [a].[Id] = @p
2026-09-01 15:43:25.176 +05:30 [INF] Executed ViewResult - view Index executed in 5.586ms.
2026-09-01 15:43:25.176 +05:30 [INF] Executed action MyDailyExpenseTracker.Controllers.RecurringExpensesController.Index (MyDailyExpenseTracker) in 14.5885ms
2026-09-01 15:43:25.176 +05:30 [INF] Executed endpoint 'MyDailyExpenseTracker.Controllers.RecurringExpensesController.Index (MyDailyExpenseTracker)'
2026-09-01 15:43:25.176 +05:30 [INF] Request finished HTTP/1.1 GET http://localhost:5172/RecurringExpenses - 200 null text/html; charset=utf-8 15.2433ms
2026-09-01 15:43:27.315 +05:30 [INF] Request starting HTTP/1.1 GET http://localhost:5172/Reports - null null
2026-09-01 15:43:27.316 +05:30 [INF] Executing endpoint 'MyDailyExpenseTracker.Controllers.ReportsController.Index (MyDailyExpenseTracker)'
2026-09-01 15:43:27.316 +05:30 [INF] Route matched with {action = "Index", controller = "Reports"}. Executing controller action with signature System.Threading.Tasks.Task`1[Microsoft.AspNetCore.Mvc.IActionResult] Index(Int32, Int32) on controller MyDailyExpenseTracker.Controllers.ReportsController (MyDailyExpenseTracker).
2026-09-01 15:43:27.330 +05:30 [INF] Executed DbCommand (13ms) [Parameters=[@userId='?' (Size = 450), @monthStart='?' (DbType = DateTime2), @monthEnd='?' (DbType = DateTime2)], CommandType='"Text"', CommandTimeout='30']
SELECT [t].[TransactionId], [t].[Amount], [t].[CategoryId], [t].[CreatedDate], [t].[Description], [t].[Notes], [t].[PaymentMethodId], [t].[RecurringExpenseId], [t].[TransactionDate], [t].[Type], [t].[UpdatedDate], [t].[UserId], [c].[CategoryId], [c].[Color], [c].[CreatedDate], [c].[Icon], [c].[IsActive], [c].[IsDefault], [c].[Name], [c].[Type], [c].[UserId], [p].[PaymentMethodId], [p].[CreatedDate], [p].[Icon], [p].[IsActive], [p].[IsDefault], [p].[Name], [p].[UserId]
FROM [Transactions] AS [t]
INNER JOIN [Categories] AS [c] ON [t].[CategoryId] = [c].[CategoryId]
LEFT JOIN [PaymentMethods] AS [p] ON [t].[PaymentMethodId] = [p].[PaymentMethodId]
WHERE [t].[UserId] = @userId AND [t].[TransactionDate] >= @monthStart AND [t].[TransactionDate] <= @monthEnd
2026-09-01 15:43:27.344 +05:30 [INF] Executed DbCommand (10ms) [Parameters=[@userId='?' (Size = 450)], CommandType='"Text"', CommandTimeout='30']
SELECT MIN([t].[TransactionDate])
FROM [Transactions] AS [t]
WHERE [t].[UserId] = @userId
2026-09-01 15:43:27.347 +05:30 [INF] Executing ViewResult, running view Index.
2026-09-01 15:43:27.357 +05:30 [INF] Executed DbCommand (8ms) [Parameters=[@p='?' (Size = 450)], CommandType='"Text"', CommandTimeout='30']
SELECT TOP(1) [a].[Id], [a].[AccessFailedCount], [a].[ConcurrencyStamp], [a].[CreatedDate], [a].[Currency], [a].[DateFormat], [a].[Email], [a].[EmailConfirmed], [a].[FirstName], [a].[LastName], [a].[LockoutEnabled], [a].[LockoutEnd], [a].[NormalizedEmail], [a].[NormalizedUserName], [a].[PasswordHash], [a].[PhoneNumber], [a].[PhoneNumberConfirmed], [a].[SecurityStamp], [a].[Theme], [a].[TwoFactorEnabled], [a].[UserName]
FROM [AspNetUsers] AS [a]
WHERE [a].[Id] = @p
2026-09-01 15:43:27.358 +05:30 [INF] Executed ViewResult - view Index executed in 11.4067ms.
2026-09-01 15:43:27.358 +05:30 [INF] Executed action MyDailyExpenseTracker.Controllers.ReportsController.Index (MyDailyExpenseTracker) in 42.3326ms
2026-09-01 15:43:27.358 +05:30 [INF] Executed endpoint 'MyDailyExpenseTracker.Controllers.ReportsController.Index (MyDailyExpenseTracker)'
2026-09-01 15:43:27.359 +05:30 [INF] Request finished HTTP/1.1 GET http://localhost:5172/Reports - 200 null text/html; charset=utf-8 43.1933ms
2026-09-01 15:43:40.172 +05:30 [INF] Request starting HTTP/1.1 GET http://localhost:5172/ - null null
2026-09-01 15:43:40.172 +05:30 [INF] Executing endpoint 'MyDailyExpenseTracker.Controllers.DashboardController.Index (MyDailyExpenseTracker)'
2026-09-01 15:43:40.173 +05:30 [INF] Route matched with {action = "Index", controller = "Dashboard"}. Executing controller action with signature System.Threading.Tasks.Task`1[Microsoft.AspNetCore.Mvc.IActionResult] Index() on controller MyDailyExpenseTracker.Controllers.DashboardController (MyDailyExpenseTracker).
2026-09-01 15:43:40.184 +05:30 [INF] Executed DbCommand (5ms) [Parameters=[@userId='?' (Size = 450), @today='?' (DbType = DateTime2), @today2='?' (DbType = DateTime2)], CommandType='"Text"', CommandTimeout='30']
SELECT [r].[RecurringExpenseId], [r].[Amount], [r].[CategoryId], [r].[CreatedDate], [r].[EndDate], [r].[Frequency], [r].[IsActive], [r].[LastGeneratedDate], [r].[Name], [r].[Notes], [r].[PaymentMethodId], [r].[StartDate], [r].[Type], [r].[UserId]
FROM [RecurringExpenses] AS [r]
WHERE [r].[UserId] = @userId AND [r].[IsActive] = CAST(1 AS bit) AND [r].[StartDate] <= @today AND ([r].[EndDate] IS NULL OR [r].[EndDate] >= @today2)
2026-09-01 15:43:40.196 +05:30 [INF] Executed DbCommand (11ms) [Parameters=[@userId='?' (Size = 450), @today_Month='?' (DbType = Int32), @today_Year='?' (DbType = Int32)], CommandType='"Text"', CommandTimeout='30']
SELECT [b1].[BudgetId], [b1].[CreatedDate], [b1].[Month], [b1].[Notes], [b1].[TotalBudget], [b1].[UpdatedDate], [b1].[UserId], [b1].[Year], [s].[BudgetCategoryId], [s].[Amount], [s].[BudgetId], [s].[CategoryId], [s].[CategoryId0], [s].[Color], [s].[CreatedDate], [s].[Icon], [s].[IsActive], [s].[IsDefault], [s].[Name], [s].[Type], [s].[UserId]
FROM (
    SELECT TOP(1) [b].[BudgetId], [b].[CreatedDate], [b].[Month], [b].[Notes], [b].[TotalBudget], [b].[UpdatedDate], [b].[UserId], [b].[Year]
    FROM [Budgets] AS [b]
    WHERE [b].[UserId] = @userId AND [b].[Month] = @today_Month AND [b].[Year] = @today_Year
) AS [b1]
LEFT JOIN (
    SELECT [b0].[BudgetCategoryId], [b0].[Amount], [b0].[BudgetId], [b0].[CategoryId], [c].[CategoryId] AS [CategoryId0], [c].[Color], [c].[CreatedDate], [c].[Icon], [c].[IsActive], [c].[IsDefault], [c].[Name], [c].[Type], [c].[UserId]
    FROM [BudgetCategories] AS [b0]
    INNER JOIN [Categories] AS [c] ON [b0].[CategoryId] = [c].[CategoryId]
) AS [s] ON [b1].[BudgetId] = [s].[BudgetId]
ORDER BY [b1].[BudgetId], [s].[BudgetCategoryId]
2026-09-01 15:43:40.204 +05:30 [INF] Executed DbCommand (6ms) [Parameters=[@userId='?' (Size = 450), @today='?' (DbType = DateTime2)], CommandType='"Text"', CommandTimeout='30']
SELECT [t].[Type], COALESCE(SUM([t].[Amount]), 0.0) AS [Total]
FROM [Transactions] AS [t]
WHERE [t].[UserId] = @userId AND CONVERT(date, [t].[TransactionDate]) = @today
GROUP BY [t].[Type]
2026-09-01 15:43:40.211 +05:30 [INF] Executed DbCommand (6ms) [Parameters=[@userId='?' (Size = 450), @monthStart='?' (DbType = DateTime2), @today='?' (DbType = DateTime2)], CommandType='"Text"', CommandTimeout='30']
SELECT [t].[Type], COALESCE(SUM([t].[Amount]), 0.0) AS [Total]
FROM [Transactions] AS [t]
WHERE [t].[UserId] = @userId AND [t].[TransactionDate] >= @monthStart AND [t].[TransactionDate] <= @today
GROUP BY [t].[Type]
2026-09-01 15:43:40.217 +05:30 [INF] Executed DbCommand (5ms) [Parameters=[@userId='?' (Size = 450)], CommandType='"Text"', CommandTimeout='30']
SELECT COALESCE(SUM([t].[Amount]), 0.0)
FROM [Transactions] AS [t]
WHERE [t].[UserId] = @userId AND [t].[Type] = N'Income'
2026-09-01 15:43:40.222 +05:30 [INF] Executed DbCommand (4ms) [Parameters=[@userId='?' (Size = 450)], CommandType='"Text"', CommandTimeout='30']
SELECT COALESCE(SUM([t].[Amount]), 0.0)
FROM [Transactions] AS [t]
WHERE [t].[UserId] = @userId AND [t].[Type] = N'Expense'
2026-09-01 15:43:40.224 +05:30 [INF] Executed DbCommand (2ms) [Parameters=[@userId='?' (Size = 450)], CommandType='"Text"', CommandTimeout='30']
SELECT COUNT(*)
FROM [Transactions] AS [t]
WHERE [t].[UserId] = @userId
2026-09-01 15:43:40.229 +05:30 [INF] Executed DbCommand (5ms) [Parameters=[@userId='?' (Size = 450), @prevStart='?' (DbType = DateTime2), @prevEnd='?' (DbType = DateTime2)], CommandType='"Text"', CommandTimeout='30']
SELECT COALESCE(SUM([t].[Amount]), 0.0)
FROM [Transactions] AS [t]
WHERE [t].[UserId] = @userId AND [t].[Type] = N'Expense' AND [t].[TransactionDate] >= @prevStart AND [t].[TransactionDate] <= @prevEnd
2026-09-01 15:43:40.238 +05:30 [INF] Executed DbCommand (7ms) [Parameters=[@p='?' (DbType = Int32), @userId='?' (Size = 450)], CommandType='"Text"', CommandTimeout='30']
SELECT [t0].[TransactionId], [t0].[TransactionDate], [t0].[Description], [c].[Name] AS [CategoryName], [c].[Icon] AS [CategoryIcon], [c].[Color] AS [CategoryColor], [t0].[Type], [t0].[Amount], [p].[Name] AS [PaymentMethodName]
FROM (
    SELECT TOP(@p) [t].[TransactionId], [t].[Amount], [t].[CategoryId], [t].[CreatedDate], [t].[Description], [t].[PaymentMethodId], [t].[TransactionDate], [t].[Type]
    FROM [Transactions] AS [t]
    WHERE [t].[UserId] = @userId
    ORDER BY [t].[TransactionDate] DESC, [t].[CreatedDate] DESC
) AS [t0]
INNER JOIN [Categories] AS [c] ON [t0].[CategoryId] = [c].[CategoryId]
LEFT JOIN [PaymentMethods] AS [p] ON [t0].[PaymentMethodId] = [p].[PaymentMethodId]
ORDER BY [t0].[TransactionDate] DESC, [t0].[CreatedDate] DESC
2026-09-01 15:43:40.246 +05:30 [INF] Executed DbCommand (7ms) [Parameters=[@userId='?' (Size = 450), @sixMonthsAgo='?' (DbType = DateTime2)], CommandType='"Text"', CommandTimeout='30']
SELECT [t0].[Year], [t0].[Month], COALESCE(SUM([t0].[Amount]), 0.0) AS [Total]
FROM (
    SELECT [t].[Amount], DATEPART(year, [t].[TransactionDate]) AS [Year], DATEPART(month, [t].[TransactionDate]) AS [Month]
    FROM [Transactions] AS [t]
    WHERE [t].[UserId] = @userId AND [t].[Type] = N'Expense' AND [t].[TransactionDate] >= @sixMonthsAgo
) AS [t0]
GROUP BY [t0].[Year], [t0].[Month]
2026-09-01 15:43:40.253 +05:30 [INF] Executed DbCommand (7ms) [Parameters=[@userId='?' (Size = 450), @sixMonthsAgo='?' (DbType = DateTime2)], CommandType='"Text"', CommandTimeout='30']
SELECT [t0].[Year], [t0].[Month], [t0].[Type], COALESCE(SUM([t0].[Amount]), 0.0) AS [Total]
FROM (
    SELECT [t].[Amount], [t].[Type], DATEPART(year, [t].[TransactionDate]) AS [Year], DATEPART(month, [t].[TransactionDate]) AS [Month]
    FROM [Transactions] AS [t]
    WHERE [t].[UserId] = @userId AND [t].[TransactionDate] >= @sixMonthsAgo
) AS [t0]
GROUP BY [t0].[Year], [t0].[Month], [t0].[Type]
2026-09-01 15:43:40.265 +05:30 [INF] Executed DbCommand (11ms) [Parameters=[@p='?' (DbType = Int32), @userId='?' (Size = 450), @monthStart='?' (DbType = DateTime2), @today='?' (DbType = DateTime2)], CommandType='"Text"', CommandTimeout='30']
SELECT TOP(@p) [c].[Name] AS [Category], COALESCE(SUM([t].[Amount]), 0.0) AS [Total]
FROM [Transactions] AS [t]
INNER JOIN [Categories] AS [c] ON [t].[CategoryId] = [c].[CategoryId]
WHERE [t].[UserId] = @userId AND [t].[Type] = N'Expense' AND [t].[TransactionDate] >= @monthStart AND [t].[TransactionDate] <= @today
GROUP BY [c].[Name]
ORDER BY COALESCE(SUM([t].[Amount]), 0.0) DESC
2026-09-01 15:43:40.272 +05:30 [INF] Executed DbCommand (6ms) [Parameters=[@userId='?' (Size = 450), @monthStart='?' (DbType = DateTime2), @today='?' (DbType = DateTime2)], CommandType='"Text"', CommandTimeout='30']
SELECT [t0].[Key] AS [Day], COALESCE(SUM([t0].[Amount]), 0.0) AS [Total]
FROM (
    SELECT [t].[Amount], DATEPART(day, [t].[TransactionDate]) AS [Key]
    FROM [Transactions] AS [t]
    WHERE [t].[UserId] = @userId AND [t].[Type] = N'Expense' AND [t].[TransactionDate] >= @monthStart AND [t].[TransactionDate] <= @today
) AS [t0]
GROUP BY [t0].[Key]
2026-09-01 15:43:40.284 +05:30 [INF] Executed DbCommand (10ms) [Parameters=[@userId='?' (Size = 450), @monthStart='?' (DbType = DateTime2), @today='?' (DbType = DateTime2)], CommandType='"Text"', CommandTimeout='30']
SELECT [p].[Name] AS [Method], COALESCE(SUM([t].[Amount]), 0.0) AS [Total]
FROM [Transactions] AS [t]
LEFT JOIN [PaymentMethods] AS [p] ON [t].[PaymentMethodId] = [p].[PaymentMethodId]
WHERE [t].[UserId] = @userId AND [t].[Type] = N'Expense' AND [t].[TransactionDate] >= @monthStart AND [t].[TransactionDate] <= @today AND [t].[PaymentMethodId] IS NOT NULL
GROUP BY [p].[Name]
2026-09-01 15:43:40.288 +05:30 [INF] Executed DbCommand (3ms) [Parameters=[@userId='?' (Size = 450), @today_Month='?' (DbType = Int32), @today_Year='?' (DbType = Int32)], CommandType='"Text"', CommandTimeout='30']
SELECT TOP(1) [b].[BudgetId], [b].[CreatedDate], [b].[Month], [b].[Notes], [b].[TotalBudget], [b].[UpdatedDate], [b].[UserId], [b].[Year]
FROM [Budgets] AS [b]
WHERE [b].[UserId] = @userId AND [b].[Month] = @today_Month AND [b].[Year] = @today_Year
2026-09-01 15:43:40.291 +05:30 [INF] Executed DbCommand (3ms) [Parameters=[@userId='?' (Size = 450)], CommandType='"Text"', CommandTimeout='30']
SELECT COUNT(*)
FROM [Notifications] AS [n]
WHERE [n].[UserId] = @userId AND [n].[IsRead] = CAST(0 AS bit)
2026-09-01 15:43:40.292 +05:30 [INF] Executing ViewResult, running view Index.
2026-09-01 15:43:40.298 +05:30 [INF] Executed DbCommand (5ms) [Parameters=[@p='?' (Size = 450)], CommandType='"Text"', CommandTimeout='30']
SELECT TOP(1) [a].[Id], [a].[AccessFailedCount], [a].[ConcurrencyStamp], [a].[CreatedDate], [a].[Currency], [a].[DateFormat], [a].[Email], [a].[EmailConfirmed], [a].[FirstName], [a].[LastName], [a].[LockoutEnabled], [a].[LockoutEnd], [a].[NormalizedEmail], [a].[NormalizedUserName], [a].[PasswordHash], [a].[PhoneNumber], [a].[PhoneNumberConfirmed], [a].[SecurityStamp], [a].[Theme], [a].[TwoFactorEnabled], [a].[UserName]
FROM [AspNetUsers] AS [a]
WHERE [a].[Id] = @p
2026-09-01 15:43:40.301 +05:30 [INF] Executed ViewResult - view Index executed in 8.7389ms.
2026-09-01 15:43:40.301 +05:30 [INF] Executed action MyDailyExpenseTracker.Controllers.DashboardController.Index (MyDailyExpenseTracker) in 128.4936ms
2026-09-01 15:43:40.301 +05:30 [INF] Executed endpoint 'MyDailyExpenseTracker.Controllers.DashboardController.Index (MyDailyExpenseTracker)'
2026-09-01 15:43:40.301 +05:30 [INF] Request finished HTTP/1.1 GET http://localhost:5172/ - 200 null text/html; charset=utf-8 129.3833ms
2026-09-01 15:43:40.362 +05:30 [INF] Request starting HTTP/1.1 GET http://localhost:5172/css/site.css?v=sR4yzXFRap2fHEGdzNVt8NopMXg07zrK4XywahY6PY0 - null null
2026-09-01 15:43:40.363 +05:30 [INF] The file /css/site.css was not modified
2026-09-01 15:43:40.363 +05:30 [INF] Request finished HTTP/1.1 GET http://localhost:5172/css/site.css?v=sR4yzXFRap2fHEGdzNVt8NopMXg07zrK4XywahY6PY0 - 304 null text/css 1.7023ms
2026-09-01 15:43:50.076 +05:30 [INF] Request starting HTTP/1.1 GET http://localhost:5172/Transactions/Create - null null
2026-09-01 15:43:50.077 +05:30 [INF] Executing endpoint 'MyDailyExpenseTracker.Controllers.TransactionsController.Create (MyDailyExpenseTracker)'
2026-09-01 15:43:50.078 +05:30 [INF] Route matched with {action = "Create", controller = "Transactions"}. Executing controller action with signature System.Threading.Tasks.Task`1[Microsoft.AspNetCore.Mvc.IActionResult] Create(System.String) on controller MyDailyExpenseTracker.Controllers.TransactionsController (MyDailyExpenseTracker).
2026-09-01 15:43:50.086 +05:30 [INF] Executed DbCommand (7ms) [Parameters=[@userId='?' (Size = 450), @type='?' (Size = 10)], CommandType='"Text"', CommandTimeout='30']
SELECT CONVERT(varchar(11), [c].[CategoryId]) AS [Value], [c].[Name] AS [Text]
FROM [Categories] AS [c]
WHERE [c].[IsActive] = CAST(1 AS bit) AND ([c].[UserId] = @userId OR [c].[UserId] IS NULL) AND ([c].[Type] = @type OR [c].[Type] = N'Both')
ORDER BY [c].[Name]
2026-09-01 15:43:50.093 +05:30 [INF] Executed DbCommand (5ms) [Parameters=[@userId='?' (Size = 450)], CommandType='"Text"', CommandTimeout='30']
SELECT CONVERT(varchar(11), [p].[PaymentMethodId]) AS [Value], [p].[Name] AS [Text]
FROM [PaymentMethods] AS [p]
WHERE [p].[IsActive] = CAST(1 AS bit) AND ([p].[UserId] = @userId OR [p].[UserId] IS NULL)
ORDER BY [p].[Name]
2026-09-01 15:43:50.093 +05:30 [INF] Executing ViewResult, running view Create.
2026-09-01 15:43:50.113 +05:30 [INF] Executed DbCommand (5ms) [Parameters=[@p='?' (Size = 450)], CommandType='"Text"', CommandTimeout='30']
SELECT TOP(1) [a].[Id], [a].[AccessFailedCount], [a].[ConcurrencyStamp], [a].[CreatedDate], [a].[Currency], [a].[DateFormat], [a].[Email], [a].[EmailConfirmed], [a].[FirstName], [a].[LastName], [a].[LockoutEnabled], [a].[LockoutEnd], [a].[NormalizedEmail], [a].[NormalizedUserName], [a].[PasswordHash], [a].[PhoneNumber], [a].[PhoneNumberConfirmed], [a].[SecurityStamp], [a].[Theme], [a].[TwoFactorEnabled], [a].[UserName]
FROM [AspNetUsers] AS [a]
WHERE [a].[Id] = @p
2026-09-01 15:43:50.114 +05:30 [INF] Executed ViewResult - view Create executed in 21.1734ms.
2026-09-01 15:43:50.114 +05:30 [INF] Executed action MyDailyExpenseTracker.Controllers.TransactionsController.Create (MyDailyExpenseTracker) in 36.8047ms
2026-09-01 15:43:50.114 +05:30 [INF] Executed endpoint 'MyDailyExpenseTracker.Controllers.TransactionsController.Create (MyDailyExpenseTracker)'
2026-09-01 15:43:50.115 +05:30 [INF] Request finished HTTP/1.1 GET http://localhost:5172/Transactions/Create - 200 null text/html; charset=utf-8 38.5137ms
2026-09-01 15:43:52.855 +05:30 [INF] Request starting HTTP/1.1 GET http://localhost:5172/Transactions/GetCategoriesByType?type=Expense - null null
2026-09-01 15:43:52.858 +05:30 [INF] Executing endpoint 'MyDailyExpenseTracker.Controllers.TransactionsController.GetCategoriesByType (MyDailyExpenseTracker)'
2026-09-01 15:43:52.892 +05:30 [INF] Route matched with {action = "GetCategoriesByType", controller = "Transactions"}. Executing controller action with signature System.Threading.Tasks.Task`1[Microsoft.AspNetCore.Mvc.IActionResult] GetCategoriesByType(System.String) on controller MyDailyExpenseTracker.Controllers.TransactionsController (MyDailyExpenseTracker).
2026-09-01 15:43:52.913 +05:30 [INF] Executed DbCommand (7ms) [Parameters=[@userId='?' (Size = 450), @type='?' (Size = 10)], CommandType='"Text"', CommandTimeout='30']
SELECT CONVERT(varchar(11), [c].[CategoryId]) AS [Value], [c].[Name] AS [Text]
FROM [Categories] AS [c]
WHERE [c].[IsActive] = CAST(1 AS bit) AND ([c].[UserId] = @userId OR [c].[UserId] IS NULL) AND ([c].[Type] = @type OR [c].[Type] = N'Both')
ORDER BY [c].[Name]
2026-09-01 15:43:52.918 +05:30 [INF] Executing JsonResult, writing value of type 'System.Linq.Enumerable+ListSelectIterator`2[[Microsoft.AspNetCore.Mvc.Rendering.SelectListItem, Microsoft.AspNetCore.Mvc.ViewFeatures, Version=10.0.0.0, Culture=neutral, PublicKeyToken=adb9793829ddae60],[<>f__AnonymousType3`2[[System.String, System.Private.CoreLib, Version=10.0.0.0, Culture=neutral, PublicKeyToken=7cec85d7bea7798e],[System.String, System.Private.CoreLib, Version=10.0.0.0, Culture=neutral, PublicKeyToken=7cec85d7bea7798e]], MyDailyExpenseTracker, Version=1.0.0.0, Culture=neutral, PublicKeyToken=null]]'.
2026-09-01 15:43:52.950 +05:30 [INF] Executed action MyDailyExpenseTracker.Controllers.TransactionsController.GetCategoriesByType (MyDailyExpenseTracker) in 57.8467ms
2026-09-01 15:43:52.950 +05:30 [INF] Executed endpoint 'MyDailyExpenseTracker.Controllers.TransactionsController.GetCategoriesByType (MyDailyExpenseTracker)'
2026-09-01 15:43:52.950 +05:30 [INF] Request finished HTTP/1.1 GET http://localhost:5172/Transactions/GetCategoriesByType?type=Expense - 200 null application/json; charset=utf-8 95.0528ms
2026-09-01 15:43:54.828 +05:30 [INF] Request starting HTTP/1.1 GET http://localhost:5172/Transactions/GetCategoriesByType?type=Income - null null
2026-09-01 15:43:54.828 +05:30 [INF] Executing endpoint 'MyDailyExpenseTracker.Controllers.TransactionsController.GetCategoriesByType (MyDailyExpenseTracker)'
2026-09-01 15:43:54.828 +05:30 [INF] Route matched with {action = "GetCategoriesByType", controller = "Transactions"}. Executing controller action with signature System.Threading.Tasks.Task`1[Microsoft.AspNetCore.Mvc.IActionResult] GetCategoriesByType(System.String) on controller MyDailyExpenseTracker.Controllers.TransactionsController (MyDailyExpenseTracker).
2026-09-01 15:43:54.836 +05:30 [INF] Executed DbCommand (7ms) [Parameters=[@userId='?' (Size = 450), @type='?' (Size = 10)], CommandType='"Text"', CommandTimeout='30']
SELECT CONVERT(varchar(11), [c].[CategoryId]) AS [Value], [c].[Name] AS [Text]
FROM [Categories] AS [c]
WHERE [c].[IsActive] = CAST(1 AS bit) AND ([c].[UserId] = @userId OR [c].[UserId] IS NULL) AND ([c].[Type] = @type OR [c].[Type] = N'Both')
ORDER BY [c].[Name]
2026-09-01 15:43:54.836 +05:30 [INF] Executing JsonResult, writing value of type 'System.Linq.Enumerable+ListSelectIterator`2[[Microsoft.AspNetCore.Mvc.Rendering.SelectListItem, Microsoft.AspNetCore.Mvc.ViewFeatures, Version=10.0.0.0, Culture=neutral, PublicKeyToken=adb9793829ddae60],[<>f__AnonymousType3`2[[System.String, System.Private.CoreLib, Version=10.0.0.0, Culture=neutral, PublicKeyToken=7cec85d7bea7798e],[System.String, System.Private.CoreLib, Version=10.0.0.0, Culture=neutral, PublicKeyToken=7cec85d7bea7798e]], MyDailyExpenseTracker, Version=1.0.0.0, Culture=neutral, PublicKeyToken=null]]'.
2026-09-01 15:43:54.837 +05:30 [INF] Executed action MyDailyExpenseTracker.Controllers.TransactionsController.GetCategoriesByType (MyDailyExpenseTracker) in 8.0946ms
2026-09-01 15:43:54.837 +05:30 [INF] Executed endpoint 'MyDailyExpenseTracker.Controllers.TransactionsController.GetCategoriesByType (MyDailyExpenseTracker)'
2026-09-01 15:43:54.837 +05:30 [INF] Request finished HTTP/1.1 GET http://localhost:5172/Transactions/GetCategoriesByType?type=Income - 200 null application/json; charset=utf-8 8.8034ms
2026-09-01 15:43:56.835 +05:30 [INF] Request starting HTTP/1.1 GET http://localhost:5172/Transactions/GetCategoriesByType?type=Expense - null null
2026-09-01 15:43:56.836 +05:30 [INF] Executing endpoint 'MyDailyExpenseTracker.Controllers.TransactionsController.GetCategoriesByType (MyDailyExpenseTracker)'
2026-09-01 15:43:56.836 +05:30 [INF] Route matched with {action = "GetCategoriesByType", controller = "Transactions"}. Executing controller action with signature System.Threading.Tasks.Task`1[Microsoft.AspNetCore.Mvc.IActionResult] GetCategoriesByType(System.String) on controller MyDailyExpenseTracker.Controllers.TransactionsController (MyDailyExpenseTracker).
2026-09-01 15:43:56.844 +05:30 [INF] Executed DbCommand (6ms) [Parameters=[@userId='?' (Size = 450), @type='?' (Size = 10)], CommandType='"Text"', CommandTimeout='30']
SELECT CONVERT(varchar(11), [c].[CategoryId]) AS [Value], [c].[Name] AS [Text]
FROM [Categories] AS [c]
WHERE [c].[IsActive] = CAST(1 AS bit) AND ([c].[UserId] = @userId OR [c].[UserId] IS NULL) AND ([c].[Type] = @type OR [c].[Type] = N'Both')
ORDER BY [c].[Name]
2026-09-01 15:43:56.844 +05:30 [INF] Executing JsonResult, writing value of type 'System.Linq.Enumerable+ListSelectIterator`2[[Microsoft.AspNetCore.Mvc.Rendering.SelectListItem, Microsoft.AspNetCore.Mvc.ViewFeatures, Version=10.0.0.0, Culture=neutral, PublicKeyToken=adb9793829ddae60],[<>f__AnonymousType3`2[[System.String, System.Private.CoreLib, Version=10.0.0.0, Culture=neutral, PublicKeyToken=7cec85d7bea7798e],[System.String, System.Private.CoreLib, Version=10.0.0.0, Culture=neutral, PublicKeyToken=7cec85d7bea7798e]], MyDailyExpenseTracker, Version=1.0.0.0, Culture=neutral, PublicKeyToken=null]]'.
2026-09-01 15:43:56.844 +05:30 [INF] Executed action MyDailyExpenseTracker.Controllers.TransactionsController.GetCategoriesByType (MyDailyExpenseTracker) in 8.161ms
2026-09-01 15:43:56.844 +05:30 [INF] Executed endpoint 'MyDailyExpenseTracker.Controllers.TransactionsController.GetCategoriesByType (MyDailyExpenseTracker)'
2026-09-01 15:43:56.844 +05:30 [INF] Request finished HTTP/1.1 GET http://localhost:5172/Transactions/GetCategoriesByType?type=Expense - 200 null application/json; charset=utf-8 9.0716ms
2026-09-01 15:43:59.276 +05:30 [INF] Request starting HTTP/1.1 GET http://localhost:5172/Transactions/GetCategoriesByType?type=Income - null null
2026-09-01 15:43:59.276 +05:30 [INF] Executing endpoint 'MyDailyExpenseTracker.Controllers.TransactionsController.GetCategoriesByType (MyDailyExpenseTracker)'
2026-09-01 15:43:59.276 +05:30 [INF] Route matched with {action = "GetCategoriesByType", controller = "Transactions"}. Executing controller action with signature System.Threading.Tasks.Task`1[Microsoft.AspNetCore.Mvc.IActionResult] GetCategoriesByType(System.String) on controller MyDailyExpenseTracker.Controllers.TransactionsController (MyDailyExpenseTracker).
2026-09-01 15:43:59.288 +05:30 [INF] Executed DbCommand (7ms) [Parameters=[@userId='?' (Size = 450), @type='?' (Size = 10)], CommandType='"Text"', CommandTimeout='30']
SELECT CONVERT(varchar(11), [c].[CategoryId]) AS [Value], [c].[Name] AS [Text]
FROM [Categories] AS [c]
WHERE [c].[IsActive] = CAST(1 AS bit) AND ([c].[UserId] = @userId OR [c].[UserId] IS NULL) AND ([c].[Type] = @type OR [c].[Type] = N'Both')
ORDER BY [c].[Name]
2026-09-01 15:43:59.289 +05:30 [INF] Executing JsonResult, writing value of type 'System.Linq.Enumerable+ListSelectIterator`2[[Microsoft.AspNetCore.Mvc.Rendering.SelectListItem, Microsoft.AspNetCore.Mvc.ViewFeatures, Version=10.0.0.0, Culture=neutral, PublicKeyToken=adb9793829ddae60],[<>f__AnonymousType3`2[[System.String, System.Private.CoreLib, Version=10.0.0.0, Culture=neutral, PublicKeyToken=7cec85d7bea7798e],[System.String, System.Private.CoreLib, Version=10.0.0.0, Culture=neutral, PublicKeyToken=7cec85d7bea7798e]], MyDailyExpenseTracker, Version=1.0.0.0, Culture=neutral, PublicKeyToken=null]]'.
2026-09-01 15:43:59.289 +05:30 [INF] Executed action MyDailyExpenseTracker.Controllers.TransactionsController.GetCategoriesByType (MyDailyExpenseTracker) in 13.1904ms
2026-09-01 15:43:59.289 +05:30 [INF] Executed endpoint 'MyDailyExpenseTracker.Controllers.TransactionsController.GetCategoriesByType (MyDailyExpenseTracker)'
2026-09-01 15:43:59.290 +05:30 [INF] Request finished HTTP/1.1 GET http://localhost:5172/Transactions/GetCategoriesByType?type=Income - 200 null application/json; charset=utf-8 13.8957ms
2026-09-01 15:44:00.923 +05:30 [INF] Request starting HTTP/1.1 GET http://localhost:5172/Transactions/GetCategoriesByType?type=Expense - null null
2026-09-01 15:44:00.924 +05:30 [INF] Executing endpoint 'MyDailyExpenseTracker.Controllers.TransactionsController.GetCategoriesByType (MyDailyExpenseTracker)'
2026-09-01 15:44:00.924 +05:30 [INF] Route matched with {action = "GetCategoriesByType", controller = "Transactions"}. Executing controller action with signature System.Threading.Tasks.Task`1[Microsoft.AspNetCore.Mvc.IActionResult] GetCategoriesByType(System.String) on controller MyDailyExpenseTracker.Controllers.TransactionsController (MyDailyExpenseTracker).
2026-09-01 15:44:00.930 +05:30 [INF] Executed DbCommand (5ms) [Parameters=[@userId='?' (Size = 450), @type='?' (Size = 10)], CommandType='"Text"', CommandTimeout='30']
SELECT CONVERT(varchar(11), [c].[CategoryId]) AS [Value], [c].[Name] AS [Text]
FROM [Categories] AS [c]
WHERE [c].[IsActive] = CAST(1 AS bit) AND ([c].[UserId] = @userId OR [c].[UserId] IS NULL) AND ([c].[Type] = @type OR [c].[Type] = N'Both')
ORDER BY [c].[Name]
2026-09-01 15:44:00.930 +05:30 [INF] Executing JsonResult, writing value of type 'System.Linq.Enumerable+ListSelectIterator`2[[Microsoft.AspNetCore.Mvc.Rendering.SelectListItem, Microsoft.AspNetCore.Mvc.ViewFeatures, Version=10.0.0.0, Culture=neutral, PublicKeyToken=adb9793829ddae60],[<>f__AnonymousType3`2[[System.String, System.Private.CoreLib, Version=10.0.0.0, Culture=neutral, PublicKeyToken=7cec85d7bea7798e],[System.String, System.Private.CoreLib, Version=10.0.0.0, Culture=neutral, PublicKeyToken=7cec85d7bea7798e]], MyDailyExpenseTracker, Version=1.0.0.0, Culture=neutral, PublicKeyToken=null]]'.
2026-09-01 15:44:00.930 +05:30 [INF] Executed action MyDailyExpenseTracker.Controllers.TransactionsController.GetCategoriesByType (MyDailyExpenseTracker) in 6.3658ms
2026-09-01 15:44:00.930 +05:30 [INF] Executed endpoint 'MyDailyExpenseTracker.Controllers.TransactionsController.GetCategoriesByType (MyDailyExpenseTracker)'
2026-09-01 15:44:00.930 +05:30 [INF] Request finished HTTP/1.1 GET http://localhost:5172/Transactions/GetCategoriesByType?type=Expense - 200 null application/json; charset=utf-8 6.9187ms
2026-09-01 15:44:02.140 +05:30 [INF] Request starting HTTP/1.1 GET http://localhost:5172/Transactions/GetCategoriesByType?type=Income - null null
2026-09-01 15:44:02.140 +05:30 [INF] Executing endpoint 'MyDailyExpenseTracker.Controllers.TransactionsController.GetCategoriesByType (MyDailyExpenseTracker)'
2026-09-01 15:44:02.140 +05:30 [INF] Route matched with {action = "GetCategoriesByType", controller = "Transactions"}. Executing controller action with signature System.Threading.Tasks.Task`1[Microsoft.AspNetCore.Mvc.IActionResult] GetCategoriesByType(System.String) on controller MyDailyExpenseTracker.Controllers.TransactionsController (MyDailyExpenseTracker).
2026-09-01 15:44:02.145 +05:30 [INF] Executed DbCommand (4ms) [Parameters=[@userId='?' (Size = 450), @type='?' (Size = 10)], CommandType='"Text"', CommandTimeout='30']
SELECT CONVERT(varchar(11), [c].[CategoryId]) AS [Value], [c].[Name] AS [Text]
FROM [Categories] AS [c]
WHERE [c].[IsActive] = CAST(1 AS bit) AND ([c].[UserId] = @userId OR [c].[UserId] IS NULL) AND ([c].[Type] = @type OR [c].[Type] = N'Both')
ORDER BY [c].[Name]
2026-09-01 15:44:02.145 +05:30 [INF] Executing JsonResult, writing value of type 'System.Linq.Enumerable+ListSelectIterator`2[[Microsoft.AspNetCore.Mvc.Rendering.SelectListItem, Microsoft.AspNetCore.Mvc.ViewFeatures, Version=10.0.0.0, Culture=neutral, PublicKeyToken=adb9793829ddae60],[<>f__AnonymousType3`2[[System.String, System.Private.CoreLib, Version=10.0.0.0, Culture=neutral, PublicKeyToken=7cec85d7bea7798e],[System.String, System.Private.CoreLib, Version=10.0.0.0, Culture=neutral, PublicKeyToken=7cec85d7bea7798e]], MyDailyExpenseTracker, Version=1.0.0.0, Culture=neutral, PublicKeyToken=null]]'.
2026-09-01 15:44:02.145 +05:30 [INF] Executed action MyDailyExpenseTracker.Controllers.TransactionsController.GetCategoriesByType (MyDailyExpenseTracker) in 4.8037ms
2026-09-01 15:44:02.145 +05:30 [INF] Executed endpoint 'MyDailyExpenseTracker.Controllers.TransactionsController.GetCategoriesByType (MyDailyExpenseTracker)'
2026-09-01 15:44:02.145 +05:30 [INF] Request finished HTTP/1.1 GET http://localhost:5172/Transactions/GetCategoriesByType?type=Income - 200 null application/json; charset=utf-8 5.3772ms
2026-09-01 15:44:03.828 +05:30 [INF] Request starting HTTP/1.1 GET http://localhost:5172/Transactions/GetCategoriesByType?type=Expense - null null
2026-09-01 15:44:03.828 +05:30 [INF] Executing endpoint 'MyDailyExpenseTracker.Controllers.TransactionsController.GetCategoriesByType (MyDailyExpenseTracker)'
2026-09-01 15:44:03.828 +05:30 [INF] Route matched with {action = "GetCategoriesByType", controller = "Transactions"}. Executing controller action with signature System.Threading.Tasks.Task`1[Microsoft.AspNetCore.Mvc.IActionResult] GetCategoriesByType(System.String) on controller MyDailyExpenseTracker.Controllers.TransactionsController (MyDailyExpenseTracker).
2026-09-01 15:44:03.840 +05:30 [INF] Executed DbCommand (5ms) [Parameters=[@userId='?' (Size = 450), @type='?' (Size = 10)], CommandType='"Text"', CommandTimeout='30']
SELECT CONVERT(varchar(11), [c].[CategoryId]) AS [Value], [c].[Name] AS [Text]
FROM [Categories] AS [c]
WHERE [c].[IsActive] = CAST(1 AS bit) AND ([c].[UserId] = @userId OR [c].[UserId] IS NULL) AND ([c].[Type] = @type OR [c].[Type] = N'Both')
ORDER BY [c].[Name]
2026-09-01 15:44:03.840 +05:30 [INF] Executing JsonResult, writing value of type 'System.Linq.Enumerable+ListSelectIterator`2[[Microsoft.AspNetCore.Mvc.Rendering.SelectListItem, Microsoft.AspNetCore.Mvc.ViewFeatures, Version=10.0.0.0, Culture=neutral, PublicKeyToken=adb9793829ddae60],[<>f__AnonymousType3`2[[System.String, System.Private.CoreLib, Version=10.0.0.0, Culture=neutral, PublicKeyToken=7cec85d7bea7798e],[System.String, System.Private.CoreLib, Version=10.0.0.0, Culture=neutral, PublicKeyToken=7cec85d7bea7798e]], MyDailyExpenseTracker, Version=1.0.0.0, Culture=neutral, PublicKeyToken=null]]'.
2026-09-01 15:44:03.840 +05:30 [INF] Executed action MyDailyExpenseTracker.Controllers.TransactionsController.GetCategoriesByType (MyDailyExpenseTracker) in 12.1058ms
2026-09-01 15:44:03.840 +05:30 [INF] Executed endpoint 'MyDailyExpenseTracker.Controllers.TransactionsController.GetCategoriesByType (MyDailyExpenseTracker)'
2026-09-01 15:44:03.840 +05:30 [INF] Request finished HTTP/1.1 GET http://localhost:5172/Transactions/GetCategoriesByType?type=Expense - 200 null application/json; charset=utf-8 12.7135ms
2026-09-01 15:44:07.787 +05:30 [INF] Request starting HTTP/1.1 GET http://localhost:5172/ - null null
2026-09-01 15:44:07.787 +05:30 [INF] Executing endpoint 'MyDailyExpenseTracker.Controllers.DashboardController.Index (MyDailyExpenseTracker)'
2026-09-01 15:44:07.788 +05:30 [INF] Route matched with {action = "Index", controller = "Dashboard"}. Executing controller action with signature System.Threading.Tasks.Task`1[Microsoft.AspNetCore.Mvc.IActionResult] Index() on controller MyDailyExpenseTracker.Controllers.DashboardController (MyDailyExpenseTracker).
2026-09-01 15:44:07.797 +05:30 [INF] Executed DbCommand (8ms) [Parameters=[@userId='?' (Size = 450), @today='?' (DbType = DateTime2), @today2='?' (DbType = DateTime2)], CommandType='"Text"', CommandTimeout='30']
SELECT [r].[RecurringExpenseId], [r].[Amount], [r].[CategoryId], [r].[CreatedDate], [r].[EndDate], [r].[Frequency], [r].[IsActive], [r].[LastGeneratedDate], [r].[Name], [r].[Notes], [r].[PaymentMethodId], [r].[StartDate], [r].[Type], [r].[UserId]
FROM [RecurringExpenses] AS [r]
WHERE [r].[UserId] = @userId AND [r].[IsActive] = CAST(1 AS bit) AND [r].[StartDate] <= @today AND ([r].[EndDate] IS NULL OR [r].[EndDate] >= @today2)
2026-09-01 15:44:07.814 +05:30 [INF] Executed DbCommand (16ms) [Parameters=[@userId='?' (Size = 450), @today_Month='?' (DbType = Int32), @today_Year='?' (DbType = Int32)], CommandType='"Text"', CommandTimeout='30']
SELECT [b1].[BudgetId], [b1].[CreatedDate], [b1].[Month], [b1].[Notes], [b1].[TotalBudget], [b1].[UpdatedDate], [b1].[UserId], [b1].[Year], [s].[BudgetCategoryId], [s].[Amount], [s].[BudgetId], [s].[CategoryId], [s].[CategoryId0], [s].[Color], [s].[CreatedDate], [s].[Icon], [s].[IsActive], [s].[IsDefault], [s].[Name], [s].[Type], [s].[UserId]
FROM (
    SELECT TOP(1) [b].[BudgetId], [b].[CreatedDate], [b].[Month], [b].[Notes], [b].[TotalBudget], [b].[UpdatedDate], [b].[UserId], [b].[Year]
    FROM [Budgets] AS [b]
    WHERE [b].[UserId] = @userId AND [b].[Month] = @today_Month AND [b].[Year] = @today_Year
) AS [b1]
LEFT JOIN (
    SELECT [b0].[BudgetCategoryId], [b0].[Amount], [b0].[BudgetId], [b0].[CategoryId], [c].[CategoryId] AS [CategoryId0], [c].[Color], [c].[CreatedDate], [c].[Icon], [c].[IsActive], [c].[IsDefault], [c].[Name], [c].[Type], [c].[UserId]
    FROM [BudgetCategories] AS [b0]
    INNER JOIN [Categories] AS [c] ON [b0].[CategoryId] = [c].[CategoryId]
) AS [s] ON [b1].[BudgetId] = [s].[BudgetId]
ORDER BY [b1].[BudgetId], [s].[BudgetCategoryId]
2026-09-01 15:44:07.822 +05:30 [INF] Executed DbCommand (7ms) [Parameters=[@userId='?' (Size = 450), @today='?' (DbType = DateTime2)], CommandType='"Text"', CommandTimeout='30']
SELECT [t].[Type], COALESCE(SUM([t].[Amount]), 0.0) AS [Total]
FROM [Transactions] AS [t]
WHERE [t].[UserId] = @userId AND CONVERT(date, [t].[TransactionDate]) = @today
GROUP BY [t].[Type]
2026-09-01 15:44:07.829 +05:30 [INF] Executed DbCommand (7ms) [Parameters=[@userId='?' (Size = 450), @monthStart='?' (DbType = DateTime2), @today='?' (DbType = DateTime2)], CommandType='"Text"', CommandTimeout='30']
SELECT [t].[Type], COALESCE(SUM([t].[Amount]), 0.0) AS [Total]
FROM [Transactions] AS [t]
WHERE [t].[UserId] = @userId AND [t].[TransactionDate] >= @monthStart AND [t].[TransactionDate] <= @today
GROUP BY [t].[Type]
2026-09-01 15:44:07.835 +05:30 [INF] Executed DbCommand (5ms) [Parameters=[@userId='?' (Size = 450)], CommandType='"Text"', CommandTimeout='30']
SELECT COALESCE(SUM([t].[Amount]), 0.0)
FROM [Transactions] AS [t]
WHERE [t].[UserId] = @userId AND [t].[Type] = N'Income'
2026-09-01 15:44:07.840 +05:30 [INF] Executed DbCommand (4ms) [Parameters=[@userId='?' (Size = 450)], CommandType='"Text"', CommandTimeout='30']
SELECT COALESCE(SUM([t].[Amount]), 0.0)
FROM [Transactions] AS [t]
WHERE [t].[UserId] = @userId AND [t].[Type] = N'Expense'
2026-09-01 15:44:07.842 +05:30 [INF] Executed DbCommand (2ms) [Parameters=[@userId='?' (Size = 450)], CommandType='"Text"', CommandTimeout='30']
SELECT COUNT(*)
FROM [Transactions] AS [t]
WHERE [t].[UserId] = @userId
2026-09-01 15:44:07.850 +05:30 [INF] Executed DbCommand (7ms) [Parameters=[@userId='?' (Size = 450), @prevStart='?' (DbType = DateTime2), @prevEnd='?' (DbType = DateTime2)], CommandType='"Text"', CommandTimeout='30']
SELECT COALESCE(SUM([t].[Amount]), 0.0)
FROM [Transactions] AS [t]
WHERE [t].[UserId] = @userId AND [t].[Type] = N'Expense' AND [t].[TransactionDate] >= @prevStart AND [t].[TransactionDate] <= @prevEnd
2026-09-01 15:44:07.858 +05:30 [INF] Executed DbCommand (7ms) [Parameters=[@p='?' (DbType = Int32), @userId='?' (Size = 450)], CommandType='"Text"', CommandTimeout='30']
SELECT [t0].[TransactionId], [t0].[TransactionDate], [t0].[Description], [c].[Name] AS [CategoryName], [c].[Icon] AS [CategoryIcon], [c].[Color] AS [CategoryColor], [t0].[Type], [t0].[Amount], [p].[Name] AS [PaymentMethodName]
FROM (
    SELECT TOP(@p) [t].[TransactionId], [t].[Amount], [t].[CategoryId], [t].[CreatedDate], [t].[Description], [t].[PaymentMethodId], [t].[TransactionDate], [t].[Type]
    FROM [Transactions] AS [t]
    WHERE [t].[UserId] = @userId
    ORDER BY [t].[TransactionDate] DESC, [t].[CreatedDate] DESC
) AS [t0]
INNER JOIN [Categories] AS [c] ON [t0].[CategoryId] = [c].[CategoryId]
LEFT JOIN [PaymentMethods] AS [p] ON [t0].[PaymentMethodId] = [p].[PaymentMethodId]
ORDER BY [t0].[TransactionDate] DESC, [t0].[CreatedDate] DESC
2026-09-01 15:44:07.868 +05:30 [INF] Executed DbCommand (9ms) [Parameters=[@userId='?' (Size = 450), @sixMonthsAgo='?' (DbType = DateTime2)], CommandType='"Text"', CommandTimeout='30']
SELECT [t0].[Year], [t0].[Month], COALESCE(SUM([t0].[Amount]), 0.0) AS [Total]
FROM (
    SELECT [t].[Amount], DATEPART(year, [t].[TransactionDate]) AS [Year], DATEPART(month, [t].[TransactionDate]) AS [Month]
    FROM [Transactions] AS [t]
    WHERE [t].[UserId] = @userId AND [t].[Type] = N'Expense' AND [t].[TransactionDate] >= @sixMonthsAgo
) AS [t0]
GROUP BY [t0].[Year], [t0].[Month]
2026-09-01 15:44:07.874 +05:30 [INF] Executed DbCommand (6ms) [Parameters=[@userId='?' (Size = 450), @sixMonthsAgo='?' (DbType = DateTime2)], CommandType='"Text"', CommandTimeout='30']
SELECT [t0].[Year], [t0].[Month], [t0].[Type], COALESCE(SUM([t0].[Amount]), 0.0) AS [Total]
FROM (
    SELECT [t].[Amount], [t].[Type], DATEPART(year, [t].[TransactionDate]) AS [Year], DATEPART(month, [t].[TransactionDate]) AS [Month]
    FROM [Transactions] AS [t]
    WHERE [t].[UserId] = @userId AND [t].[TransactionDate] >= @sixMonthsAgo
) AS [t0]
GROUP BY [t0].[Year], [t0].[Month], [t0].[Type]
2026-09-01 15:44:07.887 +05:30 [INF] Executed DbCommand (12ms) [Parameters=[@p='?' (DbType = Int32), @userId='?' (Size = 450), @monthStart='?' (DbType = DateTime2), @today='?' (DbType = DateTime2)], CommandType='"Text"', CommandTimeout='30']
SELECT TOP(@p) [c].[Name] AS [Category], COALESCE(SUM([t].[Amount]), 0.0) AS [Total]
FROM [Transactions] AS [t]
INNER JOIN [Categories] AS [c] ON [t].[CategoryId] = [c].[CategoryId]
WHERE [t].[UserId] = @userId AND [t].[Type] = N'Expense' AND [t].[TransactionDate] >= @monthStart AND [t].[TransactionDate] <= @today
GROUP BY [c].[Name]
ORDER BY COALESCE(SUM([t].[Amount]), 0.0) DESC
2026-09-01 15:44:07.896 +05:30 [INF] Executed DbCommand (8ms) [Parameters=[@userId='?' (Size = 450), @monthStart='?' (DbType = DateTime2), @today='?' (DbType = DateTime2)], CommandType='"Text"', CommandTimeout='30']
SELECT [t0].[Key] AS [Day], COALESCE(SUM([t0].[Amount]), 0.0) AS [Total]
FROM (
    SELECT [t].[Amount], DATEPART(day, [t].[TransactionDate]) AS [Key]
    FROM [Transactions] AS [t]
    WHERE [t].[UserId] = @userId AND [t].[Type] = N'Expense' AND [t].[TransactionDate] >= @monthStart AND [t].[TransactionDate] <= @today
) AS [t0]
GROUP BY [t0].[Key]
2026-09-01 15:44:07.907 +05:30 [INF] Executed DbCommand (10ms) [Parameters=[@userId='?' (Size = 450), @monthStart='?' (DbType = DateTime2), @today='?' (DbType = DateTime2)], CommandType='"Text"', CommandTimeout='30']
SELECT [p].[Name] AS [Method], COALESCE(SUM([t].[Amount]), 0.0) AS [Total]
FROM [Transactions] AS [t]
LEFT JOIN [PaymentMethods] AS [p] ON [t].[PaymentMethodId] = [p].[PaymentMethodId]
WHERE [t].[UserId] = @userId AND [t].[Type] = N'Expense' AND [t].[TransactionDate] >= @monthStart AND [t].[TransactionDate] <= @today AND [t].[PaymentMethodId] IS NOT NULL
GROUP BY [p].[Name]
2026-09-01 15:44:07.912 +05:30 [INF] Executed DbCommand (5ms) [Parameters=[@userId='?' (Size = 450), @today_Month='?' (DbType = Int32), @today_Year='?' (DbType = Int32)], CommandType='"Text"', CommandTimeout='30']
SELECT TOP(1) [b].[BudgetId], [b].[CreatedDate], [b].[Month], [b].[Notes], [b].[TotalBudget], [b].[UpdatedDate], [b].[UserId], [b].[Year]
FROM [Budgets] AS [b]
WHERE [b].[UserId] = @userId AND [b].[Month] = @today_Month AND [b].[Year] = @today_Year
2026-09-01 15:44:07.916 +05:30 [INF] Executed DbCommand (3ms) [Parameters=[@userId='?' (Size = 450)], CommandType='"Text"', CommandTimeout='30']
SELECT COUNT(*)
FROM [Notifications] AS [n]
WHERE [n].[UserId] = @userId AND [n].[IsRead] = CAST(0 AS bit)
2026-09-01 15:44:07.916 +05:30 [INF] Executing ViewResult, running view Index.
2026-09-01 15:44:07.921 +05:30 [INF] Executed DbCommand (3ms) [Parameters=[@p='?' (Size = 450)], CommandType='"Text"', CommandTimeout='30']
SELECT TOP(1) [a].[Id], [a].[AccessFailedCount], [a].[ConcurrencyStamp], [a].[CreatedDate], [a].[Currency], [a].[DateFormat], [a].[Email], [a].[EmailConfirmed], [a].[FirstName], [a].[LastName], [a].[LockoutEnabled], [a].[LockoutEnd], [a].[NormalizedEmail], [a].[NormalizedUserName], [a].[PasswordHash], [a].[PhoneNumber], [a].[PhoneNumberConfirmed], [a].[SecurityStamp], [a].[Theme], [a].[TwoFactorEnabled], [a].[UserName]
FROM [AspNetUsers] AS [a]
WHERE [a].[Id] = @p
2026-09-01 15:44:07.922 +05:30 [INF] Executed ViewResult - view Index executed in 5.3865ms.
2026-09-01 15:44:07.922 +05:30 [INF] Executed action MyDailyExpenseTracker.Controllers.DashboardController.Index (MyDailyExpenseTracker) in 134.3025ms
2026-09-01 15:44:07.922 +05:30 [INF] Executed endpoint 'MyDailyExpenseTracker.Controllers.DashboardController.Index (MyDailyExpenseTracker)'
2026-09-01 15:44:07.922 +05:30 [INF] Request finished HTTP/1.1 GET http://localhost:5172/ - 200 null text/html; charset=utf-8 135.4498ms
2026-09-01 15:44:07.977 +05:30 [INF] Request starting HTTP/1.1 GET http://localhost:5172/css/site.css?v=sR4yzXFRap2fHEGdzNVt8NopMXg07zrK4XywahY6PY0 - null null
2026-09-01 15:44:07.978 +05:30 [INF] The file /css/site.css was not modified
2026-09-01 15:44:07.978 +05:30 [INF] Request finished HTTP/1.1 GET http://localhost:5172/css/site.css?v=sR4yzXFRap2fHEGdzNVt8NopMXg07zrK4XywahY6PY0 - 304 null text/css 0.8291ms
2026-09-01 15:45:18.479 +05:30 [INF] Request starting HTTP/1.1 GET http://localhost:5172/Budget - null null
2026-09-01 15:45:18.480 +05:30 [INF] Executing endpoint 'MyDailyExpenseTracker.Controllers.BudgetController.Index (MyDailyExpenseTracker)'
2026-09-01 15:45:18.480 +05:30 [INF] Route matched with {action = "Index", controller = "Budget"}. Executing controller action with signature System.Threading.Tasks.Task`1[Microsoft.AspNetCore.Mvc.IActionResult] Index(Int32, Int32) on controller MyDailyExpenseTracker.Controllers.BudgetController (MyDailyExpenseTracker).
2026-09-01 15:45:18.496 +05:30 [INF] Executed DbCommand (14ms) [Parameters=[@userId='?' (Size = 450), @month='?' (DbType = Int32), @year='?' (DbType = Int32)], CommandType='"Text"', CommandTimeout='30']
SELECT [b1].[BudgetId], [b1].[CreatedDate], [b1].[Month], [b1].[Notes], [b1].[TotalBudget], [b1].[UpdatedDate], [b1].[UserId], [b1].[Year], [s].[BudgetCategoryId], [s].[Amount], [s].[BudgetId], [s].[CategoryId], [s].[CategoryId0], [s].[Color], [s].[CreatedDate], [s].[Icon], [s].[IsActive], [s].[IsDefault], [s].[Name], [s].[Type], [s].[UserId]
FROM (
    SELECT TOP(1) [b].[BudgetId], [b].[CreatedDate], [b].[Month], [b].[Notes], [b].[TotalBudget], [b].[UpdatedDate], [b].[UserId], [b].[Year]
    FROM [Budgets] AS [b]
    WHERE [b].[UserId] = @userId AND [b].[Month] = @month AND [b].[Year] = @year
) AS [b1]
LEFT JOIN (
    SELECT [b0].[BudgetCategoryId], [b0].[Amount], [b0].[BudgetId], [b0].[CategoryId], [c].[CategoryId] AS [CategoryId0], [c].[Color], [c].[CreatedDate], [c].[Icon], [c].[IsActive], [c].[IsDefault], [c].[Name], [c].[Type], [c].[UserId]
    FROM [BudgetCategories] AS [b0]
    INNER JOIN [Categories] AS [c] ON [b0].[CategoryId] = [c].[CategoryId]
) AS [s] ON [b1].[BudgetId] = [s].[BudgetId]
ORDER BY [b1].[BudgetId], [s].[BudgetCategoryId]
2026-09-01 15:45:18.506 +05:30 [INF] Executed DbCommand (10ms) [Parameters=[@userId='?' (Size = 450)], CommandType='"Text"', CommandTimeout='30']
SELECT [t].[CategoryId], COUNT(*) AS [Count]
FROM [Transactions] AS [t]
WHERE [t].[UserId] = @userId
GROUP BY [t].[CategoryId]
2026-09-01 15:45:18.512 +05:30 [INF] Executed DbCommand (4ms) [Parameters=[@userId='?' (Size = 450)], CommandType='"Text"', CommandTimeout='30']
SELECT [c].[CategoryId], [c].[Name], [c].[Icon], [c].[Color], [c].[Type], [c].[IsDefault]
FROM [Categories] AS [c]
WHERE [c].[IsActive] = CAST(1 AS bit) AND ([c].[UserId] = @userId OR [c].[UserId] IS NULL)
ORDER BY [c].[Type], [c].[Name]
2026-09-01 15:45:18.520 +05:30 [INF] Executed DbCommand (7ms) [Parameters=[@userId='?' (Size = 450), @monthStart='?' (DbType = DateTime2), @monthEnd='?' (DbType = DateTime2)], CommandType='"Text"', CommandTimeout='30']
SELECT [t].[CategoryId], COALESCE(SUM([t].[Amount]), 0.0) AS [Total]
FROM [Transactions] AS [t]
WHERE [t].[UserId] = @userId AND [t].[Type] = N'Expense' AND [t].[TransactionDate] >= @monthStart AND [t].[TransactionDate] <= @monthEnd
GROUP BY [t].[CategoryId]
2026-09-01 15:45:18.522 +05:30 [INF] Executing ViewResult, running view Index.
2026-09-01 15:45:18.530 +05:30 [INF] Executed DbCommand (5ms) [Parameters=[@p='?' (Size = 450)], CommandType='"Text"', CommandTimeout='30']
SELECT TOP(1) [a].[Id], [a].[AccessFailedCount], [a].[ConcurrencyStamp], [a].[CreatedDate], [a].[Currency], [a].[DateFormat], [a].[Email], [a].[EmailConfirmed], [a].[FirstName], [a].[LastName], [a].[LockoutEnabled], [a].[LockoutEnd], [a].[NormalizedEmail], [a].[NormalizedUserName], [a].[PasswordHash], [a].[PhoneNumber], [a].[PhoneNumberConfirmed], [a].[SecurityStamp], [a].[Theme], [a].[TwoFactorEnabled], [a].[UserName]
FROM [AspNetUsers] AS [a]
WHERE [a].[Id] = @p
2026-09-01 15:45:18.531 +05:30 [INF] Executed ViewResult - view Index executed in 8.8952ms.
2026-09-01 15:45:18.531 +05:30 [INF] Executed action MyDailyExpenseTracker.Controllers.BudgetController.Index (MyDailyExpenseTracker) in 51.4014ms
2026-09-01 15:45:18.531 +05:30 [INF] Executed endpoint 'MyDailyExpenseTracker.Controllers.BudgetController.Index (MyDailyExpenseTracker)'
2026-09-01 15:45:18.531 +05:30 [INF] Request finished HTTP/1.1 GET http://localhost:5172/Budget - 200 null text/html; charset=utf-8 52.3493ms
2026-09-01 15:45:18.569 +05:30 [INF] Request starting HTTP/1.1 GET http://localhost:5172/css/site.css?v=sR4yzXFRap2fHEGdzNVt8NopMXg07zrK4XywahY6PY0 - null null
2026-09-01 15:45:18.570 +05:30 [INF] The file /css/site.css was not modified
2026-09-01 15:45:18.571 +05:30 [INF] Request finished HTTP/1.1 GET http://localhost:5172/css/site.css?v=sR4yzXFRap2fHEGdzNVt8NopMXg07zrK4XywahY6PY0 - 304 null text/css 1.1352ms
2026-09-01 15:45:25.388 +05:30 [INF] Request starting HTTP/1.1 GET http://localhost:5172/ - null null
2026-09-01 15:45:25.389 +05:30 [INF] Executing endpoint 'MyDailyExpenseTracker.Controllers.DashboardController.Index (MyDailyExpenseTracker)'
2026-09-01 15:45:25.389 +05:30 [INF] Route matched with {action = "Index", controller = "Dashboard"}. Executing controller action with signature System.Threading.Tasks.Task`1[Microsoft.AspNetCore.Mvc.IActionResult] Index() on controller MyDailyExpenseTracker.Controllers.DashboardController (MyDailyExpenseTracker).
2026-09-01 15:45:25.398 +05:30 [INF] Executed DbCommand (7ms) [Parameters=[@userId='?' (Size = 450), @today='?' (DbType = DateTime2), @today2='?' (DbType = DateTime2)], CommandType='"Text"', CommandTimeout='30']
SELECT [r].[RecurringExpenseId], [r].[Amount], [r].[CategoryId], [r].[CreatedDate], [r].[EndDate], [r].[Frequency], [r].[IsActive], [r].[LastGeneratedDate], [r].[Name], [r].[Notes], [r].[PaymentMethodId], [r].[StartDate], [r].[Type], [r].[UserId]
FROM [RecurringExpenses] AS [r]
WHERE [r].[UserId] = @userId AND [r].[IsActive] = CAST(1 AS bit) AND [r].[StartDate] <= @today AND ([r].[EndDate] IS NULL OR [r].[EndDate] >= @today2)
2026-09-01 15:45:25.417 +05:30 [INF] Executed DbCommand (18ms) [Parameters=[@userId='?' (Size = 450), @today_Month='?' (DbType = Int32), @today_Year='?' (DbType = Int32)], CommandType='"Text"', CommandTimeout='30']
SELECT [b1].[BudgetId], [b1].[CreatedDate], [b1].[Month], [b1].[Notes], [b1].[TotalBudget], [b1].[UpdatedDate], [b1].[UserId], [b1].[Year], [s].[BudgetCategoryId], [s].[Amount], [s].[BudgetId], [s].[CategoryId], [s].[CategoryId0], [s].[Color], [s].[CreatedDate], [s].[Icon], [s].[IsActive], [s].[IsDefault], [s].[Name], [s].[Type], [s].[UserId]
FROM (
    SELECT TOP(1) [b].[BudgetId], [b].[CreatedDate], [b].[Month], [b].[Notes], [b].[TotalBudget], [b].[UpdatedDate], [b].[UserId], [b].[Year]
    FROM [Budgets] AS [b]
    WHERE [b].[UserId] = @userId AND [b].[Month] = @today_Month AND [b].[Year] = @today_Year
) AS [b1]
LEFT JOIN (
    SELECT [b0].[BudgetCategoryId], [b0].[Amount], [b0].[BudgetId], [b0].[CategoryId], [c].[CategoryId] AS [CategoryId0], [c].[Color], [c].[CreatedDate], [c].[Icon], [c].[IsActive], [c].[IsDefault], [c].[Name], [c].[Type], [c].[UserId]
    FROM [BudgetCategories] AS [b0]
    INNER JOIN [Categories] AS [c] ON [b0].[CategoryId] = [c].[CategoryId]
) AS [s] ON [b1].[BudgetId] = [s].[BudgetId]
ORDER BY [b1].[BudgetId], [s].[BudgetCategoryId]
2026-09-01 15:45:25.430 +05:30 [INF] Executed DbCommand (10ms) [Parameters=[@userId='?' (Size = 450), @today='?' (DbType = DateTime2)], CommandType='"Text"', CommandTimeout='30']
SELECT [t].[Type], COALESCE(SUM([t].[Amount]), 0.0) AS [Total]
FROM [Transactions] AS [t]
WHERE [t].[UserId] = @userId AND CONVERT(date, [t].[TransactionDate]) = @today
GROUP BY [t].[Type]
2026-09-01 15:45:25.442 +05:30 [INF] Executed DbCommand (10ms) [Parameters=[@userId='?' (Size = 450), @monthStart='?' (DbType = DateTime2), @today='?' (DbType = DateTime2)], CommandType='"Text"', CommandTimeout='30']
SELECT [t].[Type], COALESCE(SUM([t].[Amount]), 0.0) AS [Total]
FROM [Transactions] AS [t]
WHERE [t].[UserId] = @userId AND [t].[TransactionDate] >= @monthStart AND [t].[TransactionDate] <= @today
GROUP BY [t].[Type]
2026-09-01 15:45:25.452 +05:30 [INF] Executed DbCommand (10ms) [Parameters=[@userId='?' (Size = 450)], CommandType='"Text"', CommandTimeout='30']
SELECT COALESCE(SUM([t].[Amount]), 0.0)
FROM [Transactions] AS [t]
WHERE [t].[UserId] = @userId AND [t].[Type] = N'Income'
2026-09-01 15:45:25.460 +05:30 [INF] Executed DbCommand (7ms) [Parameters=[@userId='?' (Size = 450)], CommandType='"Text"', CommandTimeout='30']
SELECT COALESCE(SUM([t].[Amount]), 0.0)
FROM [Transactions] AS [t]
WHERE [t].[UserId] = @userId AND [t].[Type] = N'Expense'
2026-09-01 15:45:25.464 +05:30 [INF] Executed DbCommand (3ms) [Parameters=[@userId='?' (Size = 450)], CommandType='"Text"', CommandTimeout='30']
SELECT COUNT(*)
FROM [Transactions] AS [t]
WHERE [t].[UserId] = @userId
2026-09-01 15:45:25.474 +05:30 [INF] Executed DbCommand (8ms) [Parameters=[@userId='?' (Size = 450), @prevStart='?' (DbType = DateTime2), @prevEnd='?' (DbType = DateTime2)], CommandType='"Text"', CommandTimeout='30']
SELECT COALESCE(SUM([t].[Amount]), 0.0)
FROM [Transactions] AS [t]
WHERE [t].[UserId] = @userId AND [t].[Type] = N'Expense' AND [t].[TransactionDate] >= @prevStart AND [t].[TransactionDate] <= @prevEnd
2026-09-01 15:45:25.484 +05:30 [INF] Executed DbCommand (9ms) [Parameters=[@p='?' (DbType = Int32), @userId='?' (Size = 450)], CommandType='"Text"', CommandTimeout='30']
SELECT [t0].[TransactionId], [t0].[TransactionDate], [t0].[Description], [c].[Name] AS [CategoryName], [c].[Icon] AS [CategoryIcon], [c].[Color] AS [CategoryColor], [t0].[Type], [t0].[Amount], [p].[Name] AS [PaymentMethodName]
FROM (
    SELECT TOP(@p) [t].[TransactionId], [t].[Amount], [t].[CategoryId], [t].[CreatedDate], [t].[Description], [t].[PaymentMethodId], [t].[TransactionDate], [t].[Type]
    FROM [Transactions] AS [t]
    WHERE [t].[UserId] = @userId
    ORDER BY [t].[TransactionDate] DESC, [t].[CreatedDate] DESC
) AS [t0]
INNER JOIN [Categories] AS [c] ON [t0].[CategoryId] = [c].[CategoryId]
LEFT JOIN [PaymentMethods] AS [p] ON [t0].[PaymentMethodId] = [p].[PaymentMethodId]
ORDER BY [t0].[TransactionDate] DESC, [t0].[CreatedDate] DESC
2026-09-01 15:45:25.497 +05:30 [INF] Executed DbCommand (13ms) [Parameters=[@userId='?' (Size = 450), @sixMonthsAgo='?' (DbType = DateTime2)], CommandType='"Text"', CommandTimeout='30']
SELECT [t0].[Year], [t0].[Month], COALESCE(SUM([t0].[Amount]), 0.0) AS [Total]
FROM (
    SELECT [t].[Amount], DATEPART(year, [t].[TransactionDate]) AS [Year], DATEPART(month, [t].[TransactionDate]) AS [Month]
    FROM [Transactions] AS [t]
    WHERE [t].[UserId] = @userId AND [t].[Type] = N'Expense' AND [t].[TransactionDate] >= @sixMonthsAgo
) AS [t0]
GROUP BY [t0].[Year], [t0].[Month]
2026-09-01 15:45:25.507 +05:30 [INF] Executed DbCommand (8ms) [Parameters=[@userId='?' (Size = 450), @sixMonthsAgo='?' (DbType = DateTime2)], CommandType='"Text"', CommandTimeout='30']
SELECT [t0].[Year], [t0].[Month], [t0].[Type], COALESCE(SUM([t0].[Amount]), 0.0) AS [Total]
FROM (
    SELECT [t].[Amount], [t].[Type], DATEPART(year, [t].[TransactionDate]) AS [Year], DATEPART(month, [t].[TransactionDate]) AS [Month]
    FROM [Transactions] AS [t]
    WHERE [t].[UserId] = @userId AND [t].[TransactionDate] >= @sixMonthsAgo
) AS [t0]
GROUP BY [t0].[Year], [t0].[Month], [t0].[Type]
2026-09-01 15:45:25.518 +05:30 [INF] Executed DbCommand (10ms) [Parameters=[@p='?' (DbType = Int32), @userId='?' (Size = 450), @monthStart='?' (DbType = DateTime2), @today='?' (DbType = DateTime2)], CommandType='"Text"', CommandTimeout='30']
SELECT TOP(@p) [c].[Name] AS [Category], COALESCE(SUM([t].[Amount]), 0.0) AS [Total]
FROM [Transactions] AS [t]
INNER JOIN [Categories] AS [c] ON [t].[CategoryId] = [c].[CategoryId]
WHERE [t].[UserId] = @userId AND [t].[Type] = N'Expense' AND [t].[TransactionDate] >= @monthStart AND [t].[TransactionDate] <= @today
GROUP BY [c].[Name]
ORDER BY COALESCE(SUM([t].[Amount]), 0.0) DESC
2026-09-01 15:45:25.525 +05:30 [INF] Executed DbCommand (7ms) [Parameters=[@userId='?' (Size = 450), @monthStart='?' (DbType = DateTime2), @today='?' (DbType = DateTime2)], CommandType='"Text"', CommandTimeout='30']
SELECT [t0].[Key] AS [Day], COALESCE(SUM([t0].[Amount]), 0.0) AS [Total]
FROM (
    SELECT [t].[Amount], DATEPART(day, [t].[TransactionDate]) AS [Key]
    FROM [Transactions] AS [t]
    WHERE [t].[UserId] = @userId AND [t].[Type] = N'Expense' AND [t].[TransactionDate] >= @monthStart AND [t].[TransactionDate] <= @today
) AS [t0]
GROUP BY [t0].[Key]
2026-09-01 15:45:25.536 +05:30 [INF] Executed DbCommand (10ms) [Parameters=[@userId='?' (Size = 450), @monthStart='?' (DbType = DateTime2), @today='?' (DbType = DateTime2)], CommandType='"Text"', CommandTimeout='30']
SELECT [p].[Name] AS [Method], COALESCE(SUM([t].[Amount]), 0.0) AS [Total]
FROM [Transactions] AS [t]
LEFT JOIN [PaymentMethods] AS [p] ON [t].[PaymentMethodId] = [p].[PaymentMethodId]
WHERE [t].[UserId] = @userId AND [t].[Type] = N'Expense' AND [t].[TransactionDate] >= @monthStart AND [t].[TransactionDate] <= @today AND [t].[PaymentMethodId] IS NOT NULL
GROUP BY [p].[Name]
2026-09-01 15:45:25.540 +05:30 [INF] Executed DbCommand (3ms) [Parameters=[@userId='?' (Size = 450), @today_Month='?' (DbType = Int32), @today_Year='?' (DbType = Int32)], CommandType='"Text"', CommandTimeout='30']
SELECT TOP(1) [b].[BudgetId], [b].[CreatedDate], [b].[Month], [b].[Notes], [b].[TotalBudget], [b].[UpdatedDate], [b].[UserId], [b].[Year]
FROM [Budgets] AS [b]
WHERE [b].[UserId] = @userId AND [b].[Month] = @today_Month AND [b].[Year] = @today_Year
2026-09-01 15:45:25.543 +05:30 [INF] Executed DbCommand (3ms) [Parameters=[@userId='?' (Size = 450)], CommandType='"Text"', CommandTimeout='30']
SELECT COUNT(*)
FROM [Notifications] AS [n]
WHERE [n].[UserId] = @userId AND [n].[IsRead] = CAST(0 AS bit)
2026-09-01 15:45:25.544 +05:30 [INF] Executing ViewResult, running view Index.
2026-09-01 15:45:25.548 +05:30 [INF] Executed DbCommand (4ms) [Parameters=[@p='?' (Size = 450)], CommandType='"Text"', CommandTimeout='30']
SELECT TOP(1) [a].[Id], [a].[AccessFailedCount], [a].[ConcurrencyStamp], [a].[CreatedDate], [a].[Currency], [a].[DateFormat], [a].[Email], [a].[EmailConfirmed], [a].[FirstName], [a].[LastName], [a].[LockoutEnabled], [a].[LockoutEnd], [a].[NormalizedEmail], [a].[NormalizedUserName], [a].[PasswordHash], [a].[PhoneNumber], [a].[PhoneNumberConfirmed], [a].[SecurityStamp], [a].[Theme], [a].[TwoFactorEnabled], [a].[UserName]
FROM [AspNetUsers] AS [a]
WHERE [a].[Id] = @p
2026-09-01 15:45:25.550 +05:30 [INF] Executed ViewResult - view Index executed in 5.8486ms.
2026-09-01 15:45:25.550 +05:30 [INF] Executed action MyDailyExpenseTracker.Controllers.DashboardController.Index (MyDailyExpenseTracker) in 160.619ms
2026-09-01 15:45:25.550 +05:30 [INF] Executed endpoint 'MyDailyExpenseTracker.Controllers.DashboardController.Index (MyDailyExpenseTracker)'
2026-09-01 15:45:25.550 +05:30 [INF] Request finished HTTP/1.1 GET http://localhost:5172/ - 200 null text/html; charset=utf-8 161.5754ms
2026-09-01 15:45:27.558 +05:30 [INF] Request starting HTTP/1.1 GET http://localhost:5172/Reports - null null
2026-09-01 15:45:27.559 +05:30 [INF] Executing endpoint 'MyDailyExpenseTracker.Controllers.ReportsController.Index (MyDailyExpenseTracker)'
2026-09-01 15:45:27.559 +05:30 [INF] Route matched with {action = "Index", controller = "Reports"}. Executing controller action with signature System.Threading.Tasks.Task`1[Microsoft.AspNetCore.Mvc.IActionResult] Index(Int32, Int32) on controller MyDailyExpenseTracker.Controllers.ReportsController (MyDailyExpenseTracker).
2026-09-01 15:45:27.568 +05:30 [INF] Executed DbCommand (8ms) [Parameters=[@userId='?' (Size = 450), @monthStart='?' (DbType = DateTime2), @monthEnd='?' (DbType = DateTime2)], CommandType='"Text"', CommandTimeout='30']
SELECT [t].[TransactionId], [t].[Amount], [t].[CategoryId], [t].[CreatedDate], [t].[Description], [t].[Notes], [t].[PaymentMethodId], [t].[RecurringExpenseId], [t].[TransactionDate], [t].[Type], [t].[UpdatedDate], [t].[UserId], [c].[CategoryId], [c].[Color], [c].[CreatedDate], [c].[Icon], [c].[IsActive], [c].[IsDefault], [c].[Name], [c].[Type], [c].[UserId], [p].[PaymentMethodId], [p].[CreatedDate], [p].[Icon], [p].[IsActive], [p].[IsDefault], [p].[Name], [p].[UserId]
FROM [Transactions] AS [t]
INNER JOIN [Categories] AS [c] ON [t].[CategoryId] = [c].[CategoryId]
LEFT JOIN [PaymentMethods] AS [p] ON [t].[PaymentMethodId] = [p].[PaymentMethodId]
WHERE [t].[UserId] = @userId AND [t].[TransactionDate] >= @monthStart AND [t].[TransactionDate] <= @monthEnd
2026-09-01 15:45:27.573 +05:30 [INF] Executed DbCommand (3ms) [Parameters=[@userId='?' (Size = 450)], CommandType='"Text"', CommandTimeout='30']
SELECT MIN([t].[TransactionDate])
FROM [Transactions] AS [t]
WHERE [t].[UserId] = @userId
2026-09-01 15:45:27.573 +05:30 [INF] Executing ViewResult, running view Index.
2026-09-01 15:45:27.578 +05:30 [INF] Executed DbCommand (3ms) [Parameters=[@p='?' (Size = 450)], CommandType='"Text"', CommandTimeout='30']
SELECT TOP(1) [a].[Id], [a].[AccessFailedCount], [a].[ConcurrencyStamp], [a].[CreatedDate], [a].[Currency], [a].[DateFormat], [a].[Email], [a].[EmailConfirmed], [a].[FirstName], [a].[LastName], [a].[LockoutEnabled], [a].[LockoutEnd], [a].[NormalizedEmail], [a].[NormalizedUserName], [a].[PasswordHash], [a].[PhoneNumber], [a].[PhoneNumberConfirmed], [a].[SecurityStamp], [a].[Theme], [a].[TwoFactorEnabled], [a].[UserName]
FROM [AspNetUsers] AS [a]
WHERE [a].[Id] = @p
2026-09-01 15:45:27.580 +05:30 [INF] Executed ViewResult - view Index executed in 6.2451ms.
2026-09-01 15:45:27.580 +05:30 [INF] Executed action MyDailyExpenseTracker.Controllers.ReportsController.Index (MyDailyExpenseTracker) in 20.7546ms
2026-09-01 15:45:27.580 +05:30 [INF] Executed endpoint 'MyDailyExpenseTracker.Controllers.ReportsController.Index (MyDailyExpenseTracker)'
2026-09-01 15:45:27.580 +05:30 [INF] Request finished HTTP/1.1 GET http://localhost:5172/Reports - 200 null text/html; charset=utf-8 21.5211ms
2026-09-01 15:45:29.181 +05:30 [INF] Request starting HTTP/1.1 GET http://localhost:5172/ - null null
2026-09-01 15:45:29.181 +05:30 [INF] Executing endpoint 'MyDailyExpenseTracker.Controllers.DashboardController.Index (MyDailyExpenseTracker)'
2026-09-01 15:45:29.181 +05:30 [INF] Route matched with {action = "Index", controller = "Dashboard"}. Executing controller action with signature System.Threading.Tasks.Task`1[Microsoft.AspNetCore.Mvc.IActionResult] Index() on controller MyDailyExpenseTracker.Controllers.DashboardController (MyDailyExpenseTracker).
2026-09-01 15:45:29.187 +05:30 [INF] Executed DbCommand (5ms) [Parameters=[@userId='?' (Size = 450), @today='?' (DbType = DateTime2), @today2='?' (DbType = DateTime2)], CommandType='"Text"', CommandTimeout='30']
SELECT [r].[RecurringExpenseId], [r].[Amount], [r].[CategoryId], [r].[CreatedDate], [r].[EndDate], [r].[Frequency], [r].[IsActive], [r].[LastGeneratedDate], [r].[Name], [r].[Notes], [r].[PaymentMethodId], [r].[StartDate], [r].[Type], [r].[UserId]
FROM [RecurringExpenses] AS [r]
WHERE [r].[UserId] = @userId AND [r].[IsActive] = CAST(1 AS bit) AND [r].[StartDate] <= @today AND ([r].[EndDate] IS NULL OR [r].[EndDate] >= @today2)
2026-09-01 15:45:29.196 +05:30 [INF] Executed DbCommand (8ms) [Parameters=[@userId='?' (Size = 450), @today_Month='?' (DbType = Int32), @today_Year='?' (DbType = Int32)], CommandType='"Text"', CommandTimeout='30']
SELECT [b1].[BudgetId], [b1].[CreatedDate], [b1].[Month], [b1].[Notes], [b1].[TotalBudget], [b1].[UpdatedDate], [b1].[UserId], [b1].[Year], [s].[BudgetCategoryId], [s].[Amount], [s].[BudgetId], [s].[CategoryId], [s].[CategoryId0], [s].[Color], [s].[CreatedDate], [s].[Icon], [s].[IsActive], [s].[IsDefault], [s].[Name], [s].[Type], [s].[UserId]
FROM (
    SELECT TOP(1) [b].[BudgetId], [b].[CreatedDate], [b].[Month], [b].[Notes], [b].[TotalBudget], [b].[UpdatedDate], [b].[UserId], [b].[Year]
    FROM [Budgets] AS [b]
    WHERE [b].[UserId] = @userId AND [b].[Month] = @today_Month AND [b].[Year] = @today_Year
) AS [b1]
LEFT JOIN (
    SELECT [b0].[BudgetCategoryId], [b0].[Amount], [b0].[BudgetId], [b0].[CategoryId], [c].[CategoryId] AS [CategoryId0], [c].[Color], [c].[CreatedDate], [c].[Icon], [c].[IsActive], [c].[IsDefault], [c].[Name], [c].[Type], [c].[UserId]
    FROM [BudgetCategories] AS [b0]
    INNER JOIN [Categories] AS [c] ON [b0].[CategoryId] = [c].[CategoryId]
) AS [s] ON [b1].[BudgetId] = [s].[BudgetId]
ORDER BY [b1].[BudgetId], [s].[BudgetCategoryId]
2026-09-01 15:45:29.201 +05:30 [INF] Executed DbCommand (4ms) [Parameters=[@userId='?' (Size = 450), @today='?' (DbType = DateTime2)], CommandType='"Text"', CommandTimeout='30']
SELECT [t].[Type], COALESCE(SUM([t].[Amount]), 0.0) AS [Total]
FROM [Transactions] AS [t]
WHERE [t].[UserId] = @userId AND CONVERT(date, [t].[TransactionDate]) = @today
GROUP BY [t].[Type]
2026-09-01 15:45:29.205 +05:30 [INF] Executed DbCommand (4ms) [Parameters=[@userId='?' (Size = 450), @monthStart='?' (DbType = DateTime2), @today='?' (DbType = DateTime2)], CommandType='"Text"', CommandTimeout='30']
SELECT [t].[Type], COALESCE(SUM([t].[Amount]), 0.0) AS [Total]
FROM [Transactions] AS [t]
WHERE [t].[UserId] = @userId AND [t].[TransactionDate] >= @monthStart AND [t].[TransactionDate] <= @today
GROUP BY [t].[Type]
2026-09-01 15:45:29.209 +05:30 [INF] Executed DbCommand (3ms) [Parameters=[@userId='?' (Size = 450)], CommandType='"Text"', CommandTimeout='30']
SELECT COALESCE(SUM([t].[Amount]), 0.0)
FROM [Transactions] AS [t]
WHERE [t].[UserId] = @userId AND [t].[Type] = N'Income'
2026-09-01 15:45:29.213 +05:30 [INF] Executed DbCommand (3ms) [Parameters=[@userId='?' (Size = 450)], CommandType='"Text"', CommandTimeout='30']
SELECT COALESCE(SUM([t].[Amount]), 0.0)
FROM [Transactions] AS [t]
WHERE [t].[UserId] = @userId AND [t].[Type] = N'Expense'
2026-09-01 15:45:29.216 +05:30 [INF] Executed DbCommand (2ms) [Parameters=[@userId='?' (Size = 450)], CommandType='"Text"', CommandTimeout='30']
SELECT COUNT(*)
FROM [Transactions] AS [t]
WHERE [t].[UserId] = @userId
2026-09-01 15:45:29.222 +05:30 [INF] Executed DbCommand (5ms) [Parameters=[@userId='?' (Size = 450), @prevStart='?' (DbType = DateTime2), @prevEnd='?' (DbType = DateTime2)], CommandType='"Text"', CommandTimeout='30']
SELECT COALESCE(SUM([t].[Amount]), 0.0)
FROM [Transactions] AS [t]
WHERE [t].[UserId] = @userId AND [t].[Type] = N'Expense' AND [t].[TransactionDate] >= @prevStart AND [t].[TransactionDate] <= @prevEnd
2026-09-01 15:45:29.229 +05:30 [INF] Executed DbCommand (7ms) [Parameters=[@p='?' (DbType = Int32), @userId='?' (Size = 450)], CommandType='"Text"', CommandTimeout='30']
SELECT [t0].[TransactionId], [t0].[TransactionDate], [t0].[Description], [c].[Name] AS [CategoryName], [c].[Icon] AS [CategoryIcon], [c].[Color] AS [CategoryColor], [t0].[Type], [t0].[Amount], [p].[Name] AS [PaymentMethodName]
FROM (
    SELECT TOP(@p) [t].[TransactionId], [t].[Amount], [t].[CategoryId], [t].[CreatedDate], [t].[Description], [t].[PaymentMethodId], [t].[TransactionDate], [t].[Type]
    FROM [Transactions] AS [t]
    WHERE [t].[UserId] = @userId
    ORDER BY [t].[TransactionDate] DESC, [t].[CreatedDate] DESC
) AS [t0]
INNER JOIN [Categories] AS [c] ON [t0].[CategoryId] = [c].[CategoryId]
LEFT JOIN [PaymentMethods] AS [p] ON [t0].[PaymentMethodId] = [p].[PaymentMethodId]
ORDER BY [t0].[TransactionDate] DESC, [t0].[CreatedDate] DESC
2026-09-01 15:45:29.238 +05:30 [INF] Executed DbCommand (8ms) [Parameters=[@userId='?' (Size = 450), @sixMonthsAgo='?' (DbType = DateTime2)], CommandType='"Text"', CommandTimeout='30']
SELECT [t0].[Year], [t0].[Month], COALESCE(SUM([t0].[Amount]), 0.0) AS [Total]
FROM (
    SELECT [t].[Amount], DATEPART(year, [t].[TransactionDate]) AS [Year], DATEPART(month, [t].[TransactionDate]) AS [Month]
    FROM [Transactions] AS [t]
    WHERE [t].[UserId] = @userId AND [t].[Type] = N'Expense' AND [t].[TransactionDate] >= @sixMonthsAgo
) AS [t0]
GROUP BY [t0].[Year], [t0].[Month]
2026-09-01 15:45:29.244 +05:30 [INF] Executed DbCommand (5ms) [Parameters=[@userId='?' (Size = 450), @sixMonthsAgo='?' (DbType = DateTime2)], CommandType='"Text"', CommandTimeout='30']
SELECT [t0].[Year], [t0].[Month], [t0].[Type], COALESCE(SUM([t0].[Amount]), 0.0) AS [Total]
FROM (
    SELECT [t].[Amount], [t].[Type], DATEPART(year, [t].[TransactionDate]) AS [Year], DATEPART(month, [t].[TransactionDate]) AS [Month]
    FROM [Transactions] AS [t]
    WHERE [t].[UserId] = @userId AND [t].[TransactionDate] >= @sixMonthsAgo
) AS [t0]
GROUP BY [t0].[Year], [t0].[Month], [t0].[Type]
2026-09-01 15:45:29.255 +05:30 [INF] Executed DbCommand (10ms) [Parameters=[@p='?' (DbType = Int32), @userId='?' (Size = 450), @monthStart='?' (DbType = DateTime2), @today='?' (DbType = DateTime2)], CommandType='"Text"', CommandTimeout='30']
SELECT TOP(@p) [c].[Name] AS [Category], COALESCE(SUM([t].[Amount]), 0.0) AS [Total]
FROM [Transactions] AS [t]
INNER JOIN [Categories] AS [c] ON [t].[CategoryId] = [c].[CategoryId]
WHERE [t].[UserId] = @userId AND [t].[Type] = N'Expense' AND [t].[TransactionDate] >= @monthStart AND [t].[TransactionDate] <= @today
GROUP BY [c].[Name]
ORDER BY COALESCE(SUM([t].[Amount]), 0.0) DESC
2026-09-01 15:45:29.266 +05:30 [INF] Executed DbCommand (10ms) [Parameters=[@userId='?' (Size = 450), @monthStart='?' (DbType = DateTime2), @today='?' (DbType = DateTime2)], CommandType='"Text"', CommandTimeout='30']
SELECT [t0].[Key] AS [Day], COALESCE(SUM([t0].[Amount]), 0.0) AS [Total]
FROM (
    SELECT [t].[Amount], DATEPART(day, [t].[TransactionDate]) AS [Key]
    FROM [Transactions] AS [t]
    WHERE [t].[UserId] = @userId AND [t].[Type] = N'Expense' AND [t].[TransactionDate] >= @monthStart AND [t].[TransactionDate] <= @today
) AS [t0]
GROUP BY [t0].[Key]
2026-09-01 15:45:29.279 +05:30 [INF] Executed DbCommand (12ms) [Parameters=[@userId='?' (Size = 450), @monthStart='?' (DbType = DateTime2), @today='?' (DbType = DateTime2)], CommandType='"Text"', CommandTimeout='30']
SELECT [p].[Name] AS [Method], COALESCE(SUM([t].[Amount]), 0.0) AS [Total]
FROM [Transactions] AS [t]
LEFT JOIN [PaymentMethods] AS [p] ON [t].[PaymentMethodId] = [p].[PaymentMethodId]
WHERE [t].[UserId] = @userId AND [t].[Type] = N'Expense' AND [t].[TransactionDate] >= @monthStart AND [t].[TransactionDate] <= @today AND [t].[PaymentMethodId] IS NOT NULL
GROUP BY [p].[Name]
2026-09-01 15:45:29.284 +05:30 [INF] Executed DbCommand (4ms) [Parameters=[@userId='?' (Size = 450), @today_Month='?' (DbType = Int32), @today_Year='?' (DbType = Int32)], CommandType='"Text"', CommandTimeout='30']
SELECT TOP(1) [b].[BudgetId], [b].[CreatedDate], [b].[Month], [b].[Notes], [b].[TotalBudget], [b].[UpdatedDate], [b].[UserId], [b].[Year]
FROM [Budgets] AS [b]
WHERE [b].[UserId] = @userId AND [b].[Month] = @today_Month AND [b].[Year] = @today_Year
2026-09-01 15:45:29.288 +05:30 [INF] Executed DbCommand (3ms) [Parameters=[@userId='?' (Size = 450)], CommandType='"Text"', CommandTimeout='30']
SELECT COUNT(*)
FROM [Notifications] AS [n]
WHERE [n].[UserId] = @userId AND [n].[IsRead] = CAST(0 AS bit)
2026-09-01 15:45:29.288 +05:30 [INF] Executing ViewResult, running view Index.
2026-09-01 15:45:29.293 +05:30 [INF] Executed DbCommand (4ms) [Parameters=[@p='?' (Size = 450)], CommandType='"Text"', CommandTimeout='30']
SELECT TOP(1) [a].[Id], [a].[AccessFailedCount], [a].[ConcurrencyStamp], [a].[CreatedDate], [a].[Currency], [a].[DateFormat], [a].[Email], [a].[EmailConfirmed], [a].[FirstName], [a].[LastName], [a].[LockoutEnabled], [a].[LockoutEnd], [a].[NormalizedEmail], [a].[NormalizedUserName], [a].[PasswordHash], [a].[PhoneNumber], [a].[PhoneNumberConfirmed], [a].[SecurityStamp], [a].[Theme], [a].[TwoFactorEnabled], [a].[UserName]
FROM [AspNetUsers] AS [a]
WHERE [a].[Id] = @p
2026-09-01 15:45:29.294 +05:30 [INF] Executed ViewResult - view Index executed in 6.1791ms.
2026-09-01 15:45:29.294 +05:30 [INF] Executed action MyDailyExpenseTracker.Controllers.DashboardController.Index (MyDailyExpenseTracker) in 112.9814ms
2026-09-01 15:45:29.294 +05:30 [INF] Executed endpoint 'MyDailyExpenseTracker.Controllers.DashboardController.Index (MyDailyExpenseTracker)'
2026-09-01 15:45:29.294 +05:30 [INF] Request finished HTTP/1.1 GET http://localhost:5172/ - 200 null text/html; charset=utf-8 113.69ms
2026-09-01 15:45:30.575 +05:30 [INF] Request starting HTTP/1.1 GET http://localhost:5172/Transactions/Create?type=Income - null null
2026-09-01 15:45:30.576 +05:30 [INF] Executing endpoint 'MyDailyExpenseTracker.Controllers.TransactionsController.Create (MyDailyExpenseTracker)'
2026-09-01 15:45:30.576 +05:30 [INF] Route matched with {action = "Create", controller = "Transactions"}. Executing controller action with signature System.Threading.Tasks.Task`1[Microsoft.AspNetCore.Mvc.IActionResult] Create(System.String) on controller MyDailyExpenseTracker.Controllers.TransactionsController (MyDailyExpenseTracker).
2026-09-01 15:45:30.585 +05:30 [INF] Executed DbCommand (7ms) [Parameters=[@userId='?' (Size = 450), @type='?' (Size = 10)], CommandType='"Text"', CommandTimeout='30']
SELECT CONVERT(varchar(11), [c].[CategoryId]) AS [Value], [c].[Name] AS [Text]
FROM [Categories] AS [c]
WHERE [c].[IsActive] = CAST(1 AS bit) AND ([c].[UserId] = @userId OR [c].[UserId] IS NULL) AND ([c].[Type] = @type OR [c].[Type] = N'Both')
ORDER BY [c].[Name]
2026-09-01 15:45:30.592 +05:30 [INF] Executed DbCommand (6ms) [Parameters=[@userId='?' (Size = 450)], CommandType='"Text"', CommandTimeout='30']
SELECT CONVERT(varchar(11), [p].[PaymentMethodId]) AS [Value], [p].[Name] AS [Text]
FROM [PaymentMethods] AS [p]
WHERE [p].[IsActive] = CAST(1 AS bit) AND ([p].[UserId] = @userId OR [p].[UserId] IS NULL)
ORDER BY [p].[Name]
2026-09-01 15:45:30.593 +05:30 [INF] Executing ViewResult, running view Create.
2026-09-01 15:45:30.603 +05:30 [INF] Executed DbCommand (5ms) [Parameters=[@p='?' (Size = 450)], CommandType='"Text"', CommandTimeout='30']
SELECT TOP(1) [a].[Id], [a].[AccessFailedCount], [a].[ConcurrencyStamp], [a].[CreatedDate], [a].[Currency], [a].[DateFormat], [a].[Email], [a].[EmailConfirmed], [a].[FirstName], [a].[LastName], [a].[LockoutEnabled], [a].[LockoutEnd], [a].[NormalizedEmail], [a].[NormalizedUserName], [a].[PasswordHash], [a].[PhoneNumber], [a].[PhoneNumberConfirmed], [a].[SecurityStamp], [a].[Theme], [a].[TwoFactorEnabled], [a].[UserName]
FROM [AspNetUsers] AS [a]
WHERE [a].[Id] = @p
2026-09-01 15:45:30.605 +05:30 [INF] Executed ViewResult - view Create executed in 12.1363ms.
2026-09-01 15:45:30.605 +05:30 [INF] Executed action MyDailyExpenseTracker.Controllers.TransactionsController.Create (MyDailyExpenseTracker) in 28.8161ms
2026-09-01 15:45:30.605 +05:30 [INF] Executed endpoint 'MyDailyExpenseTracker.Controllers.TransactionsController.Create (MyDailyExpenseTracker)'
2026-09-01 15:45:30.605 +05:30 [INF] Request finished HTTP/1.1 GET http://localhost:5172/Transactions/Create?type=Income - 200 null text/html; charset=utf-8 29.803ms
2026-09-01 15:45:33.869 +05:30 [INF] Request starting HTTP/1.1 GET http://localhost:5172/ - null null
2026-09-01 15:45:33.869 +05:30 [INF] Executing endpoint 'MyDailyExpenseTracker.Controllers.DashboardController.Index (MyDailyExpenseTracker)'
2026-09-01 15:45:33.869 +05:30 [INF] Route matched with {action = "Index", controller = "Dashboard"}. Executing controller action with signature System.Threading.Tasks.Task`1[Microsoft.AspNetCore.Mvc.IActionResult] Index() on controller MyDailyExpenseTracker.Controllers.DashboardController (MyDailyExpenseTracker).
2026-09-01 15:45:33.875 +05:30 [INF] Executed DbCommand (5ms) [Parameters=[@userId='?' (Size = 450), @today='?' (DbType = DateTime2), @today2='?' (DbType = DateTime2)], CommandType='"Text"', CommandTimeout='30']
SELECT [r].[RecurringExpenseId], [r].[Amount], [r].[CategoryId], [r].[CreatedDate], [r].[EndDate], [r].[Frequency], [r].[IsActive], [r].[LastGeneratedDate], [r].[Name], [r].[Notes], [r].[PaymentMethodId], [r].[StartDate], [r].[Type], [r].[UserId]
FROM [RecurringExpenses] AS [r]
WHERE [r].[UserId] = @userId AND [r].[IsActive] = CAST(1 AS bit) AND [r].[StartDate] <= @today AND ([r].[EndDate] IS NULL OR [r].[EndDate] >= @today2)
2026-09-01 15:45:33.896 +05:30 [INF] Executed DbCommand (20ms) [Parameters=[@userId='?' (Size = 450), @today_Month='?' (DbType = Int32), @today_Year='?' (DbType = Int32)], CommandType='"Text"', CommandTimeout='30']
SELECT [b1].[BudgetId], [b1].[CreatedDate], [b1].[Month], [b1].[Notes], [b1].[TotalBudget], [b1].[UpdatedDate], [b1].[UserId], [b1].[Year], [s].[BudgetCategoryId], [s].[Amount], [s].[BudgetId], [s].[CategoryId], [s].[CategoryId0], [s].[Color], [s].[CreatedDate], [s].[Icon], [s].[IsActive], [s].[IsDefault], [s].[Name], [s].[Type], [s].[UserId]
FROM (
    SELECT TOP(1) [b].[BudgetId], [b].[CreatedDate], [b].[Month], [b].[Notes], [b].[TotalBudget], [b].[UpdatedDate], [b].[UserId], [b].[Year]
    FROM [Budgets] AS [b]
    WHERE [b].[UserId] = @userId AND [b].[Month] = @today_Month AND [b].[Year] = @today_Year
) AS [b1]
LEFT JOIN (
    SELECT [b0].[BudgetCategoryId], [b0].[Amount], [b0].[BudgetId], [b0].[CategoryId], [c].[CategoryId] AS [CategoryId0], [c].[Color], [c].[CreatedDate], [c].[Icon], [c].[IsActive], [c].[IsDefault], [c].[Name], [c].[Type], [c].[UserId]
    FROM [BudgetCategories] AS [b0]
    INNER JOIN [Categories] AS [c] ON [b0].[CategoryId] = [c].[CategoryId]
) AS [s] ON [b1].[BudgetId] = [s].[BudgetId]
ORDER BY [b1].[BudgetId], [s].[BudgetCategoryId]
2026-09-01 15:45:33.906 +05:30 [INF] Executed DbCommand (9ms) [Parameters=[@userId='?' (Size = 450), @today='?' (DbType = DateTime2)], CommandType='"Text"', CommandTimeout='30']
SELECT [t].[Type], COALESCE(SUM([t].[Amount]), 0.0) AS [Total]
FROM [Transactions] AS [t]
WHERE [t].[UserId] = @userId AND CONVERT(date, [t].[TransactionDate]) = @today
GROUP BY [t].[Type]
2026-09-01 15:45:33.916 +05:30 [INF] Executed DbCommand (9ms) [Parameters=[@userId='?' (Size = 450), @monthStart='?' (DbType = DateTime2), @today='?' (DbType = DateTime2)], CommandType='"Text"', CommandTimeout='30']
SELECT [t].[Type], COALESCE(SUM([t].[Amount]), 0.0) AS [Total]
FROM [Transactions] AS [t]
WHERE [t].[UserId] = @userId AND [t].[TransactionDate] >= @monthStart AND [t].[TransactionDate] <= @today
GROUP BY [t].[Type]
2026-09-01 15:45:33.924 +05:30 [INF] Executed DbCommand (7ms) [Parameters=[@userId='?' (Size = 450)], CommandType='"Text"', CommandTimeout='30']
SELECT COALESCE(SUM([t].[Amount]), 0.0)
FROM [Transactions] AS [t]
WHERE [t].[UserId] = @userId AND [t].[Type] = N'Income'
2026-09-01 15:45:33.934 +05:30 [INF] Executed DbCommand (8ms) [Parameters=[@userId='?' (Size = 450)], CommandType='"Text"', CommandTimeout='30']
SELECT COALESCE(SUM([t].[Amount]), 0.0)
FROM [Transactions] AS [t]
WHERE [t].[UserId] = @userId AND [t].[Type] = N'Expense'
2026-09-01 15:45:33.938 +05:30 [INF] Executed DbCommand (3ms) [Parameters=[@userId='?' (Size = 450)], CommandType='"Text"', CommandTimeout='30']
SELECT COUNT(*)
FROM [Transactions] AS [t]
WHERE [t].[UserId] = @userId
2026-09-01 15:45:33.946 +05:30 [INF] Executed DbCommand (8ms) [Parameters=[@userId='?' (Size = 450), @prevStart='?' (DbType = DateTime2), @prevEnd='?' (DbType = DateTime2)], CommandType='"Text"', CommandTimeout='30']
SELECT COALESCE(SUM([t].[Amount]), 0.0)
FROM [Transactions] AS [t]
WHERE [t].[UserId] = @userId AND [t].[Type] = N'Expense' AND [t].[TransactionDate] >= @prevStart AND [t].[TransactionDate] <= @prevEnd
2026-09-01 15:45:33.958 +05:30 [INF] Executed DbCommand (11ms) [Parameters=[@p='?' (DbType = Int32), @userId='?' (Size = 450)], CommandType='"Text"', CommandTimeout='30']
SELECT [t0].[TransactionId], [t0].[TransactionDate], [t0].[Description], [c].[Name] AS [CategoryName], [c].[Icon] AS [CategoryIcon], [c].[Color] AS [CategoryColor], [t0].[Type], [t0].[Amount], [p].[Name] AS [PaymentMethodName]
FROM (
    SELECT TOP(@p) [t].[TransactionId], [t].[Amount], [t].[CategoryId], [t].[CreatedDate], [t].[Description], [t].[PaymentMethodId], [t].[TransactionDate], [t].[Type]
    FROM [Transactions] AS [t]
    WHERE [t].[UserId] = @userId
    ORDER BY [t].[TransactionDate] DESC, [t].[CreatedDate] DESC
) AS [t0]
INNER JOIN [Categories] AS [c] ON [t0].[CategoryId] = [c].[CategoryId]
LEFT JOIN [PaymentMethods] AS [p] ON [t0].[PaymentMethodId] = [p].[PaymentMethodId]
ORDER BY [t0].[TransactionDate] DESC, [t0].[CreatedDate] DESC
2026-09-01 15:45:33.971 +05:30 [INF] Executed DbCommand (12ms) [Parameters=[@userId='?' (Size = 450), @sixMonthsAgo='?' (DbType = DateTime2)], CommandType='"Text"', CommandTimeout='30']
SELECT [t0].[Year], [t0].[Month], COALESCE(SUM([t0].[Amount]), 0.0) AS [Total]
FROM (
    SELECT [t].[Amount], DATEPART(year, [t].[TransactionDate]) AS [Year], DATEPART(month, [t].[TransactionDate]) AS [Month]
    FROM [Transactions] AS [t]
    WHERE [t].[UserId] = @userId AND [t].[Type] = N'Expense' AND [t].[TransactionDate] >= @sixMonthsAgo
) AS [t0]
GROUP BY [t0].[Year], [t0].[Month]
2026-09-01 15:45:33.982 +05:30 [INF] Executed DbCommand (9ms) [Parameters=[@userId='?' (Size = 450), @sixMonthsAgo='?' (DbType = DateTime2)], CommandType='"Text"', CommandTimeout='30']
SELECT [t0].[Year], [t0].[Month], [t0].[Type], COALESCE(SUM([t0].[Amount]), 0.0) AS [Total]
FROM (
    SELECT [t].[Amount], [t].[Type], DATEPART(year, [t].[TransactionDate]) AS [Year], DATEPART(month, [t].[TransactionDate]) AS [Month]
    FROM [Transactions] AS [t]
    WHERE [t].[UserId] = @userId AND [t].[TransactionDate] >= @sixMonthsAgo
) AS [t0]
GROUP BY [t0].[Year], [t0].[Month], [t0].[Type]
2026-09-01 15:45:33.997 +05:30 [INF] Executed DbCommand (15ms) [Parameters=[@p='?' (DbType = Int32), @userId='?' (Size = 450), @monthStart='?' (DbType = DateTime2), @today='?' (DbType = DateTime2)], CommandType='"Text"', CommandTimeout='30']
SELECT TOP(@p) [c].[Name] AS [Category], COALESCE(SUM([t].[Amount]), 0.0) AS [Total]
FROM [Transactions] AS [t]
INNER JOIN [Categories] AS [c] ON [t].[CategoryId] = [c].[CategoryId]
WHERE [t].[UserId] = @userId AND [t].[Type] = N'Expense' AND [t].[TransactionDate] >= @monthStart AND [t].[TransactionDate] <= @today
GROUP BY [c].[Name]
ORDER BY COALESCE(SUM([t].[Amount]), 0.0) DESC
2026-09-01 15:45:34.007 +05:30 [INF] Executed DbCommand (9ms) [Parameters=[@userId='?' (Size = 450), @monthStart='?' (DbType = DateTime2), @today='?' (DbType = DateTime2)], CommandType='"Text"', CommandTimeout='30']
SELECT [t0].[Key] AS [Day], COALESCE(SUM([t0].[Amount]), 0.0) AS [Total]
FROM (
    SELECT [t].[Amount], DATEPART(day, [t].[TransactionDate]) AS [Key]
    FROM [Transactions] AS [t]
    WHERE [t].[UserId] = @userId AND [t].[Type] = N'Expense' AND [t].[TransactionDate] >= @monthStart AND [t].[TransactionDate] <= @today
) AS [t0]
GROUP BY [t0].[Key]
2026-09-01 15:45:34.018 +05:30 [INF] Executed DbCommand (10ms) [Parameters=[@userId='?' (Size = 450), @monthStart='?' (DbType = DateTime2), @today='?' (DbType = DateTime2)], CommandType='"Text"', CommandTimeout='30']
SELECT [p].[Name] AS [Method], COALESCE(SUM([t].[Amount]), 0.0) AS [Total]
FROM [Transactions] AS [t]
LEFT JOIN [PaymentMethods] AS [p] ON [t].[PaymentMethodId] = [p].[PaymentMethodId]
WHERE [t].[UserId] = @userId AND [t].[Type] = N'Expense' AND [t].[TransactionDate] >= @monthStart AND [t].[TransactionDate] <= @today AND [t].[PaymentMethodId] IS NOT NULL
GROUP BY [p].[Name]
2026-09-01 15:45:34.022 +05:30 [INF] Executed DbCommand (3ms) [Parameters=[@userId='?' (Size = 450), @today_Month='?' (DbType = Int32), @today_Year='?' (DbType = Int32)], CommandType='"Text"', CommandTimeout='30']
SELECT TOP(1) [b].[BudgetId], [b].[CreatedDate], [b].[Month], [b].[Notes], [b].[TotalBudget], [b].[UpdatedDate], [b].[UserId], [b].[Year]
FROM [Budgets] AS [b]
WHERE [b].[UserId] = @userId AND [b].[Month] = @today_Month AND [b].[Year] = @today_Year
2026-09-01 15:45:34.025 +05:30 [INF] Executed DbCommand (3ms) [Parameters=[@userId='?' (Size = 450)], CommandType='"Text"', CommandTimeout='30']
SELECT COUNT(*)
FROM [Notifications] AS [n]
WHERE [n].[UserId] = @userId AND [n].[IsRead] = CAST(0 AS bit)
2026-09-01 15:45:34.025 +05:30 [INF] Executing ViewResult, running view Index.
2026-09-01 15:45:34.031 +05:30 [INF] Executed DbCommand (5ms) [Parameters=[@p='?' (Size = 450)], CommandType='"Text"', CommandTimeout='30']
SELECT TOP(1) [a].[Id], [a].[AccessFailedCount], [a].[ConcurrencyStamp], [a].[CreatedDate], [a].[Currency], [a].[DateFormat], [a].[Email], [a].[EmailConfirmed], [a].[FirstName], [a].[LastName], [a].[LockoutEnabled], [a].[LockoutEnd], [a].[NormalizedEmail], [a].[NormalizedUserName], [a].[PasswordHash], [a].[PhoneNumber], [a].[PhoneNumberConfirmed], [a].[SecurityStamp], [a].[Theme], [a].[TwoFactorEnabled], [a].[UserName]
FROM [AspNetUsers] AS [a]
WHERE [a].[Id] = @p
2026-09-01 15:45:34.032 +05:30 [INF] Executed ViewResult - view Index executed in 6.8596ms.
2026-09-01 15:45:34.032 +05:30 [INF] Executed action MyDailyExpenseTracker.Controllers.DashboardController.Index (MyDailyExpenseTracker) in 162.9039ms
2026-09-01 15:45:34.032 +05:30 [INF] Executed endpoint 'MyDailyExpenseTracker.Controllers.DashboardController.Index (MyDailyExpenseTracker)'
2026-09-01 15:45:34.032 +05:30 [INF] Request finished HTTP/1.1 GET http://localhost:5172/ - 200 null text/html; charset=utf-8 163.7301ms
2026-09-01 15:45:44.242 +05:30 [INF] Request starting HTTP/1.1 GET http://localhost:5172/Transactions/Create?type=Expense - null null
2026-09-01 15:45:44.243 +05:30 [INF] Executing endpoint 'MyDailyExpenseTracker.Controllers.TransactionsController.Create (MyDailyExpenseTracker)'
2026-09-01 15:45:44.243 +05:30 [INF] Route matched with {action = "Create", controller = "Transactions"}. Executing controller action with signature System.Threading.Tasks.Task`1[Microsoft.AspNetCore.Mvc.IActionResult] Create(System.String) on controller MyDailyExpenseTracker.Controllers.TransactionsController (MyDailyExpenseTracker).
2026-09-01 15:45:44.256 +05:30 [INF] Executed DbCommand (11ms) [Parameters=[@userId='?' (Size = 450), @type='?' (Size = 10)], CommandType='"Text"', CommandTimeout='30']
SELECT CONVERT(varchar(11), [c].[CategoryId]) AS [Value], [c].[Name] AS [Text]
FROM [Categories] AS [c]
WHERE [c].[IsActive] = CAST(1 AS bit) AND ([c].[UserId] = @userId OR [c].[UserId] IS NULL) AND ([c].[Type] = @type OR [c].[Type] = N'Both')
ORDER BY [c].[Name]
2026-09-01 15:45:44.267 +05:30 [INF] Executed DbCommand (9ms) [Parameters=[@userId='?' (Size = 450)], CommandType='"Text"', CommandTimeout='30']
SELECT CONVERT(varchar(11), [p].[PaymentMethodId]) AS [Value], [p].[Name] AS [Text]
FROM [PaymentMethods] AS [p]
WHERE [p].[IsActive] = CAST(1 AS bit) AND ([p].[UserId] = @userId OR [p].[UserId] IS NULL)
ORDER BY [p].[Name]
2026-09-01 15:45:44.267 +05:30 [INF] Executing ViewResult, running view Create.
2026-09-01 15:45:44.277 +05:30 [INF] Executed DbCommand (7ms) [Parameters=[@p='?' (Size = 450)], CommandType='"Text"', CommandTimeout='30']
SELECT TOP(1) [a].[Id], [a].[AccessFailedCount], [a].[ConcurrencyStamp], [a].[CreatedDate], [a].[Currency], [a].[DateFormat], [a].[Email], [a].[EmailConfirmed], [a].[FirstName], [a].[LastName], [a].[LockoutEnabled], [a].[LockoutEnd], [a].[NormalizedEmail], [a].[NormalizedUserName], [a].[PasswordHash], [a].[PhoneNumber], [a].[PhoneNumberConfirmed], [a].[SecurityStamp], [a].[Theme], [a].[TwoFactorEnabled], [a].[UserName]
FROM [AspNetUsers] AS [a]
WHERE [a].[Id] = @p
2026-09-01 15:45:44.278 +05:30 [INF] Executed ViewResult - view Create executed in 10.6531ms.
2026-09-01 15:45:44.278 +05:30 [INF] Executed action MyDailyExpenseTracker.Controllers.TransactionsController.Create (MyDailyExpenseTracker) in 35.0118ms
2026-09-01 15:45:44.278 +05:30 [INF] Executed endpoint 'MyDailyExpenseTracker.Controllers.TransactionsController.Create (MyDailyExpenseTracker)'
2026-09-01 15:45:44.278 +05:30 [INF] Request finished HTTP/1.1 GET http://localhost:5172/Transactions/Create?type=Expense - 200 null text/html; charset=utf-8 36.0095ms
2026-09-01 15:45:44.350 +05:30 [INF] Request starting HTTP/1.1 GET http://localhost:5172/css/site.css?v=sR4yzXFRap2fHEGdzNVt8NopMXg07zrK4XywahY6PY0 - null null
2026-09-01 15:45:44.351 +05:30 [INF] The file /css/site.css was not modified
2026-09-01 15:45:44.351 +05:30 [INF] Request finished HTTP/1.1 GET http://localhost:5172/css/site.css?v=sR4yzXFRap2fHEGdzNVt8NopMXg07zrK4XywahY6PY0 - 304 null text/css 0.7263ms
2026-09-01 15:45:46.414 +05:30 [INF] Request starting HTTP/1.1 GET http://localhost:5172/ - null null
2026-09-01 15:45:46.415 +05:30 [INF] Executing endpoint 'MyDailyExpenseTracker.Controllers.DashboardController.Index (MyDailyExpenseTracker)'
2026-09-01 15:45:46.415 +05:30 [INF] Route matched with {action = "Index", controller = "Dashboard"}. Executing controller action with signature System.Threading.Tasks.Task`1[Microsoft.AspNetCore.Mvc.IActionResult] Index() on controller MyDailyExpenseTracker.Controllers.DashboardController (MyDailyExpenseTracker).
2026-09-01 15:45:46.421 +05:30 [INF] Executed DbCommand (6ms) [Parameters=[@userId='?' (Size = 450), @today='?' (DbType = DateTime2), @today2='?' (DbType = DateTime2)], CommandType='"Text"', CommandTimeout='30']
SELECT [r].[RecurringExpenseId], [r].[Amount], [r].[CategoryId], [r].[CreatedDate], [r].[EndDate], [r].[Frequency], [r].[IsActive], [r].[LastGeneratedDate], [r].[Name], [r].[Notes], [r].[PaymentMethodId], [r].[StartDate], [r].[Type], [r].[UserId]
FROM [RecurringExpenses] AS [r]
WHERE [r].[UserId] = @userId AND [r].[IsActive] = CAST(1 AS bit) AND [r].[StartDate] <= @today AND ([r].[EndDate] IS NULL OR [r].[EndDate] >= @today2)
2026-09-01 15:45:46.434 +05:30 [INF] Executed DbCommand (11ms) [Parameters=[@userId='?' (Size = 450), @today_Month='?' (DbType = Int32), @today_Year='?' (DbType = Int32)], CommandType='"Text"', CommandTimeout='30']
SELECT [b1].[BudgetId], [b1].[CreatedDate], [b1].[Month], [b1].[Notes], [b1].[TotalBudget], [b1].[UpdatedDate], [b1].[UserId], [b1].[Year], [s].[BudgetCategoryId], [s].[Amount], [s].[BudgetId], [s].[CategoryId], [s].[CategoryId0], [s].[Color], [s].[CreatedDate], [s].[Icon], [s].[IsActive], [s].[IsDefault], [s].[Name], [s].[Type], [s].[UserId]
FROM (
    SELECT TOP(1) [b].[BudgetId], [b].[CreatedDate], [b].[Month], [b].[Notes], [b].[TotalBudget], [b].[UpdatedDate], [b].[UserId], [b].[Year]
    FROM [Budgets] AS [b]
    WHERE [b].[UserId] = @userId AND [b].[Month] = @today_Month AND [b].[Year] = @today_Year
) AS [b1]
LEFT JOIN (
    SELECT [b0].[BudgetCategoryId], [b0].[Amount], [b0].[BudgetId], [b0].[CategoryId], [c].[CategoryId] AS [CategoryId0], [c].[Color], [c].[CreatedDate], [c].[Icon], [c].[IsActive], [c].[IsDefault], [c].[Name], [c].[Type], [c].[UserId]
    FROM [BudgetCategories] AS [b0]
    INNER JOIN [Categories] AS [c] ON [b0].[CategoryId] = [c].[CategoryId]
) AS [s] ON [b1].[BudgetId] = [s].[BudgetId]
ORDER BY [b1].[BudgetId], [s].[BudgetCategoryId]
2026-09-01 15:45:46.441 +05:30 [INF] Executed DbCommand (7ms) [Parameters=[@userId='?' (Size = 450), @today='?' (DbType = DateTime2)], CommandType='"Text"', CommandTimeout='30']
SELECT [t].[Type], COALESCE(SUM([t].[Amount]), 0.0) AS [Total]
FROM [Transactions] AS [t]
WHERE [t].[UserId] = @userId AND CONVERT(date, [t].[TransactionDate]) = @today
GROUP BY [t].[Type]
2026-09-01 15:45:46.448 +05:30 [INF] Executed DbCommand (6ms) [Parameters=[@userId='?' (Size = 450), @monthStart='?' (DbType = DateTime2), @today='?' (DbType = DateTime2)], CommandType='"Text"', CommandTimeout='30']
SELECT [t].[Type], COALESCE(SUM([t].[Amount]), 0.0) AS [Total]
FROM [Transactions] AS [t]
WHERE [t].[UserId] = @userId AND [t].[TransactionDate] >= @monthStart AND [t].[TransactionDate] <= @today
GROUP BY [t].[Type]
2026-09-01 15:45:46.454 +05:30 [INF] Executed DbCommand (5ms) [Parameters=[@userId='?' (Size = 450)], CommandType='"Text"', CommandTimeout='30']
SELECT COALESCE(SUM([t].[Amount]), 0.0)
FROM [Transactions] AS [t]
WHERE [t].[UserId] = @userId AND [t].[Type] = N'Income'
2026-09-01 15:45:46.461 +05:30 [INF] Executed DbCommand (6ms) [Parameters=[@userId='?' (Size = 450)], CommandType='"Text"', CommandTimeout='30']
SELECT COALESCE(SUM([t].[Amount]), 0.0)
FROM [Transactions] AS [t]
WHERE [t].[UserId] = @userId AND [t].[Type] = N'Expense'
2026-09-01 15:45:46.464 +05:30 [INF] Executed DbCommand (2ms) [Parameters=[@userId='?' (Size = 450)], CommandType='"Text"', CommandTimeout='30']
SELECT COUNT(*)
FROM [Transactions] AS [t]
WHERE [t].[UserId] = @userId
2026-09-01 15:45:46.471 +05:30 [INF] Executed DbCommand (6ms) [Parameters=[@userId='?' (Size = 450), @prevStart='?' (DbType = DateTime2), @prevEnd='?' (DbType = DateTime2)], CommandType='"Text"', CommandTimeout='30']
SELECT COALESCE(SUM([t].[Amount]), 0.0)
FROM [Transactions] AS [t]
WHERE [t].[UserId] = @userId AND [t].[Type] = N'Expense' AND [t].[TransactionDate] >= @prevStart AND [t].[TransactionDate] <= @prevEnd
2026-09-01 15:45:46.479 +05:30 [INF] Executed DbCommand (7ms) [Parameters=[@p='?' (DbType = Int32), @userId='?' (Size = 450)], CommandType='"Text"', CommandTimeout='30']
SELECT [t0].[TransactionId], [t0].[TransactionDate], [t0].[Description], [c].[Name] AS [CategoryName], [c].[Icon] AS [CategoryIcon], [c].[Color] AS [CategoryColor], [t0].[Type], [t0].[Amount], [p].[Name] AS [PaymentMethodName]
FROM (
    SELECT TOP(@p) [t].[TransactionId], [t].[Amount], [t].[CategoryId], [t].[CreatedDate], [t].[Description], [t].[PaymentMethodId], [t].[TransactionDate], [t].[Type]
    FROM [Transactions] AS [t]
    WHERE [t].[UserId] = @userId
    ORDER BY [t].[TransactionDate] DESC, [t].[CreatedDate] DESC
) AS [t0]
INNER JOIN [Categories] AS [c] ON [t0].[CategoryId] = [c].[CategoryId]
LEFT JOIN [PaymentMethods] AS [p] ON [t0].[PaymentMethodId] = [p].[PaymentMethodId]
ORDER BY [t0].[TransactionDate] DESC, [t0].[CreatedDate] DESC
2026-09-01 15:45:46.488 +05:30 [INF] Executed DbCommand (9ms) [Parameters=[@userId='?' (Size = 450), @sixMonthsAgo='?' (DbType = DateTime2)], CommandType='"Text"', CommandTimeout='30']
SELECT [t0].[Year], [t0].[Month], COALESCE(SUM([t0].[Amount]), 0.0) AS [Total]
FROM (
    SELECT [t].[Amount], DATEPART(year, [t].[TransactionDate]) AS [Year], DATEPART(month, [t].[TransactionDate]) AS [Month]
    FROM [Transactions] AS [t]
    WHERE [t].[UserId] = @userId AND [t].[Type] = N'Expense' AND [t].[TransactionDate] >= @sixMonthsAgo
) AS [t0]
GROUP BY [t0].[Year], [t0].[Month]
2026-09-01 15:45:46.497 +05:30 [INF] Executed DbCommand (8ms) [Parameters=[@userId='?' (Size = 450), @sixMonthsAgo='?' (DbType = DateTime2)], CommandType='"Text"', CommandTimeout='30']
SELECT [t0].[Year], [t0].[Month], [t0].[Type], COALESCE(SUM([t0].[Amount]), 0.0) AS [Total]
FROM (
    SELECT [t].[Amount], [t].[Type], DATEPART(year, [t].[TransactionDate]) AS [Year], DATEPART(month, [t].[TransactionDate]) AS [Month]
    FROM [Transactions] AS [t]
    WHERE [t].[UserId] = @userId AND [t].[TransactionDate] >= @sixMonthsAgo
) AS [t0]
GROUP BY [t0].[Year], [t0].[Month], [t0].[Type]
2026-09-01 15:45:46.517 +05:30 [INF] Executed DbCommand (19ms) [Parameters=[@p='?' (DbType = Int32), @userId='?' (Size = 450), @monthStart='?' (DbType = DateTime2), @today='?' (DbType = DateTime2)], CommandType='"Text"', CommandTimeout='30']
SELECT TOP(@p) [c].[Name] AS [Category], COALESCE(SUM([t].[Amount]), 0.0) AS [Total]
FROM [Transactions] AS [t]
INNER JOIN [Categories] AS [c] ON [t].[CategoryId] = [c].[CategoryId]
WHERE [t].[UserId] = @userId AND [t].[Type] = N'Expense' AND [t].[TransactionDate] >= @monthStart AND [t].[TransactionDate] <= @today
GROUP BY [c].[Name]
ORDER BY COALESCE(SUM([t].[Amount]), 0.0) DESC
2026-09-01 15:45:46.527 +05:30 [INF] Executed DbCommand (9ms) [Parameters=[@userId='?' (Size = 450), @monthStart='?' (DbType = DateTime2), @today='?' (DbType = DateTime2)], CommandType='"Text"', CommandTimeout='30']
SELECT [t0].[Key] AS [Day], COALESCE(SUM([t0].[Amount]), 0.0) AS [Total]
FROM (
    SELECT [t].[Amount], DATEPART(day, [t].[TransactionDate]) AS [Key]
    FROM [Transactions] AS [t]
    WHERE [t].[UserId] = @userId AND [t].[Type] = N'Expense' AND [t].[TransactionDate] >= @monthStart AND [t].[TransactionDate] <= @today
) AS [t0]
GROUP BY [t0].[Key]
2026-09-01 15:45:46.539 +05:30 [INF] Executed DbCommand (11ms) [Parameters=[@userId='?' (Size = 450), @monthStart='?' (DbType = DateTime2), @today='?' (DbType = DateTime2)], CommandType='"Text"', CommandTimeout='30']
SELECT [p].[Name] AS [Method], COALESCE(SUM([t].[Amount]), 0.0) AS [Total]
FROM [Transactions] AS [t]
LEFT JOIN [PaymentMethods] AS [p] ON [t].[PaymentMethodId] = [p].[PaymentMethodId]
WHERE [t].[UserId] = @userId AND [t].[Type] = N'Expense' AND [t].[TransactionDate] >= @monthStart AND [t].[TransactionDate] <= @today AND [t].[PaymentMethodId] IS NOT NULL
GROUP BY [p].[Name]
2026-09-01 15:45:46.544 +05:30 [INF] Executed DbCommand (4ms) [Parameters=[@userId='?' (Size = 450), @today_Month='?' (DbType = Int32), @today_Year='?' (DbType = Int32)], CommandType='"Text"', CommandTimeout='30']
SELECT TOP(1) [b].[BudgetId], [b].[CreatedDate], [b].[Month], [b].[Notes], [b].[TotalBudget], [b].[UpdatedDate], [b].[UserId], [b].[Year]
FROM [Budgets] AS [b]
WHERE [b].[UserId] = @userId AND [b].[Month] = @today_Month AND [b].[Year] = @today_Year
2026-09-01 15:45:46.548 +05:30 [INF] Executed DbCommand (3ms) [Parameters=[@userId='?' (Size = 450)], CommandType='"Text"', CommandTimeout='30']
SELECT COUNT(*)
FROM [Notifications] AS [n]
WHERE [n].[UserId] = @userId AND [n].[IsRead] = CAST(0 AS bit)
2026-09-01 15:45:46.548 +05:30 [INF] Executing ViewResult, running view Index.
2026-09-01 15:45:46.553 +05:30 [INF] Executed DbCommand (4ms) [Parameters=[@p='?' (Size = 450)], CommandType='"Text"', CommandTimeout='30']
SELECT TOP(1) [a].[Id], [a].[AccessFailedCount], [a].[ConcurrencyStamp], [a].[CreatedDate], [a].[Currency], [a].[DateFormat], [a].[Email], [a].[EmailConfirmed], [a].[FirstName], [a].[LastName], [a].[LockoutEnabled], [a].[LockoutEnd], [a].[NormalizedEmail], [a].[NormalizedUserName], [a].[PasswordHash], [a].[PhoneNumber], [a].[PhoneNumberConfirmed], [a].[SecurityStamp], [a].[Theme], [a].[TwoFactorEnabled], [a].[UserName]
FROM [AspNetUsers] AS [a]
WHERE [a].[Id] = @p
2026-09-01 15:45:46.554 +05:30 [INF] Executed ViewResult - view Index executed in 6.115ms.
2026-09-01 15:45:46.554 +05:30 [INF] Executed action MyDailyExpenseTracker.Controllers.DashboardController.Index (MyDailyExpenseTracker) in 139.6883ms
2026-09-01 15:45:46.554 +05:30 [INF] Executed endpoint 'MyDailyExpenseTracker.Controllers.DashboardController.Index (MyDailyExpenseTracker)'
2026-09-01 15:45:46.554 +05:30 [INF] Request finished HTTP/1.1 GET http://localhost:5172/ - 200 null text/html; charset=utf-8 140.3318ms
2026-09-01 15:47:51.882 +05:30 [INF] Request starting HTTP/1.1 POST http://localhost:5172/Account/Logout - application/x-www-form-urlencoded 225
2026-09-01 15:47:51.926 +05:30 [INF] Executing endpoint 'MyDailyExpenseTracker.Controllers.AccountController.Logout (MyDailyExpenseTracker)'
2026-09-01 15:47:51.930 +05:30 [INF] Route matched with {action = "Logout", controller = "Account"}. Executing controller action with signature System.Threading.Tasks.Task`1[Microsoft.AspNetCore.Mvc.IActionResult] Logout() on controller MyDailyExpenseTracker.Controllers.AccountController (MyDailyExpenseTracker).
2026-09-01 15:47:51.961 +05:30 [INF] AuthenticationScheme: Identity.Application signed out.
2026-09-01 15:47:51.963 +05:30 [INF] AuthenticationScheme: Identity.External signed out.
2026-09-01 15:47:51.963 +05:30 [INF] AuthenticationScheme: Identity.TwoFactorUserId signed out.
2026-09-01 15:47:51.972 +05:30 [INF] Executing RedirectResult, redirecting to /Account/Login.
2026-09-01 15:47:51.974 +05:30 [INF] Executed action MyDailyExpenseTracker.Controllers.AccountController.Logout (MyDailyExpenseTracker) in 42.8579ms
2026-09-01 15:47:51.974 +05:30 [INF] Executed endpoint 'MyDailyExpenseTracker.Controllers.AccountController.Logout (MyDailyExpenseTracker)'
2026-09-01 15:47:51.975 +05:30 [INF] Request finished HTTP/1.1 POST http://localhost:5172/Account/Logout - 302 0 null 96.022ms
2026-09-01 15:47:52.007 +05:30 [INF] Request starting HTTP/1.1 GET http://localhost:5172/Account/Login - null null
2026-09-01 15:47:52.007 +05:30 [INF] Executing endpoint 'MyDailyExpenseTracker.Controllers.AccountController.Login (MyDailyExpenseTracker)'
2026-09-01 15:47:52.008 +05:30 [INF] Route matched with {action = "Login", controller = "Account"}. Executing controller action with signature Microsoft.AspNetCore.Mvc.IActionResult Login(System.String) on controller MyDailyExpenseTracker.Controllers.AccountController (MyDailyExpenseTracker).
2026-09-01 15:47:52.021 +05:30 [INF] Executing ViewResult, running view Login.
2026-09-01 15:47:52.044 +05:30 [INF] Executed ViewResult - view Login executed in 25.3019ms.
2026-09-01 15:47:52.044 +05:30 [INF] Executed action MyDailyExpenseTracker.Controllers.AccountController.Login (MyDailyExpenseTracker) in 36.2101ms
2026-09-01 15:47:52.044 +05:30 [INF] Executed endpoint 'MyDailyExpenseTracker.Controllers.AccountController.Login (MyDailyExpenseTracker)'
2026-09-01 15:47:52.044 +05:30 [INF] Request finished HTTP/1.1 GET http://localhost:5172/Account/Login - 200 null text/html; charset=utf-8 37.2774ms
2026-09-01 15:47:52.273 +05:30 [INF] Request starting HTTP/1.1 GET http://localhost:5172/css/site.css?v=sR4yzXFRap2fHEGdzNVt8NopMXg07zrK4XywahY6PY0 - null null
2026-09-01 15:47:52.281 +05:30 [INF] The file /css/site.css was not modified
2026-09-01 15:47:52.283 +05:30 [INF] Request finished HTTP/1.1 GET http://localhost:5172/css/site.css?v=sR4yzXFRap2fHEGdzNVt8NopMXg07zrK4XywahY6PY0 - 304 null text/css 9.9279ms
2026-09-01 15:47:54.137 +05:30 [INF] Request starting HTTP/1.1 GET http://localhost:5172/Account/Login - null null
2026-09-01 15:47:54.137 +05:30 [INF] Executing endpoint 'MyDailyExpenseTracker.Controllers.AccountController.Login (MyDailyExpenseTracker)'
2026-09-01 15:47:54.137 +05:30 [INF] Route matched with {action = "Login", controller = "Account"}. Executing controller action with signature Microsoft.AspNetCore.Mvc.IActionResult Login(System.String) on controller MyDailyExpenseTracker.Controllers.AccountController (MyDailyExpenseTracker).
2026-09-01 15:47:54.138 +05:30 [INF] Executing ViewResult, running view Login.
2026-09-01 15:47:54.138 +05:30 [INF] Executed ViewResult - view Login executed in 0.638ms.
2026-09-01 15:47:54.138 +05:30 [INF] Executed action MyDailyExpenseTracker.Controllers.AccountController.Login (MyDailyExpenseTracker) in 1.0283ms
2026-09-01 15:47:54.138 +05:30 [INF] Executed endpoint 'MyDailyExpenseTracker.Controllers.AccountController.Login (MyDailyExpenseTracker)'
2026-09-01 15:47:54.139 +05:30 [INF] Request finished HTTP/1.1 GET http://localhost:5172/Account/Login - 200 null text/html; charset=utf-8 1.9905ms
2026-09-01 15:47:56.251 +05:30 [INF] Request starting HTTP/1.1 POST http://localhost:5172/Account/Login - application/x-www-form-urlencoded 266
2026-09-01 15:47:56.255 +05:30 [INF] Executing endpoint 'MyDailyExpenseTracker.Controllers.AccountController.Login (MyDailyExpenseTracker)'
2026-09-01 15:47:56.255 +05:30 [INF] Route matched with {action = "Login", controller = "Account"}. Executing controller action with signature System.Threading.Tasks.Task`1[Microsoft.AspNetCore.Mvc.IActionResult] Login(MyDailyExpenseTracker.ViewModels.LoginViewModel, System.String) on controller MyDailyExpenseTracker.Controllers.AccountController (MyDailyExpenseTracker).
2026-09-01 15:47:56.424 +05:30 [INF] Executed DbCommand (128ms) [Parameters=[@normalizedUserName='?' (Size = 256)], CommandType='"Text"', CommandTimeout='30']
SELECT TOP(1) [a].[Id], [a].[AccessFailedCount], [a].[ConcurrencyStamp], [a].[CreatedDate], [a].[Currency], [a].[DateFormat], [a].[Email], [a].[EmailConfirmed], [a].[FirstName], [a].[LastName], [a].[LockoutEnabled], [a].[LockoutEnd], [a].[NormalizedEmail], [a].[NormalizedUserName], [a].[PasswordHash], [a].[PhoneNumber], [a].[PhoneNumberConfirmed], [a].[SecurityStamp], [a].[Theme], [a].[TwoFactorEnabled], [a].[UserName]
FROM [AspNetUsers] AS [a]
WHERE [a].[NormalizedUserName] = @normalizedUserName
2026-09-01 15:47:56.538 +05:30 [INF] Executed DbCommand (7ms) [Parameters=[@user_Id='?' (Size = 450)], CommandType='"Text"', CommandTimeout='30']
SELECT [a].[Id], [a].[ClaimType], [a].[ClaimValue], [a].[UserId]
FROM [AspNetUserClaims] AS [a]
WHERE [a].[UserId] = @user_Id
2026-09-01 15:47:56.555 +05:30 [INF] Executed DbCommand (12ms) [Parameters=[@userId='?' (Size = 450)], CommandType='"Text"', CommandTimeout='30']
SELECT [a0].[Name]
FROM [AspNetUserRoles] AS [a]
INNER JOIN [AspNetRoles] AS [a0] ON [a].[RoleId] = [a0].[Id]
WHERE [a].[UserId] = @userId
2026-09-01 15:47:56.561 +05:30 [INF] Executed DbCommand (5ms) [Parameters=[@normalizedName='?' (Size = 256)], CommandType='"Text"', CommandTimeout='30']
SELECT TOP(1) [a].[Id], [a].[ConcurrencyStamp], [a].[Name], [a].[NormalizedName]
FROM [AspNetRoles] AS [a]
WHERE [a].[NormalizedName] = @normalizedName
2026-09-01 15:47:56.566 +05:30 [INF] Executed DbCommand (3ms) [Parameters=[@role_Id='?' (Size = 450)], CommandType='"Text"', CommandTimeout='30']
SELECT [a].[ClaimType], [a].[ClaimValue]
FROM [AspNetRoleClaims] AS [a]
WHERE [a].[RoleId] = @role_Id
2026-09-01 15:47:56.570 +05:30 [INF] AuthenticationScheme: Identity.Application signed in.
2026-09-01 15:47:56.571 +05:30 [INF] User logged in: chavanabhijeet95@gmail.com
2026-09-01 15:47:56.571 +05:30 [INF] Executing RedirectResult, redirecting to /.
2026-09-01 15:47:56.571 +05:30 [INF] Executed action MyDailyExpenseTracker.Controllers.AccountController.Login (MyDailyExpenseTracker) in 316.1717ms
2026-09-01 15:47:56.571 +05:30 [INF] Executed endpoint 'MyDailyExpenseTracker.Controllers.AccountController.Login (MyDailyExpenseTracker)'
2026-09-01 15:47:56.572 +05:30 [INF] Request finished HTTP/1.1 POST http://localhost:5172/Account/Login - 302 0 null 320.3304ms
2026-09-01 15:47:56.578 +05:30 [INF] Request starting HTTP/1.1 GET http://localhost:5172/ - null null
2026-09-01 15:47:56.579 +05:30 [INF] Executing endpoint 'MyDailyExpenseTracker.Controllers.DashboardController.Index (MyDailyExpenseTracker)'
2026-09-01 15:47:56.579 +05:30 [INF] Route matched with {action = "Index", controller = "Dashboard"}. Executing controller action with signature System.Threading.Tasks.Task`1[Microsoft.AspNetCore.Mvc.IActionResult] Index() on controller MyDailyExpenseTracker.Controllers.DashboardController (MyDailyExpenseTracker).
2026-09-01 15:47:56.603 +05:30 [INF] Executed DbCommand (17ms) [Parameters=[@userId='?' (Size = 450), @today='?' (DbType = DateTime2), @today2='?' (DbType = DateTime2)], CommandType='"Text"', CommandTimeout='30']
SELECT [r].[RecurringExpenseId], [r].[Amount], [r].[CategoryId], [r].[CreatedDate], [r].[EndDate], [r].[Frequency], [r].[IsActive], [r].[LastGeneratedDate], [r].[Name], [r].[Notes], [r].[PaymentMethodId], [r].[StartDate], [r].[Type], [r].[UserId]
FROM [RecurringExpenses] AS [r]
WHERE [r].[UserId] = @userId AND [r].[IsActive] = CAST(1 AS bit) AND [r].[StartDate] <= @today AND ([r].[EndDate] IS NULL OR [r].[EndDate] >= @today2)
2026-09-01 15:47:56.640 +05:30 [INF] Executed DbCommand (32ms) [Parameters=[@userId='?' (Size = 450), @today_Month='?' (DbType = Int32), @today_Year='?' (DbType = Int32)], CommandType='"Text"', CommandTimeout='30']
SELECT [b1].[BudgetId], [b1].[CreatedDate], [b1].[Month], [b1].[Notes], [b1].[TotalBudget], [b1].[UpdatedDate], [b1].[UserId], [b1].[Year], [s].[BudgetCategoryId], [s].[Amount], [s].[BudgetId], [s].[CategoryId], [s].[CategoryId0], [s].[Color], [s].[CreatedDate], [s].[Icon], [s].[IsActive], [s].[IsDefault], [s].[Name], [s].[Type], [s].[UserId]
FROM (
    SELECT TOP(1) [b].[BudgetId], [b].[CreatedDate], [b].[Month], [b].[Notes], [b].[TotalBudget], [b].[UpdatedDate], [b].[UserId], [b].[Year]
    FROM [Budgets] AS [b]
    WHERE [b].[UserId] = @userId AND [b].[Month] = @today_Month AND [b].[Year] = @today_Year
) AS [b1]
LEFT JOIN (
    SELECT [b0].[BudgetCategoryId], [b0].[Amount], [b0].[BudgetId], [b0].[CategoryId], [c].[CategoryId] AS [CategoryId0], [c].[Color], [c].[CreatedDate], [c].[Icon], [c].[IsActive], [c].[IsDefault], [c].[Name], [c].[Type], [c].[UserId]
    FROM [BudgetCategories] AS [b0]
    INNER JOIN [Categories] AS [c] ON [b0].[CategoryId] = [c].[CategoryId]
) AS [s] ON [b1].[BudgetId] = [s].[BudgetId]
ORDER BY [b1].[BudgetId], [s].[BudgetCategoryId]
2026-09-01 15:47:56.664 +05:30 [INF] Executed DbCommand (20ms) [Parameters=[@userId='?' (Size = 450), @today='?' (DbType = DateTime2)], CommandType='"Text"', CommandTimeout='30']
SELECT [t].[Type], COALESCE(SUM([t].[Amount]), 0.0) AS [Total]
FROM [Transactions] AS [t]
WHERE [t].[UserId] = @userId AND CONVERT(date, [t].[TransactionDate]) = @today
GROUP BY [t].[Type]
2026-09-01 15:47:56.673 +05:30 [INF] Executed DbCommand (7ms) [Parameters=[@userId='?' (Size = 450), @monthStart='?' (DbType = DateTime2), @today='?' (DbType = DateTime2)], CommandType='"Text"', CommandTimeout='30']
SELECT [t].[Type], COALESCE(SUM([t].[Amount]), 0.0) AS [Total]
FROM [Transactions] AS [t]
WHERE [t].[UserId] = @userId AND [t].[TransactionDate] >= @monthStart AND [t].[TransactionDate] <= @today
GROUP BY [t].[Type]
2026-09-01 15:47:56.685 +05:30 [INF] Executed DbCommand (10ms) [Parameters=[@userId='?' (Size = 450)], CommandType='"Text"', CommandTimeout='30']
SELECT COALESCE(SUM([t].[Amount]), 0.0)
FROM [Transactions] AS [t]
WHERE [t].[UserId] = @userId AND [t].[Type] = N'Income'
2026-09-01 15:47:56.692 +05:30 [INF] Executed DbCommand (7ms) [Parameters=[@userId='?' (Size = 450)], CommandType='"Text"', CommandTimeout='30']
SELECT COALESCE(SUM([t].[Amount]), 0.0)
FROM [Transactions] AS [t]
WHERE [t].[UserId] = @userId AND [t].[Type] = N'Expense'
2026-09-01 15:47:56.697 +05:30 [INF] Executed DbCommand (4ms) [Parameters=[@userId='?' (Size = 450)], CommandType='"Text"', CommandTimeout='30']
SELECT COUNT(*)
FROM [Transactions] AS [t]
WHERE [t].[UserId] = @userId
2026-09-01 15:47:56.704 +05:30 [INF] Executed DbCommand (6ms) [Parameters=[@userId='?' (Size = 450), @prevStart='?' (DbType = DateTime2), @prevEnd='?' (DbType = DateTime2)], CommandType='"Text"', CommandTimeout='30']
SELECT COALESCE(SUM([t].[Amount]), 0.0)
FROM [Transactions] AS [t]
WHERE [t].[UserId] = @userId AND [t].[Type] = N'Expense' AND [t].[TransactionDate] >= @prevStart AND [t].[TransactionDate] <= @prevEnd
2026-09-01 15:47:56.728 +05:30 [INF] Executed DbCommand (21ms) [Parameters=[@p='?' (DbType = Int32), @userId='?' (Size = 450)], CommandType='"Text"', CommandTimeout='30']
SELECT [t0].[TransactionId], [t0].[TransactionDate], [t0].[Description], [c].[Name] AS [CategoryName], [c].[Icon] AS [CategoryIcon], [c].[Color] AS [CategoryColor], [t0].[Type], [t0].[Amount], [p].[Name] AS [PaymentMethodName]
FROM (
    SELECT TOP(@p) [t].[TransactionId], [t].[Amount], [t].[CategoryId], [t].[CreatedDate], [t].[Description], [t].[PaymentMethodId], [t].[TransactionDate], [t].[Type]
    FROM [Transactions] AS [t]
    WHERE [t].[UserId] = @userId
    ORDER BY [t].[TransactionDate] DESC, [t].[CreatedDate] DESC
) AS [t0]
INNER JOIN [Categories] AS [c] ON [t0].[CategoryId] = [c].[CategoryId]
LEFT JOIN [PaymentMethods] AS [p] ON [t0].[PaymentMethodId] = [p].[PaymentMethodId]
ORDER BY [t0].[TransactionDate] DESC, [t0].[CreatedDate] DESC
2026-09-01 15:47:56.742 +05:30 [INF] Executed DbCommand (13ms) [Parameters=[@userId='?' (Size = 450), @sixMonthsAgo='?' (DbType = DateTime2)], CommandType='"Text"', CommandTimeout='30']
SELECT [t0].[Year], [t0].[Month], COALESCE(SUM([t0].[Amount]), 0.0) AS [Total]
FROM (
    SELECT [t].[Amount], DATEPART(year, [t].[TransactionDate]) AS [Year], DATEPART(month, [t].[TransactionDate]) AS [Month]
    FROM [Transactions] AS [t]
    WHERE [t].[UserId] = @userId AND [t].[Type] = N'Expense' AND [t].[TransactionDate] >= @sixMonthsAgo
) AS [t0]
GROUP BY [t0].[Year], [t0].[Month]
2026-09-01 15:47:56.750 +05:30 [INF] Executed DbCommand (6ms) [Parameters=[@userId='?' (Size = 450), @sixMonthsAgo='?' (DbType = DateTime2)], CommandType='"Text"', CommandTimeout='30']
SELECT [t0].[Year], [t0].[Month], [t0].[Type], COALESCE(SUM([t0].[Amount]), 0.0) AS [Total]
FROM (
    SELECT [t].[Amount], [t].[Type], DATEPART(year, [t].[TransactionDate]) AS [Year], DATEPART(month, [t].[TransactionDate]) AS [Month]
    FROM [Transactions] AS [t]
    WHERE [t].[UserId] = @userId AND [t].[TransactionDate] >= @sixMonthsAgo
) AS [t0]
GROUP BY [t0].[Year], [t0].[Month], [t0].[Type]
2026-09-01 15:47:56.763 +05:30 [INF] Executed DbCommand (12ms) [Parameters=[@p='?' (DbType = Int32), @userId='?' (Size = 450), @monthStart='?' (DbType = DateTime2), @today='?' (DbType = DateTime2)], CommandType='"Text"', CommandTimeout='30']
SELECT TOP(@p) [c].[Name] AS [Category], COALESCE(SUM([t].[Amount]), 0.0) AS [Total]
FROM [Transactions] AS [t]
INNER JOIN [Categories] AS [c] ON [t].[CategoryId] = [c].[CategoryId]
WHERE [t].[UserId] = @userId AND [t].[Type] = N'Expense' AND [t].[TransactionDate] >= @monthStart AND [t].[TransactionDate] <= @today
GROUP BY [c].[Name]
ORDER BY COALESCE(SUM([t].[Amount]), 0.0) DESC
2026-09-01 15:47:56.775 +05:30 [INF] Executed DbCommand (10ms) [Parameters=[@userId='?' (Size = 450), @monthStart='?' (DbType = DateTime2), @today='?' (DbType = DateTime2)], CommandType='"Text"', CommandTimeout='30']
SELECT [t0].[Key] AS [Day], COALESCE(SUM([t0].[Amount]), 0.0) AS [Total]
FROM (
    SELECT [t].[Amount], DATEPART(day, [t].[TransactionDate]) AS [Key]
    FROM [Transactions] AS [t]
    WHERE [t].[UserId] = @userId AND [t].[Type] = N'Expense' AND [t].[TransactionDate] >= @monthStart AND [t].[TransactionDate] <= @today
) AS [t0]
GROUP BY [t0].[Key]
2026-09-01 15:47:56.786 +05:30 [INF] Executed DbCommand (10ms) [Parameters=[@userId='?' (Size = 450), @monthStart='?' (DbType = DateTime2), @today='?' (DbType = DateTime2)], CommandType='"Text"', CommandTimeout='30']
SELECT [p].[Name] AS [Method], COALESCE(SUM([t].[Amount]), 0.0) AS [Total]
FROM [Transactions] AS [t]
LEFT JOIN [PaymentMethods] AS [p] ON [t].[PaymentMethodId] = [p].[PaymentMethodId]
WHERE [t].[UserId] = @userId AND [t].[Type] = N'Expense' AND [t].[TransactionDate] >= @monthStart AND [t].[TransactionDate] <= @today AND [t].[PaymentMethodId] IS NOT NULL
GROUP BY [p].[Name]
2026-09-01 15:47:56.792 +05:30 [INF] Executed DbCommand (5ms) [Parameters=[@userId='?' (Size = 450), @today_Month='?' (DbType = Int32), @today_Year='?' (DbType = Int32)], CommandType='"Text"', CommandTimeout='30']
SELECT TOP(1) [b].[BudgetId], [b].[CreatedDate], [b].[Month], [b].[Notes], [b].[TotalBudget], [b].[UpdatedDate], [b].[UserId], [b].[Year]
FROM [Budgets] AS [b]
WHERE [b].[UserId] = @userId AND [b].[Month] = @today_Month AND [b].[Year] = @today_Year
2026-09-01 15:47:56.798 +05:30 [INF] Executed DbCommand (4ms) [Parameters=[@userId='?' (Size = 450)], CommandType='"Text"', CommandTimeout='30']
SELECT COUNT(*)
FROM [Notifications] AS [n]
WHERE [n].[UserId] = @userId AND [n].[IsRead] = CAST(0 AS bit)
2026-09-01 15:47:56.798 +05:30 [INF] Executing ViewResult, running view Index.
2026-09-01 15:47:56.812 +05:30 [INF] Executed DbCommand (6ms) [Parameters=[@p='?' (Size = 450)], CommandType='"Text"', CommandTimeout='30']
SELECT TOP(1) [a].[Id], [a].[AccessFailedCount], [a].[ConcurrencyStamp], [a].[CreatedDate], [a].[Currency], [a].[DateFormat], [a].[Email], [a].[EmailConfirmed], [a].[FirstName], [a].[LastName], [a].[LockoutEnabled], [a].[LockoutEnd], [a].[NormalizedEmail], [a].[NormalizedUserName], [a].[PasswordHash], [a].[PhoneNumber], [a].[PhoneNumberConfirmed], [a].[SecurityStamp], [a].[Theme], [a].[TwoFactorEnabled], [a].[UserName]
FROM [AspNetUsers] AS [a]
WHERE [a].[Id] = @p
2026-09-01 15:47:56.815 +05:30 [INF] Executed ViewResult - view Index executed in 17.0545ms.
2026-09-01 15:47:56.815 +05:30 [INF] Executed action MyDailyExpenseTracker.Controllers.DashboardController.Index (MyDailyExpenseTracker) in 235.7623ms
2026-09-01 15:47:56.815 +05:30 [INF] Executed endpoint 'MyDailyExpenseTracker.Controllers.DashboardController.Index (MyDailyExpenseTracker)'
2026-09-01 15:47:56.815 +05:30 [INF] Request finished HTTP/1.1 GET http://localhost:5172/ - 200 null text/html; charset=utf-8 237.483ms
2026-09-01 15:50:04.516 +05:30 [INF] Request starting HTTP/1.1 GET http://localhost:5172/ - null null
2026-09-01 15:50:04.544 +05:30 [INF] Executing endpoint 'MyDailyExpenseTracker.Controllers.DashboardController.Index (MyDailyExpenseTracker)'
2026-09-01 15:50:04.546 +05:30 [INF] Route matched with {action = "Index", controller = "Dashboard"}. Executing controller action with signature System.Threading.Tasks.Task`1[Microsoft.AspNetCore.Mvc.IActionResult] Index() on controller MyDailyExpenseTracker.Controllers.DashboardController (MyDailyExpenseTracker).
2026-09-01 15:50:04.711 +05:30 [INF] Executed DbCommand (123ms) [Parameters=[@userId='?' (Size = 450), @today='?' (DbType = DateTime2), @today2='?' (DbType = DateTime2)], CommandType='"Text"', CommandTimeout='30']
SELECT [r].[RecurringExpenseId], [r].[Amount], [r].[CategoryId], [r].[CreatedDate], [r].[EndDate], [r].[Frequency], [r].[IsActive], [r].[LastGeneratedDate], [r].[Name], [r].[Notes], [r].[PaymentMethodId], [r].[StartDate], [r].[Type], [r].[UserId]
FROM [RecurringExpenses] AS [r]
WHERE [r].[UserId] = @userId AND [r].[IsActive] = CAST(1 AS bit) AND [r].[StartDate] <= @today AND ([r].[EndDate] IS NULL OR [r].[EndDate] >= @today2)
2026-09-01 15:50:04.774 +05:30 [INF] Executed DbCommand (54ms) [Parameters=[@userId='?' (Size = 450), @today_Month='?' (DbType = Int32), @today_Year='?' (DbType = Int32)], CommandType='"Text"', CommandTimeout='30']
SELECT [b1].[BudgetId], [b1].[CreatedDate], [b1].[Month], [b1].[Notes], [b1].[TotalBudget], [b1].[UpdatedDate], [b1].[UserId], [b1].[Year], [s].[BudgetCategoryId], [s].[Amount], [s].[BudgetId], [s].[CategoryId], [s].[CategoryId0], [s].[Color], [s].[CreatedDate], [s].[Icon], [s].[IsActive], [s].[IsDefault], [s].[Name], [s].[Type], [s].[UserId]
FROM (
    SELECT TOP(1) [b].[BudgetId], [b].[CreatedDate], [b].[Month], [b].[Notes], [b].[TotalBudget], [b].[UpdatedDate], [b].[UserId], [b].[Year]
    FROM [Budgets] AS [b]
    WHERE [b].[UserId] = @userId AND [b].[Month] = @today_Month AND [b].[Year] = @today_Year
) AS [b1]
LEFT JOIN (
    SELECT [b0].[BudgetCategoryId], [b0].[Amount], [b0].[BudgetId], [b0].[CategoryId], [c].[CategoryId] AS [CategoryId0], [c].[Color], [c].[CreatedDate], [c].[Icon], [c].[IsActive], [c].[IsDefault], [c].[Name], [c].[Type], [c].[UserId]
    FROM [BudgetCategories] AS [b0]
    INNER JOIN [Categories] AS [c] ON [b0].[CategoryId] = [c].[CategoryId]
) AS [s] ON [b1].[BudgetId] = [s].[BudgetId]
ORDER BY [b1].[BudgetId], [s].[BudgetCategoryId]
2026-09-01 15:50:04.808 +05:30 [INF] Executed DbCommand (27ms) [Parameters=[@userId='?' (Size = 450), @today='?' (DbType = DateTime2)], CommandType='"Text"', CommandTimeout='30']
SELECT [t].[Type], COALESCE(SUM([t].[Amount]), 0.0) AS [Total]
FROM [Transactions] AS [t]
WHERE [t].[UserId] = @userId AND CONVERT(date, [t].[TransactionDate]) = @today
GROUP BY [t].[Type]
2026-09-01 15:50:04.825 +05:30 [INF] Executed DbCommand (15ms) [Parameters=[@userId='?' (Size = 450), @monthStart='?' (DbType = DateTime2), @today='?' (DbType = DateTime2)], CommandType='"Text"', CommandTimeout='30']
SELECT [t].[Type], COALESCE(SUM([t].[Amount]), 0.0) AS [Total]
FROM [Transactions] AS [t]
WHERE [t].[UserId] = @userId AND [t].[TransactionDate] >= @monthStart AND [t].[TransactionDate] <= @today
GROUP BY [t].[Type]
2026-09-01 15:50:04.839 +05:30 [INF] Executed DbCommand (12ms) [Parameters=[@userId='?' (Size = 450)], CommandType='"Text"', CommandTimeout='30']
SELECT COALESCE(SUM([t].[Amount]), 0.0)
FROM [Transactions] AS [t]
WHERE [t].[UserId] = @userId AND [t].[Type] = N'Income'
2026-09-01 15:50:04.854 +05:30 [INF] Executed DbCommand (14ms) [Parameters=[@userId='?' (Size = 450)], CommandType='"Text"', CommandTimeout='30']
SELECT COALESCE(SUM([t].[Amount]), 0.0)
FROM [Transactions] AS [t]
WHERE [t].[UserId] = @userId AND [t].[Type] = N'Expense'
2026-09-01 15:50:04.868 +05:30 [INF] Executed DbCommand (12ms) [Parameters=[@userId='?' (Size = 450)], CommandType='"Text"', CommandTimeout='30']
SELECT COUNT(*)
FROM [Transactions] AS [t]
WHERE [t].[UserId] = @userId
2026-09-01 15:50:04.882 +05:30 [INF] Executed DbCommand (12ms) [Parameters=[@userId='?' (Size = 450), @prevStart='?' (DbType = DateTime2), @prevEnd='?' (DbType = DateTime2)], CommandType='"Text"', CommandTimeout='30']
SELECT COALESCE(SUM([t].[Amount]), 0.0)
FROM [Transactions] AS [t]
WHERE [t].[UserId] = @userId AND [t].[Type] = N'Expense' AND [t].[TransactionDate] >= @prevStart AND [t].[TransactionDate] <= @prevEnd
2026-09-01 15:50:04.914 +05:30 [INF] Executed DbCommand (25ms) [Parameters=[@p='?' (DbType = Int32), @userId='?' (Size = 450)], CommandType='"Text"', CommandTimeout='30']
SELECT [t0].[TransactionId], [t0].[TransactionDate], [t0].[Description], [c].[Name] AS [CategoryName], [c].[Icon] AS [CategoryIcon], [c].[Color] AS [CategoryColor], [t0].[Type], [t0].[Amount], [p].[Name] AS [PaymentMethodName]
FROM (
    SELECT TOP(@p) [t].[TransactionId], [t].[Amount], [t].[CategoryId], [t].[CreatedDate], [t].[Description], [t].[PaymentMethodId], [t].[TransactionDate], [t].[Type]
    FROM [Transactions] AS [t]
    WHERE [t].[UserId] = @userId
    ORDER BY [t].[TransactionDate] DESC, [t].[CreatedDate] DESC
) AS [t0]
INNER JOIN [Categories] AS [c] ON [t0].[CategoryId] = [c].[CategoryId]
LEFT JOIN [PaymentMethods] AS [p] ON [t0].[PaymentMethodId] = [p].[PaymentMethodId]
ORDER BY [t0].[TransactionDate] DESC, [t0].[CreatedDate] DESC
2026-09-01 15:50:04.934 +05:30 [INF] Executed DbCommand (18ms) [Parameters=[@userId='?' (Size = 450), @sixMonthsAgo='?' (DbType = DateTime2)], CommandType='"Text"', CommandTimeout='30']
SELECT [t0].[Year], [t0].[Month], COALESCE(SUM([t0].[Amount]), 0.0) AS [Total]
FROM (
    SELECT [t].[Amount], DATEPART(year, [t].[TransactionDate]) AS [Year], DATEPART(month, [t].[TransactionDate]) AS [Month]
    FROM [Transactions] AS [t]
    WHERE [t].[UserId] = @userId AND [t].[Type] = N'Expense' AND [t].[TransactionDate] >= @sixMonthsAgo
) AS [t0]
GROUP BY [t0].[Year], [t0].[Month]
2026-09-01 15:50:04.951 +05:30 [INF] Executed DbCommand (14ms) [Parameters=[@userId='?' (Size = 450), @sixMonthsAgo='?' (DbType = DateTime2)], CommandType='"Text"', CommandTimeout='30']
SELECT [t0].[Year], [t0].[Month], [t0].[Type], COALESCE(SUM([t0].[Amount]), 0.0) AS [Total]
FROM (
    SELECT [t].[Amount], [t].[Type], DATEPART(year, [t].[TransactionDate]) AS [Year], DATEPART(month, [t].[TransactionDate]) AS [Month]
    FROM [Transactions] AS [t]
    WHERE [t].[UserId] = @userId AND [t].[TransactionDate] >= @sixMonthsAgo
) AS [t0]
GROUP BY [t0].[Year], [t0].[Month], [t0].[Type]
2026-09-01 15:50:04.973 +05:30 [INF] Executed DbCommand (20ms) [Parameters=[@p='?' (DbType = Int32), @userId='?' (Size = 450), @monthStart='?' (DbType = DateTime2), @today='?' (DbType = DateTime2)], CommandType='"Text"', CommandTimeout='30']
SELECT TOP(@p) [c].[Name] AS [Category], COALESCE(SUM([t].[Amount]), 0.0) AS [Total]
FROM [Transactions] AS [t]
INNER JOIN [Categories] AS [c] ON [t].[CategoryId] = [c].[CategoryId]
WHERE [t].[UserId] = @userId AND [t].[Type] = N'Expense' AND [t].[TransactionDate] >= @monthStart AND [t].[TransactionDate] <= @today
GROUP BY [c].[Name]
ORDER BY COALESCE(SUM([t].[Amount]), 0.0) DESC
2026-09-01 15:50:04.993 +05:30 [INF] Executed DbCommand (18ms) [Parameters=[@userId='?' (Size = 450), @monthStart='?' (DbType = DateTime2), @today='?' (DbType = DateTime2)], CommandType='"Text"', CommandTimeout='30']
SELECT [t0].[Key] AS [Day], COALESCE(SUM([t0].[Amount]), 0.0) AS [Total]
FROM (
    SELECT [t].[Amount], DATEPART(day, [t].[TransactionDate]) AS [Key]
    FROM [Transactions] AS [t]
    WHERE [t].[UserId] = @userId AND [t].[Type] = N'Expense' AND [t].[TransactionDate] >= @monthStart AND [t].[TransactionDate] <= @today
) AS [t0]
GROUP BY [t0].[Key]
2026-09-01 15:50:05.017 +05:30 [INF] Executed DbCommand (22ms) [Parameters=[@userId='?' (Size = 450), @monthStart='?' (DbType = DateTime2), @today='?' (DbType = DateTime2)], CommandType='"Text"', CommandTimeout='30']
SELECT [p].[Name] AS [Method], COALESCE(SUM([t].[Amount]), 0.0) AS [Total]
FROM [Transactions] AS [t]
LEFT JOIN [PaymentMethods] AS [p] ON [t].[PaymentMethodId] = [p].[PaymentMethodId]
WHERE [t].[UserId] = @userId AND [t].[Type] = N'Expense' AND [t].[TransactionDate] >= @monthStart AND [t].[TransactionDate] <= @today AND [t].[PaymentMethodId] IS NOT NULL
GROUP BY [p].[Name]
2026-09-01 15:50:05.026 +05:30 [INF] Executed DbCommand (7ms) [Parameters=[@userId='?' (Size = 450), @today_Month='?' (DbType = Int32), @today_Year='?' (DbType = Int32)], CommandType='"Text"', CommandTimeout='30']
SELECT TOP(1) [b].[BudgetId], [b].[CreatedDate], [b].[Month], [b].[Notes], [b].[TotalBudget], [b].[UpdatedDate], [b].[UserId], [b].[Year]
FROM [Budgets] AS [b]
WHERE [b].[UserId] = @userId AND [b].[Month] = @today_Month AND [b].[Year] = @today_Year
2026-09-01 15:50:05.036 +05:30 [INF] Executed DbCommand (8ms) [Parameters=[@userId='?' (Size = 450)], CommandType='"Text"', CommandTimeout='30']
SELECT COUNT(*)
FROM [Notifications] AS [n]
WHERE [n].[UserId] = @userId AND [n].[IsRead] = CAST(0 AS bit)
2026-09-01 15:50:05.041 +05:30 [INF] Executing ViewResult, running view Index.
2026-09-01 15:50:05.139 +05:30 [INF] Executed DbCommand (44ms) [Parameters=[@p='?' (Size = 450)], CommandType='"Text"', CommandTimeout='30']
SELECT TOP(1) [a].[Id], [a].[AccessFailedCount], [a].[ConcurrencyStamp], [a].[CreatedDate], [a].[Currency], [a].[DateFormat], [a].[Email], [a].[EmailConfirmed], [a].[FirstName], [a].[LastName], [a].[LockoutEnabled], [a].[LockoutEnd], [a].[NormalizedEmail], [a].[NormalizedUserName], [a].[PasswordHash], [a].[PhoneNumber], [a].[PhoneNumberConfirmed], [a].[SecurityStamp], [a].[Theme], [a].[TwoFactorEnabled], [a].[UserName]
FROM [AspNetUsers] AS [a]
WHERE [a].[Id] = @p
2026-09-01 15:50:05.159 +05:30 [INF] Executed ViewResult - view Index executed in 121.0199ms.
2026-09-01 15:50:05.159 +05:30 [INF] Executed action MyDailyExpenseTracker.Controllers.DashboardController.Index (MyDailyExpenseTracker) in 613.2568ms
2026-09-01 15:50:05.159 +05:30 [INF] Executed endpoint 'MyDailyExpenseTracker.Controllers.DashboardController.Index (MyDailyExpenseTracker)'
2026-09-01 15:50:05.160 +05:30 [INF] Request finished HTTP/1.1 GET http://localhost:5172/ - 200 null text/html; charset=utf-8 644.6017ms
2026-09-01 15:50:05.452 +05:30 [INF] Request starting HTTP/1.1 GET http://localhost:5172/css/site.css?v=HOJwDjT5PmZxnsrs-ETUVat2ehhj-GFAG3USnq0XkI8 - null null
2026-09-01 15:50:05.492 +05:30 [INF] Sending file. Request path: '/css/site.css'. Physical path: 'C:\Users\ABHI\Desktop\Expense Tracker\MyDailyExpenseTracker\wwwroot\css\site.css'
2026-09-01 15:50:05.493 +05:30 [INF] Request finished HTTP/1.1 GET http://localhost:5172/css/site.css?v=HOJwDjT5PmZxnsrs-ETUVat2ehhj-GFAG3USnq0XkI8 - 200 27904 text/css 39.8494ms
2026-09-01 15:53:38.618 +05:30 [INF] Request starting HTTP/1.1 GET http://localhost:5172/ - null null
2026-09-01 15:53:38.644 +05:30 [INF] Executing endpoint 'MyDailyExpenseTracker.Controllers.DashboardController.Index (MyDailyExpenseTracker)'
2026-09-01 15:53:38.647 +05:30 [INF] Route matched with {action = "Index", controller = "Dashboard"}. Executing controller action with signature System.Threading.Tasks.Task`1[Microsoft.AspNetCore.Mvc.IActionResult] Index() on controller MyDailyExpenseTracker.Controllers.DashboardController (MyDailyExpenseTracker).
2026-09-01 15:53:38.766 +05:30 [INF] Executed DbCommand (68ms) [Parameters=[@userId='?' (Size = 450), @today='?' (DbType = DateTime2), @today2='?' (DbType = DateTime2)], CommandType='"Text"', CommandTimeout='30']
SELECT [r].[RecurringExpenseId], [r].[Amount], [r].[CategoryId], [r].[CreatedDate], [r].[EndDate], [r].[Frequency], [r].[IsActive], [r].[LastGeneratedDate], [r].[Name], [r].[Notes], [r].[PaymentMethodId], [r].[StartDate], [r].[Type], [r].[UserId]
FROM [RecurringExpenses] AS [r]
WHERE [r].[UserId] = @userId AND [r].[IsActive] = CAST(1 AS bit) AND [r].[StartDate] <= @today AND ([r].[EndDate] IS NULL OR [r].[EndDate] >= @today2)
2026-09-01 15:53:38.807 +05:30 [INF] Executed DbCommand (35ms) [Parameters=[@userId='?' (Size = 450), @today_Month='?' (DbType = Int32), @today_Year='?' (DbType = Int32)], CommandType='"Text"', CommandTimeout='30']
SELECT [b1].[BudgetId], [b1].[CreatedDate], [b1].[Month], [b1].[Notes], [b1].[TotalBudget], [b1].[UpdatedDate], [b1].[UserId], [b1].[Year], [s].[BudgetCategoryId], [s].[Amount], [s].[BudgetId], [s].[CategoryId], [s].[CategoryId0], [s].[Color], [s].[CreatedDate], [s].[Icon], [s].[IsActive], [s].[IsDefault], [s].[Name], [s].[Type], [s].[UserId]
FROM (
    SELECT TOP(1) [b].[BudgetId], [b].[CreatedDate], [b].[Month], [b].[Notes], [b].[TotalBudget], [b].[UpdatedDate], [b].[UserId], [b].[Year]
    FROM [Budgets] AS [b]
    WHERE [b].[UserId] = @userId AND [b].[Month] = @today_Month AND [b].[Year] = @today_Year
) AS [b1]
LEFT JOIN (
    SELECT [b0].[BudgetCategoryId], [b0].[Amount], [b0].[BudgetId], [b0].[CategoryId], [c].[CategoryId] AS [CategoryId0], [c].[Color], [c].[CreatedDate], [c].[Icon], [c].[IsActive], [c].[IsDefault], [c].[Name], [c].[Type], [c].[UserId]
    FROM [BudgetCategories] AS [b0]
    INNER JOIN [Categories] AS [c] ON [b0].[CategoryId] = [c].[CategoryId]
) AS [s] ON [b1].[BudgetId] = [s].[BudgetId]
ORDER BY [b1].[BudgetId], [s].[BudgetCategoryId]
2026-09-01 15:53:38.839 +05:30 [INF] Executed DbCommand (19ms) [Parameters=[@userId='?' (Size = 450), @today='?' (DbType = DateTime2)], CommandType='"Text"', CommandTimeout='30']
SELECT [t].[Type], COALESCE(SUM([t].[Amount]), 0.0) AS [Total]
FROM [Transactions] AS [t]
WHERE [t].[UserId] = @userId AND CONVERT(date, [t].[TransactionDate]) = @today
GROUP BY [t].[Type]
2026-09-01 15:53:38.849 +05:30 [INF] Executed DbCommand (9ms) [Parameters=[@userId='?' (Size = 450), @monthStart='?' (DbType = DateTime2), @today='?' (DbType = DateTime2)], CommandType='"Text"', CommandTimeout='30']
SELECT [t].[Type], COALESCE(SUM([t].[Amount]), 0.0) AS [Total]
FROM [Transactions] AS [t]
WHERE [t].[UserId] = @userId AND [t].[TransactionDate] >= @monthStart AND [t].[TransactionDate] <= @today
GROUP BY [t].[Type]
2026-09-01 15:53:38.863 +05:30 [INF] Executed DbCommand (12ms) [Parameters=[@userId='?' (Size = 450)], CommandType='"Text"', CommandTimeout='30']
SELECT COALESCE(SUM([t].[Amount]), 0.0)
FROM [Transactions] AS [t]
WHERE [t].[UserId] = @userId AND [t].[Type] = N'Income'
2026-09-01 15:53:38.874 +05:30 [INF] Executed DbCommand (10ms) [Parameters=[@userId='?' (Size = 450)], CommandType='"Text"', CommandTimeout='30']
SELECT COALESCE(SUM([t].[Amount]), 0.0)
FROM [Transactions] AS [t]
WHERE [t].[UserId] = @userId AND [t].[Type] = N'Expense'
2026-09-01 15:53:38.880 +05:30 [INF] Executed DbCommand (5ms) [Parameters=[@userId='?' (Size = 450)], CommandType='"Text"', CommandTimeout='30']
SELECT COUNT(*)
FROM [Transactions] AS [t]
WHERE [t].[UserId] = @userId
2026-09-01 15:53:38.893 +05:30 [INF] Executed DbCommand (11ms) [Parameters=[@userId='?' (Size = 450), @prevStart='?' (DbType = DateTime2), @prevEnd='?' (DbType = DateTime2)], CommandType='"Text"', CommandTimeout='30']
SELECT COALESCE(SUM([t].[Amount]), 0.0)
FROM [Transactions] AS [t]
WHERE [t].[UserId] = @userId AND [t].[Type] = N'Expense' AND [t].[TransactionDate] >= @prevStart AND [t].[TransactionDate] <= @prevEnd
2026-09-01 15:53:38.929 +05:30 [INF] Executed DbCommand (32ms) [Parameters=[@p='?' (DbType = Int32), @userId='?' (Size = 450)], CommandType='"Text"', CommandTimeout='30']
SELECT [t0].[TransactionId], [t0].[TransactionDate], [t0].[Description], [c].[Name] AS [CategoryName], [c].[Icon] AS [CategoryIcon], [c].[Color] AS [CategoryColor], [t0].[Type], [t0].[Amount], [p].[Name] AS [PaymentMethodName]
FROM (
    SELECT TOP(@p) [t].[TransactionId], [t].[Amount], [t].[CategoryId], [t].[CreatedDate], [t].[Description], [t].[PaymentMethodId], [t].[TransactionDate], [t].[Type]
    FROM [Transactions] AS [t]
    WHERE [t].[UserId] = @userId
    ORDER BY [t].[TransactionDate] DESC, [t].[CreatedDate] DESC
) AS [t0]
INNER JOIN [Categories] AS [c] ON [t0].[CategoryId] = [c].[CategoryId]
LEFT JOIN [PaymentMethods] AS [p] ON [t0].[PaymentMethodId] = [p].[PaymentMethodId]
ORDER BY [t0].[TransactionDate] DESC, [t0].[CreatedDate] DESC
2026-09-01 15:53:38.950 +05:30 [INF] Executed DbCommand (19ms) [Parameters=[@userId='?' (Size = 450), @sixMonthsAgo='?' (DbType = DateTime2)], CommandType='"Text"', CommandTimeout='30']
SELECT [t0].[Year], [t0].[Month], COALESCE(SUM([t0].[Amount]), 0.0) AS [Total]
FROM (
    SELECT [t].[Amount], DATEPART(year, [t].[TransactionDate]) AS [Year], DATEPART(month, [t].[TransactionDate]) AS [Month]
    FROM [Transactions] AS [t]
    WHERE [t].[UserId] = @userId AND [t].[Type] = N'Expense' AND [t].[TransactionDate] >= @sixMonthsAgo
) AS [t0]
GROUP BY [t0].[Year], [t0].[Month]
2026-09-01 15:53:38.965 +05:30 [INF] Executed DbCommand (11ms) [Parameters=[@userId='?' (Size = 450), @sixMonthsAgo='?' (DbType = DateTime2)], CommandType='"Text"', CommandTimeout='30']
SELECT [t0].[Year], [t0].[Month], [t0].[Type], COALESCE(SUM([t0].[Amount]), 0.0) AS [Total]
FROM (
    SELECT [t].[Amount], [t].[Type], DATEPART(year, [t].[TransactionDate]) AS [Year], DATEPART(month, [t].[TransactionDate]) AS [Month]
    FROM [Transactions] AS [t]
    WHERE [t].[UserId] = @userId AND [t].[TransactionDate] >= @sixMonthsAgo
) AS [t0]
GROUP BY [t0].[Year], [t0].[Month], [t0].[Type]
2026-09-01 15:53:38.989 +05:30 [INF] Executed DbCommand (21ms) [Parameters=[@p='?' (DbType = Int32), @userId='?' (Size = 450), @monthStart='?' (DbType = DateTime2), @today='?' (DbType = DateTime2)], CommandType='"Text"', CommandTimeout='30']
SELECT TOP(@p) [c].[Name] AS [Category], COALESCE(SUM([t].[Amount]), 0.0) AS [Total]
FROM [Transactions] AS [t]
INNER JOIN [Categories] AS [c] ON [t].[CategoryId] = [c].[CategoryId]
WHERE [t].[UserId] = @userId AND [t].[Type] = N'Expense' AND [t].[TransactionDate] >= @monthStart AND [t].[TransactionDate] <= @today
GROUP BY [c].[Name]
ORDER BY COALESCE(SUM([t].[Amount]), 0.0) DESC
2026-09-01 15:53:39.026 +05:30 [INF] Executed DbCommand (33ms) [Parameters=[@userId='?' (Size = 450), @monthStart='?' (DbType = DateTime2), @today='?' (DbType = DateTime2)], CommandType='"Text"', CommandTimeout='30']
SELECT [t0].[Key] AS [Day], COALESCE(SUM([t0].[Amount]), 0.0) AS [Total]
FROM (
    SELECT [t].[Amount], DATEPART(day, [t].[TransactionDate]) AS [Key]
    FROM [Transactions] AS [t]
    WHERE [t].[UserId] = @userId AND [t].[Type] = N'Expense' AND [t].[TransactionDate] >= @monthStart AND [t].[TransactionDate] <= @today
) AS [t0]
GROUP BY [t0].[Key]
2026-09-01 15:53:39.050 +05:30 [INF] Executed DbCommand (22ms) [Parameters=[@userId='?' (Size = 450), @monthStart='?' (DbType = DateTime2), @today='?' (DbType = DateTime2)], CommandType='"Text"', CommandTimeout='30']
SELECT [p].[Name] AS [Method], COALESCE(SUM([t].[Amount]), 0.0) AS [Total]
FROM [Transactions] AS [t]
LEFT JOIN [PaymentMethods] AS [p] ON [t].[PaymentMethodId] = [p].[PaymentMethodId]
WHERE [t].[UserId] = @userId AND [t].[Type] = N'Expense' AND [t].[TransactionDate] >= @monthStart AND [t].[TransactionDate] <= @today AND [t].[PaymentMethodId] IS NOT NULL
GROUP BY [p].[Name]
2026-09-01 15:53:39.061 +05:30 [INF] Executed DbCommand (9ms) [Parameters=[@userId='?' (Size = 450), @today_Month='?' (DbType = Int32), @today_Year='?' (DbType = Int32)], CommandType='"Text"', CommandTimeout='30']
SELECT TOP(1) [b].[BudgetId], [b].[CreatedDate], [b].[Month], [b].[Notes], [b].[TotalBudget], [b].[UpdatedDate], [b].[UserId], [b].[Year]
FROM [Budgets] AS [b]
WHERE [b].[UserId] = @userId AND [b].[Month] = @today_Month AND [b].[Year] = @today_Year
2026-09-01 15:53:39.069 +05:30 [INF] Executed DbCommand (6ms) [Parameters=[@userId='?' (Size = 450)], CommandType='"Text"', CommandTimeout='30']
SELECT COUNT(*)
FROM [Notifications] AS [n]
WHERE [n].[UserId] = @userId AND [n].[IsRead] = CAST(0 AS bit)
2026-09-01 15:53:39.074 +05:30 [INF] Executing ViewResult, running view Index.
2026-09-01 15:53:39.178 +05:30 [INF] Executed DbCommand (45ms) [Parameters=[@p='?' (Size = 450)], CommandType='"Text"', CommandTimeout='30']
SELECT TOP(1) [a].[Id], [a].[AccessFailedCount], [a].[ConcurrencyStamp], [a].[CreatedDate], [a].[Currency], [a].[DateFormat], [a].[Email], [a].[EmailConfirmed], [a].[FirstName], [a].[LastName], [a].[LockoutEnabled], [a].[LockoutEnd], [a].[NormalizedEmail], [a].[NormalizedUserName], [a].[PasswordHash], [a].[PhoneNumber], [a].[PhoneNumberConfirmed], [a].[SecurityStamp], [a].[Theme], [a].[TwoFactorEnabled], [a].[UserName]
FROM [AspNetUsers] AS [a]
WHERE [a].[Id] = @p
2026-09-01 15:53:39.197 +05:30 [INF] Executed ViewResult - view Index executed in 126.2774ms.
2026-09-01 15:53:39.197 +05:30 [INF] Executed action MyDailyExpenseTracker.Controllers.DashboardController.Index (MyDailyExpenseTracker) in 550.6102ms
2026-09-01 15:53:39.198 +05:30 [INF] Executed endpoint 'MyDailyExpenseTracker.Controllers.DashboardController.Index (MyDailyExpenseTracker)'
2026-09-01 15:53:39.199 +05:30 [INF] Request finished HTTP/1.1 GET http://localhost:5172/ - 200 null text/html; charset=utf-8 582.1719ms
2026-09-01 15:53:39.541 +05:30 [INF] Request starting HTTP/1.1 GET http://localhost:5172/css/site.css?v=NiGeG3gMIB_gCKU2zoKtFZtN7uOXFbtxucmIzjaA7gU - null null
2026-09-01 15:53:39.570 +05:30 [INF] Sending file. Request path: '/css/site.css'. Physical path: 'C:\Users\ABHI\Desktop\Expense Tracker\MyDailyExpenseTracker\wwwroot\css\site.css'
2026-09-01 15:53:39.572 +05:30 [INF] Request finished HTTP/1.1 GET http://localhost:5172/css/site.css?v=NiGeG3gMIB_gCKU2zoKtFZtN7uOXFbtxucmIzjaA7gU - 200 28476 text/css 29.9865ms
2026-09-01 15:54:09.055 +05:30 [INF] Request starting HTTP/1.1 GET http://localhost:5172/Transactions - null null
2026-09-01 15:54:09.056 +05:30 [INF] Executing endpoint 'MyDailyExpenseTracker.Controllers.TransactionsController.Index (MyDailyExpenseTracker)'
2026-09-01 15:54:09.056 +05:30 [INF] Route matched with {action = "Index", controller = "Transactions"}. Executing controller action with signature System.Threading.Tasks.Task`1[Microsoft.AspNetCore.Mvc.IActionResult] Index(MyDailyExpenseTracker.ViewModels.TransactionFilterViewModel) on controller MyDailyExpenseTracker.Controllers.TransactionsController (MyDailyExpenseTracker).
2026-09-01 15:54:09.072 +05:30 [INF] Executed DbCommand (5ms) [Parameters=[@userId='?' (Size = 450)], CommandType='"Text"', CommandTimeout='30']
SELECT [t].[Type], [t].[Amount]
FROM [Transactions] AS [t]
WHERE [t].[UserId] = @userId
2026-09-01 15:54:09.097 +05:30 [INF] Executed DbCommand (14ms) [Parameters=[@userId='?' (Size = 450), @p='?' (DbType = Int32), @p2='?' (DbType = Int32)], CommandType='"Text"', CommandTimeout='30']
SELECT [t0].[TransactionId], [t0].[TransactionDate], [t0].[Description], [c].[Name] AS [CategoryName], [c].[Icon] AS [CategoryIcon], [c].[Color] AS [CategoryColor], [t0].[Type], [t0].[Amount], [p].[Name] AS [PaymentMethodName]
FROM (
    SELECT [t].[TransactionId], [t].[Amount], [t].[CategoryId], [t].[CreatedDate], [t].[Description], [t].[PaymentMethodId], [t].[TransactionDate], [t].[Type]
    FROM [Transactions] AS [t]
    WHERE [t].[UserId] = @userId
    ORDER BY [t].[TransactionDate] DESC, [t].[CreatedDate] DESC
    OFFSET @p ROWS FETCH NEXT @p2 ROWS ONLY
) AS [t0]
INNER JOIN [Categories] AS [c] ON [t0].[CategoryId] = [c].[CategoryId]
LEFT JOIN [PaymentMethods] AS [p] ON [t0].[PaymentMethodId] = [p].[PaymentMethodId]
ORDER BY [t0].[TransactionDate] DESC, [t0].[CreatedDate] DESC
2026-09-01 15:54:09.114 +05:30 [INF] Executed DbCommand (14ms) [Parameters=[@userId='?' (Size = 450)], CommandType='"Text"', CommandTimeout='30']
SELECT CONVERT(varchar(11), [c].[CategoryId]) AS [Value], [c].[Name] AS [Text]
FROM [Categories] AS [c]
WHERE [c].[IsActive] = CAST(1 AS bit) AND ([c].[UserId] = @userId OR [c].[UserId] IS NULL)
ORDER BY [c].[Name]
2026-09-01 15:54:09.121 +05:30 [INF] Executed DbCommand (5ms) [Parameters=[@userId='?' (Size = 450)], CommandType='"Text"', CommandTimeout='30']
SELECT CONVERT(varchar(11), [p].[PaymentMethodId]) AS [Value], [p].[Name] AS [Text]
FROM [PaymentMethods] AS [p]
WHERE [p].[IsActive] = CAST(1 AS bit) AND ([p].[UserId] = @userId OR [p].[UserId] IS NULL)
ORDER BY [p].[Name]
2026-09-01 15:54:09.122 +05:30 [INF] Executing ViewResult, running view Index.
2026-09-01 15:54:09.127 +05:30 [INF] Executed DbCommand (4ms) [Parameters=[@p='?' (Size = 450)], CommandType='"Text"', CommandTimeout='30']
SELECT TOP(1) [a].[Id], [a].[AccessFailedCount], [a].[ConcurrencyStamp], [a].[CreatedDate], [a].[Currency], [a].[DateFormat], [a].[Email], [a].[EmailConfirmed], [a].[FirstName], [a].[LastName], [a].[LockoutEnabled], [a].[LockoutEnd], [a].[NormalizedEmail], [a].[NormalizedUserName], [a].[PasswordHash], [a].[PhoneNumber], [a].[PhoneNumberConfirmed], [a].[SecurityStamp], [a].[Theme], [a].[TwoFactorEnabled], [a].[UserName]
FROM [AspNetUsers] AS [a]
WHERE [a].[Id] = @p
2026-09-01 15:54:09.129 +05:30 [INF] Executed ViewResult - view Index executed in 7.1828ms.
2026-09-01 15:54:09.129 +05:30 [INF] Executed action MyDailyExpenseTracker.Controllers.TransactionsController.Index (MyDailyExpenseTracker) in 73.07ms
2026-09-01 15:54:09.129 +05:30 [INF] Executed endpoint 'MyDailyExpenseTracker.Controllers.TransactionsController.Index (MyDailyExpenseTracker)'
2026-09-01 15:54:09.129 +05:30 [INF] Request finished HTTP/1.1 GET http://localhost:5172/Transactions - 200 null text/html; charset=utf-8 74.2496ms
2026-09-01 15:54:09.185 +05:30 [INF] Request starting HTTP/1.1 GET http://localhost:5172/css/site.css?v=NiGeG3gMIB_gCKU2zoKtFZtN7uOXFbtxucmIzjaA7gU - null null
2026-09-01 15:54:09.188 +05:30 [INF] The file /css/site.css was not modified
2026-09-01 15:54:09.189 +05:30 [INF] Request finished HTTP/1.1 GET http://localhost:5172/css/site.css?v=NiGeG3gMIB_gCKU2zoKtFZtN7uOXFbtxucmIzjaA7gU - 304 null text/css 3.9257ms
2026-09-01 15:54:35.183 +05:30 [INF] Request starting HTTP/1.1 GET http://localhost:5172/Transactions - null null
2026-09-01 15:54:35.184 +05:30 [INF] Executing endpoint 'MyDailyExpenseTracker.Controllers.TransactionsController.Index (MyDailyExpenseTracker)'
2026-09-01 15:54:35.185 +05:30 [INF] Route matched with {action = "Index", controller = "Transactions"}. Executing controller action with signature System.Threading.Tasks.Task`1[Microsoft.AspNetCore.Mvc.IActionResult] Index(MyDailyExpenseTracker.ViewModels.TransactionFilterViewModel) on controller MyDailyExpenseTracker.Controllers.TransactionsController (MyDailyExpenseTracker).
2026-09-01 15:54:35.191 +05:30 [INF] Executed DbCommand (4ms) [Parameters=[@userId='?' (Size = 450)], CommandType='"Text"', CommandTimeout='30']
SELECT [t].[Type], [t].[Amount]
FROM [Transactions] AS [t]
WHERE [t].[UserId] = @userId
2026-09-01 15:54:35.201 +05:30 [INF] Executed DbCommand (8ms) [Parameters=[@userId='?' (Size = 450), @p='?' (DbType = Int32), @p2='?' (DbType = Int32)], CommandType='"Text"', CommandTimeout='30']
SELECT [t0].[TransactionId], [t0].[TransactionDate], [t0].[Description], [c].[Name] AS [CategoryName], [c].[Icon] AS [CategoryIcon], [c].[Color] AS [CategoryColor], [t0].[Type], [t0].[Amount], [p].[Name] AS [PaymentMethodName]
FROM (
    SELECT [t].[TransactionId], [t].[Amount], [t].[CategoryId], [t].[CreatedDate], [t].[Description], [t].[PaymentMethodId], [t].[TransactionDate], [t].[Type]
    FROM [Transactions] AS [t]
    WHERE [t].[UserId] = @userId
    ORDER BY [t].[TransactionDate] DESC, [t].[CreatedDate] DESC
    OFFSET @p ROWS FETCH NEXT @p2 ROWS ONLY
) AS [t0]
INNER JOIN [Categories] AS [c] ON [t0].[CategoryId] = [c].[CategoryId]
LEFT JOIN [PaymentMethods] AS [p] ON [t0].[PaymentMethodId] = [p].[PaymentMethodId]
ORDER BY [t0].[TransactionDate] DESC, [t0].[CreatedDate] DESC
2026-09-01 15:54:35.210 +05:30 [INF] Executed DbCommand (8ms) [Parameters=[@userId='?' (Size = 450)], CommandType='"Text"', CommandTimeout='30']
SELECT CONVERT(varchar(11), [c].[CategoryId]) AS [Value], [c].[Name] AS [Text]
FROM [Categories] AS [c]
WHERE [c].[IsActive] = CAST(1 AS bit) AND ([c].[UserId] = @userId OR [c].[UserId] IS NULL)
ORDER BY [c].[Name]
2026-09-01 15:54:35.218 +05:30 [INF] Executed DbCommand (7ms) [Parameters=[@userId='?' (Size = 450)], CommandType='"Text"', CommandTimeout='30']
SELECT CONVERT(varchar(11), [p].[PaymentMethodId]) AS [Value], [p].[Name] AS [Text]
FROM [PaymentMethods] AS [p]
WHERE [p].[IsActive] = CAST(1 AS bit) AND ([p].[UserId] = @userId OR [p].[UserId] IS NULL)
ORDER BY [p].[Name]
2026-09-01 15:54:35.219 +05:30 [INF] Executing ViewResult, running view Index.
2026-09-01 15:54:35.226 +05:30 [INF] Executed DbCommand (5ms) [Parameters=[@p='?' (Size = 450)], CommandType='"Text"', CommandTimeout='30']
SELECT TOP(1) [a].[Id], [a].[AccessFailedCount], [a].[ConcurrencyStamp], [a].[CreatedDate], [a].[Currency], [a].[DateFormat], [a].[Email], [a].[EmailConfirmed], [a].[FirstName], [a].[LastName], [a].[LockoutEnabled], [a].[LockoutEnd], [a].[NormalizedEmail], [a].[NormalizedUserName], [a].[PasswordHash], [a].[PhoneNumber], [a].[PhoneNumberConfirmed], [a].[SecurityStamp], [a].[Theme], [a].[TwoFactorEnabled], [a].[UserName]
FROM [AspNetUsers] AS [a]
WHERE [a].[Id] = @p
2026-09-01 15:54:35.227 +05:30 [INF] Executed ViewResult - view Index executed in 7.4242ms.
2026-09-01 15:54:35.227 +05:30 [INF] Executed action MyDailyExpenseTracker.Controllers.TransactionsController.Index (MyDailyExpenseTracker) in 42.2138ms
2026-09-01 15:54:35.227 +05:30 [INF] Executed endpoint 'MyDailyExpenseTracker.Controllers.TransactionsController.Index (MyDailyExpenseTracker)'
2026-09-01 15:54:35.227 +05:30 [INF] Request finished HTTP/1.1 GET http://localhost:5172/Transactions - 200 null text/html; charset=utf-8 43.787ms
2026-09-01 15:54:35.303 +05:30 [INF] Request starting HTTP/1.1 GET http://localhost:5172/css/site.css?v=NiGeG3gMIB_gCKU2zoKtFZtN7uOXFbtxucmIzjaA7gU - null null
2026-09-01 15:54:35.305 +05:30 [INF] The file /css/site.css was not modified
2026-09-01 15:54:35.306 +05:30 [INF] Request finished HTTP/1.1 GET http://localhost:5172/css/site.css?v=NiGeG3gMIB_gCKU2zoKtFZtN7uOXFbtxucmIzjaA7gU - 304 null text/css 2.2732ms
2026-09-01 15:54:38.881 +05:30 [INF] Request starting HTTP/1.1 GET http://localhost:5172/Categories - null null
2026-09-01 15:54:38.881 +05:30 [INF] Executing endpoint 'MyDailyExpenseTracker.Controllers.CategoriesController.Index (MyDailyExpenseTracker)'
2026-09-01 15:54:38.882 +05:30 [INF] Route matched with {action = "Index", controller = "Categories"}. Executing controller action with signature System.Threading.Tasks.Task`1[Microsoft.AspNetCore.Mvc.IActionResult] Index() on controller MyDailyExpenseTracker.Controllers.CategoriesController (MyDailyExpenseTracker).
2026-09-01 15:54:38.896 +05:30 [INF] Executed DbCommand (12ms) [Parameters=[@userId='?' (Size = 450)], CommandType='"Text"', CommandTimeout='30']
SELECT [t].[CategoryId], COUNT(*) AS [Count]
FROM [Transactions] AS [t]
WHERE [t].[UserId] = @userId
GROUP BY [t].[CategoryId]
2026-09-01 15:54:38.907 +05:30 [INF] Executed DbCommand (9ms) [Parameters=[@userId='?' (Size = 450)], CommandType='"Text"', CommandTimeout='30']
SELECT [c].[CategoryId], [c].[Name], [c].[Icon], [c].[Color], [c].[Type], [c].[IsDefault]
FROM [Categories] AS [c]
WHERE [c].[IsActive] = CAST(1 AS bit) AND ([c].[UserId] = @userId OR [c].[UserId] IS NULL)
ORDER BY [c].[Type], [c].[Name]
2026-09-01 15:54:38.908 +05:30 [INF] Executing ViewResult, running view Index.
2026-09-01 15:54:38.915 +05:30 [INF] Executed DbCommand (5ms) [Parameters=[@p='?' (Size = 450)], CommandType='"Text"', CommandTimeout='30']
SELECT TOP(1) [a].[Id], [a].[AccessFailedCount], [a].[ConcurrencyStamp], [a].[CreatedDate], [a].[Currency], [a].[DateFormat], [a].[Email], [a].[EmailConfirmed], [a].[FirstName], [a].[LastName], [a].[LockoutEnabled], [a].[LockoutEnd], [a].[NormalizedEmail], [a].[NormalizedUserName], [a].[PasswordHash], [a].[PhoneNumber], [a].[PhoneNumberConfirmed], [a].[SecurityStamp], [a].[Theme], [a].[TwoFactorEnabled], [a].[UserName]
FROM [AspNetUsers] AS [a]
WHERE [a].[Id] = @p
2026-09-01 15:54:38.917 +05:30 [INF] Executed ViewResult - view Index executed in 9.1171ms.
2026-09-01 15:54:38.917 +05:30 [INF] Executed action MyDailyExpenseTracker.Controllers.CategoriesController.Index (MyDailyExpenseTracker) in 35.0914ms
2026-09-01 15:54:38.917 +05:30 [INF] Executed endpoint 'MyDailyExpenseTracker.Controllers.CategoriesController.Index (MyDailyExpenseTracker)'
2026-09-01 15:54:38.917 +05:30 [INF] Request finished HTTP/1.1 GET http://localhost:5172/Categories - 200 null text/html; charset=utf-8 36.0671ms
2026-09-01 15:54:58.952 +05:30 [INF] Request starting HTTP/1.1 GET http://localhost:5172/PaymentMethods - null null
2026-09-01 15:54:58.953 +05:30 [INF] Executing endpoint 'MyDailyExpenseTracker.Controllers.PaymentMethodsController.Index (MyDailyExpenseTracker)'
2026-09-01 15:54:58.953 +05:30 [INF] Route matched with {action = "Index", controller = "PaymentMethods"}. Executing controller action with signature System.Threading.Tasks.Task`1[Microsoft.AspNetCore.Mvc.IActionResult] Index() on controller MyDailyExpenseTracker.Controllers.PaymentMethodsController (MyDailyExpenseTracker).
2026-09-01 15:54:58.963 +05:30 [INF] Executed DbCommand (9ms) [Parameters=[@userId='?' (Size = 450)], CommandType='"Text"', CommandTimeout='30']
SELECT [t].[PaymentMethodId] AS [MethodId], COUNT(*) AS [Count]
FROM [Transactions] AS [t]
WHERE [t].[UserId] = @userId AND [t].[PaymentMethodId] IS NOT NULL
GROUP BY [t].[PaymentMethodId]
2026-09-01 15:54:58.971 +05:30 [INF] Executed DbCommand (7ms) [Parameters=[@userId='?' (Size = 450)], CommandType='"Text"', CommandTimeout='30']
SELECT [p].[PaymentMethodId], [p].[Name], [p].[Icon], [p].[IsDefault]
FROM [PaymentMethods] AS [p]
WHERE [p].[IsActive] = CAST(1 AS bit) AND ([p].[UserId] = @userId OR [p].[UserId] IS NULL)
ORDER BY [p].[Name]
2026-09-01 15:54:58.972 +05:30 [INF] Executing ViewResult, running view Index.
2026-09-01 15:54:58.980 +05:30 [INF] Executed DbCommand (6ms) [Parameters=[@p='?' (Size = 450)], CommandType='"Text"', CommandTimeout='30']
SELECT TOP(1) [a].[Id], [a].[AccessFailedCount], [a].[ConcurrencyStamp], [a].[CreatedDate], [a].[Currency], [a].[DateFormat], [a].[Email], [a].[EmailConfirmed], [a].[FirstName], [a].[LastName], [a].[LockoutEnabled], [a].[LockoutEnd], [a].[NormalizedEmail], [a].[NormalizedUserName], [a].[PasswordHash], [a].[PhoneNumber], [a].[PhoneNumberConfirmed], [a].[SecurityStamp], [a].[Theme], [a].[TwoFactorEnabled], [a].[UserName]
FROM [AspNetUsers] AS [a]
WHERE [a].[Id] = @p
2026-09-01 15:54:58.982 +05:30 [INF] Executed ViewResult - view Index executed in 10.2192ms.
2026-09-01 15:54:58.982 +05:30 [INF] Executed action MyDailyExpenseTracker.Controllers.PaymentMethodsController.Index (MyDailyExpenseTracker) in 29.5153ms
2026-09-01 15:54:58.982 +05:30 [INF] Executed endpoint 'MyDailyExpenseTracker.Controllers.PaymentMethodsController.Index (MyDailyExpenseTracker)'
2026-09-01 15:54:58.982 +05:30 [INF] Request finished HTTP/1.1 GET http://localhost:5172/PaymentMethods - 200 null text/html; charset=utf-8 30.2587ms
2026-09-01 15:54:59.032 +05:30 [INF] Request starting HTTP/1.1 GET http://localhost:5172/css/site.css?v=NiGeG3gMIB_gCKU2zoKtFZtN7uOXFbtxucmIzjaA7gU - null null
2026-09-01 15:54:59.034 +05:30 [INF] The file /css/site.css was not modified
2026-09-01 15:54:59.034 +05:30 [INF] Request finished HTTP/1.1 GET http://localhost:5172/css/site.css?v=NiGeG3gMIB_gCKU2zoKtFZtN7uOXFbtxucmIzjaA7gU - 304 null text/css 1.5592ms
2026-09-01 15:55:08.989 +05:30 [INF] Request starting HTTP/1.1 GET http://localhost:5172/PaymentMethods/Create - null null
2026-09-01 15:55:08.998 +05:30 [INF] Executing endpoint 'MyDailyExpenseTracker.Controllers.PaymentMethodsController.Create (MyDailyExpenseTracker)'
2026-09-01 15:55:09.035 +05:30 [INF] Route matched with {action = "Create", controller = "PaymentMethods"}. Executing controller action with signature Microsoft.AspNetCore.Mvc.IActionResult Create() on controller MyDailyExpenseTracker.Controllers.PaymentMethodsController (MyDailyExpenseTracker).
2026-09-01 15:55:09.048 +05:30 [INF] Executing ViewResult, running view Create.
2026-09-01 15:55:09.146 +05:30 [INF] Executed DbCommand (5ms) [Parameters=[@p='?' (Size = 450)], CommandType='"Text"', CommandTimeout='30']
SELECT TOP(1) [a].[Id], [a].[AccessFailedCount], [a].[ConcurrencyStamp], [a].[CreatedDate], [a].[Currency], [a].[DateFormat], [a].[Email], [a].[EmailConfirmed], [a].[FirstName], [a].[LastName], [a].[LockoutEnabled], [a].[LockoutEnd], [a].[NormalizedEmail], [a].[NormalizedUserName], [a].[PasswordHash], [a].[PhoneNumber], [a].[PhoneNumberConfirmed], [a].[SecurityStamp], [a].[Theme], [a].[TwoFactorEnabled], [a].[UserName]
FROM [AspNetUsers] AS [a]
WHERE [a].[Id] = @p
2026-09-01 15:55:09.148 +05:30 [INF] Executed ViewResult - view Create executed in 106.9583ms.
2026-09-01 15:55:09.148 +05:30 [INF] Executed action MyDailyExpenseTracker.Controllers.PaymentMethodsController.Create (MyDailyExpenseTracker) in 113.128ms
2026-09-01 15:55:09.148 +05:30 [INF] Executed endpoint 'MyDailyExpenseTracker.Controllers.PaymentMethodsController.Create (MyDailyExpenseTracker)'
2026-09-01 15:55:09.148 +05:30 [INF] Request finished HTTP/1.1 GET http://localhost:5172/PaymentMethods/Create - 200 null text/html; charset=utf-8 159.3729ms
2026-09-01 15:55:12.742 +05:30 [INF] Request starting HTTP/1.1 GET http://localhost:5172/PaymentMethods - null null
2026-09-01 15:55:12.743 +05:30 [INF] Executing endpoint 'MyDailyExpenseTracker.Controllers.PaymentMethodsController.Index (MyDailyExpenseTracker)'
2026-09-01 15:55:12.743 +05:30 [INF] Route matched with {action = "Index", controller = "PaymentMethods"}. Executing controller action with signature System.Threading.Tasks.Task`1[Microsoft.AspNetCore.Mvc.IActionResult] Index() on controller MyDailyExpenseTracker.Controllers.PaymentMethodsController (MyDailyExpenseTracker).
2026-09-01 15:55:12.753 +05:30 [INF] Executed DbCommand (9ms) [Parameters=[@userId='?' (Size = 450)], CommandType='"Text"', CommandTimeout='30']
SELECT [t].[PaymentMethodId] AS [MethodId], COUNT(*) AS [Count]
FROM [Transactions] AS [t]
WHERE [t].[UserId] = @userId AND [t].[PaymentMethodId] IS NOT NULL
GROUP BY [t].[PaymentMethodId]
2026-09-01 15:55:12.761 +05:30 [INF] Executed DbCommand (7ms) [Parameters=[@userId='?' (Size = 450)], CommandType='"Text"', CommandTimeout='30']
SELECT [p].[PaymentMethodId], [p].[Name], [p].[Icon], [p].[IsDefault]
FROM [PaymentMethods] AS [p]
WHERE [p].[IsActive] = CAST(1 AS bit) AND ([p].[UserId] = @userId OR [p].[UserId] IS NULL)
ORDER BY [p].[Name]
2026-09-01 15:55:12.761 +05:30 [INF] Executing ViewResult, running view Index.
2026-09-01 15:55:12.767 +05:30 [INF] Executed DbCommand (4ms) [Parameters=[@p='?' (Size = 450)], CommandType='"Text"', CommandTimeout='30']
SELECT TOP(1) [a].[Id], [a].[AccessFailedCount], [a].[ConcurrencyStamp], [a].[CreatedDate], [a].[Currency], [a].[DateFormat], [a].[Email], [a].[EmailConfirmed], [a].[FirstName], [a].[LastName], [a].[LockoutEnabled], [a].[LockoutEnd], [a].[NormalizedEmail], [a].[NormalizedUserName], [a].[PasswordHash], [a].[PhoneNumber], [a].[PhoneNumberConfirmed], [a].[SecurityStamp], [a].[Theme], [a].[TwoFactorEnabled], [a].[UserName]
FROM [AspNetUsers] AS [a]
WHERE [a].[Id] = @p
2026-09-01 15:55:12.768 +05:30 [INF] Executed ViewResult - view Index executed in 6.8538ms.
2026-09-01 15:55:12.768 +05:30 [INF] Executed action MyDailyExpenseTracker.Controllers.PaymentMethodsController.Index (MyDailyExpenseTracker) in 25.1849ms
2026-09-01 15:55:12.768 +05:30 [INF] Executed endpoint 'MyDailyExpenseTracker.Controllers.PaymentMethodsController.Index (MyDailyExpenseTracker)'
2026-09-01 15:55:12.769 +05:30 [INF] Request finished HTTP/1.1 GET http://localhost:5172/PaymentMethods - 200 null text/html; charset=utf-8 26.2238ms
2026-09-01 15:55:14.162 +05:30 [INF] Request starting HTTP/1.1 GET http://localhost:5172/Budget - null null
2026-09-01 15:55:14.162 +05:30 [INF] Executing endpoint 'MyDailyExpenseTracker.Controllers.BudgetController.Index (MyDailyExpenseTracker)'
2026-09-01 15:55:14.163 +05:30 [INF] Route matched with {action = "Index", controller = "Budget"}. Executing controller action with signature System.Threading.Tasks.Task`1[Microsoft.AspNetCore.Mvc.IActionResult] Index(Int32, Int32) on controller MyDailyExpenseTracker.Controllers.BudgetController (MyDailyExpenseTracker).
2026-09-01 15:55:14.185 +05:30 [INF] Executed DbCommand (21ms) [Parameters=[@userId='?' (Size = 450), @month='?' (DbType = Int32), @year='?' (DbType = Int32)], CommandType='"Text"', CommandTimeout='30']
SELECT [b1].[BudgetId], [b1].[CreatedDate], [b1].[Month], [b1].[Notes], [b1].[TotalBudget], [b1].[UpdatedDate], [b1].[UserId], [b1].[Year], [s].[BudgetCategoryId], [s].[Amount], [s].[BudgetId], [s].[CategoryId], [s].[CategoryId0], [s].[Color], [s].[CreatedDate], [s].[Icon], [s].[IsActive], [s].[IsDefault], [s].[Name], [s].[Type], [s].[UserId]
FROM (
    SELECT TOP(1) [b].[BudgetId], [b].[CreatedDate], [b].[Month], [b].[Notes], [b].[TotalBudget], [b].[UpdatedDate], [b].[UserId], [b].[Year]
    FROM [Budgets] AS [b]
    WHERE [b].[UserId] = @userId AND [b].[Month] = @month AND [b].[Year] = @year
) AS [b1]
LEFT JOIN (
    SELECT [b0].[BudgetCategoryId], [b0].[Amount], [b0].[BudgetId], [b0].[CategoryId], [c].[CategoryId] AS [CategoryId0], [c].[Color], [c].[CreatedDate], [c].[Icon], [c].[IsActive], [c].[IsDefault], [c].[Name], [c].[Type], [c].[UserId]
    FROM [BudgetCategories] AS [b0]
    INNER JOIN [Categories] AS [c] ON [b0].[CategoryId] = [c].[CategoryId]
) AS [s] ON [b1].[BudgetId] = [s].[BudgetId]
ORDER BY [b1].[BudgetId], [s].[BudgetCategoryId]
2026-09-01 15:55:14.197 +05:30 [INF] Executed DbCommand (12ms) [Parameters=[@userId='?' (Size = 450)], CommandType='"Text"', CommandTimeout='30']
SELECT [t].[CategoryId], COUNT(*) AS [Count]
FROM [Transactions] AS [t]
WHERE [t].[UserId] = @userId
GROUP BY [t].[CategoryId]
2026-09-01 15:55:14.204 +05:30 [INF] Executed DbCommand (5ms) [Parameters=[@userId='?' (Size = 450)], CommandType='"Text"', CommandTimeout='30']
SELECT [c].[CategoryId], [c].[Name], [c].[Icon], [c].[Color], [c].[Type], [c].[IsDefault]
FROM [Categories] AS [c]
WHERE [c].[IsActive] = CAST(1 AS bit) AND ([c].[UserId] = @userId OR [c].[UserId] IS NULL)
ORDER BY [c].[Type], [c].[Name]
2026-09-01 15:55:14.213 +05:30 [INF] Executed DbCommand (8ms) [Parameters=[@userId='?' (Size = 450), @monthStart='?' (DbType = DateTime2), @monthEnd='?' (DbType = DateTime2)], CommandType='"Text"', CommandTimeout='30']
SELECT [t].[CategoryId], COALESCE(SUM([t].[Amount]), 0.0) AS [Total]
FROM [Transactions] AS [t]
WHERE [t].[UserId] = @userId AND [t].[Type] = N'Expense' AND [t].[TransactionDate] >= @monthStart AND [t].[TransactionDate] <= @monthEnd
GROUP BY [t].[CategoryId]
2026-09-01 15:55:14.216 +05:30 [INF] Executing ViewResult, running view Index.
2026-09-01 15:55:14.225 +05:30 [INF] Executed DbCommand (5ms) [Parameters=[@p='?' (Size = 450)], CommandType='"Text"', CommandTimeout='30']
SELECT TOP(1) [a].[Id], [a].[AccessFailedCount], [a].[ConcurrencyStamp], [a].[CreatedDate], [a].[Currency], [a].[DateFormat], [a].[Email], [a].[EmailConfirmed], [a].[FirstName], [a].[LastName], [a].[LockoutEnabled], [a].[LockoutEnd], [a].[NormalizedEmail], [a].[NormalizedUserName], [a].[PasswordHash], [a].[PhoneNumber], [a].[PhoneNumberConfirmed], [a].[SecurityStamp], [a].[Theme], [a].[TwoFactorEnabled], [a].[UserName]
FROM [AspNetUsers] AS [a]
WHERE [a].[Id] = @p
2026-09-01 15:55:14.227 +05:30 [INF] Executed ViewResult - view Index executed in 10.9311ms.
2026-09-01 15:55:14.227 +05:30 [INF] Executed action MyDailyExpenseTracker.Controllers.BudgetController.Index (MyDailyExpenseTracker) in 64.3341ms
2026-09-01 15:55:14.227 +05:30 [INF] Executed endpoint 'MyDailyExpenseTracker.Controllers.BudgetController.Index (MyDailyExpenseTracker)'
2026-09-01 15:55:14.227 +05:30 [INF] Request finished HTTP/1.1 GET http://localhost:5172/Budget - 200 null text/html; charset=utf-8 65.583ms
2026-09-01 15:55:36.960 +05:30 [INF] Request starting HTTP/1.1 GET http://localhost:5172/RecurringExpenses - null null
2026-09-01 15:55:36.960 +05:30 [INF] Executing endpoint 'MyDailyExpenseTracker.Controllers.RecurringExpensesController.Index (MyDailyExpenseTracker)'
2026-09-01 15:55:36.960 +05:30 [INF] Route matched with {action = "Index", controller = "RecurringExpenses"}. Executing controller action with signature System.Threading.Tasks.Task`1[Microsoft.AspNetCore.Mvc.IActionResult] Index() on controller MyDailyExpenseTracker.Controllers.RecurringExpensesController (MyDailyExpenseTracker).
2026-09-01 15:55:36.969 +05:30 [INF] Executed DbCommand (7ms) [Parameters=[@userId='?' (Size = 450)], CommandType='"Text"', CommandTimeout='30']
SELECT [r].[RecurringExpenseId], [r].[Name], [r].[Amount], [r].[Type], [r].[CategoryId], [c].[Name] AS [CategoryName], [r].[PaymentMethodId], [p].[Name] AS [PaymentMethodName], [r].[Frequency], [r].[StartDate], [r].[EndDate], [r].[IsActive], [r].[LastGeneratedDate], [r].[Notes]
FROM [RecurringExpenses] AS [r]
INNER JOIN [Categories] AS [c] ON [r].[CategoryId] = [c].[CategoryId]
LEFT JOIN [PaymentMethods] AS [p] ON [r].[PaymentMethodId] = [p].[PaymentMethodId]
WHERE [r].[UserId] = @userId
ORDER BY [r].[Name]
2026-09-01 15:55:36.969 +05:30 [INF] Executing ViewResult, running view Index.
2026-09-01 15:55:36.974 +05:30 [INF] Executed DbCommand (3ms) [Parameters=[@p='?' (Size = 450)], CommandType='"Text"', CommandTimeout='30']
SELECT TOP(1) [a].[Id], [a].[AccessFailedCount], [a].[ConcurrencyStamp], [a].[CreatedDate], [a].[Currency], [a].[DateFormat], [a].[Email], [a].[EmailConfirmed], [a].[FirstName], [a].[LastName], [a].[LockoutEnabled], [a].[LockoutEnd], [a].[NormalizedEmail], [a].[NormalizedUserName], [a].[PasswordHash], [a].[PhoneNumber], [a].[PhoneNumberConfirmed], [a].[SecurityStamp], [a].[Theme], [a].[TwoFactorEnabled], [a].[UserName]
FROM [AspNetUsers] AS [a]
WHERE [a].[Id] = @p
2026-09-01 15:55:36.975 +05:30 [INF] Executed ViewResult - view Index executed in 5.3958ms.
2026-09-01 15:55:36.975 +05:30 [INF] Executed action MyDailyExpenseTracker.Controllers.RecurringExpensesController.Index (MyDailyExpenseTracker) in 14.1332ms
2026-09-01 15:55:36.975 +05:30 [INF] Executed endpoint 'MyDailyExpenseTracker.Controllers.RecurringExpensesController.Index (MyDailyExpenseTracker)'
2026-09-01 15:55:36.975 +05:30 [INF] Request finished HTTP/1.1 GET http://localhost:5172/RecurringExpenses - 200 null text/html; charset=utf-8 14.9922ms
2026-09-01 15:55:37.028 +05:30 [INF] Request starting HTTP/1.1 GET http://localhost:5172/css/site.css?v=NiGeG3gMIB_gCKU2zoKtFZtN7uOXFbtxucmIzjaA7gU - null null
2026-09-01 15:55:37.029 +05:30 [INF] The file /css/site.css was not modified
2026-09-01 15:55:37.029 +05:30 [INF] Request finished HTTP/1.1 GET http://localhost:5172/css/site.css?v=NiGeG3gMIB_gCKU2zoKtFZtN7uOXFbtxucmIzjaA7gU - 304 null text/css 0.9557ms
2026-09-01 15:55:38.673 +05:30 [INF] Request starting HTTP/1.1 GET http://localhost:5172/RecurringExpenses/Create - null null
2026-09-01 15:55:38.674 +05:30 [INF] Executing endpoint 'MyDailyExpenseTracker.Controllers.RecurringExpensesController.Create (MyDailyExpenseTracker)'
2026-09-01 15:55:38.690 +05:30 [INF] Route matched with {action = "Create", controller = "RecurringExpenses"}. Executing controller action with signature System.Threading.Tasks.Task`1[Microsoft.AspNetCore.Mvc.IActionResult] Create() on controller MyDailyExpenseTracker.Controllers.RecurringExpensesController (MyDailyExpenseTracker).
2026-09-01 15:55:38.711 +05:30 [INF] Executed DbCommand (12ms) [Parameters=[@userId='?' (Size = 450)], CommandType='"Text"', CommandTimeout='30']
SELECT CONVERT(varchar(11), [c].[CategoryId]) AS [Value], [c].[Name] AS [Text]
FROM [Categories] AS [c]
WHERE [c].[IsActive] = CAST(1 AS bit) AND ([c].[UserId] = @userId OR [c].[UserId] IS NULL)
ORDER BY [c].[Name]
2026-09-01 15:55:38.724 +05:30 [INF] Executed DbCommand (8ms) [Parameters=[@userId='?' (Size = 450)], CommandType='"Text"', CommandTimeout='30']
SELECT CONVERT(varchar(11), [p].[PaymentMethodId]) AS [Value], [p].[Name] AS [Text]
FROM [PaymentMethods] AS [p]
WHERE [p].[IsActive] = CAST(1 AS bit) AND ([p].[UserId] = @userId OR [p].[UserId] IS NULL)
ORDER BY [p].[Name]
2026-09-01 15:55:38.728 +05:30 [INF] Executing ViewResult, running view Create.
2026-09-01 15:55:38.884 +05:30 [INF] Executed DbCommand (5ms) [Parameters=[@p='?' (Size = 450)], CommandType='"Text"', CommandTimeout='30']
SELECT TOP(1) [a].[Id], [a].[AccessFailedCount], [a].[ConcurrencyStamp], [a].[CreatedDate], [a].[Currency], [a].[DateFormat], [a].[Email], [a].[EmailConfirmed], [a].[FirstName], [a].[LastName], [a].[LockoutEnabled], [a].[LockoutEnd], [a].[NormalizedEmail], [a].[NormalizedUserName], [a].[PasswordHash], [a].[PhoneNumber], [a].[PhoneNumberConfirmed], [a].[SecurityStamp], [a].[Theme], [a].[TwoFactorEnabled], [a].[UserName]
FROM [AspNetUsers] AS [a]
WHERE [a].[Id] = @p
2026-09-01 15:55:38.886 +05:30 [INF] Executed ViewResult - view Create executed in 160.8808ms.
2026-09-01 15:55:38.886 +05:30 [INF] Executed action MyDailyExpenseTracker.Controllers.RecurringExpensesController.Create (MyDailyExpenseTracker) in 195.016ms
2026-09-01 15:55:38.886 +05:30 [INF] Executed endpoint 'MyDailyExpenseTracker.Controllers.RecurringExpensesController.Create (MyDailyExpenseTracker)'
2026-09-01 15:55:38.886 +05:30 [INF] Request finished HTTP/1.1 GET http://localhost:5172/RecurringExpenses/Create - 200 null text/html; charset=utf-8 212.6523ms
2026-09-01 15:55:43.698 +05:30 [INF] Request starting HTTP/1.1 GET http://localhost:5172/RecurringExpenses - null null
2026-09-01 15:55:43.698 +05:30 [INF] Executing endpoint 'MyDailyExpenseTracker.Controllers.RecurringExpensesController.Index (MyDailyExpenseTracker)'
2026-09-01 15:55:43.698 +05:30 [INF] Route matched with {action = "Index", controller = "RecurringExpenses"}. Executing controller action with signature System.Threading.Tasks.Task`1[Microsoft.AspNetCore.Mvc.IActionResult] Index() on controller MyDailyExpenseTracker.Controllers.RecurringExpensesController (MyDailyExpenseTracker).
2026-09-01 15:55:43.706 +05:30 [INF] Executed DbCommand (7ms) [Parameters=[@userId='?' (Size = 450)], CommandType='"Text"', CommandTimeout='30']
SELECT [r].[RecurringExpenseId], [r].[Name], [r].[Amount], [r].[Type], [r].[CategoryId], [c].[Name] AS [CategoryName], [r].[PaymentMethodId], [p].[Name] AS [PaymentMethodName], [r].[Frequency], [r].[StartDate], [r].[EndDate], [r].[IsActive], [r].[LastGeneratedDate], [r].[Notes]
FROM [RecurringExpenses] AS [r]
INNER JOIN [Categories] AS [c] ON [r].[CategoryId] = [c].[CategoryId]
LEFT JOIN [PaymentMethods] AS [p] ON [r].[PaymentMethodId] = [p].[PaymentMethodId]
WHERE [r].[UserId] = @userId
ORDER BY [r].[Name]
2026-09-01 15:55:43.707 +05:30 [INF] Executing ViewResult, running view Index.
2026-09-01 15:55:43.712 +05:30 [INF] Executed DbCommand (3ms) [Parameters=[@p='?' (Size = 450)], CommandType='"Text"', CommandTimeout='30']
SELECT TOP(1) [a].[Id], [a].[AccessFailedCount], [a].[ConcurrencyStamp], [a].[CreatedDate], [a].[Currency], [a].[DateFormat], [a].[Email], [a].[EmailConfirmed], [a].[FirstName], [a].[LastName], [a].[LockoutEnabled], [a].[LockoutEnd], [a].[NormalizedEmail], [a].[NormalizedUserName], [a].[PasswordHash], [a].[PhoneNumber], [a].[PhoneNumberConfirmed], [a].[SecurityStamp], [a].[Theme], [a].[TwoFactorEnabled], [a].[UserName]
FROM [AspNetUsers] AS [a]
WHERE [a].[Id] = @p
2026-09-01 15:55:43.712 +05:30 [INF] Executed ViewResult - view Index executed in 5.4078ms.
2026-09-01 15:55:43.712 +05:30 [INF] Executed action MyDailyExpenseTracker.Controllers.RecurringExpensesController.Index (MyDailyExpenseTracker) in 14.0416ms
2026-09-01 15:55:43.712 +05:30 [INF] Executed endpoint 'MyDailyExpenseTracker.Controllers.RecurringExpensesController.Index (MyDailyExpenseTracker)'
2026-09-01 15:55:43.712 +05:30 [INF] Request finished HTTP/1.1 GET http://localhost:5172/RecurringExpenses - 200 null text/html; charset=utf-8 14.8295ms
2026-09-01 15:55:45.544 +05:30 [INF] Request starting HTTP/1.1 GET http://localhost:5172/Reports - null null
2026-09-01 15:55:45.544 +05:30 [INF] Executing endpoint 'MyDailyExpenseTracker.Controllers.ReportsController.Index (MyDailyExpenseTracker)'
2026-09-01 15:55:45.544 +05:30 [INF] Route matched with {action = "Index", controller = "Reports"}. Executing controller action with signature System.Threading.Tasks.Task`1[Microsoft.AspNetCore.Mvc.IActionResult] Index(Int32, Int32) on controller MyDailyExpenseTracker.Controllers.ReportsController (MyDailyExpenseTracker).
2026-09-01 15:55:45.553 +05:30 [INF] Executed DbCommand (7ms) [Parameters=[@userId='?' (Size = 450), @monthStart='?' (DbType = DateTime2), @monthEnd='?' (DbType = DateTime2)], CommandType='"Text"', CommandTimeout='30']
SELECT [t].[TransactionId], [t].[Amount], [t].[CategoryId], [t].[CreatedDate], [t].[Description], [t].[Notes], [t].[PaymentMethodId], [t].[RecurringExpenseId], [t].[TransactionDate], [t].[Type], [t].[UpdatedDate], [t].[UserId], [c].[CategoryId], [c].[Color], [c].[CreatedDate], [c].[Icon], [c].[IsActive], [c].[IsDefault], [c].[Name], [c].[Type], [c].[UserId], [p].[PaymentMethodId], [p].[CreatedDate], [p].[Icon], [p].[IsActive], [p].[IsDefault], [p].[Name], [p].[UserId]
FROM [Transactions] AS [t]
INNER JOIN [Categories] AS [c] ON [t].[CategoryId] = [c].[CategoryId]
LEFT JOIN [PaymentMethods] AS [p] ON [t].[PaymentMethodId] = [p].[PaymentMethodId]
WHERE [t].[UserId] = @userId AND [t].[TransactionDate] >= @monthStart AND [t].[TransactionDate] <= @monthEnd
2026-09-01 15:55:45.561 +05:30 [INF] Executed DbCommand (5ms) [Parameters=[@userId='?' (Size = 450)], CommandType='"Text"', CommandTimeout='30']
SELECT MIN([t].[TransactionDate])
FROM [Transactions] AS [t]
WHERE [t].[UserId] = @userId
2026-09-01 15:55:45.563 +05:30 [INF] Executing ViewResult, running view Index.
2026-09-01 15:55:45.566 +05:30 [INF] Executed DbCommand (3ms) [Parameters=[@p='?' (Size = 450)], CommandType='"Text"', CommandTimeout='30']
SELECT TOP(1) [a].[Id], [a].[AccessFailedCount], [a].[ConcurrencyStamp], [a].[CreatedDate], [a].[Currency], [a].[DateFormat], [a].[Email], [a].[EmailConfirmed], [a].[FirstName], [a].[LastName], [a].[LockoutEnabled], [a].[LockoutEnd], [a].[NormalizedEmail], [a].[NormalizedUserName], [a].[PasswordHash], [a].[PhoneNumber], [a].[PhoneNumberConfirmed], [a].[SecurityStamp], [a].[Theme], [a].[TwoFactorEnabled], [a].[UserName]
FROM [AspNetUsers] AS [a]
WHERE [a].[Id] = @p
2026-09-01 15:55:45.567 +05:30 [INF] Executed ViewResult - view Index executed in 4.6812ms.
2026-09-01 15:55:45.568 +05:30 [INF] Executed action MyDailyExpenseTracker.Controllers.ReportsController.Index (MyDailyExpenseTracker) in 23.2865ms
2026-09-01 15:55:45.568 +05:30 [INF] Executed endpoint 'MyDailyExpenseTracker.Controllers.ReportsController.Index (MyDailyExpenseTracker)'
2026-09-01 15:55:45.568 +05:30 [INF] Request finished HTTP/1.1 GET http://localhost:5172/Reports - 200 null text/html; charset=utf-8 23.9514ms
2026-09-01 15:55:54.952 +05:30 [INF] Request starting HTTP/1.1 GET http://localhost:5172/Profile - null null
2026-09-01 15:55:54.953 +05:30 [INF] Executing endpoint 'MyDailyExpenseTracker.Controllers.ProfileController.Index (MyDailyExpenseTracker)'
2026-09-01 15:55:54.953 +05:30 [INF] Route matched with {action = "Index", controller = "Profile"}. Executing controller action with signature System.Threading.Tasks.Task`1[Microsoft.AspNetCore.Mvc.IActionResult] Index() on controller MyDailyExpenseTracker.Controllers.ProfileController (MyDailyExpenseTracker).
2026-09-01 15:55:54.960 +05:30 [INF] Executed DbCommand (6ms) [Parameters=[@p='?' (Size = 450)], CommandType='"Text"', CommandTimeout='30']
SELECT TOP(1) [a].[Id], [a].[AccessFailedCount], [a].[ConcurrencyStamp], [a].[CreatedDate], [a].[Currency], [a].[DateFormat], [a].[Email], [a].[EmailConfirmed], [a].[FirstName], [a].[LastName], [a].[LockoutEnabled], [a].[LockoutEnd], [a].[NormalizedEmail], [a].[NormalizedUserName], [a].[PasswordHash], [a].[PhoneNumber], [a].[PhoneNumberConfirmed], [a].[SecurityStamp], [a].[Theme], [a].[TwoFactorEnabled], [a].[UserName]
FROM [AspNetUsers] AS [a]
WHERE [a].[Id] = @p
2026-09-01 15:55:54.970 +05:30 [INF] Executed DbCommand (6ms) [Parameters=[@user_Id='?' (Size = 450)], CommandType='"Text"', CommandTimeout='30']
SELECT COUNT(*)
FROM [Transactions] AS [t]
WHERE [t].[UserId] = @user_Id
2026-09-01 15:55:54.971 +05:30 [INF] Executing ViewResult, running view Index.
2026-09-01 15:55:54.976 +05:30 [INF] Executed ViewResult - view Index executed in 4.5213ms.
2026-09-01 15:55:54.976 +05:30 [INF] Executed action MyDailyExpenseTracker.Controllers.ProfileController.Index (MyDailyExpenseTracker) in 23.0807ms
2026-09-01 15:55:54.976 +05:30 [INF] Executed endpoint 'MyDailyExpenseTracker.Controllers.ProfileController.Index (MyDailyExpenseTracker)'
2026-09-01 15:55:54.976 +05:30 [INF] Request finished HTTP/1.1 GET http://localhost:5172/Profile - 200 null text/html; charset=utf-8 23.9033ms
2026-09-01 15:56:13.576 +05:30 [INF] Request starting HTTP/1.1 POST http://localhost:5172/Profile/SetTheme - application/x-www-form-urlencoded 11
2026-09-01 15:56:13.576 +05:30 [INF] Executing endpoint 'MyDailyExpenseTracker.Controllers.ProfileController.SetTheme (MyDailyExpenseTracker)'
2026-09-01 15:56:13.576 +05:30 [INF] Route matched with {action = "SetTheme", controller = "Profile"}. Executing controller action with signature System.Threading.Tasks.Task`1[Microsoft.AspNetCore.Mvc.IActionResult] SetTheme(System.String) on controller MyDailyExpenseTracker.Controllers.ProfileController (MyDailyExpenseTracker).
2026-09-01 15:56:13.589 +05:30 [INF] Executed DbCommand (5ms) [Parameters=[@p='?' (Size = 450)], CommandType='"Text"', CommandTimeout='30']
SELECT TOP(1) [a].[Id], [a].[AccessFailedCount], [a].[ConcurrencyStamp], [a].[CreatedDate], [a].[Currency], [a].[DateFormat], [a].[Email], [a].[EmailConfirmed], [a].[FirstName], [a].[LastName], [a].[LockoutEnabled], [a].[LockoutEnd], [a].[NormalizedEmail], [a].[NormalizedUserName], [a].[PasswordHash], [a].[PhoneNumber], [a].[PhoneNumberConfirmed], [a].[SecurityStamp], [a].[Theme], [a].[TwoFactorEnabled], [a].[UserName]
FROM [AspNetUsers] AS [a]
WHERE [a].[Id] = @p
2026-09-01 15:56:13.608 +05:30 [INF] Executed DbCommand (12ms) [Parameters=[@normalizedUserName='?' (Size = 256)], CommandType='"Text"', CommandTimeout='30']
SELECT TOP(1) [a].[Id], [a].[AccessFailedCount], [a].[ConcurrencyStamp], [a].[CreatedDate], [a].[Currency], [a].[DateFormat], [a].[Email], [a].[EmailConfirmed], [a].[FirstName], [a].[LastName], [a].[LockoutEnabled], [a].[LockoutEnd], [a].[NormalizedEmail], [a].[NormalizedUserName], [a].[PasswordHash], [a].[PhoneNumber], [a].[PhoneNumberConfirmed], [a].[SecurityStamp], [a].[Theme], [a].[TwoFactorEnabled], [a].[UserName]
FROM [AspNetUsers] AS [a]
WHERE [a].[NormalizedUserName] = @normalizedUserName
2026-09-01 15:56:13.619 +05:30 [INF] Executed DbCommand (8ms) [Parameters=[@normalizedEmail='?' (Size = 256)], CommandType='"Text"', CommandTimeout='30']
SELECT TOP(2) [a].[Id], [a].[AccessFailedCount], [a].[ConcurrencyStamp], [a].[CreatedDate], [a].[Currency], [a].[DateFormat], [a].[Email], [a].[EmailConfirmed], [a].[FirstName], [a].[LastName], [a].[LockoutEnabled], [a].[LockoutEnd], [a].[NormalizedEmail], [a].[NormalizedUserName], [a].[PasswordHash], [a].[PhoneNumber], [a].[PhoneNumberConfirmed], [a].[SecurityStamp], [a].[Theme], [a].[TwoFactorEnabled], [a].[UserName]
FROM [AspNetUsers] AS [a]
WHERE [a].[NormalizedEmail] = @normalizedEmail
2026-09-01 15:56:13.700 +05:30 [INF] Executed DbCommand (60ms) [Parameters=[@p20='?' (Size = 450), @p0='?' (DbType = Int32), @p1='?' (Size = 4000), @p21='?' (Size = 4000), @p2='?' (DbType = DateTime2), @p3='?' (Size = 10), @p4='?' (Size = 20), @p5='?' (Size = 256), @p6='?' (DbType = Boolean), @p7='?' (Size = 100), @p8='?' (Size = 100), @p9='?' (DbType = Boolean), @p10='?' (DbType = DateTimeOffset), @p11='?' (Size = 256), @p12='?' (Size = 256), @p13='?' (Size = 4000), @p14='?' (Size = 4000), @p15='?' (DbType = Boolean), @p16='?' (Size = 4000), @p17='?' (Size = 10), @p18='?' (DbType = Boolean), @p19='?' (Size = 256)], CommandType='"Text"', CommandTimeout='30']
SET IMPLICIT_TRANSACTIONS OFF;
SET NOCOUNT ON;
UPDATE [AspNetUsers] SET [AccessFailedCount] = @p0, [ConcurrencyStamp] = @p1, [CreatedDate] = @p2, [Currency] = @p3, [DateFormat] = @p4, [Email] = @p5, [EmailConfirmed] = @p6, [FirstName] = @p7, [LastName] = @p8, [LockoutEnabled] = @p9, [LockoutEnd] = @p10, [NormalizedEmail] = @p11, [NormalizedUserName] = @p12, [PasswordHash] = @p13, [PhoneNumber] = @p14, [PhoneNumberConfirmed] = @p15, [SecurityStamp] = @p16, [Theme] = @p17, [TwoFactorEnabled] = @p18, [UserName] = @p19
OUTPUT 1
WHERE [Id] = @p20 AND [ConcurrencyStamp] = @p21;
2026-09-01 15:56:13.703 +05:30 [INF] Executing StatusCodeResult, setting HTTP status code 200
2026-09-01 15:56:13.703 +05:30 [INF] Executed action MyDailyExpenseTracker.Controllers.ProfileController.SetTheme (MyDailyExpenseTracker) in 126.6984ms
2026-09-01 15:56:13.703 +05:30 [INF] Executed endpoint 'MyDailyExpenseTracker.Controllers.ProfileController.SetTheme (MyDailyExpenseTracker)'
2026-09-01 15:56:13.704 +05:30 [INF] Request finished HTTP/1.1 POST http://localhost:5172/Profile/SetTheme - 200 0 null 127.6837ms
2026-09-01 15:56:25.050 +05:30 [INF] Request starting HTTP/1.1 GET http://localhost:5172/Reports - null null
2026-09-01 15:56:25.051 +05:30 [INF] Executing endpoint 'MyDailyExpenseTracker.Controllers.ReportsController.Index (MyDailyExpenseTracker)'
2026-09-01 15:56:25.051 +05:30 [INF] Route matched with {action = "Index", controller = "Reports"}. Executing controller action with signature System.Threading.Tasks.Task`1[Microsoft.AspNetCore.Mvc.IActionResult] Index(Int32, Int32) on controller MyDailyExpenseTracker.Controllers.ReportsController (MyDailyExpenseTracker).
2026-09-01 15:56:25.060 +05:30 [INF] Executed DbCommand (8ms) [Parameters=[@userId='?' (Size = 450), @monthStart='?' (DbType = DateTime2), @monthEnd='?' (DbType = DateTime2)], CommandType='"Text"', CommandTimeout='30']
SELECT [t].[TransactionId], [t].[Amount], [t].[CategoryId], [t].[CreatedDate], [t].[Description], [t].[Notes], [t].[PaymentMethodId], [t].[RecurringExpenseId], [t].[TransactionDate], [t].[Type], [t].[UpdatedDate], [t].[UserId], [c].[CategoryId], [c].[Color], [c].[CreatedDate], [c].[Icon], [c].[IsActive], [c].[IsDefault], [c].[Name], [c].[Type], [c].[UserId], [p].[PaymentMethodId], [p].[CreatedDate], [p].[Icon], [p].[IsActive], [p].[IsDefault], [p].[Name], [p].[UserId]
FROM [Transactions] AS [t]
INNER JOIN [Categories] AS [c] ON [t].[CategoryId] = [c].[CategoryId]
LEFT JOIN [PaymentMethods] AS [p] ON [t].[PaymentMethodId] = [p].[PaymentMethodId]
WHERE [t].[UserId] = @userId AND [t].[TransactionDate] >= @monthStart AND [t].[TransactionDate] <= @monthEnd
2026-09-01 15:56:25.065 +05:30 [INF] Executed DbCommand (3ms) [Parameters=[@userId='?' (Size = 450)], CommandType='"Text"', CommandTimeout='30']
SELECT MIN([t].[TransactionDate])
FROM [Transactions] AS [t]
WHERE [t].[UserId] = @userId
2026-09-01 15:56:25.065 +05:30 [INF] Executing ViewResult, running view Index.
2026-09-01 15:56:25.074 +05:30 [INF] Executed DbCommand (5ms) [Parameters=[@p='?' (Size = 450)], CommandType='"Text"', CommandTimeout='30']
SELECT TOP(1) [a].[Id], [a].[AccessFailedCount], [a].[ConcurrencyStamp], [a].[CreatedDate], [a].[Currency], [a].[DateFormat], [a].[Email], [a].[EmailConfirmed], [a].[FirstName], [a].[LastName], [a].[LockoutEnabled], [a].[LockoutEnd], [a].[NormalizedEmail], [a].[NormalizedUserName], [a].[PasswordHash], [a].[PhoneNumber], [a].[PhoneNumberConfirmed], [a].[SecurityStamp], [a].[Theme], [a].[TwoFactorEnabled], [a].[UserName]
FROM [AspNetUsers] AS [a]
WHERE [a].[Id] = @p
2026-09-01 15:56:25.075 +05:30 [INF] Executed ViewResult - view Index executed in 9.3598ms.
2026-09-01 15:56:25.075 +05:30 [INF] Executed action MyDailyExpenseTracker.Controllers.ReportsController.Index (MyDailyExpenseTracker) in 24.1529ms
2026-09-01 15:56:25.075 +05:30 [INF] Executed endpoint 'MyDailyExpenseTracker.Controllers.ReportsController.Index (MyDailyExpenseTracker)'
2026-09-01 15:56:25.075 +05:30 [INF] Request finished HTTP/1.1 GET http://localhost:5172/Reports - 200 null text/html; charset=utf-8 24.881ms
2026-09-01 15:56:25.122 +05:30 [INF] Request starting HTTP/1.1 GET http://localhost:5172/css/site.css?v=NiGeG3gMIB_gCKU2zoKtFZtN7uOXFbtxucmIzjaA7gU - null null
2026-09-01 15:56:25.122 +05:30 [INF] The file /css/site.css was not modified
2026-09-01 15:56:25.122 +05:30 [INF] Request finished HTTP/1.1 GET http://localhost:5172/css/site.css?v=NiGeG3gMIB_gCKU2zoKtFZtN7uOXFbtxucmIzjaA7gU - 304 null text/css 0.7896ms
2026-09-01 15:56:33.233 +05:30 [INF] Request starting HTTP/1.1 GET http://localhost:5172/RecurringExpenses - null null
2026-09-01 15:56:33.234 +05:30 [INF] Executing endpoint 'MyDailyExpenseTracker.Controllers.RecurringExpensesController.Index (MyDailyExpenseTracker)'
2026-09-01 15:56:33.234 +05:30 [INF] Route matched with {action = "Index", controller = "RecurringExpenses"}. Executing controller action with signature System.Threading.Tasks.Task`1[Microsoft.AspNetCore.Mvc.IActionResult] Index() on controller MyDailyExpenseTracker.Controllers.RecurringExpensesController (MyDailyExpenseTracker).
2026-09-01 15:56:33.242 +05:30 [INF] Executed DbCommand (7ms) [Parameters=[@userId='?' (Size = 450)], CommandType='"Text"', CommandTimeout='30']
SELECT [r].[RecurringExpenseId], [r].[Name], [r].[Amount], [r].[Type], [r].[CategoryId], [c].[Name] AS [CategoryName], [r].[PaymentMethodId], [p].[Name] AS [PaymentMethodName], [r].[Frequency], [r].[StartDate], [r].[EndDate], [r].[IsActive], [r].[LastGeneratedDate], [r].[Notes]
FROM [RecurringExpenses] AS [r]
INNER JOIN [Categories] AS [c] ON [r].[CategoryId] = [c].[CategoryId]
LEFT JOIN [PaymentMethods] AS [p] ON [r].[PaymentMethodId] = [p].[PaymentMethodId]
WHERE [r].[UserId] = @userId
ORDER BY [r].[Name]
2026-09-01 15:56:33.242 +05:30 [INF] Executing ViewResult, running view Index.
2026-09-01 15:56:33.249 +05:30 [INF] Executed DbCommand (5ms) [Parameters=[@p='?' (Size = 450)], CommandType='"Text"', CommandTimeout='30']
SELECT TOP(1) [a].[Id], [a].[AccessFailedCount], [a].[ConcurrencyStamp], [a].[CreatedDate], [a].[Currency], [a].[DateFormat], [a].[Email], [a].[EmailConfirmed], [a].[FirstName], [a].[LastName], [a].[LockoutEnabled], [a].[LockoutEnd], [a].[NormalizedEmail], [a].[NormalizedUserName], [a].[PasswordHash], [a].[PhoneNumber], [a].[PhoneNumberConfirmed], [a].[SecurityStamp], [a].[Theme], [a].[TwoFactorEnabled], [a].[UserName]
FROM [AspNetUsers] AS [a]
WHERE [a].[Id] = @p
2026-09-01 15:56:33.250 +05:30 [INF] Executed ViewResult - view Index executed in 7.298ms.
2026-09-01 15:56:33.250 +05:30 [INF] Executed action MyDailyExpenseTracker.Controllers.RecurringExpensesController.Index (MyDailyExpenseTracker) in 16.0706ms
2026-09-01 15:56:33.250 +05:30 [INF] Executed endpoint 'MyDailyExpenseTracker.Controllers.RecurringExpensesController.Index (MyDailyExpenseTracker)'
2026-09-01 15:56:33.250 +05:30 [INF] Request finished HTTP/1.1 GET http://localhost:5172/RecurringExpenses - 200 null text/html; charset=utf-8 16.7854ms
2026-09-01 15:56:34.971 +05:30 [INF] Request starting HTTP/1.1 GET http://localhost:5172/Budget - null null
2026-09-01 15:56:34.971 +05:30 [INF] Executing endpoint 'MyDailyExpenseTracker.Controllers.BudgetController.Index (MyDailyExpenseTracker)'
2026-09-01 15:56:34.971 +05:30 [INF] Route matched with {action = "Index", controller = "Budget"}. Executing controller action with signature System.Threading.Tasks.Task`1[Microsoft.AspNetCore.Mvc.IActionResult] Index(Int32, Int32) on controller MyDailyExpenseTracker.Controllers.BudgetController (MyDailyExpenseTracker).
2026-09-01 15:56:34.989 +05:30 [INF] Executed DbCommand (17ms) [Parameters=[@userId='?' (Size = 450), @month='?' (DbType = Int32), @year='?' (DbType = Int32)], CommandType='"Text"', CommandTimeout='30']
SELECT [b1].[BudgetId], [b1].[CreatedDate], [b1].[Month], [b1].[Notes], [b1].[TotalBudget], [b1].[UpdatedDate], [b1].[UserId], [b1].[Year], [s].[BudgetCategoryId], [s].[Amount], [s].[BudgetId], [s].[CategoryId], [s].[CategoryId0], [s].[Color], [s].[CreatedDate], [s].[Icon], [s].[IsActive], [s].[IsDefault], [s].[Name], [s].[Type], [s].[UserId]
FROM (
    SELECT TOP(1) [b].[BudgetId], [b].[CreatedDate], [b].[Month], [b].[Notes], [b].[TotalBudget], [b].[UpdatedDate], [b].[UserId], [b].[Year]
    FROM [Budgets] AS [b]
    WHERE [b].[UserId] = @userId AND [b].[Month] = @month AND [b].[Year] = @year
) AS [b1]
LEFT JOIN (
    SELECT [b0].[BudgetCategoryId], [b0].[Amount], [b0].[BudgetId], [b0].[CategoryId], [c].[CategoryId] AS [CategoryId0], [c].[Color], [c].[CreatedDate], [c].[Icon], [c].[IsActive], [c].[IsDefault], [c].[Name], [c].[Type], [c].[UserId]
    FROM [BudgetCategories] AS [b0]
    INNER JOIN [Categories] AS [c] ON [b0].[CategoryId] = [c].[CategoryId]
) AS [s] ON [b1].[BudgetId] = [s].[BudgetId]
ORDER BY [b1].[BudgetId], [s].[BudgetCategoryId]
2026-09-01 15:56:34.997 +05:30 [INF] Executed DbCommand (7ms) [Parameters=[@userId='?' (Size = 450)], CommandType='"Text"', CommandTimeout='30']
SELECT [t].[CategoryId], COUNT(*) AS [Count]
FROM [Transactions] AS [t]
WHERE [t].[UserId] = @userId
GROUP BY [t].[CategoryId]
2026-09-01 15:56:35.002 +05:30 [INF] Executed DbCommand (4ms) [Parameters=[@userId='?' (Size = 450)], CommandType='"Text"', CommandTimeout='30']
SELECT [c].[CategoryId], [c].[Name], [c].[Icon], [c].[Color], [c].[Type], [c].[IsDefault]
FROM [Categories] AS [c]
WHERE [c].[IsActive] = CAST(1 AS bit) AND ([c].[UserId] = @userId OR [c].[UserId] IS NULL)
ORDER BY [c].[Type], [c].[Name]
2026-09-01 15:56:35.010 +05:30 [INF] Executed DbCommand (7ms) [Parameters=[@userId='?' (Size = 450), @monthStart='?' (DbType = DateTime2), @monthEnd='?' (DbType = DateTime2)], CommandType='"Text"', CommandTimeout='30']
SELECT [t].[CategoryId], COALESCE(SUM([t].[Amount]), 0.0) AS [Total]
FROM [Transactions] AS [t]
WHERE [t].[UserId] = @userId AND [t].[Type] = N'Expense' AND [t].[TransactionDate] >= @monthStart AND [t].[TransactionDate] <= @monthEnd
GROUP BY [t].[CategoryId]
2026-09-01 15:56:35.010 +05:30 [INF] Executing ViewResult, running view Index.
2026-09-01 15:56:35.016 +05:30 [INF] Executed DbCommand (4ms) [Parameters=[@p='?' (Size = 450)], CommandType='"Text"', CommandTimeout='30']
SELECT TOP(1) [a].[Id], [a].[AccessFailedCount], [a].[ConcurrencyStamp], [a].[CreatedDate], [a].[Currency], [a].[DateFormat], [a].[Email], [a].[EmailConfirmed], [a].[FirstName], [a].[LastName], [a].[LockoutEnabled], [a].[LockoutEnd], [a].[NormalizedEmail], [a].[NormalizedUserName], [a].[PasswordHash], [a].[PhoneNumber], [a].[PhoneNumberConfirmed], [a].[SecurityStamp], [a].[Theme], [a].[TwoFactorEnabled], [a].[UserName]
FROM [AspNetUsers] AS [a]
WHERE [a].[Id] = @p
2026-09-01 15:56:35.017 +05:30 [INF] Executed ViewResult - view Index executed in 6.2134ms.
2026-09-01 15:56:35.017 +05:30 [INF] Executed action MyDailyExpenseTracker.Controllers.BudgetController.Index (MyDailyExpenseTracker) in 45.2544ms
2026-09-01 15:56:35.017 +05:30 [INF] Executed endpoint 'MyDailyExpenseTracker.Controllers.BudgetController.Index (MyDailyExpenseTracker)'
2026-09-01 15:56:35.017 +05:30 [INF] Request finished HTTP/1.1 GET http://localhost:5172/Budget - 200 null text/html; charset=utf-8 45.9741ms
2026-09-01 15:56:38.611 +05:30 [INF] Request starting HTTP/1.1 GET http://localhost:5172/PaymentMethods - null null
2026-09-01 15:56:38.611 +05:30 [INF] Executing endpoint 'MyDailyExpenseTracker.Controllers.PaymentMethodsController.Index (MyDailyExpenseTracker)'
2026-09-01 15:56:38.612 +05:30 [INF] Route matched with {action = "Index", controller = "PaymentMethods"}. Executing controller action with signature System.Threading.Tasks.Task`1[Microsoft.AspNetCore.Mvc.IActionResult] Index() on controller MyDailyExpenseTracker.Controllers.PaymentMethodsController (MyDailyExpenseTracker).
2026-09-01 15:56:38.619 +05:30 [INF] Executed DbCommand (7ms) [Parameters=[@userId='?' (Size = 450)], CommandType='"Text"', CommandTimeout='30']
SELECT [t].[PaymentMethodId] AS [MethodId], COUNT(*) AS [Count]
FROM [Transactions] AS [t]
WHERE [t].[UserId] = @userId AND [t].[PaymentMethodId] IS NOT NULL
GROUP BY [t].[PaymentMethodId]
2026-09-01 15:56:38.626 +05:30 [INF] Executed DbCommand (5ms) [Parameters=[@userId='?' (Size = 450)], CommandType='"Text"', CommandTimeout='30']
SELECT [p].[PaymentMethodId], [p].[Name], [p].[Icon], [p].[IsDefault]
FROM [PaymentMethods] AS [p]
WHERE [p].[IsActive] = CAST(1 AS bit) AND ([p].[UserId] = @userId OR [p].[UserId] IS NULL)
ORDER BY [p].[Name]
2026-09-01 15:56:38.626 +05:30 [INF] Executing ViewResult, running view Index.
2026-09-01 15:56:38.631 +05:30 [INF] Executed DbCommand (4ms) [Parameters=[@p='?' (Size = 450)], CommandType='"Text"', CommandTimeout='30']
SELECT TOP(1) [a].[Id], [a].[AccessFailedCount], [a].[ConcurrencyStamp], [a].[CreatedDate], [a].[Currency], [a].[DateFormat], [a].[Email], [a].[EmailConfirmed], [a].[FirstName], [a].[LastName], [a].[LockoutEnabled], [a].[LockoutEnd], [a].[NormalizedEmail], [a].[NormalizedUserName], [a].[PasswordHash], [a].[PhoneNumber], [a].[PhoneNumberConfirmed], [a].[SecurityStamp], [a].[Theme], [a].[TwoFactorEnabled], [a].[UserName]
FROM [AspNetUsers] AS [a]
WHERE [a].[Id] = @p
2026-09-01 15:56:38.632 +05:30 [INF] Executed ViewResult - view Index executed in 6.2175ms.
2026-09-01 15:56:38.632 +05:30 [INF] Executed action MyDailyExpenseTracker.Controllers.PaymentMethodsController.Index (MyDailyExpenseTracker) in 20.7788ms
2026-09-01 15:56:38.632 +05:30 [INF] Executed endpoint 'MyDailyExpenseTracker.Controllers.PaymentMethodsController.Index (MyDailyExpenseTracker)'
2026-09-01 15:56:38.633 +05:30 [INF] Request finished HTTP/1.1 GET http://localhost:5172/PaymentMethods - 200 null text/html; charset=utf-8 21.6368ms
2026-09-01 16:00:30.181 +05:30 [INF] Request starting HTTP/1.1 GET http://localhost:5172/Categories - null null
2026-09-01 16:00:30.202 +05:30 [INF] Executing endpoint 'MyDailyExpenseTracker.Controllers.CategoriesController.Index (MyDailyExpenseTracker)'
2026-09-01 16:00:30.204 +05:30 [INF] Route matched with {action = "Index", controller = "Categories"}. Executing controller action with signature System.Threading.Tasks.Task`1[Microsoft.AspNetCore.Mvc.IActionResult] Index() on controller MyDailyExpenseTracker.Controllers.CategoriesController (MyDailyExpenseTracker).
2026-09-01 16:00:30.283 +05:30 [INF] Executed DbCommand (49ms) [Parameters=[@userId='?' (Size = 450)], CommandType='"Text"', CommandTimeout='30']
SELECT [t].[CategoryId], COUNT(*) AS [Count]
FROM [Transactions] AS [t]
WHERE [t].[UserId] = @userId
GROUP BY [t].[CategoryId]
2026-09-01 16:00:30.297 +05:30 [INF] Executed DbCommand (8ms) [Parameters=[@userId='?' (Size = 450)], CommandType='"Text"', CommandTimeout='30']
SELECT [c].[CategoryId], [c].[Name], [c].[Icon], [c].[Color], [c].[Type], [c].[IsDefault]
FROM [Categories] AS [c]
WHERE [c].[IsActive] = CAST(1 AS bit) AND ([c].[UserId] = @userId OR [c].[UserId] IS NULL)
ORDER BY [c].[Type], [c].[Name]
2026-09-01 16:00:30.298 +05:30 [INF] Executing ViewResult, running view Index.
2026-09-01 16:00:30.318 +05:30 [INF] Executed DbCommand (8ms) [Parameters=[@p='?' (Size = 450)], CommandType='"Text"', CommandTimeout='30']
SELECT TOP(1) [a].[Id], [a].[AccessFailedCount], [a].[ConcurrencyStamp], [a].[CreatedDate], [a].[Currency], [a].[DateFormat], [a].[Email], [a].[EmailConfirmed], [a].[FirstName], [a].[LastName], [a].[LockoutEnabled], [a].[LockoutEnd], [a].[NormalizedEmail], [a].[NormalizedUserName], [a].[PasswordHash], [a].[PhoneNumber], [a].[PhoneNumberConfirmed], [a].[SecurityStamp], [a].[Theme], [a].[TwoFactorEnabled], [a].[UserName]
FROM [AspNetUsers] AS [a]
WHERE [a].[Id] = @p
2026-09-01 16:00:30.324 +05:30 [INF] Executed ViewResult - view Index executed in 26.2738ms.
2026-09-01 16:00:30.324 +05:30 [INF] Executed action MyDailyExpenseTracker.Controllers.CategoriesController.Index (MyDailyExpenseTracker) in 119.4863ms
2026-09-01 16:00:30.324 +05:30 [INF] Executed endpoint 'MyDailyExpenseTracker.Controllers.CategoriesController.Index (MyDailyExpenseTracker)'
2026-09-01 16:00:30.324 +05:30 [INF] Request finished HTTP/1.1 GET http://localhost:5172/Categories - 200 null text/html; charset=utf-8 143.827ms
2026-09-01 16:00:30.366 +05:30 [INF] Request starting HTTP/1.1 GET http://localhost:5172/css/site.css?v=NiGeG3gMIB_gCKU2zoKtFZtN7uOXFbtxucmIzjaA7gU - null null
2026-09-01 16:00:30.371 +05:30 [INF] The file /css/site.css was not modified
2026-09-01 16:00:30.371 +05:30 [INF] Request finished HTTP/1.1 GET http://localhost:5172/css/site.css?v=NiGeG3gMIB_gCKU2zoKtFZtN7uOXFbtxucmIzjaA7gU - 304 null text/css 4.778ms
2026-09-01 16:00:39.842 +05:30 [INF] Request starting HTTP/1.1 GET http://localhost:5172/Transactions - null null
2026-09-01 16:00:39.842 +05:30 [INF] Executing endpoint 'MyDailyExpenseTracker.Controllers.TransactionsController.Index (MyDailyExpenseTracker)'
2026-09-01 16:00:39.842 +05:30 [INF] Route matched with {action = "Index", controller = "Transactions"}. Executing controller action with signature System.Threading.Tasks.Task`1[Microsoft.AspNetCore.Mvc.IActionResult] Index(MyDailyExpenseTracker.ViewModels.TransactionFilterViewModel) on controller MyDailyExpenseTracker.Controllers.TransactionsController (MyDailyExpenseTracker).
2026-09-01 16:00:39.863 +05:30 [INF] Executed DbCommand (6ms) [Parameters=[@userId='?' (Size = 450)], CommandType='"Text"', CommandTimeout='30']
SELECT [t].[Type], [t].[Amount]
FROM [Transactions] AS [t]
WHERE [t].[UserId] = @userId
2026-09-01 16:00:39.895 +05:30 [INF] Executed DbCommand (21ms) [Parameters=[@userId='?' (Size = 450), @p='?' (DbType = Int32), @p2='?' (DbType = Int32)], CommandType='"Text"', CommandTimeout='30']
SELECT [t0].[TransactionId], [t0].[TransactionDate], [t0].[Description], [c].[Name] AS [CategoryName], [c].[Icon] AS [CategoryIcon], [c].[Color] AS [CategoryColor], [t0].[Type], [t0].[Amount], [p].[Name] AS [PaymentMethodName]
FROM (
    SELECT [t].[TransactionId], [t].[Amount], [t].[CategoryId], [t].[CreatedDate], [t].[Description], [t].[PaymentMethodId], [t].[TransactionDate], [t].[Type]
    FROM [Transactions] AS [t]
    WHERE [t].[UserId] = @userId
    ORDER BY [t].[TransactionDate] DESC, [t].[CreatedDate] DESC
    OFFSET @p ROWS FETCH NEXT @p2 ROWS ONLY
) AS [t0]
INNER JOIN [Categories] AS [c] ON [t0].[CategoryId] = [c].[CategoryId]
LEFT JOIN [PaymentMethods] AS [p] ON [t0].[PaymentMethodId] = [p].[PaymentMethodId]
ORDER BY [t0].[TransactionDate] DESC, [t0].[CreatedDate] DESC
2026-09-01 16:00:39.907 +05:30 [INF] Executed DbCommand (10ms) [Parameters=[@userId='?' (Size = 450)], CommandType='"Text"', CommandTimeout='30']
SELECT CONVERT(varchar(11), [c].[CategoryId]) AS [Value], [c].[Name] AS [Text]
FROM [Categories] AS [c]
WHERE [c].[IsActive] = CAST(1 AS bit) AND ([c].[UserId] = @userId OR [c].[UserId] IS NULL)
ORDER BY [c].[Name]
2026-09-01 16:00:39.913 +05:30 [INF] Executed DbCommand (5ms) [Parameters=[@userId='?' (Size = 450)], CommandType='"Text"', CommandTimeout='30']
SELECT CONVERT(varchar(11), [p].[PaymentMethodId]) AS [Value], [p].[Name] AS [Text]
FROM [PaymentMethods] AS [p]
WHERE [p].[IsActive] = CAST(1 AS bit) AND ([p].[UserId] = @userId OR [p].[UserId] IS NULL)
ORDER BY [p].[Name]
2026-09-01 16:00:39.913 +05:30 [INF] Executing ViewResult, running view Index.
2026-09-01 16:00:39.919 +05:30 [INF] Executed DbCommand (4ms) [Parameters=[@p='?' (Size = 450)], CommandType='"Text"', CommandTimeout='30']
SELECT TOP(1) [a].[Id], [a].[AccessFailedCount], [a].[ConcurrencyStamp], [a].[CreatedDate], [a].[Currency], [a].[DateFormat], [a].[Email], [a].[EmailConfirmed], [a].[FirstName], [a].[LastName], [a].[LockoutEnabled], [a].[LockoutEnd], [a].[NormalizedEmail], [a].[NormalizedUserName], [a].[PasswordHash], [a].[PhoneNumber], [a].[PhoneNumberConfirmed], [a].[SecurityStamp], [a].[Theme], [a].[TwoFactorEnabled], [a].[UserName]
FROM [AspNetUsers] AS [a]
WHERE [a].[Id] = @p
2026-09-01 16:00:39.920 +05:30 [INF] Executed ViewResult - view Index executed in 6.5611ms.
2026-09-01 16:00:39.920 +05:30 [INF] Executed action MyDailyExpenseTracker.Controllers.TransactionsController.Index (MyDailyExpenseTracker) in 77.5165ms
2026-09-01 16:00:39.920 +05:30 [INF] Executed endpoint 'MyDailyExpenseTracker.Controllers.TransactionsController.Index (MyDailyExpenseTracker)'
2026-09-01 16:00:39.920 +05:30 [INF] Request finished HTTP/1.1 GET http://localhost:5172/Transactions - 200 null text/html; charset=utf-8 78.3759ms
2026-09-01 16:00:44.065 +05:30 [INF] Request starting HTTP/1.1 GET http://localhost:5172/ - null null
2026-09-01 16:00:44.065 +05:30 [INF] Executing endpoint 'MyDailyExpenseTracker.Controllers.DashboardController.Index (MyDailyExpenseTracker)'
2026-09-01 16:00:44.066 +05:30 [INF] Route matched with {action = "Index", controller = "Dashboard"}. Executing controller action with signature System.Threading.Tasks.Task`1[Microsoft.AspNetCore.Mvc.IActionResult] Index() on controller MyDailyExpenseTracker.Controllers.DashboardController (MyDailyExpenseTracker).
2026-09-01 16:00:44.079 +05:30 [INF] Executed DbCommand (10ms) [Parameters=[@userId='?' (Size = 450), @today='?' (DbType = DateTime2), @today2='?' (DbType = DateTime2)], CommandType='"Text"', CommandTimeout='30']
SELECT [r].[RecurringExpenseId], [r].[Amount], [r].[CategoryId], [r].[CreatedDate], [r].[EndDate], [r].[Frequency], [r].[IsActive], [r].[LastGeneratedDate], [r].[Name], [r].[Notes], [r].[PaymentMethodId], [r].[StartDate], [r].[Type], [r].[UserId]
FROM [RecurringExpenses] AS [r]
WHERE [r].[UserId] = @userId AND [r].[IsActive] = CAST(1 AS bit) AND [r].[StartDate] <= @today AND ([r].[EndDate] IS NULL OR [r].[EndDate] >= @today2)
2026-09-01 16:00:44.103 +05:30 [INF] Executed DbCommand (21ms) [Parameters=[@userId='?' (Size = 450), @today_Month='?' (DbType = Int32), @today_Year='?' (DbType = Int32)], CommandType='"Text"', CommandTimeout='30']
SELECT [b1].[BudgetId], [b1].[CreatedDate], [b1].[Month], [b1].[Notes], [b1].[TotalBudget], [b1].[UpdatedDate], [b1].[UserId], [b1].[Year], [s].[BudgetCategoryId], [s].[Amount], [s].[BudgetId], [s].[CategoryId], [s].[CategoryId0], [s].[Color], [s].[CreatedDate], [s].[Icon], [s].[IsActive], [s].[IsDefault], [s].[Name], [s].[Type], [s].[UserId]
FROM (
    SELECT TOP(1) [b].[BudgetId], [b].[CreatedDate], [b].[Month], [b].[Notes], [b].[TotalBudget], [b].[UpdatedDate], [b].[UserId], [b].[Year]
    FROM [Budgets] AS [b]
    WHERE [b].[UserId] = @userId AND [b].[Month] = @today_Month AND [b].[Year] = @today_Year
) AS [b1]
LEFT JOIN (
    SELECT [b0].[BudgetCategoryId], [b0].[Amount], [b0].[BudgetId], [b0].[CategoryId], [c].[CategoryId] AS [CategoryId0], [c].[Color], [c].[CreatedDate], [c].[Icon], [c].[IsActive], [c].[IsDefault], [c].[Name], [c].[Type], [c].[UserId]
    FROM [BudgetCategories] AS [b0]
    INNER JOIN [Categories] AS [c] ON [b0].[CategoryId] = [c].[CategoryId]
) AS [s] ON [b1].[BudgetId] = [s].[BudgetId]
ORDER BY [b1].[BudgetId], [s].[BudgetCategoryId]
2026-09-01 16:00:44.118 +05:30 [INF] Executed DbCommand (14ms) [Parameters=[@userId='?' (Size = 450), @today='?' (DbType = DateTime2)], CommandType='"Text"', CommandTimeout='30']
SELECT [t].[Type], COALESCE(SUM([t].[Amount]), 0.0) AS [Total]
FROM [Transactions] AS [t]
WHERE [t].[UserId] = @userId AND CONVERT(date, [t].[TransactionDate]) = @today
GROUP BY [t].[Type]
2026-09-01 16:00:44.126 +05:30 [INF] Executed DbCommand (7ms) [Parameters=[@userId='?' (Size = 450), @monthStart='?' (DbType = DateTime2), @today='?' (DbType = DateTime2)], CommandType='"Text"', CommandTimeout='30']
SELECT [t].[Type], COALESCE(SUM([t].[Amount]), 0.0) AS [Total]
FROM [Transactions] AS [t]
WHERE [t].[UserId] = @userId AND [t].[TransactionDate] >= @monthStart AND [t].[TransactionDate] <= @today
GROUP BY [t].[Type]
2026-09-01 16:00:44.135 +05:30 [INF] Executed DbCommand (7ms) [Parameters=[@userId='?' (Size = 450)], CommandType='"Text"', CommandTimeout='30']
SELECT COALESCE(SUM([t].[Amount]), 0.0)
FROM [Transactions] AS [t]
WHERE [t].[UserId] = @userId AND [t].[Type] = N'Income'
2026-09-01 16:00:44.140 +05:30 [INF] Executed DbCommand (4ms) [Parameters=[@userId='?' (Size = 450)], CommandType='"Text"', CommandTimeout='30']
SELECT COALESCE(SUM([t].[Amount]), 0.0)
FROM [Transactions] AS [t]
WHERE [t].[UserId] = @userId AND [t].[Type] = N'Expense'
2026-09-01 16:00:44.144 +05:30 [INF] Executed DbCommand (3ms) [Parameters=[@userId='?' (Size = 450)], CommandType='"Text"', CommandTimeout='30']
SELECT COUNT(*)
FROM [Transactions] AS [t]
WHERE [t].[UserId] = @userId
2026-09-01 16:00:44.151 +05:30 [INF] Executed DbCommand (5ms) [Parameters=[@userId='?' (Size = 450), @prevStart='?' (DbType = DateTime2), @prevEnd='?' (DbType = DateTime2)], CommandType='"Text"', CommandTimeout='30']
SELECT COALESCE(SUM([t].[Amount]), 0.0)
FROM [Transactions] AS [t]
WHERE [t].[UserId] = @userId AND [t].[Type] = N'Expense' AND [t].[TransactionDate] >= @prevStart AND [t].[TransactionDate] <= @prevEnd
2026-09-01 16:00:44.161 +05:30 [INF] Executed DbCommand (9ms) [Parameters=[@p='?' (DbType = Int32), @userId='?' (Size = 450)], CommandType='"Text"', CommandTimeout='30']
SELECT [t0].[TransactionId], [t0].[TransactionDate], [t0].[Description], [c].[Name] AS [CategoryName], [c].[Icon] AS [CategoryIcon], [c].[Color] AS [CategoryColor], [t0].[Type], [t0].[Amount], [p].[Name] AS [PaymentMethodName]
FROM (
    SELECT TOP(@p) [t].[TransactionId], [t].[Amount], [t].[CategoryId], [t].[CreatedDate], [t].[Description], [t].[PaymentMethodId], [t].[TransactionDate], [t].[Type]
    FROM [Transactions] AS [t]
    WHERE [t].[UserId] = @userId
    ORDER BY [t].[TransactionDate] DESC, [t].[CreatedDate] DESC
) AS [t0]
INNER JOIN [Categories] AS [c] ON [t0].[CategoryId] = [c].[CategoryId]
LEFT JOIN [PaymentMethods] AS [p] ON [t0].[PaymentMethodId] = [p].[PaymentMethodId]
ORDER BY [t0].[TransactionDate] DESC, [t0].[CreatedDate] DESC
2026-09-01 16:00:44.178 +05:30 [INF] Executed DbCommand (16ms) [Parameters=[@userId='?' (Size = 450), @sixMonthsAgo='?' (DbType = DateTime2)], CommandType='"Text"', CommandTimeout='30']
SELECT [t0].[Year], [t0].[Month], COALESCE(SUM([t0].[Amount]), 0.0) AS [Total]
FROM (
    SELECT [t].[Amount], DATEPART(year, [t].[TransactionDate]) AS [Year], DATEPART(month, [t].[TransactionDate]) AS [Month]
    FROM [Transactions] AS [t]
    WHERE [t].[UserId] = @userId AND [t].[Type] = N'Expense' AND [t].[TransactionDate] >= @sixMonthsAgo
) AS [t0]
GROUP BY [t0].[Year], [t0].[Month]
2026-09-01 16:00:44.189 +05:30 [INF] Executed DbCommand (10ms) [Parameters=[@userId='?' (Size = 450), @sixMonthsAgo='?' (DbType = DateTime2)], CommandType='"Text"', CommandTimeout='30']
SELECT [t0].[Year], [t0].[Month], [t0].[Type], COALESCE(SUM([t0].[Amount]), 0.0) AS [Total]
FROM (
    SELECT [t].[Amount], [t].[Type], DATEPART(year, [t].[TransactionDate]) AS [Year], DATEPART(month, [t].[TransactionDate]) AS [Month]
    FROM [Transactions] AS [t]
    WHERE [t].[UserId] = @userId AND [t].[TransactionDate] >= @sixMonthsAgo
) AS [t0]
GROUP BY [t0].[Year], [t0].[Month], [t0].[Type]
2026-09-01 16:00:44.207 +05:30 [INF] Executed DbCommand (16ms) [Parameters=[@p='?' (DbType = Int32), @userId='?' (Size = 450), @monthStart='?' (DbType = DateTime2), @today='?' (DbType = DateTime2)], CommandType='"Text"', CommandTimeout='30']
SELECT TOP(@p) [c].[Name] AS [Category], COALESCE(SUM([t].[Amount]), 0.0) AS [Total]
FROM [Transactions] AS [t]
INNER JOIN [Categories] AS [c] ON [t].[CategoryId] = [c].[CategoryId]
WHERE [t].[UserId] = @userId AND [t].[Type] = N'Expense' AND [t].[TransactionDate] >= @monthStart AND [t].[TransactionDate] <= @today
GROUP BY [c].[Name]
ORDER BY COALESCE(SUM([t].[Amount]), 0.0) DESC
2026-09-01 16:00:44.222 +05:30 [INF] Executed DbCommand (14ms) [Parameters=[@userId='?' (Size = 450), @monthStart='?' (DbType = DateTime2), @today='?' (DbType = DateTime2)], CommandType='"Text"', CommandTimeout='30']
SELECT [t0].[Key] AS [Day], COALESCE(SUM([t0].[Amount]), 0.0) AS [Total]
FROM (
    SELECT [t].[Amount], DATEPART(day, [t].[TransactionDate]) AS [Key]
    FROM [Transactions] AS [t]
    WHERE [t].[UserId] = @userId AND [t].[Type] = N'Expense' AND [t].[TransactionDate] >= @monthStart AND [t].[TransactionDate] <= @today
) AS [t0]
GROUP BY [t0].[Key]
2026-09-01 16:00:44.236 +05:30 [INF] Executed DbCommand (13ms) [Parameters=[@userId='?' (Size = 450), @monthStart='?' (DbType = DateTime2), @today='?' (DbType = DateTime2)], CommandType='"Text"', CommandTimeout='30']
SELECT [p].[Name] AS [Method], COALESCE(SUM([t].[Amount]), 0.0) AS [Total]
FROM [Transactions] AS [t]
LEFT JOIN [PaymentMethods] AS [p] ON [t].[PaymentMethodId] = [p].[PaymentMethodId]
WHERE [t].[UserId] = @userId AND [t].[Type] = N'Expense' AND [t].[TransactionDate] >= @monthStart AND [t].[TransactionDate] <= @today AND [t].[PaymentMethodId] IS NOT NULL
GROUP BY [p].[Name]
2026-09-01 16:00:44.242 +05:30 [INF] Executed DbCommand (4ms) [Parameters=[@userId='?' (Size = 450), @today_Month='?' (DbType = Int32), @today_Year='?' (DbType = Int32)], CommandType='"Text"', CommandTimeout='30']
SELECT TOP(1) [b].[BudgetId], [b].[CreatedDate], [b].[Month], [b].[Notes], [b].[TotalBudget], [b].[UpdatedDate], [b].[UserId], [b].[Year]
FROM [Budgets] AS [b]
WHERE [b].[UserId] = @userId AND [b].[Month] = @today_Month AND [b].[Year] = @today_Year
2026-09-01 16:00:44.248 +05:30 [INF] Executed DbCommand (5ms) [Parameters=[@userId='?' (Size = 450)], CommandType='"Text"', CommandTimeout='30']
SELECT COUNT(*)
FROM [Notifications] AS [n]
WHERE [n].[UserId] = @userId AND [n].[IsRead] = CAST(0 AS bit)
2026-09-01 16:00:44.249 +05:30 [INF] Executing ViewResult, running view Index.
2026-09-01 16:00:44.254 +05:30 [INF] Executed DbCommand (4ms) [Parameters=[@p='?' (Size = 450)], CommandType='"Text"', CommandTimeout='30']
SELECT TOP(1) [a].[Id], [a].[AccessFailedCount], [a].[ConcurrencyStamp], [a].[CreatedDate], [a].[Currency], [a].[DateFormat], [a].[Email], [a].[EmailConfirmed], [a].[FirstName], [a].[LastName], [a].[LockoutEnabled], [a].[LockoutEnd], [a].[NormalizedEmail], [a].[NormalizedUserName], [a].[PasswordHash], [a].[PhoneNumber], [a].[PhoneNumberConfirmed], [a].[SecurityStamp], [a].[Theme], [a].[TwoFactorEnabled], [a].[UserName]
FROM [AspNetUsers] AS [a]
WHERE [a].[Id] = @p
2026-09-01 16:00:44.258 +05:30 [INF] Executed ViewResult - view Index executed in 9.1396ms.
2026-09-01 16:00:44.258 +05:30 [INF] Executed action MyDailyExpenseTracker.Controllers.DashboardController.Index (MyDailyExpenseTracker) in 192.3313ms
2026-09-01 16:00:44.258 +05:30 [INF] Executed endpoint 'MyDailyExpenseTracker.Controllers.DashboardController.Index (MyDailyExpenseTracker)'
2026-09-01 16:00:44.258 +05:30 [INF] Request finished HTTP/1.1 GET http://localhost:5172/ - 200 null text/html; charset=utf-8 193.3516ms
2026-09-01 16:01:20.688 +05:30 [INF] Request starting HTTP/1.1 POST http://localhost:5172/Profile/SetTheme - application/x-www-form-urlencoded 10
2026-09-01 16:01:20.688 +05:30 [INF] Executing endpoint 'MyDailyExpenseTracker.Controllers.ProfileController.SetTheme (MyDailyExpenseTracker)'
2026-09-01 16:01:20.688 +05:30 [INF] Route matched with {action = "SetTheme", controller = "Profile"}. Executing controller action with signature System.Threading.Tasks.Task`1[Microsoft.AspNetCore.Mvc.IActionResult] SetTheme(System.String) on controller MyDailyExpenseTracker.Controllers.ProfileController (MyDailyExpenseTracker).
2026-09-01 16:01:20.709 +05:30 [INF] Executed DbCommand (10ms) [Parameters=[@p='?' (Size = 450)], CommandType='"Text"', CommandTimeout='30']
SELECT TOP(1) [a].[Id], [a].[AccessFailedCount], [a].[ConcurrencyStamp], [a].[CreatedDate], [a].[Currency], [a].[DateFormat], [a].[Email], [a].[EmailConfirmed], [a].[FirstName], [a].[LastName], [a].[LockoutEnabled], [a].[LockoutEnd], [a].[NormalizedEmail], [a].[NormalizedUserName], [a].[PasswordHash], [a].[PhoneNumber], [a].[PhoneNumberConfirmed], [a].[SecurityStamp], [a].[Theme], [a].[TwoFactorEnabled], [a].[UserName]
FROM [AspNetUsers] AS [a]
WHERE [a].[Id] = @p
2026-09-01 16:01:20.728 +05:30 [INF] Executed DbCommand (11ms) [Parameters=[@normalizedUserName='?' (Size = 256)], CommandType='"Text"', CommandTimeout='30']
SELECT TOP(1) [a].[Id], [a].[AccessFailedCount], [a].[ConcurrencyStamp], [a].[CreatedDate], [a].[Currency], [a].[DateFormat], [a].[Email], [a].[EmailConfirmed], [a].[FirstName], [a].[LastName], [a].[LockoutEnabled], [a].[LockoutEnd], [a].[NormalizedEmail], [a].[NormalizedUserName], [a].[PasswordHash], [a].[PhoneNumber], [a].[PhoneNumberConfirmed], [a].[SecurityStamp], [a].[Theme], [a].[TwoFactorEnabled], [a].[UserName]
FROM [AspNetUsers] AS [a]
WHERE [a].[NormalizedUserName] = @normalizedUserName
2026-09-01 16:01:20.738 +05:30 [INF] Executed DbCommand (6ms) [Parameters=[@normalizedEmail='?' (Size = 256)], CommandType='"Text"', CommandTimeout='30']
SELECT TOP(2) [a].[Id], [a].[AccessFailedCount], [a].[ConcurrencyStamp], [a].[CreatedDate], [a].[Currency], [a].[DateFormat], [a].[Email], [a].[EmailConfirmed], [a].[FirstName], [a].[LastName], [a].[LockoutEnabled], [a].[LockoutEnd], [a].[NormalizedEmail], [a].[NormalizedUserName], [a].[PasswordHash], [a].[PhoneNumber], [a].[PhoneNumberConfirmed], [a].[SecurityStamp], [a].[Theme], [a].[TwoFactorEnabled], [a].[UserName]
FROM [AspNetUsers] AS [a]
WHERE [a].[NormalizedEmail] = @normalizedEmail
2026-09-01 16:01:20.811 +05:30 [INF] Executed DbCommand (51ms) [Parameters=[@p20='?' (Size = 450), @p0='?' (DbType = Int32), @p1='?' (Size = 4000), @p21='?' (Size = 4000), @p2='?' (DbType = DateTime2), @p3='?' (Size = 10), @p4='?' (Size = 20), @p5='?' (Size = 256), @p6='?' (DbType = Boolean), @p7='?' (Size = 100), @p8='?' (Size = 100), @p9='?' (DbType = Boolean), @p10='?' (DbType = DateTimeOffset), @p11='?' (Size = 256), @p12='?' (Size = 256), @p13='?' (Size = 4000), @p14='?' (Size = 4000), @p15='?' (DbType = Boolean), @p16='?' (Size = 4000), @p17='?' (Size = 10), @p18='?' (DbType = Boolean), @p19='?' (Size = 256)], CommandType='"Text"', CommandTimeout='30']
SET IMPLICIT_TRANSACTIONS OFF;
SET NOCOUNT ON;
UPDATE [AspNetUsers] SET [AccessFailedCount] = @p0, [ConcurrencyStamp] = @p1, [CreatedDate] = @p2, [Currency] = @p3, [DateFormat] = @p4, [Email] = @p5, [EmailConfirmed] = @p6, [FirstName] = @p7, [LastName] = @p8, [LockoutEnabled] = @p9, [LockoutEnd] = @p10, [NormalizedEmail] = @p11, [NormalizedUserName] = @p12, [PasswordHash] = @p13, [PhoneNumber] = @p14, [PhoneNumberConfirmed] = @p15, [SecurityStamp] = @p16, [Theme] = @p17, [TwoFactorEnabled] = @p18, [UserName] = @p19
OUTPUT 1
WHERE [Id] = @p20 AND [ConcurrencyStamp] = @p21;
2026-09-01 16:01:20.817 +05:30 [INF] Executing StatusCodeResult, setting HTTP status code 200
2026-09-01 16:01:20.817 +05:30 [INF] Executed action MyDailyExpenseTracker.Controllers.ProfileController.SetTheme (MyDailyExpenseTracker) in 128.4107ms
2026-09-01 16:01:20.817 +05:30 [INF] Executed endpoint 'MyDailyExpenseTracker.Controllers.ProfileController.SetTheme (MyDailyExpenseTracker)'
2026-09-01 16:01:20.817 +05:30 [INF] Request finished HTTP/1.1 POST http://localhost:5172/Profile/SetTheme - 200 0 null 129.8724ms
2026-09-01 16:01:21.757 +05:30 [INF] Request starting HTTP/1.1 GET http://localhost:5172/Notifications/GetUnread - null null
2026-09-01 16:01:21.757 +05:30 [INF] Executing endpoint 'MyDailyExpenseTracker.Controllers.NotificationsController.GetUnread (MyDailyExpenseTracker)'
2026-09-01 16:01:21.757 +05:30 [INF] Route matched with {action = "GetUnread", controller = "Notifications"}. Executing controller action with signature System.Threading.Tasks.Task`1[Microsoft.AspNetCore.Mvc.IActionResult] GetUnread() on controller MyDailyExpenseTracker.Controllers.NotificationsController (MyDailyExpenseTracker).
2026-09-01 16:01:21.771 +05:30 [INF] Executed DbCommand (12ms) [Parameters=[@p='?' (DbType = Int32), @userId='?' (Size = 450)], CommandType='"Text"', CommandTimeout='30']
SELECT TOP(@p) [n].[NotificationId], [n].[CreatedDate], [n].[IsRead], [n].[Message], [n].[Type], [n].[UserId]
FROM [Notifications] AS [n]
WHERE [n].[UserId] = @userId AND [n].[IsRead] = CAST(0 AS bit)
ORDER BY [n].[CreatedDate] DESC
2026-09-01 16:01:21.774 +05:30 [INF] Executing JsonResult, writing value of type 'System.Linq.Enumerable+ListSelectIterator`2[[MyDailyExpenseTracker.Models.Notification, MyDailyExpenseTracker, Version=1.0.0.0, Culture=neutral, PublicKeyToken=null],[<>f__AnonymousType2`4[[System.Int32, System.Private.CoreLib, Version=10.0.0.0, Culture=neutral, PublicKeyToken=7cec85d7bea7798e],[System.String, System.Private.CoreLib, Version=10.0.0.0, Culture=neutral, PublicKeyToken=7cec85d7bea7798e],[System.String, System.Private.CoreLib, Version=10.0.0.0, Culture=neutral, PublicKeyToken=7cec85d7bea7798e],[System.String, System.Private.CoreLib, Version=10.0.0.0, Culture=neutral, PublicKeyToken=7cec85d7bea7798e]], MyDailyExpenseTracker, Version=1.0.0.0, Culture=neutral, PublicKeyToken=null]]'.
2026-09-01 16:01:21.780 +05:30 [INF] Executed action MyDailyExpenseTracker.Controllers.NotificationsController.GetUnread (MyDailyExpenseTracker) in 22.6781ms
2026-09-01 16:01:21.780 +05:30 [INF] Executed endpoint 'MyDailyExpenseTracker.Controllers.NotificationsController.GetUnread (MyDailyExpenseTracker)'
2026-09-01 16:01:21.780 +05:30 [INF] Request finished HTTP/1.1 GET http://localhost:5172/Notifications/GetUnread - 200 null application/json; charset=utf-8 23.6232ms
2026-09-01 16:01:22.868 +05:30 [INF] Request starting HTTP/1.1 GET http://localhost:5172/Notifications/GetUnread - null null
2026-09-01 16:01:22.868 +05:30 [INF] Executing endpoint 'MyDailyExpenseTracker.Controllers.NotificationsController.GetUnread (MyDailyExpenseTracker)'
2026-09-01 16:01:22.868 +05:30 [INF] Route matched with {action = "GetUnread", controller = "Notifications"}. Executing controller action with signature System.Threading.Tasks.Task`1[Microsoft.AspNetCore.Mvc.IActionResult] GetUnread() on controller MyDailyExpenseTracker.Controllers.NotificationsController (MyDailyExpenseTracker).
2026-09-01 16:01:22.873 +05:30 [INF] Executed DbCommand (4ms) [Parameters=[@p='?' (DbType = Int32), @userId='?' (Size = 450)], CommandType='"Text"', CommandTimeout='30']
SELECT TOP(@p) [n].[NotificationId], [n].[CreatedDate], [n].[IsRead], [n].[Message], [n].[Type], [n].[UserId]
FROM [Notifications] AS [n]
WHERE [n].[UserId] = @userId AND [n].[IsRead] = CAST(0 AS bit)
ORDER BY [n].[CreatedDate] DESC
2026-09-01 16:01:22.873 +05:30 [INF] Executing JsonResult, writing value of type 'System.Linq.Enumerable+ListSelectIterator`2[[MyDailyExpenseTracker.Models.Notification, MyDailyExpenseTracker, Version=1.0.0.0, Culture=neutral, PublicKeyToken=null],[<>f__AnonymousType2`4[[System.Int32, System.Private.CoreLib, Version=10.0.0.0, Culture=neutral, PublicKeyToken=7cec85d7bea7798e],[System.String, System.Private.CoreLib, Version=10.0.0.0, Culture=neutral, PublicKeyToken=7cec85d7bea7798e],[System.String, System.Private.CoreLib, Version=10.0.0.0, Culture=neutral, PublicKeyToken=7cec85d7bea7798e],[System.String, System.Private.CoreLib, Version=10.0.0.0, Culture=neutral, PublicKeyToken=7cec85d7bea7798e]], MyDailyExpenseTracker, Version=1.0.0.0, Culture=neutral, PublicKeyToken=null]]'.
2026-09-01 16:01:22.874 +05:30 [INF] Executed action MyDailyExpenseTracker.Controllers.NotificationsController.GetUnread (MyDailyExpenseTracker) in 5.3803ms
2026-09-01 16:01:22.874 +05:30 [INF] Executed endpoint 'MyDailyExpenseTracker.Controllers.NotificationsController.GetUnread (MyDailyExpenseTracker)'
2026-09-01 16:01:22.874 +05:30 [INF] Request finished HTTP/1.1 GET http://localhost:5172/Notifications/GetUnread - 200 null application/json; charset=utf-8 6.2538ms
2026-09-01 16:01:23.283 +05:30 [INF] Request starting HTTP/1.1 GET http://localhost:5172/Notifications/GetUnread - null null
2026-09-01 16:01:23.283 +05:30 [INF] Executing endpoint 'MyDailyExpenseTracker.Controllers.NotificationsController.GetUnread (MyDailyExpenseTracker)'
2026-09-01 16:01:23.284 +05:30 [INF] Route matched with {action = "GetUnread", controller = "Notifications"}. Executing controller action with signature System.Threading.Tasks.Task`1[Microsoft.AspNetCore.Mvc.IActionResult] GetUnread() on controller MyDailyExpenseTracker.Controllers.NotificationsController (MyDailyExpenseTracker).
2026-09-01 16:01:23.291 +05:30 [INF] Executed DbCommand (7ms) [Parameters=[@p='?' (DbType = Int32), @userId='?' (Size = 450)], CommandType='"Text"', CommandTimeout='30']
SELECT TOP(@p) [n].[NotificationId], [n].[CreatedDate], [n].[IsRead], [n].[Message], [n].[Type], [n].[UserId]
FROM [Notifications] AS [n]
WHERE [n].[UserId] = @userId AND [n].[IsRead] = CAST(0 AS bit)
ORDER BY [n].[CreatedDate] DESC
2026-09-01 16:01:23.292 +05:30 [INF] Executing JsonResult, writing value of type 'System.Linq.Enumerable+ListSelectIterator`2[[MyDailyExpenseTracker.Models.Notification, MyDailyExpenseTracker, Version=1.0.0.0, Culture=neutral, PublicKeyToken=null],[<>f__AnonymousType2`4[[System.Int32, System.Private.CoreLib, Version=10.0.0.0, Culture=neutral, PublicKeyToken=7cec85d7bea7798e],[System.String, System.Private.CoreLib, Version=10.0.0.0, Culture=neutral, PublicKeyToken=7cec85d7bea7798e],[System.String, System.Private.CoreLib, Version=10.0.0.0, Culture=neutral, PublicKeyToken=7cec85d7bea7798e],[System.String, System.Private.CoreLib, Version=10.0.0.0, Culture=neutral, PublicKeyToken=7cec85d7bea7798e]], MyDailyExpenseTracker, Version=1.0.0.0, Culture=neutral, PublicKeyToken=null]]'.
2026-09-01 16:01:23.292 +05:30 [INF] Executed action MyDailyExpenseTracker.Controllers.NotificationsController.GetUnread (MyDailyExpenseTracker) in 8.2429ms
2026-09-01 16:01:23.292 +05:30 [INF] Executed endpoint 'MyDailyExpenseTracker.Controllers.NotificationsController.GetUnread (MyDailyExpenseTracker)'
2026-09-01 16:01:23.292 +05:30 [INF] Request finished HTTP/1.1 GET http://localhost:5172/Notifications/GetUnread - 200 null application/json; charset=utf-8 9.0071ms
2026-09-01 16:01:24.265 +05:30 [INF] Request starting HTTP/1.1 GET http://localhost:5172/Notifications/GetUnread - null null
2026-09-01 16:01:24.265 +05:30 [INF] Executing endpoint 'MyDailyExpenseTracker.Controllers.NotificationsController.GetUnread (MyDailyExpenseTracker)'
2026-09-01 16:01:24.265 +05:30 [INF] Route matched with {action = "GetUnread", controller = "Notifications"}. Executing controller action with signature System.Threading.Tasks.Task`1[Microsoft.AspNetCore.Mvc.IActionResult] GetUnread() on controller MyDailyExpenseTracker.Controllers.NotificationsController (MyDailyExpenseTracker).
2026-09-01 16:01:24.270 +05:30 [INF] Executed DbCommand (4ms) [Parameters=[@p='?' (DbType = Int32), @userId='?' (Size = 450)], CommandType='"Text"', CommandTimeout='30']
SELECT TOP(@p) [n].[NotificationId], [n].[CreatedDate], [n].[IsRead], [n].[Message], [n].[Type], [n].[UserId]
FROM [Notifications] AS [n]
WHERE [n].[UserId] = @userId AND [n].[IsRead] = CAST(0 AS bit)
ORDER BY [n].[CreatedDate] DESC
2026-09-01 16:01:24.270 +05:30 [INF] Executing JsonResult, writing value of type 'System.Linq.Enumerable+ListSelectIterator`2[[MyDailyExpenseTracker.Models.Notification, MyDailyExpenseTracker, Version=1.0.0.0, Culture=neutral, PublicKeyToken=null],[<>f__AnonymousType2`4[[System.Int32, System.Private.CoreLib, Version=10.0.0.0, Culture=neutral, PublicKeyToken=7cec85d7bea7798e],[System.String, System.Private.CoreLib, Version=10.0.0.0, Culture=neutral, PublicKeyToken=7cec85d7bea7798e],[System.String, System.Private.CoreLib, Version=10.0.0.0, Culture=neutral, PublicKeyToken=7cec85d7bea7798e],[System.String, System.Private.CoreLib, Version=10.0.0.0, Culture=neutral, PublicKeyToken=7cec85d7bea7798e]], MyDailyExpenseTracker, Version=1.0.0.0, Culture=neutral, PublicKeyToken=null]]'.
2026-09-01 16:01:24.270 +05:30 [INF] Executed action MyDailyExpenseTracker.Controllers.NotificationsController.GetUnread (MyDailyExpenseTracker) in 5.2816ms
2026-09-01 16:01:24.271 +05:30 [INF] Executed endpoint 'MyDailyExpenseTracker.Controllers.NotificationsController.GetUnread (MyDailyExpenseTracker)'
2026-09-01 16:01:24.271 +05:30 [INF] Request finished HTTP/1.1 GET http://localhost:5172/Notifications/GetUnread - 200 null application/json; charset=utf-8 6.0233ms
2026-09-01 16:01:24.875 +05:30 [INF] Request starting HTTP/1.1 GET http://localhost:5172/Notifications/GetUnread - null null
2026-09-01 16:01:24.875 +05:30 [INF] Executing endpoint 'MyDailyExpenseTracker.Controllers.NotificationsController.GetUnread (MyDailyExpenseTracker)'
2026-09-01 16:01:24.875 +05:30 [INF] Route matched with {action = "GetUnread", controller = "Notifications"}. Executing controller action with signature System.Threading.Tasks.Task`1[Microsoft.AspNetCore.Mvc.IActionResult] GetUnread() on controller MyDailyExpenseTracker.Controllers.NotificationsController (MyDailyExpenseTracker).
2026-09-01 16:01:24.883 +05:30 [INF] Executed DbCommand (6ms) [Parameters=[@p='?' (DbType = Int32), @userId='?' (Size = 450)], CommandType='"Text"', CommandTimeout='30']
SELECT TOP(@p) [n].[NotificationId], [n].[CreatedDate], [n].[IsRead], [n].[Message], [n].[Type], [n].[UserId]
FROM [Notifications] AS [n]
WHERE [n].[UserId] = @userId AND [n].[IsRead] = CAST(0 AS bit)
ORDER BY [n].[CreatedDate] DESC
2026-09-01 16:01:24.884 +05:30 [INF] Executing JsonResult, writing value of type 'System.Linq.Enumerable+ListSelectIterator`2[[MyDailyExpenseTracker.Models.Notification, MyDailyExpenseTracker, Version=1.0.0.0, Culture=neutral, PublicKeyToken=null],[<>f__AnonymousType2`4[[System.Int32, System.Private.CoreLib, Version=10.0.0.0, Culture=neutral, PublicKeyToken=7cec85d7bea7798e],[System.String, System.Private.CoreLib, Version=10.0.0.0, Culture=neutral, PublicKeyToken=7cec85d7bea7798e],[System.String, System.Private.CoreLib, Version=10.0.0.0, Culture=neutral, PublicKeyToken=7cec85d7bea7798e],[System.String, System.Private.CoreLib, Version=10.0.0.0, Culture=neutral, PublicKeyToken=7cec85d7bea7798e]], MyDailyExpenseTracker, Version=1.0.0.0, Culture=neutral, PublicKeyToken=null]]'.
2026-09-01 16:01:24.884 +05:30 [INF] Executed action MyDailyExpenseTracker.Controllers.NotificationsController.GetUnread (MyDailyExpenseTracker) in 8.848ms
2026-09-01 16:01:24.884 +05:30 [INF] Executed endpoint 'MyDailyExpenseTracker.Controllers.NotificationsController.GetUnread (MyDailyExpenseTracker)'
2026-09-01 16:01:24.884 +05:30 [INF] Request finished HTTP/1.1 GET http://localhost:5172/Notifications/GetUnread - 200 null application/json; charset=utf-8 9.5752ms
2026-09-01 16:01:25.428 +05:30 [INF] Request starting HTTP/1.1 GET http://localhost:5172/Notifications/GetUnread - null null
2026-09-01 16:01:25.428 +05:30 [INF] Executing endpoint 'MyDailyExpenseTracker.Controllers.NotificationsController.GetUnread (MyDailyExpenseTracker)'
2026-09-01 16:01:25.428 +05:30 [INF] Route matched with {action = "GetUnread", controller = "Notifications"}. Executing controller action with signature System.Threading.Tasks.Task`1[Microsoft.AspNetCore.Mvc.IActionResult] GetUnread() on controller MyDailyExpenseTracker.Controllers.NotificationsController (MyDailyExpenseTracker).
2026-09-01 16:01:25.435 +05:30 [INF] Executed DbCommand (6ms) [Parameters=[@p='?' (DbType = Int32), @userId='?' (Size = 450)], CommandType='"Text"', CommandTimeout='30']
SELECT TOP(@p) [n].[NotificationId], [n].[CreatedDate], [n].[IsRead], [n].[Message], [n].[Type], [n].[UserId]
FROM [Notifications] AS [n]
WHERE [n].[UserId] = @userId AND [n].[IsRead] = CAST(0 AS bit)
ORDER BY [n].[CreatedDate] DESC
2026-09-01 16:01:25.436 +05:30 [INF] Executing JsonResult, writing value of type 'System.Linq.Enumerable+ListSelectIterator`2[[MyDailyExpenseTracker.Models.Notification, MyDailyExpenseTracker, Version=1.0.0.0, Culture=neutral, PublicKeyToken=null],[<>f__AnonymousType2`4[[System.Int32, System.Private.CoreLib, Version=10.0.0.0, Culture=neutral, PublicKeyToken=7cec85d7bea7798e],[System.String, System.Private.CoreLib, Version=10.0.0.0, Culture=neutral, PublicKeyToken=7cec85d7bea7798e],[System.String, System.Private.CoreLib, Version=10.0.0.0, Culture=neutral, PublicKeyToken=7cec85d7bea7798e],[System.String, System.Private.CoreLib, Version=10.0.0.0, Culture=neutral, PublicKeyToken=7cec85d7bea7798e]], MyDailyExpenseTracker, Version=1.0.0.0, Culture=neutral, PublicKeyToken=null]]'.
2026-09-01 16:01:25.436 +05:30 [INF] Executed action MyDailyExpenseTracker.Controllers.NotificationsController.GetUnread (MyDailyExpenseTracker) in 7.5779ms
2026-09-01 16:01:25.436 +05:30 [INF] Executed endpoint 'MyDailyExpenseTracker.Controllers.NotificationsController.GetUnread (MyDailyExpenseTracker)'
2026-09-01 16:01:25.436 +05:30 [INF] Request finished HTTP/1.1 GET http://localhost:5172/Notifications/GetUnread - 200 null application/json; charset=utf-8 8.5584ms
2026-09-01 16:01:43.613 +05:30 [INF] Request starting HTTP/1.1 GET http://localhost:5172/Budget - null null
2026-09-01 16:01:43.614 +05:30 [INF] Executing endpoint 'MyDailyExpenseTracker.Controllers.BudgetController.Index (MyDailyExpenseTracker)'
2026-09-01 16:01:43.614 +05:30 [INF] Route matched with {action = "Index", controller = "Budget"}. Executing controller action with signature System.Threading.Tasks.Task`1[Microsoft.AspNetCore.Mvc.IActionResult] Index(Int32, Int32) on controller MyDailyExpenseTracker.Controllers.BudgetController (MyDailyExpenseTracker).
2026-09-01 16:01:43.628 +05:30 [INF] Executed DbCommand (13ms) [Parameters=[@userId='?' (Size = 450), @month='?' (DbType = Int32), @year='?' (DbType = Int32)], CommandType='"Text"', CommandTimeout='30']
SELECT [b1].[BudgetId], [b1].[CreatedDate], [b1].[Month], [b1].[Notes], [b1].[TotalBudget], [b1].[UpdatedDate], [b1].[UserId], [b1].[Year], [s].[BudgetCategoryId], [s].[Amount], [s].[BudgetId], [s].[CategoryId], [s].[CategoryId0], [s].[Color], [s].[CreatedDate], [s].[Icon], [s].[IsActive], [s].[IsDefault], [s].[Name], [s].[Type], [s].[UserId]
FROM (
    SELECT TOP(1) [b].[BudgetId], [b].[CreatedDate], [b].[Month], [b].[Notes], [b].[TotalBudget], [b].[UpdatedDate], [b].[UserId], [b].[Year]
    FROM [Budgets] AS [b]
    WHERE [b].[UserId] = @userId AND [b].[Month] = @month AND [b].[Year] = @year
) AS [b1]
LEFT JOIN (
    SELECT [b0].[BudgetCategoryId], [b0].[Amount], [b0].[BudgetId], [b0].[CategoryId], [c].[CategoryId] AS [CategoryId0], [c].[Color], [c].[CreatedDate], [c].[Icon], [c].[IsActive], [c].[IsDefault], [c].[Name], [c].[Type], [c].[UserId]
    FROM [BudgetCategories] AS [b0]
    INNER JOIN [Categories] AS [c] ON [b0].[CategoryId] = [c].[CategoryId]
) AS [s] ON [b1].[BudgetId] = [s].[BudgetId]
ORDER BY [b1].[BudgetId], [s].[BudgetCategoryId]
2026-09-01 16:01:43.636 +05:30 [INF] Executed DbCommand (7ms) [Parameters=[@userId='?' (Size = 450)], CommandType='"Text"', CommandTimeout='30']
SELECT [t].[CategoryId], COUNT(*) AS [Count]
FROM [Transactions] AS [t]
WHERE [t].[UserId] = @userId
GROUP BY [t].[CategoryId]
2026-09-01 16:01:43.643 +05:30 [INF] Executed DbCommand (6ms) [Parameters=[@userId='?' (Size = 450)], CommandType='"Text"', CommandTimeout='30']
SELECT [c].[CategoryId], [c].[Name], [c].[Icon], [c].[Color], [c].[Type], [c].[IsDefault]
FROM [Categories] AS [c]
WHERE [c].[IsActive] = CAST(1 AS bit) AND ([c].[UserId] = @userId OR [c].[UserId] IS NULL)
ORDER BY [c].[Type], [c].[Name]
2026-09-01 16:01:43.652 +05:30 [INF] Executed DbCommand (8ms) [Parameters=[@userId='?' (Size = 450), @monthStart='?' (DbType = DateTime2), @monthEnd='?' (DbType = DateTime2)], CommandType='"Text"', CommandTimeout='30']
SELECT [t].[CategoryId], COALESCE(SUM([t].[Amount]), 0.0) AS [Total]
FROM [Transactions] AS [t]
WHERE [t].[UserId] = @userId AND [t].[Type] = N'Expense' AND [t].[TransactionDate] >= @monthStart AND [t].[TransactionDate] <= @monthEnd
GROUP BY [t].[CategoryId]
2026-09-01 16:01:43.655 +05:30 [INF] Executing ViewResult, running view Index.
2026-09-01 16:01:43.667 +05:30 [INF] Executed DbCommand (4ms) [Parameters=[@p='?' (Size = 450)], CommandType='"Text"', CommandTimeout='30']
SELECT TOP(1) [a].[Id], [a].[AccessFailedCount], [a].[ConcurrencyStamp], [a].[CreatedDate], [a].[Currency], [a].[DateFormat], [a].[Email], [a].[EmailConfirmed], [a].[FirstName], [a].[LastName], [a].[LockoutEnabled], [a].[LockoutEnd], [a].[NormalizedEmail], [a].[NormalizedUserName], [a].[PasswordHash], [a].[PhoneNumber], [a].[PhoneNumberConfirmed], [a].[SecurityStamp], [a].[Theme], [a].[TwoFactorEnabled], [a].[UserName]
FROM [AspNetUsers] AS [a]
WHERE [a].[Id] = @p
2026-09-01 16:01:43.668 +05:30 [INF] Executed ViewResult - view Index executed in 13.0384ms.
2026-09-01 16:01:43.668 +05:30 [INF] Executed action MyDailyExpenseTracker.Controllers.BudgetController.Index (MyDailyExpenseTracker) in 54.4517ms
2026-09-01 16:01:43.668 +05:30 [INF] Executed endpoint 'MyDailyExpenseTracker.Controllers.BudgetController.Index (MyDailyExpenseTracker)'
2026-09-01 16:01:43.668 +05:30 [INF] Request finished HTTP/1.1 GET http://localhost:5172/Budget - 200 null text/html; charset=utf-8 55.4165ms
2026-09-01 16:01:43.731 +05:30 [INF] Request starting HTTP/1.1 GET http://localhost:5172/css/site.css?v=NiGeG3gMIB_gCKU2zoKtFZtN7uOXFbtxucmIzjaA7gU - null null
2026-09-01 16:01:43.732 +05:30 [INF] The file /css/site.css was not modified
2026-09-01 16:01:43.732 +05:30 [INF] Request finished HTTP/1.1 GET http://localhost:5172/css/site.css?v=NiGeG3gMIB_gCKU2zoKtFZtN7uOXFbtxucmIzjaA7gU - 304 null text/css 0.6992ms
2026-09-01 16:02:05.132 +05:30 [INF] Request starting HTTP/1.1 GET http://localhost:5172/ - null null
2026-09-01 16:02:05.133 +05:30 [INF] Executing endpoint 'MyDailyExpenseTracker.Controllers.DashboardController.Index (MyDailyExpenseTracker)'
2026-09-01 16:02:05.133 +05:30 [INF] Route matched with {action = "Index", controller = "Dashboard"}. Executing controller action with signature System.Threading.Tasks.Task`1[Microsoft.AspNetCore.Mvc.IActionResult] Index() on controller MyDailyExpenseTracker.Controllers.DashboardController (MyDailyExpenseTracker).
2026-09-01 16:02:05.138 +05:30 [INF] Executed DbCommand (4ms) [Parameters=[@userId='?' (Size = 450), @today='?' (DbType = DateTime2), @today2='?' (DbType = DateTime2)], CommandType='"Text"', CommandTimeout='30']
SELECT [r].[RecurringExpenseId], [r].[Amount], [r].[CategoryId], [r].[CreatedDate], [r].[EndDate], [r].[Frequency], [r].[IsActive], [r].[LastGeneratedDate], [r].[Name], [r].[Notes], [r].[PaymentMethodId], [r].[StartDate], [r].[Type], [r].[UserId]
FROM [RecurringExpenses] AS [r]
WHERE [r].[UserId] = @userId AND [r].[IsActive] = CAST(1 AS bit) AND [r].[StartDate] <= @today AND ([r].[EndDate] IS NULL OR [r].[EndDate] >= @today2)
2026-09-01 16:02:05.151 +05:30 [INF] Executed DbCommand (12ms) [Parameters=[@userId='?' (Size = 450), @today_Month='?' (DbType = Int32), @today_Year='?' (DbType = Int32)], CommandType='"Text"', CommandTimeout='30']
SELECT [b1].[BudgetId], [b1].[CreatedDate], [b1].[Month], [b1].[Notes], [b1].[TotalBudget], [b1].[UpdatedDate], [b1].[UserId], [b1].[Year], [s].[BudgetCategoryId], [s].[Amount], [s].[BudgetId], [s].[CategoryId], [s].[CategoryId0], [s].[Color], [s].[CreatedDate], [s].[Icon], [s].[IsActive], [s].[IsDefault], [s].[Name], [s].[Type], [s].[UserId]
FROM (
    SELECT TOP(1) [b].[BudgetId], [b].[CreatedDate], [b].[Month], [b].[Notes], [b].[TotalBudget], [b].[UpdatedDate], [b].[UserId], [b].[Year]
    FROM [Budgets] AS [b]
    WHERE [b].[UserId] = @userId AND [b].[Month] = @today_Month AND [b].[Year] = @today_Year
) AS [b1]
LEFT JOIN (
    SELECT [b0].[BudgetCategoryId], [b0].[Amount], [b0].[BudgetId], [b0].[CategoryId], [c].[CategoryId] AS [CategoryId0], [c].[Color], [c].[CreatedDate], [c].[Icon], [c].[IsActive], [c].[IsDefault], [c].[Name], [c].[Type], [c].[UserId]
    FROM [BudgetCategories] AS [b0]
    INNER JOIN [Categories] AS [c] ON [b0].[CategoryId] = [c].[CategoryId]
) AS [s] ON [b1].[BudgetId] = [s].[BudgetId]
ORDER BY [b1].[BudgetId], [s].[BudgetCategoryId]
2026-09-01 16:02:05.160 +05:30 [INF] Executed DbCommand (7ms) [Parameters=[@userId='?' (Size = 450), @today='?' (DbType = DateTime2)], CommandType='"Text"', CommandTimeout='30']
SELECT [t].[Type], COALESCE(SUM([t].[Amount]), 0.0) AS [Total]
FROM [Transactions] AS [t]
WHERE [t].[UserId] = @userId AND CONVERT(date, [t].[TransactionDate]) = @today
GROUP BY [t].[Type]
2026-09-01 16:02:05.169 +05:30 [INF] Executed DbCommand (7ms) [Parameters=[@userId='?' (Size = 450), @monthStart='?' (DbType = DateTime2), @today='?' (DbType = DateTime2)], CommandType='"Text"', CommandTimeout='30']
SELECT [t].[Type], COALESCE(SUM([t].[Amount]), 0.0) AS [Total]
FROM [Transactions] AS [t]
WHERE [t].[UserId] = @userId AND [t].[TransactionDate] >= @monthStart AND [t].[TransactionDate] <= @today
GROUP BY [t].[Type]
2026-09-01 16:02:05.176 +05:30 [INF] Executed DbCommand (6ms) [Parameters=[@userId='?' (Size = 450)], CommandType='"Text"', CommandTimeout='30']
SELECT COALESCE(SUM([t].[Amount]), 0.0)
FROM [Transactions] AS [t]
WHERE [t].[UserId] = @userId AND [t].[Type] = N'Income'
2026-09-01 16:02:05.182 +05:30 [INF] Executed DbCommand (6ms) [Parameters=[@userId='?' (Size = 450)], CommandType='"Text"', CommandTimeout='30']
SELECT COALESCE(SUM([t].[Amount]), 0.0)
FROM [Transactions] AS [t]
WHERE [t].[UserId] = @userId AND [t].[Type] = N'Expense'
2026-09-01 16:02:05.185 +05:30 [INF] Executed DbCommand (2ms) [Parameters=[@userId='?' (Size = 450)], CommandType='"Text"', CommandTimeout='30']
SELECT COUNT(*)
FROM [Transactions] AS [t]
WHERE [t].[UserId] = @userId
2026-09-01 16:02:05.191 +05:30 [INF] Executed DbCommand (6ms) [Parameters=[@userId='?' (Size = 450), @prevStart='?' (DbType = DateTime2), @prevEnd='?' (DbType = DateTime2)], CommandType='"Text"', CommandTimeout='30']
SELECT COALESCE(SUM([t].[Amount]), 0.0)
FROM [Transactions] AS [t]
WHERE [t].[UserId] = @userId AND [t].[Type] = N'Expense' AND [t].[TransactionDate] >= @prevStart AND [t].[TransactionDate] <= @prevEnd
2026-09-01 16:02:05.200 +05:30 [INF] Executed DbCommand (8ms) [Parameters=[@p='?' (DbType = Int32), @userId='?' (Size = 450)], CommandType='"Text"', CommandTimeout='30']
SELECT [t0].[TransactionId], [t0].[TransactionDate], [t0].[Description], [c].[Name] AS [CategoryName], [c].[Icon] AS [CategoryIcon], [c].[Color] AS [CategoryColor], [t0].[Type], [t0].[Amount], [p].[Name] AS [PaymentMethodName]
FROM (
    SELECT TOP(@p) [t].[TransactionId], [t].[Amount], [t].[CategoryId], [t].[CreatedDate], [t].[Description], [t].[PaymentMethodId], [t].[TransactionDate], [t].[Type]
    FROM [Transactions] AS [t]
    WHERE [t].[UserId] = @userId
    ORDER BY [t].[TransactionDate] DESC, [t].[CreatedDate] DESC
) AS [t0]
INNER JOIN [Categories] AS [c] ON [t0].[CategoryId] = [c].[CategoryId]
LEFT JOIN [PaymentMethods] AS [p] ON [t0].[PaymentMethodId] = [p].[PaymentMethodId]
ORDER BY [t0].[TransactionDate] DESC, [t0].[CreatedDate] DESC
2026-09-01 16:02:05.210 +05:30 [INF] Executed DbCommand (9ms) [Parameters=[@userId='?' (Size = 450), @sixMonthsAgo='?' (DbType = DateTime2)], CommandType='"Text"', CommandTimeout='30']
SELECT [t0].[Year], [t0].[Month], COALESCE(SUM([t0].[Amount]), 0.0) AS [Total]
FROM (
    SELECT [t].[Amount], DATEPART(year, [t].[TransactionDate]) AS [Year], DATEPART(month, [t].[TransactionDate]) AS [Month]
    FROM [Transactions] AS [t]
    WHERE [t].[UserId] = @userId AND [t].[Type] = N'Expense' AND [t].[TransactionDate] >= @sixMonthsAgo
) AS [t0]
GROUP BY [t0].[Year], [t0].[Month]
2026-09-01 16:02:05.219 +05:30 [INF] Executed DbCommand (8ms) [Parameters=[@userId='?' (Size = 450), @sixMonthsAgo='?' (DbType = DateTime2)], CommandType='"Text"', CommandTimeout='30']
SELECT [t0].[Year], [t0].[Month], [t0].[Type], COALESCE(SUM([t0].[Amount]), 0.0) AS [Total]
FROM (
    SELECT [t].[Amount], [t].[Type], DATEPART(year, [t].[TransactionDate]) AS [Year], DATEPART(month, [t].[TransactionDate]) AS [Month]
    FROM [Transactions] AS [t]
    WHERE [t].[UserId] = @userId AND [t].[TransactionDate] >= @sixMonthsAgo
) AS [t0]
GROUP BY [t0].[Year], [t0].[Month], [t0].[Type]
2026-09-01 16:02:05.230 +05:30 [INF] Executed DbCommand (10ms) [Parameters=[@p='?' (DbType = Int32), @userId='?' (Size = 450), @monthStart='?' (DbType = DateTime2), @today='?' (DbType = DateTime2)], CommandType='"Text"', CommandTimeout='30']
SELECT TOP(@p) [c].[Name] AS [Category], COALESCE(SUM([t].[Amount]), 0.0) AS [Total]
FROM [Transactions] AS [t]
INNER JOIN [Categories] AS [c] ON [t].[CategoryId] = [c].[CategoryId]
WHERE [t].[UserId] = @userId AND [t].[Type] = N'Expense' AND [t].[TransactionDate] >= @monthStart AND [t].[TransactionDate] <= @today
GROUP BY [c].[Name]
ORDER BY COALESCE(SUM([t].[Amount]), 0.0) DESC
2026-09-01 16:02:05.240 +05:30 [INF] Executed DbCommand (9ms) [Parameters=[@userId='?' (Size = 450), @monthStart='?' (DbType = DateTime2), @today='?' (DbType = DateTime2)], CommandType='"Text"', CommandTimeout='30']
SELECT [t0].[Key] AS [Day], COALESCE(SUM([t0].[Amount]), 0.0) AS [Total]
FROM (
    SELECT [t].[Amount], DATEPART(day, [t].[TransactionDate]) AS [Key]
    FROM [Transactions] AS [t]
    WHERE [t].[UserId] = @userId AND [t].[Type] = N'Expense' AND [t].[TransactionDate] >= @monthStart AND [t].[TransactionDate] <= @today
) AS [t0]
GROUP BY [t0].[Key]
2026-09-01 16:02:05.250 +05:30 [INF] Executed DbCommand (10ms) [Parameters=[@userId='?' (Size = 450), @monthStart='?' (DbType = DateTime2), @today='?' (DbType = DateTime2)], CommandType='"Text"', CommandTimeout='30']
SELECT [p].[Name] AS [Method], COALESCE(SUM([t].[Amount]), 0.0) AS [Total]
FROM [Transactions] AS [t]
LEFT JOIN [PaymentMethods] AS [p] ON [t].[PaymentMethodId] = [p].[PaymentMethodId]
WHERE [t].[UserId] = @userId AND [t].[Type] = N'Expense' AND [t].[TransactionDate] >= @monthStart AND [t].[TransactionDate] <= @today AND [t].[PaymentMethodId] IS NOT NULL
GROUP BY [p].[Name]
2026-09-01 16:02:05.255 +05:30 [INF] Executed DbCommand (4ms) [Parameters=[@userId='?' (Size = 450), @today_Month='?' (DbType = Int32), @today_Year='?' (DbType = Int32)], CommandType='"Text"', CommandTimeout='30']
SELECT TOP(1) [b].[BudgetId], [b].[CreatedDate], [b].[Month], [b].[Notes], [b].[TotalBudget], [b].[UpdatedDate], [b].[UserId], [b].[Year]
FROM [Budgets] AS [b]
WHERE [b].[UserId] = @userId AND [b].[Month] = @today_Month AND [b].[Year] = @today_Year
2026-09-01 16:02:05.259 +05:30 [INF] Executed DbCommand (4ms) [Parameters=[@userId='?' (Size = 450)], CommandType='"Text"', CommandTimeout='30']
SELECT COUNT(*)
FROM [Notifications] AS [n]
WHERE [n].[UserId] = @userId AND [n].[IsRead] = CAST(0 AS bit)
2026-09-01 16:02:05.259 +05:30 [INF] Executing ViewResult, running view Index.
2026-09-01 16:02:05.264 +05:30 [INF] Executed DbCommand (4ms) [Parameters=[@p='?' (Size = 450)], CommandType='"Text"', CommandTimeout='30']
SELECT TOP(1) [a].[Id], [a].[AccessFailedCount], [a].[ConcurrencyStamp], [a].[CreatedDate], [a].[Currency], [a].[DateFormat], [a].[Email], [a].[EmailConfirmed], [a].[FirstName], [a].[LastName], [a].[LockoutEnabled], [a].[LockoutEnd], [a].[NormalizedEmail], [a].[NormalizedUserName], [a].[PasswordHash], [a].[PhoneNumber], [a].[PhoneNumberConfirmed], [a].[SecurityStamp], [a].[Theme], [a].[TwoFactorEnabled], [a].[UserName]
FROM [AspNetUsers] AS [a]
WHERE [a].[Id] = @p
2026-09-01 16:02:05.265 +05:30 [INF] Executed ViewResult - view Index executed in 6.0227ms.
2026-09-01 16:02:05.265 +05:30 [INF] Executed action MyDailyExpenseTracker.Controllers.DashboardController.Index (MyDailyExpenseTracker) in 132.2411ms
2026-09-01 16:02:05.265 +05:30 [INF] Executed endpoint 'MyDailyExpenseTracker.Controllers.DashboardController.Index (MyDailyExpenseTracker)'
2026-09-01 16:02:05.265 +05:30 [INF] Request finished HTTP/1.1 GET http://localhost:5172/ - 200 null text/html; charset=utf-8 132.9975ms
2026-09-01 16:02:09.096 +05:30 [INF] Request starting HTTP/1.1 POST http://localhost:5172/Account/Logout - application/x-www-form-urlencoded 225
2026-09-01 16:02:09.098 +05:30 [INF] Executing endpoint 'MyDailyExpenseTracker.Controllers.AccountController.Logout (MyDailyExpenseTracker)'
2026-09-01 16:02:09.098 +05:30 [INF] Route matched with {action = "Logout", controller = "Account"}. Executing controller action with signature System.Threading.Tasks.Task`1[Microsoft.AspNetCore.Mvc.IActionResult] Logout() on controller MyDailyExpenseTracker.Controllers.AccountController (MyDailyExpenseTracker).
2026-09-01 16:02:09.104 +05:30 [INF] AuthenticationScheme: Identity.Application signed out.
2026-09-01 16:02:09.106 +05:30 [INF] AuthenticationScheme: Identity.External signed out.
2026-09-01 16:02:09.106 +05:30 [INF] AuthenticationScheme: Identity.TwoFactorUserId signed out.
2026-09-01 16:02:09.107 +05:30 [INF] Executing RedirectResult, redirecting to /Account/Login.
2026-09-01 16:02:09.107 +05:30 [INF] Executed action MyDailyExpenseTracker.Controllers.AccountController.Logout (MyDailyExpenseTracker) in 9.3618ms
2026-09-01 16:02:09.108 +05:30 [INF] Executed endpoint 'MyDailyExpenseTracker.Controllers.AccountController.Logout (MyDailyExpenseTracker)'
2026-09-01 16:02:09.108 +05:30 [INF] Request finished HTTP/1.1 POST http://localhost:5172/Account/Logout - 302 0 null 12.0526ms
2026-09-01 16:02:09.121 +05:30 [INF] Request starting HTTP/1.1 GET http://localhost:5172/Account/Login - null null
2026-09-01 16:02:09.121 +05:30 [INF] Executing endpoint 'MyDailyExpenseTracker.Controllers.AccountController.Login (MyDailyExpenseTracker)'
2026-09-01 16:02:09.122 +05:30 [INF] Route matched with {action = "Login", controller = "Account"}. Executing controller action with signature Microsoft.AspNetCore.Mvc.IActionResult Login(System.String) on controller MyDailyExpenseTracker.Controllers.AccountController (MyDailyExpenseTracker).
2026-09-01 16:02:09.124 +05:30 [INF] Executing ViewResult, running view Login.
2026-09-01 16:02:09.129 +05:30 [INF] Executed ViewResult - view Login executed in 4.9557ms.
2026-09-01 16:02:09.129 +05:30 [INF] Executed action MyDailyExpenseTracker.Controllers.AccountController.Login (MyDailyExpenseTracker) in 7.4216ms
2026-09-01 16:02:09.129 +05:30 [INF] Executed endpoint 'MyDailyExpenseTracker.Controllers.AccountController.Login (MyDailyExpenseTracker)'
2026-09-01 16:02:09.129 +05:30 [INF] Request finished HTTP/1.1 GET http://localhost:5172/Account/Login - 200 null text/html; charset=utf-8 8.4566ms
