2026-09-15 12:47:48.846 +05:30 [INF] Executed DbCommand (46ms) [Parameters=[], CommandType='"Text"', CommandTimeout='30']
SELECT 1
2026-09-15 12:47:48.927 +05:30 [INF] Acquiring an exclusive lock for migration application. See https://aka.ms/efcore-docs-migrations-lock for more information if this takes too long.
2026-09-15 12:47:48.986 +05:30 [INF] Executed DbCommand (53ms) [Parameters=[], CommandType='"Text"', CommandTimeout='30']
DECLARE @result int;
EXEC @result = sp_getapplock @Resource = '__EFMigrationsLock', @LockOwner = 'Session', @LockMode = 'Exclusive';
SELECT @result
2026-09-15 12:47:49.093 +05:30 [INF] Executed DbCommand (3ms) [Parameters=[], CommandType='"Text"', CommandTimeout='30']
IF OBJECT_ID(N'[__EFMigrationsHistory]') IS NULL
BEGIN
    CREATE TABLE [__EFMigrationsHistory] (
        [MigrationId] nvarchar(150) NOT NULL,
        [ProductVersion] nvarchar(32) NOT NULL,
        CONSTRAINT [PK___EFMigrationsHistory] PRIMARY KEY ([MigrationId])
    );
END;
2026-09-15 12:47:49.133 +05:30 [INF] Executed DbCommand (13ms) [Parameters=[], CommandType='"Text"', CommandTimeout='30']
SELECT 1
2026-09-15 12:47:49.136 +05:30 [INF] Executed DbCommand (2ms) [Parameters=[], CommandType='"Text"', CommandTimeout='30']
SELECT OBJECT_ID(N'[__EFMigrationsHistory]');
2026-09-15 12:47:49.157 +05:30 [INF] Executed DbCommand (15ms) [Parameters=[], CommandType='"Text"', CommandTimeout='30']
SELECT [MigrationId], [ProductVersion]
FROM [__EFMigrationsHistory]
ORDER BY [MigrationId];
2026-09-15 12:47:49.172 +05:30 [INF] No migrations were applied. The database is already up to date.
2026-09-15 12:47:49.182 +05:30 [INF] Executed DbCommand (7ms) [Parameters=[], CommandType='"Text"', CommandTimeout='30']
DECLARE @result int;
EXEC @result = sp_releaseapplock @Resource = '__EFMigrationsLock', @LockOwner = 'Session';
SELECT @result
2026-09-15 12:47:49.592 +05:30 [INF] Executed DbCommand (25ms) [Parameters=[@normalizedName='?' (Size = 256)], CommandType='"Text"', CommandTimeout='30']
SELECT TOP(1) [a].[Id], [a].[ConcurrencyStamp], [a].[Name], [a].[NormalizedName]
FROM [AspNetRoles] AS [a]
WHERE [a].[NormalizedName] = @normalizedName
2026-09-15 12:47:49.654 +05:30 [INF] Executed DbCommand (1ms) [Parameters=[@normalizedName='?' (Size = 256)], CommandType='"Text"', CommandTimeout='30']
SELECT TOP(1) [a].[Id], [a].[ConcurrencyStamp], [a].[Name], [a].[NormalizedName]
FROM [AspNetRoles] AS [a]
WHERE [a].[NormalizedName] = @normalizedName
2026-09-15 12:47:49.696 +05:30 [INF] Executed DbCommand (7ms) [Parameters=[@name='?' (Size = 100)], CommandType='"Text"', CommandTimeout='30']
SELECT CASE
    WHEN EXISTS (
        SELECT 1
        FROM [Categories] AS [c]
        WHERE [c].[Name] = @name AND [c].[UserId] IS NULL) THEN CAST(1 AS bit)
    ELSE CAST(0 AS bit)
END
2026-09-15 12:47:49.699 +05:30 [INF] Executed DbCommand (1ms) [Parameters=[@name='?' (Size = 100)], CommandType='"Text"', CommandTimeout='30']
SELECT CASE
    WHEN EXISTS (
        SELECT 1
        FROM [Categories] AS [c]
        WHERE [c].[Name] = @name AND [c].[UserId] IS NULL) THEN CAST(1 AS bit)
    ELSE CAST(0 AS bit)
END
2026-09-15 12:47:49.701 +05:30 [INF] Executed DbCommand (1ms) [Parameters=[@name='?' (Size = 100)], CommandType='"Text"', CommandTimeout='30']
SELECT CASE
    WHEN EXISTS (
        SELECT 1
        FROM [Categories] AS [c]
        WHERE [c].[Name] = @name AND [c].[UserId] IS NULL) THEN CAST(1 AS bit)
    ELSE CAST(0 AS bit)
END
2026-09-15 12:47:49.702 +05:30 [INF] Executed DbCommand (0ms) [Parameters=[@name='?' (Size = 100)], CommandType='"Text"', CommandTimeout='30']
SELECT CASE
    WHEN EXISTS (
        SELECT 1
        FROM [Categories] AS [c]
        WHERE [c].[Name] = @name AND [c].[UserId] IS NULL) THEN CAST(1 AS bit)
    ELSE CAST(0 AS bit)
END
2026-09-15 12:47:49.703 +05:30 [INF] Executed DbCommand (1ms) [Parameters=[@name='?' (Size = 100)], CommandType='"Text"', CommandTimeout='30']
SELECT CASE
    WHEN EXISTS (
        SELECT 1
        FROM [Categories] AS [c]
        WHERE [c].[Name] = @name AND [c].[UserId] IS NULL) THEN CAST(1 AS bit)
    ELSE CAST(0 AS bit)
END
2026-09-15 12:47:49.704 +05:30 [INF] Executed DbCommand (0ms) [Parameters=[@name='?' (Size = 100)], CommandType='"Text"', CommandTimeout='30']
SELECT CASE
    WHEN EXISTS (
        SELECT 1
        FROM [Categories] AS [c]
        WHERE [c].[Name] = @name AND [c].[UserId] IS NULL) THEN CAST(1 AS bit)
    ELSE CAST(0 AS bit)
END
2026-09-15 12:47:49.705 +05:30 [INF] Executed DbCommand (1ms) [Parameters=[@name='?' (Size = 100)], CommandType='"Text"', CommandTimeout='30']
SELECT CASE
    WHEN EXISTS (
        SELECT 1
        FROM [Categories] AS [c]
        WHERE [c].[Name] = @name AND [c].[UserId] IS NULL) THEN CAST(1 AS bit)
    ELSE CAST(0 AS bit)
END
2026-09-15 12:47:49.706 +05:30 [INF] Executed DbCommand (1ms) [Parameters=[@name='?' (Size = 100)], CommandType='"Text"', CommandTimeout='30']
SELECT CASE
    WHEN EXISTS (
        SELECT 1
        FROM [Categories] AS [c]
        WHERE [c].[Name] = @name AND [c].[UserId] IS NULL) THEN CAST(1 AS bit)
    ELSE CAST(0 AS bit)
END
2026-09-15 12:47:49.708 +05:30 [INF] Executed DbCommand (1ms) [Parameters=[@name='?' (Size = 100)], CommandType='"Text"', CommandTimeout='30']
SELECT CASE
    WHEN EXISTS (
        SELECT 1
        FROM [Categories] AS [c]
        WHERE [c].[Name] = @name AND [c].[UserId] IS NULL) THEN CAST(1 AS bit)
    ELSE CAST(0 AS bit)
END
2026-09-15 12:47:49.708 +05:30 [INF] Executed DbCommand (0ms) [Parameters=[@name='?' (Size = 100)], CommandType='"Text"', CommandTimeout='30']
SELECT CASE
    WHEN EXISTS (
        SELECT 1
        FROM [Categories] AS [c]
        WHERE [c].[Name] = @name AND [c].[UserId] IS NULL) THEN CAST(1 AS bit)
    ELSE CAST(0 AS bit)
END
2026-09-15 12:47:49.709 +05:30 [INF] Executed DbCommand (0ms) [Parameters=[@name='?' (Size = 100)], CommandType='"Text"', CommandTimeout='30']
SELECT CASE
    WHEN EXISTS (
        SELECT 1
        FROM [Categories] AS [c]
        WHERE [c].[Name] = @name AND [c].[UserId] IS NULL) THEN CAST(1 AS bit)
    ELSE CAST(0 AS bit)
END
2026-09-15 12:47:49.710 +05:30 [INF] Executed DbCommand (0ms) [Parameters=[@name='?' (Size = 100)], CommandType='"Text"', CommandTimeout='30']
SELECT CASE
    WHEN EXISTS (
        SELECT 1
        FROM [Categories] AS [c]
        WHERE [c].[Name] = @name AND [c].[UserId] IS NULL) THEN CAST(1 AS bit)
    ELSE CAST(0 AS bit)
END
2026-09-15 12:47:49.711 +05:30 [INF] Executed DbCommand (0ms) [Parameters=[@name='?' (Size = 100)], CommandType='"Text"', CommandTimeout='30']
SELECT CASE
    WHEN EXISTS (
        SELECT 1
        FROM [Categories] AS [c]
        WHERE [c].[Name] = @name AND [c].[UserId] IS NULL) THEN CAST(1 AS bit)
    ELSE CAST(0 AS bit)
END
2026-09-15 12:47:49.711 +05:30 [INF] Executed DbCommand (0ms) [Parameters=[@name='?' (Size = 100)], CommandType='"Text"', CommandTimeout='30']
SELECT CASE
    WHEN EXISTS (
        SELECT 1
        FROM [Categories] AS [c]
        WHERE [c].[Name] = @name AND [c].[UserId] IS NULL) THEN CAST(1 AS bit)
    ELSE CAST(0 AS bit)
END
2026-09-15 12:47:49.712 +05:30 [INF] Executed DbCommand (0ms) [Parameters=[@name='?' (Size = 100)], CommandType='"Text"', CommandTimeout='30']
SELECT CASE
    WHEN EXISTS (
        SELECT 1
        FROM [Categories] AS [c]
        WHERE [c].[Name] = @name AND [c].[UserId] IS NULL) THEN CAST(1 AS bit)
    ELSE CAST(0 AS bit)
END
2026-09-15 12:47:49.713 +05:30 [INF] Executed DbCommand (1ms) [Parameters=[@name='?' (Size = 100)], CommandType='"Text"', CommandTimeout='30']
SELECT CASE
    WHEN EXISTS (
        SELECT 1
        FROM [Categories] AS [c]
        WHERE [c].[Name] = @name AND [c].[UserId] IS NULL) THEN CAST(1 AS bit)
    ELSE CAST(0 AS bit)
END
2026-09-15 12:47:49.714 +05:30 [INF] Executed DbCommand (1ms) [Parameters=[@name='?' (Size = 100)], CommandType='"Text"', CommandTimeout='30']
SELECT CASE
    WHEN EXISTS (
        SELECT 1
        FROM [Categories] AS [c]
        WHERE [c].[Name] = @name AND [c].[UserId] IS NULL) THEN CAST(1 AS bit)
    ELSE CAST(0 AS bit)
END
2026-09-15 12:47:49.715 +05:30 [INF] Executed DbCommand (0ms) [Parameters=[@name='?' (Size = 100)], CommandType='"Text"', CommandTimeout='30']
SELECT CASE
    WHEN EXISTS (
        SELECT 1
        FROM [Categories] AS [c]
        WHERE [c].[Name] = @name AND [c].[UserId] IS NULL) THEN CAST(1 AS bit)
    ELSE CAST(0 AS bit)
END
2026-09-15 12:47:49.717 +05:30 [INF] Executed DbCommand (1ms) [Parameters=[@name='?' (Size = 100)], CommandType='"Text"', CommandTimeout='30']
SELECT CASE
    WHEN EXISTS (
        SELECT 1
        FROM [Categories] AS [c]
        WHERE [c].[Name] = @name AND [c].[UserId] IS NULL) THEN CAST(1 AS bit)
    ELSE CAST(0 AS bit)
END
2026-09-15 12:47:49.718 +05:30 [INF] Executed DbCommand (0ms) [Parameters=[@name='?' (Size = 100)], CommandType='"Text"', CommandTimeout='30']
SELECT CASE
    WHEN EXISTS (
        SELECT 1
        FROM [Categories] AS [c]
        WHERE [c].[Name] = @name AND [c].[UserId] IS NULL) THEN CAST(1 AS bit)
    ELSE CAST(0 AS bit)
END
2026-09-15 12:47:49.719 +05:30 [INF] Executed DbCommand (0ms) [Parameters=[@name='?' (Size = 100)], CommandType='"Text"', CommandTimeout='30']
SELECT CASE
    WHEN EXISTS (
        SELECT 1
        FROM [Categories] AS [c]
        WHERE [c].[Name] = @name AND [c].[UserId] IS NULL) THEN CAST(1 AS bit)
    ELSE CAST(0 AS bit)
END
2026-09-15 12:47:49.719 +05:30 [INF] Executed DbCommand (0ms) [Parameters=[@name='?' (Size = 100)], CommandType='"Text"', CommandTimeout='30']
SELECT CASE
    WHEN EXISTS (
        SELECT 1
        FROM [Categories] AS [c]
        WHERE [c].[Name] = @name AND [c].[UserId] IS NULL) THEN CAST(1 AS bit)
    ELSE CAST(0 AS bit)
END
2026-09-15 12:47:49.720 +05:30 [INF] Executed DbCommand (0ms) [Parameters=[@name='?' (Size = 100)], CommandType='"Text"', CommandTimeout='30']
SELECT CASE
    WHEN EXISTS (
        SELECT 1
        FROM [Categories] AS [c]
        WHERE [c].[Name] = @name AND [c].[UserId] IS NULL) THEN CAST(1 AS bit)
    ELSE CAST(0 AS bit)
END
2026-09-15 12:47:49.721 +05:30 [INF] Executed DbCommand (0ms) [Parameters=[@name='?' (Size = 100)], CommandType='"Text"', CommandTimeout='30']
SELECT CASE
    WHEN EXISTS (
        SELECT 1
        FROM [Categories] AS [c]
        WHERE [c].[Name] = @name AND [c].[UserId] IS NULL) THEN CAST(1 AS bit)
    ELSE CAST(0 AS bit)
END
2026-09-15 12:47:49.734 +05:30 [INF] Executed DbCommand (5ms) [Parameters=[@name='?' (Size = 100)], CommandType='"Text"', CommandTimeout='30']
SELECT CASE
    WHEN EXISTS (
        SELECT 1
        FROM [PaymentMethods] AS [p]
        WHERE [p].[Name] = @name AND [p].[UserId] IS NULL) THEN CAST(1 AS bit)
    ELSE CAST(0 AS bit)
END
2026-09-15 12:47:49.735 +05:30 [INF] Executed DbCommand (0ms) [Parameters=[@name='?' (Size = 100)], CommandType='"Text"', CommandTimeout='30']
SELECT CASE
    WHEN EXISTS (
        SELECT 1
        FROM [PaymentMethods] AS [p]
        WHERE [p].[Name] = @name AND [p].[UserId] IS NULL) THEN CAST(1 AS bit)
    ELSE CAST(0 AS bit)
END
2026-09-15 12:47:49.736 +05:30 [INF] Executed DbCommand (0ms) [Parameters=[@name='?' (Size = 100)], CommandType='"Text"', CommandTimeout='30']
SELECT CASE
    WHEN EXISTS (
        SELECT 1
        FROM [PaymentMethods] AS [p]
        WHERE [p].[Name] = @name AND [p].[UserId] IS NULL) THEN CAST(1 AS bit)
    ELSE CAST(0 AS bit)
END
2026-09-15 12:47:49.737 +05:30 [INF] Executed DbCommand (0ms) [Parameters=[@name='?' (Size = 100)], CommandType='"Text"', CommandTimeout='30']
SELECT CASE
    WHEN EXISTS (
        SELECT 1
        FROM [PaymentMethods] AS [p]
        WHERE [p].[Name] = @name AND [p].[UserId] IS NULL) THEN CAST(1 AS bit)
    ELSE CAST(0 AS bit)
END
2026-09-15 12:47:49.738 +05:30 [INF] Executed DbCommand (0ms) [Parameters=[@name='?' (Size = 100)], CommandType='"Text"', CommandTimeout='30']
SELECT CASE
    WHEN EXISTS (
        SELECT 1
        FROM [PaymentMethods] AS [p]
        WHERE [p].[Name] = @name AND [p].[UserId] IS NULL) THEN CAST(1 AS bit)
    ELSE CAST(0 AS bit)
END
2026-09-15 12:47:49.739 +05:30 [INF] Executed DbCommand (1ms) [Parameters=[@name='?' (Size = 100)], CommandType='"Text"', CommandTimeout='30']
SELECT CASE
    WHEN EXISTS (
        SELECT 1
        FROM [PaymentMethods] AS [p]
        WHERE [p].[Name] = @name AND [p].[UserId] IS NULL) THEN CAST(1 AS bit)
    ELSE CAST(0 AS bit)
END
2026-09-15 12:47:49.741 +05:30 [INF] Executed DbCommand (1ms) [Parameters=[@name='?' (Size = 100)], CommandType='"Text"', CommandTimeout='30']
SELECT CASE
    WHEN EXISTS (
        SELECT 1
        FROM [PaymentMethods] AS [p]
        WHERE [p].[Name] = @name AND [p].[UserId] IS NULL) THEN CAST(1 AS bit)
    ELSE CAST(0 AS bit)
END
2026-09-15 12:47:49.795 +05:30 [INF] User profile is available. Using 'C:\Users\ABHI\AppData\Local\ASP.NET\DataProtection-Keys' as key repository and Windows DPAPI to encrypt keys at rest.
2026-09-15 12:47:49.945 +05:30 [INF] Now listening on: http://localhost:5172
2026-09-15 12:47:49.947 +05:30 [INF] Application started. Press Ctrl+C to shut down.
2026-09-15 12:47:49.948 +05:30 [INF] Hosting environment: Development
2026-09-15 12:47:49.948 +05:30 [INF] Content root path: C:\Users\ABHI\Desktop\Expense Tracker\MyDailyExpenseTracker
2026-09-15 12:48:50.612 +05:30 [INF] Request starting HTTP/1.1 GET http://localhost:5172/ - null null
2026-09-15 12:48:50.617 +05:30 [WRN] Failed to determine the https port for redirect.
2026-09-15 12:48:50.876 +05:30 [INF] Executed DbCommand (13ms) [Parameters=[@p='?' (Size = 450)], CommandType='"Text"', CommandTimeout='30']
SELECT TOP(1) [a].[Id], [a].[AccessFailedCount], [a].[ConcurrencyStamp], [a].[CreatedDate], [a].[Currency], [a].[DateFormat], [a].[Email], [a].[EmailConfirmed], [a].[FirstName], [a].[LastName], [a].[LockoutEnabled], [a].[LockoutEnd], [a].[NormalizedEmail], [a].[NormalizedUserName], [a].[PasswordHash], [a].[PhoneNumber], [a].[PhoneNumberConfirmed], [a].[SecurityStamp], [a].[Theme], [a].[TwoFactorEnabled], [a].[UserName]
FROM [AspNetUsers] AS [a]
WHERE [a].[Id] = @p
2026-09-15 12:48:51.025 +05:30 [INF] Executed DbCommand (10ms) [Parameters=[@user_Id='?' (Size = 450)], CommandType='"Text"', CommandTimeout='30']
SELECT [a].[Id], [a].[ClaimType], [a].[ClaimValue], [a].[UserId]
FROM [AspNetUserClaims] AS [a]
WHERE [a].[UserId] = @user_Id
2026-09-15 12:48:51.086 +05:30 [INF] Executed DbCommand (13ms) [Parameters=[@userId='?' (Size = 450)], CommandType='"Text"', CommandTimeout='30']
SELECT [a0].[Name]
FROM [AspNetUserRoles] AS [a]
INNER JOIN [AspNetRoles] AS [a0] ON [a].[RoleId] = [a0].[Id]
WHERE [a].[UserId] = @userId
2026-09-15 12:48:51.095 +05:30 [INF] Executed DbCommand (5ms) [Parameters=[@normalizedName='?' (Size = 256)], CommandType='"Text"', CommandTimeout='30']
SELECT TOP(1) [a].[Id], [a].[ConcurrencyStamp], [a].[Name], [a].[NormalizedName]
FROM [AspNetRoles] AS [a]
WHERE [a].[NormalizedName] = @normalizedName
2026-09-15 12:48:51.111 +05:30 [INF] Executed DbCommand (3ms) [Parameters=[@role_Id='?' (Size = 450)], CommandType='"Text"', CommandTimeout='30']
SELECT [a].[ClaimType], [a].[ClaimValue]
FROM [AspNetRoleClaims] AS [a]
WHERE [a].[RoleId] = @role_Id
2026-09-15 12:48:51.132 +05:30 [INF] Executing endpoint 'MyDailyExpenseTracker.Controllers.DashboardController.Index (MyDailyExpenseTracker)'
2026-09-15 12:48:51.162 +05:30 [INF] Route matched with {action = "Index", controller = "Dashboard"}. Executing controller action with signature System.Threading.Tasks.Task`1[Microsoft.AspNetCore.Mvc.IActionResult] Index() on controller MyDailyExpenseTracker.Controllers.DashboardController (MyDailyExpenseTracker).
2026-09-15 12:48:51.206 +05:30 [INF] Executed DbCommand (17ms) [Parameters=[@userId='?' (Size = 450), @today='?' (DbType = DateTime2), @today2='?' (DbType = DateTime2)], CommandType='"Text"', CommandTimeout='30']
SELECT [r].[RecurringExpenseId], [r].[Amount], [r].[CategoryId], [r].[CreatedDate], [r].[EndDate], [r].[Frequency], [r].[IsActive], [r].[LastGeneratedDate], [r].[Name], [r].[Notes], [r].[PaymentMethodId], [r].[StartDate], [r].[Type], [r].[UserId]
FROM [RecurringExpenses] AS [r]
WHERE [r].[UserId] = @userId AND [r].[IsActive] = CAST(1 AS bit) AND [r].[StartDate] <= @today AND ([r].[EndDate] IS NULL OR [r].[EndDate] >= @today2)
2026-09-15 12:48:51.365 +05:30 [INF] Executed DbCommand (23ms) [Parameters=[@userId='?' (Size = 450), @today_Month='?' (DbType = Int32), @today_Year='?' (DbType = Int32)], CommandType='"Text"', CommandTimeout='30']
SELECT [b1].[BudgetId], [b1].[CreatedDate], [b1].[Month], [b1].[Notes], [b1].[TotalBudget], [b1].[UpdatedDate], [b1].[UserId], [b1].[Year], [s].[BudgetCategoryId], [s].[Amount], [s].[BudgetId], [s].[CategoryId], [s].[CategoryId0], [s].[Color], [s].[CreatedDate], [s].[Icon], [s].[IsActive], [s].[IsDefault], [s].[Name], [s].[Type], [s].[UserId]
FROM (
    SELECT TOP(1) [b].[BudgetId], [b].[CreatedDate], [b].[Month], [b].[Notes], [b].[TotalBudget], [b].[UpdatedDate], [b].[UserId], [b].[Year]
    FROM [Budgets] AS [b]
    WHERE [b].[UserId] = @userId AND [b].[Month] = @today_Month AND [b].[Year] = @today_Year
) AS [b1]
LEFT JOIN (
    SELECT [b0].[BudgetCategoryId], [b0].[Amount], [b0].[BudgetId], [b0].[CategoryId], [c].[CategoryId] AS [CategoryId0], [c].[Color], [c].[CreatedDate], [c].[Icon], [c].[IsActive], [c].[IsDefault], [c].[Name], [c].[Type], [c].[UserId]
    FROM [BudgetCategories] AS [b0]
    INNER JOIN [Categories] AS [c] ON [b0].[CategoryId] = [c].[CategoryId]
) AS [s] ON [b1].[BudgetId] = [s].[BudgetId]
ORDER BY [b1].[BudgetId], [s].[BudgetCategoryId]
2026-09-15 12:48:51.484 +05:30 [INF] Executed DbCommand (19ms) [Parameters=[@userId='?' (Size = 450), @monthStart='?' (DbType = DateTime2)], CommandType='"Text"', CommandTimeout='30']
SELECT COALESCE(SUM([t].[Amount]), 0.0)
FROM [Transactions] AS [t]
WHERE [t].[UserId] = @userId AND [t].[Type] = N'Expense' AND [t].[TransactionDate] >= @monthStart
2026-09-15 12:48:51.567 +05:30 [INF] Executed DbCommand (10ms) [Parameters=[@userId='?' (Size = 450), @today='?' (DbType = DateTime2)], CommandType='"Text"', CommandTimeout='30']
SELECT [t].[Type], COALESCE(SUM([t].[Amount]), 0.0) AS [Total]
FROM [Transactions] AS [t]
WHERE [t].[UserId] = @userId AND CONVERT(date, [t].[TransactionDate]) = @today
GROUP BY [t].[Type]
2026-09-15 12:48:51.580 +05:30 [INF] Executed DbCommand (6ms) [Parameters=[@userId='?' (Size = 450), @monthStart='?' (DbType = DateTime2), @today='?' (DbType = DateTime2)], CommandType='"Text"', CommandTimeout='30']
SELECT [t].[Type], COALESCE(SUM([t].[Amount]), 0.0) AS [Total]
FROM [Transactions] AS [t]
WHERE [t].[UserId] = @userId AND [t].[TransactionDate] >= @monthStart AND [t].[TransactionDate] <= @today
GROUP BY [t].[Type]
2026-09-15 12:48:51.596 +05:30 [INF] Executed DbCommand (7ms) [Parameters=[@userId='?' (Size = 450)], CommandType='"Text"', CommandTimeout='30']
SELECT COALESCE(SUM([t].[Amount]), 0.0)
FROM [Transactions] AS [t]
WHERE [t].[UserId] = @userId AND [t].[Type] = N'Income'
2026-09-15 12:48:51.607 +05:30 [INF] Executed DbCommand (5ms) [Parameters=[@userId='?' (Size = 450)], CommandType='"Text"', CommandTimeout='30']
SELECT COALESCE(SUM([t].[Amount]), 0.0)
FROM [Transactions] AS [t]
WHERE [t].[UserId] = @userId AND [t].[Type] = N'Expense'
2026-09-15 12:48:51.629 +05:30 [INF] Executed DbCommand (6ms) [Parameters=[@userId='?' (Size = 450)], CommandType='"Text"', CommandTimeout='30']
SELECT COUNT(*)
FROM [Transactions] AS [t]
WHERE [t].[UserId] = @userId
2026-09-15 12:48:51.646 +05:30 [INF] Executed DbCommand (8ms) [Parameters=[@userId='?' (Size = 450), @prevStart='?' (DbType = DateTime2), @prevEnd='?' (DbType = DateTime2)], CommandType='"Text"', CommandTimeout='30']
SELECT COALESCE(SUM([t].[Amount]), 0.0)
FROM [Transactions] AS [t]
WHERE [t].[UserId] = @userId AND [t].[Type] = N'Expense' AND [t].[TransactionDate] >= @prevStart AND [t].[TransactionDate] <= @prevEnd
2026-09-15 12:48:51.695 +05:30 [INF] Executed DbCommand (16ms) [Parameters=[@p='?' (DbType = Int32), @userId='?' (Size = 450)], CommandType='"Text"', CommandTimeout='30']
SELECT [t0].[TransactionId], [t0].[TransactionDate], [t0].[Description], [c].[Name] AS [CategoryName], [c].[Icon] AS [CategoryIcon], [c].[Color] AS [CategoryColor], [t0].[Type], [t0].[Amount], [p].[Name] AS [PaymentMethodName]
FROM (
    SELECT TOP(@p) [t].[TransactionId], [t].[Amount], [t].[CategoryId], [t].[CreatedDate], [t].[Description], [t].[PaymentMethodId], [t].[TransactionDate], [t].[Type]
    FROM [Transactions] AS [t]
    WHERE [t].[UserId] = @userId
    ORDER BY [t].[TransactionDate] DESC, [t].[CreatedDate] DESC
) AS [t0]
INNER JOIN [Categories] AS [c] ON [t0].[CategoryId] = [c].[CategoryId]
LEFT JOIN [PaymentMethods] AS [p] ON [t0].[PaymentMethodId] = [p].[PaymentMethodId]
ORDER BY [t0].[TransactionDate] DESC, [t0].[CreatedDate] DESC
2026-09-15 12:48:51.722 +05:30 [INF] Executed DbCommand (12ms) [Parameters=[@userId='?' (Size = 450), @sixMonthsAgo='?' (DbType = DateTime2)], CommandType='"Text"', CommandTimeout='30']
SELECT [t0].[Year], [t0].[Month], COALESCE(SUM([t0].[Amount]), 0.0) AS [Total]
FROM (
    SELECT [t].[Amount], DATEPART(year, [t].[TransactionDate]) AS [Year], DATEPART(month, [t].[TransactionDate]) AS [Month]
    FROM [Transactions] AS [t]
    WHERE [t].[UserId] = @userId AND [t].[Type] = N'Expense' AND [t].[TransactionDate] >= @sixMonthsAgo
) AS [t0]
GROUP BY [t0].[Year], [t0].[Month]
2026-09-15 12:48:51.747 +05:30 [INF] Executed DbCommand (7ms) [Parameters=[@userId='?' (Size = 450), @sixMonthsAgo='?' (DbType = DateTime2)], CommandType='"Text"', CommandTimeout='30']
SELECT [t0].[Year], [t0].[Month], [t0].[Type], COALESCE(SUM([t0].[Amount]), 0.0) AS [Total]
FROM (
    SELECT [t].[Amount], [t].[Type], DATEPART(year, [t].[TransactionDate]) AS [Year], DATEPART(month, [t].[TransactionDate]) AS [Month]
    FROM [Transactions] AS [t]
    WHERE [t].[UserId] = @userId AND [t].[TransactionDate] >= @sixMonthsAgo
) AS [t0]
GROUP BY [t0].[Year], [t0].[Month], [t0].[Type]
2026-09-15 12:48:51.778 +05:30 [INF] Executed DbCommand (12ms) [Parameters=[@p='?' (DbType = Int32), @userId='?' (Size = 450), @monthStart='?' (DbType = DateTime2), @today='?' (DbType = DateTime2)], CommandType='"Text"', CommandTimeout='30']
SELECT TOP(@p) [c].[Name] AS [Category], COALESCE(SUM([t].[Amount]), 0.0) AS [Total]
FROM [Transactions] AS [t]
INNER JOIN [Categories] AS [c] ON [t].[CategoryId] = [c].[CategoryId]
WHERE [t].[UserId] = @userId AND [t].[Type] = N'Expense' AND [t].[TransactionDate] >= @monthStart AND [t].[TransactionDate] <= @today
GROUP BY [c].[Name]
ORDER BY COALESCE(SUM([t].[Amount]), 0.0) DESC
2026-09-15 12:48:51.798 +05:30 [INF] Executed DbCommand (7ms) [Parameters=[@userId='?' (Size = 450), @monthStart='?' (DbType = DateTime2), @today='?' (DbType = DateTime2)], CommandType='"Text"', CommandTimeout='30']
SELECT [t0].[Key] AS [Day], COALESCE(SUM([t0].[Amount]), 0.0) AS [Total]
FROM (
    SELECT [t].[Amount], DATEPART(day, [t].[TransactionDate]) AS [Key]
    FROM [Transactions] AS [t]
    WHERE [t].[UserId] = @userId AND [t].[Type] = N'Expense' AND [t].[TransactionDate] >= @monthStart AND [t].[TransactionDate] <= @today
) AS [t0]
GROUP BY [t0].[Key]
2026-09-15 12:48:51.821 +05:30 [INF] Executed DbCommand (9ms) [Parameters=[@userId='?' (Size = 450), @monthStart='?' (DbType = DateTime2), @today='?' (DbType = DateTime2)], CommandType='"Text"', CommandTimeout='30']
SELECT [p].[Name] AS [Method], COALESCE(SUM([t].[Amount]), 0.0) AS [Total]
FROM [Transactions] AS [t]
LEFT JOIN [PaymentMethods] AS [p] ON [t].[PaymentMethodId] = [p].[PaymentMethodId]
WHERE [t].[UserId] = @userId AND [t].[Type] = N'Expense' AND [t].[TransactionDate] >= @monthStart AND [t].[TransactionDate] <= @today AND [t].[PaymentMethodId] IS NOT NULL
GROUP BY [p].[Name]
2026-09-15 12:48:51.840 +05:30 [INF] Executed DbCommand (3ms) [Parameters=[@userId='?' (Size = 450), @today_Month='?' (DbType = Int32), @today_Year='?' (DbType = Int32)], CommandType='"Text"', CommandTimeout='30']
SELECT TOP(1) [b].[BudgetId], [b].[CreatedDate], [b].[Month], [b].[Notes], [b].[TotalBudget], [b].[UpdatedDate], [b].[UserId], [b].[Year]
FROM [Budgets] AS [b]
WHERE [b].[UserId] = @userId AND [b].[Month] = @today_Month AND [b].[Year] = @today_Year
2026-09-15 12:48:51.853 +05:30 [INF] Executed DbCommand (6ms) [Parameters=[@userId='?' (Size = 450)], CommandType='"Text"', CommandTimeout='30']
SELECT COUNT(*)
FROM [Notifications] AS [n]
WHERE [n].[UserId] = @userId AND [n].[IsRead] = CAST(0 AS bit)
2026-09-15 12:48:51.902 +05:30 [INF] Executed DbCommand (10ms) [Parameters=[@userId='?' (Size = 450), @monthStart='?' (DbType = DateTime2), @today='?' (DbType = DateTime2)], CommandType='"Text"', CommandTimeout='30']
SELECT [t].[TransactionId], [t].[Amount], [t].[CategoryId], [t].[CreatedDate], [t].[Description], [t].[Notes], [t].[PaymentMethodId], [t].[RecurringExpenseId], [t].[TransactionDate], [t].[Type], [t].[UpdatedDate], [t].[UserId], [c].[CategoryId], [c].[Color], [c].[CreatedDate], [c].[Icon], [c].[IsActive], [c].[IsDefault], [c].[Name], [c].[Type], [c].[UserId], [p].[PaymentMethodId], [p].[CreatedDate], [p].[Icon], [p].[IsActive], [p].[IsDefault], [p].[Name], [p].[UserId]
FROM [Transactions] AS [t]
INNER JOIN [Categories] AS [c] ON [t].[CategoryId] = [c].[CategoryId]
LEFT JOIN [PaymentMethods] AS [p] ON [t].[PaymentMethodId] = [p].[PaymentMethodId]
WHERE [t].[UserId] = @userId AND [t].[TransactionDate] >= @monthStart AND [t].[TransactionDate] <= @today
2026-09-15 12:48:51.930 +05:30 [INF] Executed DbCommand (7ms) [Parameters=[@userId='?' (Size = 450), @prevMonthStart='?' (DbType = DateTime2), @prevMonthEnd='?' (DbType = DateTime2)], CommandType='"Text"', CommandTimeout='30']
SELECT [t].[TransactionId], [t].[Amount], [t].[CategoryId], [t].[CreatedDate], [t].[Description], [t].[Notes], [t].[PaymentMethodId], [t].[RecurringExpenseId], [t].[TransactionDate], [t].[Type], [t].[UpdatedDate], [t].[UserId], [c].[CategoryId], [c].[Color], [c].[CreatedDate], [c].[Icon], [c].[IsActive], [c].[IsDefault], [c].[Name], [c].[Type], [c].[UserId]
FROM [Transactions] AS [t]
INNER JOIN [Categories] AS [c] ON [t].[CategoryId] = [c].[CategoryId]
WHERE [t].[UserId] = @userId AND [t].[TransactionDate] >= @prevMonthStart AND [t].[TransactionDate] <= @prevMonthEnd
2026-09-15 12:48:51.963 +05:30 [INF] Executed DbCommand (7ms) [Parameters=[@userId='?' (Size = 450), @today_Month='?' (DbType = Int32), @today_Year='?' (DbType = Int32)], CommandType='"Text"', CommandTimeout='30']
SELECT [b1].[BudgetId], [b1].[CreatedDate], [b1].[Month], [b1].[Notes], [b1].[TotalBudget], [b1].[UpdatedDate], [b1].[UserId], [b1].[Year], [b0].[BudgetCategoryId], [b0].[Amount], [b0].[BudgetId], [b0].[CategoryId]
FROM (
    SELECT TOP(1) [b].[BudgetId], [b].[CreatedDate], [b].[Month], [b].[Notes], [b].[TotalBudget], [b].[UpdatedDate], [b].[UserId], [b].[Year]
    FROM [Budgets] AS [b]
    WHERE [b].[UserId] = @userId AND [b].[Month] = @today_Month AND [b].[Year] = @today_Year
) AS [b1]
LEFT JOIN [BudgetCategories] AS [b0] ON [b1].[BudgetId] = [b0].[BudgetId]
ORDER BY [b1].[BudgetId]
2026-09-15 12:48:52.025 +05:30 [INF] Executing ViewResult, running view Index.
2026-09-15 12:48:52.369 +05:30 [INF] Executed ViewResult - view Index executed in 343.6734ms.
2026-09-15 12:48:52.372 +05:30 [INF] Executed action MyDailyExpenseTracker.Controllers.DashboardController.Index (MyDailyExpenseTracker) in 1209.0245ms
2026-09-15 12:48:52.373 +05:30 [INF] Executed endpoint 'MyDailyExpenseTracker.Controllers.DashboardController.Index (MyDailyExpenseTracker)'
2026-09-15 12:48:52.384 +05:30 [INF] Request finished HTTP/1.1 GET http://localhost:5172/ - 200 null text/html; charset=utf-8 1774.8191ms
2026-09-15 12:48:52.475 +05:30 [INF] Request starting HTTP/1.1 GET http://localhost:5172/js/ai-assistant.js?v=VlXNTuJqYuT2_eSZFnOWSz6-qFPFiytSED3SbY57NIo - null null
2026-09-15 12:48:52.480 +05:30 [INF] Request starting HTTP/1.1 GET http://localhost:5172/css/site.css?v=ZhPtt2tQXoXldWfuRn0TMwnGb2qeExjzFYfGtrBB_2I - null null
2026-09-15 12:48:52.548 +05:30 [INF] Sending file. Request path: '/js/ai-assistant.js'. Physical path: 'C:\Users\ABHI\Desktop\Expense Tracker\MyDailyExpenseTracker\wwwroot\js\ai-assistant.js'
2026-09-15 12:48:52.548 +05:30 [INF] Sending file. Request path: '/css/site.css'. Physical path: 'C:\Users\ABHI\Desktop\Expense Tracker\MyDailyExpenseTracker\wwwroot\css\site.css'
2026-09-15 12:48:52.548 +05:30 [INF] Request finished HTTP/1.1 GET http://localhost:5172/css/site.css?v=ZhPtt2tQXoXldWfuRn0TMwnGb2qeExjzFYfGtrBB_2I - 200 55092 text/css 68.2161ms
2026-09-15 12:48:52.548 +05:30 [INF] Request finished HTTP/1.1 GET http://localhost:5172/js/ai-assistant.js?v=VlXNTuJqYuT2_eSZFnOWSz6-qFPFiytSED3SbY57NIo - 200 11699 text/javascript 73.4163ms
2026-09-15 12:49:43.330 +05:30 [INF] Request starting HTTP/1.1 GET http://localhost:5172/Transactions - null null
2026-09-15 12:49:43.356 +05:30 [INF] Executing endpoint 'MyDailyExpenseTracker.Controllers.TransactionsController.Index (MyDailyExpenseTracker)'
2026-09-15 12:49:43.416 +05:30 [INF] Route matched with {action = "Index", controller = "Transactions"}. Executing controller action with signature System.Threading.Tasks.Task`1[Microsoft.AspNetCore.Mvc.IActionResult] Index(MyDailyExpenseTracker.ViewModels.TransactionFilterViewModel) on controller MyDailyExpenseTracker.Controllers.TransactionsController (MyDailyExpenseTracker).
2026-09-15 12:49:43.566 +05:30 [INF] Executed DbCommand (63ms) [Parameters=[@userId='?' (Size = 450)], CommandType='"Text"', CommandTimeout='30']
SELECT [t].[Type], [t].[Amount]
FROM [Transactions] AS [t]
WHERE [t].[UserId] = @userId
2026-09-15 12:49:43.615 +05:30 [INF] Executed DbCommand (30ms) [Parameters=[@userId='?' (Size = 450), @p='?' (DbType = Int32), @p2='?' (DbType = Int32)], CommandType='"Text"', CommandTimeout='30']
SELECT [t0].[TransactionId], [t0].[TransactionDate], [t0].[Description], [c].[Name] AS [CategoryName], [c].[Icon] AS [CategoryIcon], [c].[Color] AS [CategoryColor], [t0].[Type], [t0].[Amount], [p].[Name] AS [PaymentMethodName]
FROM (
    SELECT [t].[TransactionId], [t].[Amount], [t].[CategoryId], [t].[CreatedDate], [t].[Description], [t].[PaymentMethodId], [t].[TransactionDate], [t].[Type]
    FROM [Transactions] AS [t]
    WHERE [t].[UserId] = @userId
    ORDER BY [t].[TransactionDate] DESC, [t].[CreatedDate] DESC
    OFFSET @p ROWS FETCH NEXT @p2 ROWS ONLY
) AS [t0]
INNER JOIN [Categories] AS [c] ON [t0].[CategoryId] = [c].[CategoryId]
LEFT JOIN [PaymentMethods] AS [p] ON [t0].[PaymentMethodId] = [p].[PaymentMethodId]
ORDER BY [t0].[TransactionDate] DESC, [t0].[CreatedDate] DESC
2026-09-15 12:49:43.663 +05:30 [INF] Executed DbCommand (15ms) [Parameters=[@userId='?' (Size = 450)], CommandType='"Text"', CommandTimeout='30']
SELECT CONVERT(varchar(11), [c].[CategoryId]) AS [Value], [c].[Name] AS [Text]
FROM [Categories] AS [c]
WHERE [c].[IsActive] = CAST(1 AS bit) AND ([c].[UserId] = @userId OR [c].[UserId] IS NULL)
ORDER BY [c].[Name]
2026-09-15 12:49:43.686 +05:30 [INF] Executed DbCommand (7ms) [Parameters=[@userId='?' (Size = 450)], CommandType='"Text"', CommandTimeout='30']
SELECT CONVERT(varchar(11), [p].[PaymentMethodId]) AS [Value], [p].[Name] AS [Text]
FROM [PaymentMethods] AS [p]
WHERE [p].[IsActive] = CAST(1 AS bit) AND ([p].[UserId] = @userId OR [p].[UserId] IS NULL)
ORDER BY [p].[Name]
2026-09-15 12:49:43.692 +05:30 [INF] Executing ViewResult, running view Index.
2026-09-15 12:49:43.776 +05:30 [INF] Executed DbCommand (14ms) [Parameters=[@p='?' (Size = 450)], CommandType='"Text"', CommandTimeout='30']
SELECT TOP(1) [a].[Id], [a].[AccessFailedCount], [a].[ConcurrencyStamp], [a].[CreatedDate], [a].[Currency], [a].[DateFormat], [a].[Email], [a].[EmailConfirmed], [a].[FirstName], [a].[LastName], [a].[LockoutEnabled], [a].[LockoutEnd], [a].[NormalizedEmail], [a].[NormalizedUserName], [a].[PasswordHash], [a].[PhoneNumber], [a].[PhoneNumberConfirmed], [a].[SecurityStamp], [a].[Theme], [a].[TwoFactorEnabled], [a].[UserName]
FROM [AspNetUsers] AS [a]
WHERE [a].[Id] = @p
2026-09-15 12:49:43.789 +05:30 [INF] Executed ViewResult - view Index executed in 99.7455ms.
2026-09-15 12:49:43.793 +05:30 [INF] Executed action MyDailyExpenseTracker.Controllers.TransactionsController.Index (MyDailyExpenseTracker) in 376.3982ms
2026-09-15 12:49:43.794 +05:30 [INF] Executed endpoint 'MyDailyExpenseTracker.Controllers.TransactionsController.Index (MyDailyExpenseTracker)'
2026-09-15 12:49:43.795 +05:30 [INF] Request finished HTTP/1.1 GET http://localhost:5172/Transactions - 200 null text/html; charset=utf-8 464.4606ms
2026-09-15 12:49:43.894 +05:30 [INF] Request starting HTTP/1.1 GET http://localhost:5172/css/site.css?v=ZhPtt2tQXoXldWfuRn0TMwnGb2qeExjzFYfGtrBB_2I - null null
2026-09-15 12:49:43.895 +05:30 [INF] Request starting HTTP/1.1 GET http://localhost:5172/js/site.js?v=XvixfUlZZbVs8ay4ybLVvOPCyYDYC6oeGZmLTMieI_8 - null null
2026-09-15 12:49:43.900 +05:30 [INF] Request starting HTTP/1.1 GET http://localhost:5172/js/ai-assistant.js?v=VlXNTuJqYuT2_eSZFnOWSz6-qFPFiytSED3SbY57NIo - null null
2026-09-15 12:49:43.901 +05:30 [INF] The file /js/site.js was not modified
2026-09-15 12:49:43.901 +05:30 [INF] The file /css/site.css was not modified
2026-09-15 12:49:43.901 +05:30 [INF] The file /js/ai-assistant.js was not modified
2026-09-15 12:49:43.902 +05:30 [INF] Request finished HTTP/1.1 GET http://localhost:5172/js/ai-assistant.js?v=VlXNTuJqYuT2_eSZFnOWSz6-qFPFiytSED3SbY57NIo - 304 null text/javascript 1.3018ms
2026-09-15 12:49:43.902 +05:30 [INF] Request finished HTTP/1.1 GET http://localhost:5172/css/site.css?v=ZhPtt2tQXoXldWfuRn0TMwnGb2qeExjzFYfGtrBB_2I - 304 null text/css 7.7034ms
2026-09-15 12:49:43.902 +05:30 [INF] Request finished HTTP/1.1 GET http://localhost:5172/js/site.js?v=XvixfUlZZbVs8ay4ybLVvOPCyYDYC6oeGZmLTMieI_8 - 304 null text/javascript 6.9172ms
2026-09-15 12:49:53.949 +05:30 [INF] Request starting HTTP/1.1 GET http://localhost:5172/Categories - null null
2026-09-15 12:49:54.034 +05:30 [INF] Executing endpoint 'MyDailyExpenseTracker.Controllers.CategoriesController.Index (MyDailyExpenseTracker)'
2026-09-15 12:49:54.050 +05:30 [INF] Route matched with {action = "Index", controller = "Categories"}. Executing controller action with signature System.Threading.Tasks.Task`1[Microsoft.AspNetCore.Mvc.IActionResult] Index() on controller MyDailyExpenseTracker.Controllers.CategoriesController (MyDailyExpenseTracker).
2026-09-15 12:49:54.105 +05:30 [INF] Executed DbCommand (24ms) [Parameters=[@userId='?' (Size = 450)], CommandType='"Text"', CommandTimeout='30']
SELECT [t].[CategoryId], COUNT(*) AS [Count]
FROM [Transactions] AS [t]
WHERE [t].[UserId] = @userId
GROUP BY [t].[CategoryId]
2026-09-15 12:49:54.135 +05:30 [INF] Executed DbCommand (11ms) [Parameters=[@userId='?' (Size = 450)], CommandType='"Text"', CommandTimeout='30']
SELECT [c].[CategoryId], [c].[Name], [c].[Icon], [c].[Color], [c].[Type], [c].[IsDefault]
FROM [Categories] AS [c]
WHERE [c].[IsActive] = CAST(1 AS bit) AND ([c].[UserId] = @userId OR [c].[UserId] IS NULL)
ORDER BY [c].[Type], [c].[Name]
2026-09-15 12:49:54.143 +05:30 [INF] Executing ViewResult, running view Index.
2026-09-15 12:49:54.179 +05:30 [INF] Executed DbCommand (7ms) [Parameters=[@p='?' (Size = 450)], CommandType='"Text"', CommandTimeout='30']
SELECT TOP(1) [a].[Id], [a].[AccessFailedCount], [a].[ConcurrencyStamp], [a].[CreatedDate], [a].[Currency], [a].[DateFormat], [a].[Email], [a].[EmailConfirmed], [a].[FirstName], [a].[LastName], [a].[LockoutEnabled], [a].[LockoutEnd], [a].[NormalizedEmail], [a].[NormalizedUserName], [a].[PasswordHash], [a].[PhoneNumber], [a].[PhoneNumberConfirmed], [a].[SecurityStamp], [a].[Theme], [a].[TwoFactorEnabled], [a].[UserName]
FROM [AspNetUsers] AS [a]
WHERE [a].[Id] = @p
2026-09-15 12:49:54.182 +05:30 [INF] Executed ViewResult - view Index executed in 40.8762ms.
2026-09-15 12:49:54.183 +05:30 [INF] Executed action MyDailyExpenseTracker.Controllers.CategoriesController.Index (MyDailyExpenseTracker) in 132.347ms
2026-09-15 12:49:54.183 +05:30 [INF] Executed endpoint 'MyDailyExpenseTracker.Controllers.CategoriesController.Index (MyDailyExpenseTracker)'
2026-09-15 12:49:54.184 +05:30 [INF] Request finished HTTP/1.1 GET http://localhost:5172/Categories - 200 null text/html; charset=utf-8 235.2861ms
2026-09-15 12:50:00.635 +05:30 [INF] Request starting HTTP/1.1 GET http://localhost:5172/PaymentMethods - null null
2026-09-15 12:50:00.637 +05:30 [INF] Executing endpoint 'MyDailyExpenseTracker.Controllers.PaymentMethodsController.Index (MyDailyExpenseTracker)'
2026-09-15 12:50:00.656 +05:30 [INF] Route matched with {action = "Index", controller = "PaymentMethods"}. Executing controller action with signature System.Threading.Tasks.Task`1[Microsoft.AspNetCore.Mvc.IActionResult] Index() on controller MyDailyExpenseTracker.Controllers.PaymentMethodsController (MyDailyExpenseTracker).
2026-09-15 12:50:00.709 +05:30 [INF] Executed DbCommand (13ms) [Parameters=[@userId='?' (Size = 450)], CommandType='"Text"', CommandTimeout='30']
SELECT [t].[PaymentMethodId] AS [MethodId], COUNT(*) AS [Count]
FROM [Transactions] AS [t]
WHERE [t].[UserId] = @userId AND [t].[PaymentMethodId] IS NOT NULL
GROUP BY [t].[PaymentMethodId]
2026-09-15 12:50:00.782 +05:30 [INF] Executed DbCommand (8ms) [Parameters=[@userId='?' (Size = 450)], CommandType='"Text"', CommandTimeout='30']
SELECT [p].[PaymentMethodId], [p].[Name], [p].[Icon], [p].[IsDefault]
FROM [PaymentMethods] AS [p]
WHERE [p].[IsActive] = CAST(1 AS bit) AND ([p].[UserId] = @userId OR [p].[UserId] IS NULL)
ORDER BY [p].[Name]
2026-09-15 12:50:00.785 +05:30 [INF] Executing ViewResult, running view Index.
2026-09-15 12:50:00.814 +05:30 [INF] Executed DbCommand (7ms) [Parameters=[@p='?' (Size = 450)], CommandType='"Text"', CommandTimeout='30']
SELECT TOP(1) [a].[Id], [a].[AccessFailedCount], [a].[ConcurrencyStamp], [a].[CreatedDate], [a].[Currency], [a].[DateFormat], [a].[Email], [a].[EmailConfirmed], [a].[FirstName], [a].[LastName], [a].[LockoutEnabled], [a].[LockoutEnd], [a].[NormalizedEmail], [a].[NormalizedUserName], [a].[PasswordHash], [a].[PhoneNumber], [a].[PhoneNumberConfirmed], [a].[SecurityStamp], [a].[Theme], [a].[TwoFactorEnabled], [a].[UserName]
FROM [AspNetUsers] AS [a]
WHERE [a].[Id] = @p
2026-09-15 12:50:00.817 +05:30 [INF] Executed ViewResult - view Index executed in 32.5643ms.
2026-09-15 12:50:00.817 +05:30 [INF] Executed action MyDailyExpenseTracker.Controllers.PaymentMethodsController.Index (MyDailyExpenseTracker) in 160.3994ms
2026-09-15 12:50:00.817 +05:30 [INF] Executed endpoint 'MyDailyExpenseTracker.Controllers.PaymentMethodsController.Index (MyDailyExpenseTracker)'
2026-09-15 12:50:00.817 +05:30 [INF] Request finished HTTP/1.1 GET http://localhost:5172/PaymentMethods - 200 null text/html; charset=utf-8 182.5262ms
2026-09-15 12:50:02.898 +05:30 [INF] Request starting HTTP/1.1 GET http://localhost:5172/PaymentMethods - null null
2026-09-15 12:50:02.899 +05:30 [INF] Executing endpoint 'MyDailyExpenseTracker.Controllers.PaymentMethodsController.Index (MyDailyExpenseTracker)'
2026-09-15 12:50:02.900 +05:30 [INF] Route matched with {action = "Index", controller = "PaymentMethods"}. Executing controller action with signature System.Threading.Tasks.Task`1[Microsoft.AspNetCore.Mvc.IActionResult] Index() on controller MyDailyExpenseTracker.Controllers.PaymentMethodsController (MyDailyExpenseTracker).
2026-09-15 12:50:02.928 +05:30 [INF] Executed DbCommand (19ms) [Parameters=[@userId='?' (Size = 450)], CommandType='"Text"', CommandTimeout='30']
SELECT [t].[PaymentMethodId] AS [MethodId], COUNT(*) AS [Count]
FROM [Transactions] AS [t]
WHERE [t].[UserId] = @userId AND [t].[PaymentMethodId] IS NOT NULL
GROUP BY [t].[PaymentMethodId]
2026-09-15 12:50:02.940 +05:30 [INF] Executed DbCommand (8ms) [Parameters=[@userId='?' (Size = 450)], CommandType='"Text"', CommandTimeout='30']
SELECT [p].[PaymentMethodId], [p].[Name], [p].[Icon], [p].[IsDefault]
FROM [PaymentMethods] AS [p]
WHERE [p].[IsActive] = CAST(1 AS bit) AND ([p].[UserId] = @userId OR [p].[UserId] IS NULL)
ORDER BY [p].[Name]
2026-09-15 12:50:02.941 +05:30 [INF] Executing ViewResult, running view Index.
2026-09-15 12:50:02.962 +05:30 [INF] Executed DbCommand (18ms) [Parameters=[@p='?' (Size = 450)], CommandType='"Text"', CommandTimeout='30']
SELECT TOP(1) [a].[Id], [a].[AccessFailedCount], [a].[ConcurrencyStamp], [a].[CreatedDate], [a].[Currency], [a].[DateFormat], [a].[Email], [a].[EmailConfirmed], [a].[FirstName], [a].[LastName], [a].[LockoutEnabled], [a].[LockoutEnd], [a].[NormalizedEmail], [a].[NormalizedUserName], [a].[PasswordHash], [a].[PhoneNumber], [a].[PhoneNumberConfirmed], [a].[SecurityStamp], [a].[Theme], [a].[TwoFactorEnabled], [a].[UserName]
FROM [AspNetUsers] AS [a]
WHERE [a].[Id] = @p
2026-09-15 12:50:02.964 +05:30 [INF] Executed ViewResult - view Index executed in 23.147ms.
2026-09-15 12:50:02.964 +05:30 [INF] Executed action MyDailyExpenseTracker.Controllers.PaymentMethodsController.Index (MyDailyExpenseTracker) in 64.7029ms
2026-09-15 12:50:02.965 +05:30 [INF] Executed endpoint 'MyDailyExpenseTracker.Controllers.PaymentMethodsController.Index (MyDailyExpenseTracker)'
2026-09-15 12:50:02.965 +05:30 [INF] Request finished HTTP/1.1 GET http://localhost:5172/PaymentMethods - 200 null text/html; charset=utf-8 66.8402ms
2026-09-15 12:50:16.460 +05:30 [INF] Request starting HTTP/1.1 GET http://localhost:5172/Budget - null null
2026-09-15 12:50:16.463 +05:30 [INF] Executing endpoint 'MyDailyExpenseTracker.Controllers.BudgetController.Index (MyDailyExpenseTracker)'
2026-09-15 12:50:16.490 +05:30 [INF] Route matched with {action = "Index", controller = "Budget"}. Executing controller action with signature System.Threading.Tasks.Task`1[Microsoft.AspNetCore.Mvc.IActionResult] Index(Int32, Int32) on controller MyDailyExpenseTracker.Controllers.BudgetController (MyDailyExpenseTracker).
2026-09-15 12:50:16.593 +05:30 [INF] Executed DbCommand (35ms) [Parameters=[@userId='?' (Size = 450), @month='?' (DbType = Int32), @year='?' (DbType = Int32)], CommandType='"Text"', CommandTimeout='30']
SELECT [b1].[BudgetId], [b1].[CreatedDate], [b1].[Month], [b1].[Notes], [b1].[TotalBudget], [b1].[UpdatedDate], [b1].[UserId], [b1].[Year], [s].[BudgetCategoryId], [s].[Amount], [s].[BudgetId], [s].[CategoryId], [s].[CategoryId0], [s].[Color], [s].[CreatedDate], [s].[Icon], [s].[IsActive], [s].[IsDefault], [s].[Name], [s].[Type], [s].[UserId]
FROM (
    SELECT TOP(1) [b].[BudgetId], [b].[CreatedDate], [b].[Month], [b].[Notes], [b].[TotalBudget], [b].[UpdatedDate], [b].[UserId], [b].[Year]
    FROM [Budgets] AS [b]
    WHERE [b].[UserId] = @userId AND [b].[Month] = @month AND [b].[Year] = @year
) AS [b1]
LEFT JOIN (
    SELECT [b0].[BudgetCategoryId], [b0].[Amount], [b0].[BudgetId], [b0].[CategoryId], [c].[CategoryId] AS [CategoryId0], [c].[Color], [c].[CreatedDate], [c].[Icon], [c].[IsActive], [c].[IsDefault], [c].[Name], [c].[Type], [c].[UserId]
    FROM [BudgetCategories] AS [b0]
    INNER JOIN [Categories] AS [c] ON [b0].[CategoryId] = [c].[CategoryId]
) AS [s] ON [b1].[BudgetId] = [s].[BudgetId]
ORDER BY [b1].[BudgetId], [s].[BudgetCategoryId]
2026-09-15 12:50:16.615 +05:30 [INF] Executed DbCommand (15ms) [Parameters=[@userId='?' (Size = 450)], CommandType='"Text"', CommandTimeout='30']
SELECT [t].[CategoryId], COUNT(*) AS [Count]
FROM [Transactions] AS [t]
WHERE [t].[UserId] = @userId
GROUP BY [t].[CategoryId]
2026-09-15 12:50:16.626 +05:30 [INF] Executed DbCommand (8ms) [Parameters=[@userId='?' (Size = 450)], CommandType='"Text"', CommandTimeout='30']
SELECT [c].[CategoryId], [c].[Name], [c].[Icon], [c].[Color], [c].[Type], [c].[IsDefault]
FROM [Categories] AS [c]
WHERE [c].[IsActive] = CAST(1 AS bit) AND ([c].[UserId] = @userId OR [c].[UserId] IS NULL)
ORDER BY [c].[Type], [c].[Name]
2026-09-15 12:50:16.676 +05:30 [INF] Executed DbCommand (21ms) [Parameters=[@userId='?' (Size = 450), @monthStart='?' (DbType = DateTime2), @monthEnd='?' (DbType = DateTime2)], CommandType='"Text"', CommandTimeout='30']
SELECT [t].[CategoryId], COALESCE(SUM([t].[Amount]), 0.0) AS [Total]
FROM [Transactions] AS [t]
WHERE [t].[UserId] = @userId AND [t].[Type] = N'Expense' AND [t].[TransactionDate] >= @monthStart AND [t].[TransactionDate] <= @monthEnd
GROUP BY [t].[CategoryId]
2026-09-15 12:50:16.703 +05:30 [INF] Executing ViewResult, running view Index.
2026-09-15 12:50:16.816 +05:30 [INF] Executed DbCommand (5ms) [Parameters=[@p='?' (Size = 450)], CommandType='"Text"', CommandTimeout='30']
SELECT TOP(1) [a].[Id], [a].[AccessFailedCount], [a].[ConcurrencyStamp], [a].[CreatedDate], [a].[Currency], [a].[DateFormat], [a].[Email], [a].[EmailConfirmed], [a].[FirstName], [a].[LastName], [a].[LockoutEnabled], [a].[LockoutEnd], [a].[NormalizedEmail], [a].[NormalizedUserName], [a].[PasswordHash], [a].[PhoneNumber], [a].[PhoneNumberConfirmed], [a].[SecurityStamp], [a].[Theme], [a].[TwoFactorEnabled], [a].[UserName]
FROM [AspNetUsers] AS [a]
WHERE [a].[Id] = @p
2026-09-15 12:50:16.848 +05:30 [INF] Executed ViewResult - view Index executed in 146.2474ms.
2026-09-15 12:50:16.848 +05:30 [INF] Executed action MyDailyExpenseTracker.Controllers.BudgetController.Index (MyDailyExpenseTracker) in 357.7229ms
2026-09-15 12:50:16.848 +05:30 [INF] Executed endpoint 'MyDailyExpenseTracker.Controllers.BudgetController.Index (MyDailyExpenseTracker)'
2026-09-15 12:50:16.849 +05:30 [INF] Request finished HTTP/1.1 GET http://localhost:5172/Budget - 200 null text/html; charset=utf-8 389.0036ms
2026-09-15 12:50:16.920 +05:30 [INF] Request starting HTTP/1.1 GET http://localhost:5172/lib/jquery-validation/dist/jquery.validate.min.js - null null
2026-09-15 12:50:16.920 +05:30 [INF] The file /lib/jquery-validation/dist/jquery.validate.min.js was not modified
2026-09-15 12:50:16.920 +05:30 [INF] Request finished HTTP/1.1 GET http://localhost:5172/lib/jquery-validation/dist/jquery.validate.min.js - 304 null text/javascript 1.0203ms
2026-09-15 12:50:16.934 +05:30 [INF] Request starting HTTP/1.1 GET http://localhost:5172/lib/jquery-validation-unobtrusive/dist/jquery.validate.unobtrusive.min.js - null null
2026-09-15 12:50:16.935 +05:30 [INF] The file /lib/jquery-validation-unobtrusive/dist/jquery.validate.unobtrusive.min.js was not modified
2026-09-15 12:50:16.935 +05:30 [INF] Request finished HTTP/1.1 GET http://localhost:5172/lib/jquery-validation-unobtrusive/dist/jquery.validate.unobtrusive.min.js - 304 null text/javascript 0.737ms
2026-09-15 12:50:43.616 +05:30 [INF] Request starting HTTP/1.1 GET http://localhost:5172/RecurringExpenses - null null
2026-09-15 12:50:43.618 +05:30 [INF] Executing endpoint 'MyDailyExpenseTracker.Controllers.RecurringExpensesController.Index (MyDailyExpenseTracker)'
2026-09-15 12:50:43.639 +05:30 [INF] Route matched with {action = "Index", controller = "RecurringExpenses"}. Executing controller action with signature System.Threading.Tasks.Task`1[Microsoft.AspNetCore.Mvc.IActionResult] Index() on controller MyDailyExpenseTracker.Controllers.RecurringExpensesController (MyDailyExpenseTracker).
2026-09-15 12:50:43.690 +05:30 [INF] Executed DbCommand (17ms) [Parameters=[@userId='?' (Size = 450)], CommandType='"Text"', CommandTimeout='30']
SELECT [r].[RecurringExpenseId], [r].[Name], [r].[Amount], [r].[Type], [r].[CategoryId], [c].[Name] AS [CategoryName], [r].[PaymentMethodId], [p].[Name] AS [PaymentMethodName], [r].[Frequency], [r].[StartDate], [r].[EndDate], [r].[IsActive], [r].[LastGeneratedDate], [r].[Notes]
FROM [RecurringExpenses] AS [r]
INNER JOIN [Categories] AS [c] ON [r].[CategoryId] = [c].[CategoryId]
LEFT JOIN [PaymentMethods] AS [p] ON [r].[PaymentMethodId] = [p].[PaymentMethodId]
WHERE [r].[UserId] = @userId
ORDER BY [r].[Name]
2026-09-15 12:50:43.693 +05:30 [INF] Executing ViewResult, running view Index.
2026-09-15 12:50:43.725 +05:30 [INF] Executed DbCommand (9ms) [Parameters=[@p='?' (Size = 450)], CommandType='"Text"', CommandTimeout='30']
SELECT TOP(1) [a].[Id], [a].[AccessFailedCount], [a].[ConcurrencyStamp], [a].[CreatedDate], [a].[Currency], [a].[DateFormat], [a].[Email], [a].[EmailConfirmed], [a].[FirstName], [a].[LastName], [a].[LockoutEnabled], [a].[LockoutEnd], [a].[NormalizedEmail], [a].[NormalizedUserName], [a].[PasswordHash], [a].[PhoneNumber], [a].[PhoneNumberConfirmed], [a].[SecurityStamp], [a].[Theme], [a].[TwoFactorEnabled], [a].[UserName]
FROM [AspNetUsers] AS [a]
WHERE [a].[Id] = @p
2026-09-15 12:50:43.727 +05:30 [INF] Executed ViewResult - view Index executed in 35.3628ms.
2026-09-15 12:50:43.728 +05:30 [INF] Executed action MyDailyExpenseTracker.Controllers.RecurringExpensesController.Index (MyDailyExpenseTracker) in 88.2509ms
2026-09-15 12:50:43.728 +05:30 [INF] Executed endpoint 'MyDailyExpenseTracker.Controllers.RecurringExpensesController.Index (MyDailyExpenseTracker)'
2026-09-15 12:50:43.728 +05:30 [INF] Request finished HTTP/1.1 GET http://localhost:5172/RecurringExpenses - 200 null text/html; charset=utf-8 111.9122ms
2026-09-15 12:50:43.782 +05:30 [INF] Request starting HTTP/1.1 GET http://localhost:5172/css/site.css?v=ZhPtt2tQXoXldWfuRn0TMwnGb2qeExjzFYfGtrBB_2I - null null
2026-09-15 12:50:43.783 +05:30 [INF] The file /css/site.css was not modified
2026-09-15 12:50:43.783 +05:30 [INF] Request finished HTTP/1.1 GET http://localhost:5172/css/site.css?v=ZhPtt2tQXoXldWfuRn0TMwnGb2qeExjzFYfGtrBB_2I - 304 null text/css 1.4514ms
2026-09-15 12:50:43.800 +05:30 [INF] Request starting HTTP/1.1 GET http://localhost:5172/js/ai-assistant.js?v=VlXNTuJqYuT2_eSZFnOWSz6-qFPFiytSED3SbY57NIo - null null
2026-09-15 12:50:43.800 +05:30 [INF] The file /js/ai-assistant.js was not modified
2026-09-15 12:50:43.800 +05:30 [INF] Request finished HTTP/1.1 GET http://localhost:5172/js/ai-assistant.js?v=VlXNTuJqYuT2_eSZFnOWSz6-qFPFiytSED3SbY57NIo - 304 null text/javascript 0.8756ms
2026-09-15 12:50:45.804 +05:30 [INF] Request starting HTTP/1.1 GET http://localhost:5172/Reports - null null
2026-09-15 12:50:45.805 +05:30 [INF] Executing endpoint 'MyDailyExpenseTracker.Controllers.ReportsController.Index (MyDailyExpenseTracker)'
2026-09-15 12:50:45.825 +05:30 [INF] Route matched with {action = "Index", controller = "Reports"}. Executing controller action with signature System.Threading.Tasks.Task`1[Microsoft.AspNetCore.Mvc.IActionResult] Index(Int32, Int32) on controller MyDailyExpenseTracker.Controllers.ReportsController (MyDailyExpenseTracker).
2026-09-15 12:50:45.893 +05:30 [INF] Executed DbCommand (20ms) [Parameters=[@userId='?' (Size = 450), @monthStart='?' (DbType = DateTime2), @monthEnd='?' (DbType = DateTime2)], CommandType='"Text"', CommandTimeout='30']
SELECT [t].[TransactionId], [t].[Amount], [t].[CategoryId], [t].[CreatedDate], [t].[Description], [t].[Notes], [t].[PaymentMethodId], [t].[RecurringExpenseId], [t].[TransactionDate], [t].[Type], [t].[UpdatedDate], [t].[UserId], [c].[CategoryId], [c].[Color], [c].[CreatedDate], [c].[Icon], [c].[IsActive], [c].[IsDefault], [c].[Name], [c].[Type], [c].[UserId], [p].[PaymentMethodId], [p].[CreatedDate], [p].[Icon], [p].[IsActive], [p].[IsDefault], [p].[Name], [p].[UserId]
FROM [Transactions] AS [t]
INNER JOIN [Categories] AS [c] ON [t].[CategoryId] = [c].[CategoryId]
LEFT JOIN [PaymentMethods] AS [p] ON [t].[PaymentMethodId] = [p].[PaymentMethodId]
WHERE [t].[UserId] = @userId AND [t].[TransactionDate] >= @monthStart AND [t].[TransactionDate] <= @monthEnd
2026-09-15 12:50:45.942 +05:30 [INF] Executed DbCommand (11ms) [Parameters=[@userId='?' (Size = 450)], CommandType='"Text"', CommandTimeout='30']
SELECT MIN([t].[TransactionDate])
FROM [Transactions] AS [t]
WHERE [t].[UserId] = @userId
2026-09-15 12:50:45.960 +05:30 [INF] Executing ViewResult, running view Index.
2026-09-15 12:50:45.999 +05:30 [INF] Executed DbCommand (6ms) [Parameters=[@p='?' (Size = 450)], CommandType='"Text"', CommandTimeout='30']
SELECT TOP(1) [a].[Id], [a].[AccessFailedCount], [a].[ConcurrencyStamp], [a].[CreatedDate], [a].[Currency], [a].[DateFormat], [a].[Email], [a].[EmailConfirmed], [a].[FirstName], [a].[LastName], [a].[LockoutEnabled], [a].[LockoutEnd], [a].[NormalizedEmail], [a].[NormalizedUserName], [a].[PasswordHash], [a].[PhoneNumber], [a].[PhoneNumberConfirmed], [a].[SecurityStamp], [a].[Theme], [a].[TwoFactorEnabled], [a].[UserName]
FROM [AspNetUsers] AS [a]
WHERE [a].[Id] = @p
2026-09-15 12:50:46.006 +05:30 [INF] Executed ViewResult - view Index executed in 46.8424ms.
2026-09-15 12:50:46.006 +05:30 [INF] Executed action MyDailyExpenseTracker.Controllers.ReportsController.Index (MyDailyExpenseTracker) in 181.2208ms
2026-09-15 12:50:46.006 +05:30 [INF] Executed endpoint 'MyDailyExpenseTracker.Controllers.ReportsController.Index (MyDailyExpenseTracker)'
2026-09-15 12:50:46.007 +05:30 [INF] Request finished HTTP/1.1 GET http://localhost:5172/Reports - 200 null text/html; charset=utf-8 202.8899ms
2026-09-15 12:50:57.986 +05:30 [INF] Request starting HTTP/1.1 GET http://localhost:5172/AiInsights - null null
2026-09-15 12:50:57.990 +05:30 [INF] Executing endpoint 'MyDailyExpenseTracker.Controllers.AiInsightsController.Index (MyDailyExpenseTracker)'
2026-09-15 12:50:58.018 +05:30 [INF] Route matched with {action = "Index", controller = "AiInsights"}. Executing controller action with signature System.Threading.Tasks.Task`1[Microsoft.AspNetCore.Mvc.IActionResult] Index() on controller MyDailyExpenseTracker.Controllers.AiInsightsController (MyDailyExpenseTracker).
2026-09-15 12:50:58.047 +05:30 [INF] Executed DbCommand (17ms) [Parameters=[@userId='?' (Size = 450), @monthStart='?' (DbType = DateTime2), @today='?' (DbType = DateTime2)], CommandType='"Text"', CommandTimeout='30']
SELECT [t].[TransactionId], [t].[Amount], [t].[CategoryId], [t].[CreatedDate], [t].[Description], [t].[Notes], [t].[PaymentMethodId], [t].[RecurringExpenseId], [t].[TransactionDate], [t].[Type], [t].[UpdatedDate], [t].[UserId], [c].[CategoryId], [c].[Color], [c].[CreatedDate], [c].[Icon], [c].[IsActive], [c].[IsDefault], [c].[Name], [c].[Type], [c].[UserId], [p].[PaymentMethodId], [p].[CreatedDate], [p].[Icon], [p].[IsActive], [p].[IsDefault], [p].[Name], [p].[UserId]
FROM [Transactions] AS [t]
INNER JOIN [Categories] AS [c] ON [t].[CategoryId] = [c].[CategoryId]
LEFT JOIN [PaymentMethods] AS [p] ON [t].[PaymentMethodId] = [p].[PaymentMethodId]
WHERE [t].[UserId] = @userId AND [t].[TransactionDate] >= @monthStart AND [t].[TransactionDate] <= @today
2026-09-15 12:50:58.067 +05:30 [INF] Executed DbCommand (18ms) [Parameters=[@userId='?' (Size = 450), @prevMonthStart='?' (DbType = DateTime2), @prevMonthEnd='?' (DbType = DateTime2)], CommandType='"Text"', CommandTimeout='30']
SELECT [t].[TransactionId], [t].[Amount], [t].[CategoryId], [t].[CreatedDate], [t].[Description], [t].[Notes], [t].[PaymentMethodId], [t].[RecurringExpenseId], [t].[TransactionDate], [t].[Type], [t].[UpdatedDate], [t].[UserId], [c].[CategoryId], [c].[Color], [c].[CreatedDate], [c].[Icon], [c].[IsActive], [c].[IsDefault], [c].[Name], [c].[Type], [c].[UserId]
FROM [Transactions] AS [t]
INNER JOIN [Categories] AS [c] ON [t].[CategoryId] = [c].[CategoryId]
WHERE [t].[UserId] = @userId AND [t].[TransactionDate] >= @prevMonthStart AND [t].[TransactionDate] <= @prevMonthEnd
2026-09-15 12:50:58.081 +05:30 [INF] Executed DbCommand (13ms) [Parameters=[@userId='?' (Size = 450), @today_Month='?' (DbType = Int32), @today_Year='?' (DbType = Int32)], CommandType='"Text"', CommandTimeout='30']
SELECT [b1].[BudgetId], [b1].[CreatedDate], [b1].[Month], [b1].[Notes], [b1].[TotalBudget], [b1].[UpdatedDate], [b1].[UserId], [b1].[Year], [b0].[BudgetCategoryId], [b0].[Amount], [b0].[BudgetId], [b0].[CategoryId]
FROM (
    SELECT TOP(1) [b].[BudgetId], [b].[CreatedDate], [b].[Month], [b].[Notes], [b].[TotalBudget], [b].[UpdatedDate], [b].[UserId], [b].[Year]
    FROM [Budgets] AS [b]
    WHERE [b].[UserId] = @userId AND [b].[Month] = @today_Month AND [b].[Year] = @today_Year
) AS [b1]
LEFT JOIN [BudgetCategories] AS [b0] ON [b1].[BudgetId] = [b0].[BudgetId]
ORDER BY [b1].[BudgetId]
2026-09-15 12:50:58.088 +05:30 [INF] Executing ViewResult, running view Index.
2026-09-15 12:50:58.132 +05:30 [INF] Executed DbCommand (9ms) [Parameters=[@p='?' (Size = 450)], CommandType='"Text"', CommandTimeout='30']
SELECT TOP(1) [a].[Id], [a].[AccessFailedCount], [a].[ConcurrencyStamp], [a].[CreatedDate], [a].[Currency], [a].[DateFormat], [a].[Email], [a].[EmailConfirmed], [a].[FirstName], [a].[LastName], [a].[LockoutEnabled], [a].[LockoutEnd], [a].[NormalizedEmail], [a].[NormalizedUserName], [a].[PasswordHash], [a].[PhoneNumber], [a].[PhoneNumberConfirmed], [a].[SecurityStamp], [a].[Theme], [a].[TwoFactorEnabled], [a].[UserName]
FROM [AspNetUsers] AS [a]
WHERE [a].[Id] = @p
2026-09-15 12:50:58.137 +05:30 [INF] Executed ViewResult - view Index executed in 52.0039ms.
2026-09-15 12:50:58.138 +05:30 [INF] Executed action MyDailyExpenseTracker.Controllers.AiInsightsController.Index (MyDailyExpenseTracker) in 119.2818ms
2026-09-15 12:50:58.138 +05:30 [INF] Executed endpoint 'MyDailyExpenseTracker.Controllers.AiInsightsController.Index (MyDailyExpenseTracker)'
2026-09-15 12:50:58.138 +05:30 [INF] Request finished HTTP/1.1 GET http://localhost:5172/AiInsights - 200 null text/html; charset=utf-8 151.9528ms
2026-09-15 12:51:43.135 +05:30 [INF] Request starting HTTP/1.1 GET http://localhost:5172/ - null null
2026-09-15 12:51:43.137 +05:30 [INF] Executing endpoint 'MyDailyExpenseTracker.Controllers.DashboardController.Index (MyDailyExpenseTracker)'
2026-09-15 12:51:43.137 +05:30 [INF] Route matched with {action = "Index", controller = "Dashboard"}. Executing controller action with signature System.Threading.Tasks.Task`1[Microsoft.AspNetCore.Mvc.IActionResult] Index() on controller MyDailyExpenseTracker.Controllers.DashboardController (MyDailyExpenseTracker).
2026-09-15 12:51:43.159 +05:30 [INF] Executed DbCommand (14ms) [Parameters=[@userId='?' (Size = 450), @today='?' (DbType = DateTime2), @today2='?' (DbType = DateTime2)], CommandType='"Text"', CommandTimeout='30']
SELECT [r].[RecurringExpenseId], [r].[Amount], [r].[CategoryId], [r].[CreatedDate], [r].[EndDate], [r].[Frequency], [r].[IsActive], [r].[LastGeneratedDate], [r].[Name], [r].[Notes], [r].[PaymentMethodId], [r].[StartDate], [r].[Type], [r].[UserId]
FROM [RecurringExpenses] AS [r]
WHERE [r].[UserId] = @userId AND [r].[IsActive] = CAST(1 AS bit) AND [r].[StartDate] <= @today AND ([r].[EndDate] IS NULL OR [r].[EndDate] >= @today2)
2026-09-15 12:51:43.188 +05:30 [INF] Executed DbCommand (26ms) [Parameters=[@userId='?' (Size = 450), @today_Month='?' (DbType = Int32), @today_Year='?' (DbType = Int32)], CommandType='"Text"', CommandTimeout='30']
SELECT [b1].[BudgetId], [b1].[CreatedDate], [b1].[Month], [b1].[Notes], [b1].[TotalBudget], [b1].[UpdatedDate], [b1].[UserId], [b1].[Year], [s].[BudgetCategoryId], [s].[Amount], [s].[BudgetId], [s].[CategoryId], [s].[CategoryId0], [s].[Color], [s].[CreatedDate], [s].[Icon], [s].[IsActive], [s].[IsDefault], [s].[Name], [s].[Type], [s].[UserId]
FROM (
    SELECT TOP(1) [b].[BudgetId], [b].[CreatedDate], [b].[Month], [b].[Notes], [b].[TotalBudget], [b].[UpdatedDate], [b].[UserId], [b].[Year]
    FROM [Budgets] AS [b]
    WHERE [b].[UserId] = @userId AND [b].[Month] = @today_Month AND [b].[Year] = @today_Year
) AS [b1]
LEFT JOIN (
    SELECT [b0].[BudgetCategoryId], [b0].[Amount], [b0].[BudgetId], [b0].[CategoryId], [c].[CategoryId] AS [CategoryId0], [c].[Color], [c].[CreatedDate], [c].[Icon], [c].[IsActive], [c].[IsDefault], [c].[Name], [c].[Type], [c].[UserId]
    FROM [BudgetCategories] AS [b0]
    INNER JOIN [Categories] AS [c] ON [b0].[CategoryId] = [c].[CategoryId]
) AS [s] ON [b1].[BudgetId] = [s].[BudgetId]
ORDER BY [b1].[BudgetId], [s].[BudgetCategoryId]
2026-09-15 12:51:43.202 +05:30 [INF] Executed DbCommand (12ms) [Parameters=[@userId='?' (Size = 450), @monthStart='?' (DbType = DateTime2)], CommandType='"Text"', CommandTimeout='30']
SELECT COALESCE(SUM([t].[Amount]), 0.0)
FROM [Transactions] AS [t]
WHERE [t].[UserId] = @userId AND [t].[Type] = N'Expense' AND [t].[TransactionDate] >= @monthStart
2026-09-15 12:51:43.224 +05:30 [INF] Executed DbCommand (19ms) [Parameters=[@userId='?' (Size = 450), @today='?' (DbType = DateTime2)], CommandType='"Text"', CommandTimeout='30']
SELECT [t].[Type], COALESCE(SUM([t].[Amount]), 0.0) AS [Total]
FROM [Transactions] AS [t]
WHERE [t].[UserId] = @userId AND CONVERT(date, [t].[TransactionDate]) = @today
GROUP BY [t].[Type]
2026-09-15 12:51:43.234 +05:30 [INF] Executed DbCommand (9ms) [Parameters=[@userId='?' (Size = 450), @monthStart='?' (DbType = DateTime2), @today='?' (DbType = DateTime2)], CommandType='"Text"', CommandTimeout='30']
SELECT [t].[Type], COALESCE(SUM([t].[Amount]), 0.0) AS [Total]
FROM [Transactions] AS [t]
WHERE [t].[UserId] = @userId AND [t].[TransactionDate] >= @monthStart AND [t].[TransactionDate] <= @today
GROUP BY [t].[Type]
2026-09-15 12:51:43.246 +05:30 [INF] Executed DbCommand (9ms) [Parameters=[@userId='?' (Size = 450)], CommandType='"Text"', CommandTimeout='30']
SELECT COALESCE(SUM([t].[Amount]), 0.0)
FROM [Transactions] AS [t]
WHERE [t].[UserId] = @userId AND [t].[Type] = N'Income'
2026-09-15 12:51:43.260 +05:30 [INF] Executed DbCommand (13ms) [Parameters=[@userId='?' (Size = 450)], CommandType='"Text"', CommandTimeout='30']
SELECT COALESCE(SUM([t].[Amount]), 0.0)
FROM [Transactions] AS [t]
WHERE [t].[UserId] = @userId AND [t].[Type] = N'Expense'
2026-09-15 12:51:43.266 +05:30 [INF] Executed DbCommand (6ms) [Parameters=[@userId='?' (Size = 450)], CommandType='"Text"', CommandTimeout='30']
SELECT COUNT(*)
FROM [Transactions] AS [t]
WHERE [t].[UserId] = @userId
2026-09-15 12:51:43.276 +05:30 [INF] Executed DbCommand (8ms) [Parameters=[@userId='?' (Size = 450), @prevStart='?' (DbType = DateTime2), @prevEnd='?' (DbType = DateTime2)], CommandType='"Text"', CommandTimeout='30']
SELECT COALESCE(SUM([t].[Amount]), 0.0)
FROM [Transactions] AS [t]
WHERE [t].[UserId] = @userId AND [t].[Type] = N'Expense' AND [t].[TransactionDate] >= @prevStart AND [t].[TransactionDate] <= @prevEnd
2026-09-15 12:51:43.290 +05:30 [INF] Executed DbCommand (12ms) [Parameters=[@p='?' (DbType = Int32), @userId='?' (Size = 450)], CommandType='"Text"', CommandTimeout='30']
SELECT [t0].[TransactionId], [t0].[TransactionDate], [t0].[Description], [c].[Name] AS [CategoryName], [c].[Icon] AS [CategoryIcon], [c].[Color] AS [CategoryColor], [t0].[Type], [t0].[Amount], [p].[Name] AS [PaymentMethodName]
FROM (
    SELECT TOP(@p) [t].[TransactionId], [t].[Amount], [t].[CategoryId], [t].[CreatedDate], [t].[Description], [t].[PaymentMethodId], [t].[TransactionDate], [t].[Type]
    FROM [Transactions] AS [t]
    WHERE [t].[UserId] = @userId
    ORDER BY [t].[TransactionDate] DESC, [t].[CreatedDate] DESC
) AS [t0]
INNER JOIN [Categories] AS [c] ON [t0].[CategoryId] = [c].[CategoryId]
LEFT JOIN [PaymentMethods] AS [p] ON [t0].[PaymentMethodId] = [p].[PaymentMethodId]
ORDER BY [t0].[TransactionDate] DESC, [t0].[CreatedDate] DESC
2026-09-15 12:51:43.310 +05:30 [INF] Executed DbCommand (18ms) [Parameters=[@userId='?' (Size = 450), @sixMonthsAgo='?' (DbType = DateTime2)], CommandType='"Text"', CommandTimeout='30']
SELECT [t0].[Year], [t0].[Month], COALESCE(SUM([t0].[Amount]), 0.0) AS [Total]
FROM (
    SELECT [t].[Amount], DATEPART(year, [t].[TransactionDate]) AS [Year], DATEPART(month, [t].[TransactionDate]) AS [Month]
    FROM [Transactions] AS [t]
    WHERE [t].[UserId] = @userId AND [t].[Type] = N'Expense' AND [t].[TransactionDate] >= @sixMonthsAgo
) AS [t0]
GROUP BY [t0].[Year], [t0].[Month]
2026-09-15 12:51:43.322 +05:30 [INF] Executed DbCommand (11ms) [Parameters=[@userId='?' (Size = 450), @sixMonthsAgo='?' (DbType = DateTime2)], CommandType='"Text"', CommandTimeout='30']
SELECT [t0].[Year], [t0].[Month], [t0].[Type], COALESCE(SUM([t0].[Amount]), 0.0) AS [Total]
FROM (
    SELECT [t].[Amount], [t].[Type], DATEPART(year, [t].[TransactionDate]) AS [Year], DATEPART(month, [t].[TransactionDate]) AS [Month]
    FROM [Transactions] AS [t]
    WHERE [t].[UserId] = @userId AND [t].[TransactionDate] >= @sixMonthsAgo
) AS [t0]
GROUP BY [t0].[Year], [t0].[Month], [t0].[Type]
2026-09-15 12:51:43.340 +05:30 [INF] Executed DbCommand (17ms) [Parameters=[@p='?' (DbType = Int32), @userId='?' (Size = 450), @monthStart='?' (DbType = DateTime2), @today='?' (DbType = DateTime2)], CommandType='"Text"', CommandTimeout='30']
SELECT TOP(@p) [c].[Name] AS [Category], COALESCE(SUM([t].[Amount]), 0.0) AS [Total]
FROM [Transactions] AS [t]
INNER JOIN [Categories] AS [c] ON [t].[CategoryId] = [c].[CategoryId]
WHERE [t].[UserId] = @userId AND [t].[Type] = N'Expense' AND [t].[TransactionDate] >= @monthStart AND [t].[TransactionDate] <= @today
GROUP BY [c].[Name]
ORDER BY COALESCE(SUM([t].[Amount]), 0.0) DESC
2026-09-15 12:51:43.353 +05:30 [INF] Executed DbCommand (12ms) [Parameters=[@userId='?' (Size = 450), @monthStart='?' (DbType = DateTime2), @today='?' (DbType = DateTime2)], CommandType='"Text"', CommandTimeout='30']
SELECT [t0].[Key] AS [Day], COALESCE(SUM([t0].[Amount]), 0.0) AS [Total]
FROM (
    SELECT [t].[Amount], DATEPART(day, [t].[TransactionDate]) AS [Key]
    FROM [Transactions] AS [t]
    WHERE [t].[UserId] = @userId AND [t].[Type] = N'Expense' AND [t].[TransactionDate] >= @monthStart AND [t].[TransactionDate] <= @today
) AS [t0]
GROUP BY [t0].[Key]
2026-09-15 12:51:43.370 +05:30 [INF] Executed DbCommand (16ms) [Parameters=[@userId='?' (Size = 450), @monthStart='?' (DbType = DateTime2), @today='?' (DbType = DateTime2)], CommandType='"Text"', CommandTimeout='30']
SELECT [p].[Name] AS [Method], COALESCE(SUM([t].[Amount]), 0.0) AS [Total]
FROM [Transactions] AS [t]
LEFT JOIN [PaymentMethods] AS [p] ON [t].[PaymentMethodId] = [p].[PaymentMethodId]
WHERE [t].[UserId] = @userId AND [t].[Type] = N'Expense' AND [t].[TransactionDate] >= @monthStart AND [t].[TransactionDate] <= @today AND [t].[PaymentMethodId] IS NOT NULL
GROUP BY [p].[Name]
2026-09-15 12:51:43.375 +05:30 [INF] Executed DbCommand (4ms) [Parameters=[@userId='?' (Size = 450), @today_Month='?' (DbType = Int32), @today_Year='?' (DbType = Int32)], CommandType='"Text"', CommandTimeout='30']
SELECT TOP(1) [b].[BudgetId], [b].[CreatedDate], [b].[Month], [b].[Notes], [b].[TotalBudget], [b].[UpdatedDate], [b].[UserId], [b].[Year]
FROM [Budgets] AS [b]
WHERE [b].[UserId] = @userId AND [b].[Month] = @today_Month AND [b].[Year] = @today_Year
2026-09-15 12:51:43.382 +05:30 [INF] Executed DbCommand (6ms) [Parameters=[@userId='?' (Size = 450)], CommandType='"Text"', CommandTimeout='30']
SELECT COUNT(*)
FROM [Notifications] AS [n]
WHERE [n].[UserId] = @userId AND [n].[IsRead] = CAST(0 AS bit)
2026-09-15 12:51:43.395 +05:30 [INF] Executed DbCommand (11ms) [Parameters=[@userId='?' (Size = 450), @monthStart='?' (DbType = DateTime2), @today='?' (DbType = DateTime2)], CommandType='"Text"', CommandTimeout='30']
SELECT [t].[TransactionId], [t].[Amount], [t].[CategoryId], [t].[CreatedDate], [t].[Description], [t].[Notes], [t].[PaymentMethodId], [t].[RecurringExpenseId], [t].[TransactionDate], [t].[Type], [t].[UpdatedDate], [t].[UserId], [c].[CategoryId], [c].[Color], [c].[CreatedDate], [c].[Icon], [c].[IsActive], [c].[IsDefault], [c].[Name], [c].[Type], [c].[UserId], [p].[PaymentMethodId], [p].[CreatedDate], [p].[Icon], [p].[IsActive], [p].[IsDefault], [p].[Name], [p].[UserId]
FROM [Transactions] AS [t]
INNER JOIN [Categories] AS [c] ON [t].[CategoryId] = [c].[CategoryId]
LEFT JOIN [PaymentMethods] AS [p] ON [t].[PaymentMethodId] = [p].[PaymentMethodId]
WHERE [t].[UserId] = @userId AND [t].[TransactionDate] >= @monthStart AND [t].[TransactionDate] <= @today
2026-09-15 12:51:43.407 +05:30 [INF] Executed DbCommand (11ms) [Parameters=[@userId='?' (Size = 450), @prevMonthStart='?' (DbType = DateTime2), @prevMonthEnd='?' (DbType = DateTime2)], CommandType='"Text"', CommandTimeout='30']
SELECT [t].[TransactionId], [t].[Amount], [t].[CategoryId], [t].[CreatedDate], [t].[Description], [t].[Notes], [t].[PaymentMethodId], [t].[RecurringExpenseId], [t].[TransactionDate], [t].[Type], [t].[UpdatedDate], [t].[UserId], [c].[CategoryId], [c].[Color], [c].[CreatedDate], [c].[Icon], [c].[IsActive], [c].[IsDefault], [c].[Name], [c].[Type], [c].[UserId]
FROM [Transactions] AS [t]
INNER JOIN [Categories] AS [c] ON [t].[CategoryId] = [c].[CategoryId]
WHERE [t].[UserId] = @userId AND [t].[TransactionDate] >= @prevMonthStart AND [t].[TransactionDate] <= @prevMonthEnd
2026-09-15 12:51:43.416 +05:30 [INF] Executed DbCommand (7ms) [Parameters=[@userId='?' (Size = 450), @today_Month='?' (DbType = Int32), @today_Year='?' (DbType = Int32)], CommandType='"Text"', CommandTimeout='30']
SELECT [b1].[BudgetId], [b1].[CreatedDate], [b1].[Month], [b1].[Notes], [b1].[TotalBudget], [b1].[UpdatedDate], [b1].[UserId], [b1].[Year], [b0].[BudgetCategoryId], [b0].[Amount], [b0].[BudgetId], [b0].[CategoryId]
FROM (
    SELECT TOP(1) [b].[BudgetId], [b].[CreatedDate], [b].[Month], [b].[Notes], [b].[TotalBudget], [b].[UpdatedDate], [b].[UserId], [b].[Year]
    FROM [Budgets] AS [b]
    WHERE [b].[UserId] = @userId AND [b].[Month] = @today_Month AND [b].[Year] = @today_Year
) AS [b1]
LEFT JOIN [BudgetCategories] AS [b0] ON [b1].[BudgetId] = [b0].[BudgetId]
ORDER BY [b1].[BudgetId]
2026-09-15 12:51:43.417 +05:30 [INF] Executing ViewResult, running view Index.
2026-09-15 12:51:43.427 +05:30 [INF] Executed DbCommand (4ms) [Parameters=[@p='?' (Size = 450)], CommandType='"Text"', CommandTimeout='30']
SELECT TOP(1) [a].[Id], [a].[AccessFailedCount], [a].[ConcurrencyStamp], [a].[CreatedDate], [a].[Currency], [a].[DateFormat], [a].[Email], [a].[EmailConfirmed], [a].[FirstName], [a].[LastName], [a].[LockoutEnabled], [a].[LockoutEnd], [a].[NormalizedEmail], [a].[NormalizedUserName], [a].[PasswordHash], [a].[PhoneNumber], [a].[PhoneNumberConfirmed], [a].[SecurityStamp], [a].[Theme], [a].[TwoFactorEnabled], [a].[UserName]
FROM [AspNetUsers] AS [a]
WHERE [a].[Id] = @p
2026-09-15 12:51:43.440 +05:30 [INF] Executed ViewResult - view Index executed in 22.3485ms.
2026-09-15 12:51:43.440 +05:30 [INF] Executed action MyDailyExpenseTracker.Controllers.DashboardController.Index (MyDailyExpenseTracker) in 302.9537ms
2026-09-15 12:51:43.440 +05:30 [INF] Executed endpoint 'MyDailyExpenseTracker.Controllers.DashboardController.Index (MyDailyExpenseTracker)'
2026-09-15 12:51:43.440 +05:30 [INF] Request finished HTTP/1.1 GET http://localhost:5172/ - 200 null text/html; charset=utf-8 305.5944ms
2026-09-15 12:51:43.514 +05:30 [INF] Request starting HTTP/1.1 GET http://localhost:5172/css/site.css?v=ZhPtt2tQXoXldWfuRn0TMwnGb2qeExjzFYfGtrBB_2I - null null
2026-09-15 12:51:43.514 +05:30 [INF] The file /css/site.css was not modified
2026-09-15 12:51:43.514 +05:30 [INF] Request finished HTTP/1.1 GET http://localhost:5172/css/site.css?v=ZhPtt2tQXoXldWfuRn0TMwnGb2qeExjzFYfGtrBB_2I - 304 null text/css 0.8226ms
2026-09-15 12:51:43.527 +05:30 [INF] Request starting HTTP/1.1 GET http://localhost:5172/js/ai-assistant.js?v=VlXNTuJqYuT2_eSZFnOWSz6-qFPFiytSED3SbY57NIo - null null
2026-09-15 12:51:43.530 +05:30 [INF] The file /js/ai-assistant.js was not modified
2026-09-15 12:51:43.532 +05:30 [INF] Request finished HTTP/1.1 GET http://localhost:5172/js/ai-assistant.js?v=VlXNTuJqYuT2_eSZFnOWSz6-qFPFiytSED3SbY57NIo - 304 null text/javascript 3.6626ms
2026-09-15 12:51:45.184 +05:30 [INF] Request starting HTTP/1.1 GET http://localhost:5172/Transactions/Create?type=Expense - null null
2026-09-15 12:51:45.188 +05:30 [INF] Executing endpoint 'MyDailyExpenseTracker.Controllers.TransactionsController.Create (MyDailyExpenseTracker)'
2026-09-15 12:51:45.204 +05:30 [INF] Route matched with {action = "Create", controller = "Transactions"}. Executing controller action with signature System.Threading.Tasks.Task`1[Microsoft.AspNetCore.Mvc.IActionResult] Create(System.String) on controller MyDailyExpenseTracker.Controllers.TransactionsController (MyDailyExpenseTracker).
2026-09-15 12:51:45.242 +05:30 [INF] Executed DbCommand (14ms) [Parameters=[@userId='?' (Size = 450), @type='?' (Size = 10)], CommandType='"Text"', CommandTimeout='30']
SELECT CONVERT(varchar(11), [c].[CategoryId]) AS [Value], [c].[Name] AS [Text]
FROM [Categories] AS [c]
WHERE [c].[IsActive] = CAST(1 AS bit) AND ([c].[UserId] = @userId OR [c].[UserId] IS NULL) AND ([c].[Type] = @type OR [c].[Type] = N'Both')
ORDER BY [c].[Name]
2026-09-15 12:51:45.254 +05:30 [INF] Executed DbCommand (11ms) [Parameters=[@userId='?' (Size = 450)], CommandType='"Text"', CommandTimeout='30']
SELECT CONVERT(varchar(11), [p].[PaymentMethodId]) AS [Value], [p].[Name] AS [Text]
FROM [PaymentMethods] AS [p]
WHERE [p].[IsActive] = CAST(1 AS bit) AND ([p].[UserId] = @userId OR [p].[UserId] IS NULL)
ORDER BY [p].[Name]
2026-09-15 12:51:45.258 +05:30 [INF] Executing ViewResult, running view Create.
2026-09-15 12:51:45.368 +05:30 [INF] Executed DbCommand (6ms) [Parameters=[@p='?' (Size = 450)], CommandType='"Text"', CommandTimeout='30']
SELECT TOP(1) [a].[Id], [a].[AccessFailedCount], [a].[ConcurrencyStamp], [a].[CreatedDate], [a].[Currency], [a].[DateFormat], [a].[Email], [a].[EmailConfirmed], [a].[FirstName], [a].[LastName], [a].[LockoutEnabled], [a].[LockoutEnd], [a].[NormalizedEmail], [a].[NormalizedUserName], [a].[PasswordHash], [a].[PhoneNumber], [a].[PhoneNumberConfirmed], [a].[SecurityStamp], [a].[Theme], [a].[TwoFactorEnabled], [a].[UserName]
FROM [AspNetUsers] AS [a]
WHERE [a].[Id] = @p
2026-09-15 12:51:45.372 +05:30 [INF] Executed ViewResult - view Create executed in 116.5713ms.
2026-09-15 12:51:45.372 +05:30 [INF] Executed action MyDailyExpenseTracker.Controllers.TransactionsController.Create (MyDailyExpenseTracker) in 167.909ms
2026-09-15 12:51:45.372 +05:30 [INF] Executed endpoint 'MyDailyExpenseTracker.Controllers.TransactionsController.Create (MyDailyExpenseTracker)'
2026-09-15 12:51:45.372 +05:30 [INF] Request finished HTTP/1.1 GET http://localhost:5172/Transactions/Create?type=Expense - 200 null text/html; charset=utf-8 187.6217ms
2026-09-15 12:51:48.747 +05:30 [INF] Request starting HTTP/1.1 GET http://localhost:5172/Transactions/GetCategoriesByType?type=Income - null null
2026-09-15 12:51:48.754 +05:30 [INF] Executing endpoint 'MyDailyExpenseTracker.Controllers.TransactionsController.GetCategoriesByType (MyDailyExpenseTracker)'
2026-09-15 12:51:48.779 +05:30 [INF] Route matched with {action = "GetCategoriesByType", controller = "Transactions"}. Executing controller action with signature System.Threading.Tasks.Task`1[Microsoft.AspNetCore.Mvc.IActionResult] GetCategoriesByType(System.String) on controller MyDailyExpenseTracker.Controllers.TransactionsController (MyDailyExpenseTracker).
2026-09-15 12:51:48.835 +05:30 [INF] Executed DbCommand (43ms) [Parameters=[@userId='?' (Size = 450), @type='?' (Size = 10)], CommandType='"Text"', CommandTimeout='30']
SELECT CONVERT(varchar(11), [c].[CategoryId]) AS [Value], [c].[Name] AS [Text]
FROM [Categories] AS [c]
WHERE [c].[IsActive] = CAST(1 AS bit) AND ([c].[UserId] = @userId OR [c].[UserId] IS NULL) AND ([c].[Type] = @type OR [c].[Type] = N'Both')
ORDER BY [c].[Name]
2026-09-15 12:51:48.842 +05:30 [INF] Executing JsonResult, writing value of type 'System.Linq.Enumerable+ListSelectIterator`2[[Microsoft.AspNetCore.Mvc.Rendering.SelectListItem, Microsoft.AspNetCore.Mvc.ViewFeatures, Version=10.0.0.0, Culture=neutral, PublicKeyToken=adb9793829ddae60],[<>f__AnonymousType5`2[[System.String, System.Private.CoreLib, Version=10.0.0.0, Culture=neutral, PublicKeyToken=7cec85d7bea7798e],[System.String, System.Private.CoreLib, Version=10.0.0.0, Culture=neutral, PublicKeyToken=7cec85d7bea7798e]], MyDailyExpenseTracker, Version=1.0.0.0, Culture=neutral, PublicKeyToken=null]]'.
2026-09-15 12:51:48.879 +05:30 [INF] Executed action MyDailyExpenseTracker.Controllers.TransactionsController.GetCategoriesByType (MyDailyExpenseTracker) in 99.3048ms
2026-09-15 12:51:48.880 +05:30 [INF] Executed endpoint 'MyDailyExpenseTracker.Controllers.TransactionsController.GetCategoriesByType (MyDailyExpenseTracker)'
2026-09-15 12:51:48.880 +05:30 [INF] Request finished HTTP/1.1 GET http://localhost:5172/Transactions/GetCategoriesByType?type=Income - 200 null application/json; charset=utf-8 133.0644ms
2026-09-15 12:51:48.960 +05:30 [INF] Request starting HTTP/1.1 GET http://localhost:5172/Transactions/GetCategoriesByType?type=Income - null null
2026-09-15 12:51:48.964 +05:30 [INF] Executing endpoint 'MyDailyExpenseTracker.Controllers.TransactionsController.GetCategoriesByType (MyDailyExpenseTracker)'
2026-09-15 12:51:48.965 +05:30 [INF] Route matched with {action = "GetCategoriesByType", controller = "Transactions"}. Executing controller action with signature System.Threading.Tasks.Task`1[Microsoft.AspNetCore.Mvc.IActionResult] GetCategoriesByType(System.String) on controller MyDailyExpenseTracker.Controllers.TransactionsController (MyDailyExpenseTracker).
2026-09-15 12:51:48.986 +05:30 [INF] Executed DbCommand (17ms) [Parameters=[@userId='?' (Size = 450), @type='?' (Size = 10)], CommandType='"Text"', CommandTimeout='30']
SELECT CONVERT(varchar(11), [c].[CategoryId]) AS [Value], [c].[Name] AS [Text]
FROM [Categories] AS [c]
WHERE [c].[IsActive] = CAST(1 AS bit) AND ([c].[UserId] = @userId OR [c].[UserId] IS NULL) AND ([c].[Type] = @type OR [c].[Type] = N'Both')
ORDER BY [c].[Name]
2026-09-15 12:51:48.988 +05:30 [INF] Executing JsonResult, writing value of type 'System.Linq.Enumerable+ListSelectIterator`2[[Microsoft.AspNetCore.Mvc.Rendering.SelectListItem, Microsoft.AspNetCore.Mvc.ViewFeatures, Version=10.0.0.0, Culture=neutral, PublicKeyToken=adb9793829ddae60],[<>f__AnonymousType5`2[[System.String, System.Private.CoreLib, Version=10.0.0.0, Culture=neutral, PublicKeyToken=7cec85d7bea7798e],[System.String, System.Private.CoreLib, Version=10.0.0.0, Culture=neutral, PublicKeyToken=7cec85d7bea7798e]], MyDailyExpenseTracker, Version=1.0.0.0, Culture=neutral, PublicKeyToken=null]]'.
2026-09-15 12:51:48.990 +05:30 [INF] Executed action MyDailyExpenseTracker.Controllers.TransactionsController.GetCategoriesByType (MyDailyExpenseTracker) in 25.1981ms
2026-09-15 12:51:48.990 +05:30 [INF] Executed endpoint 'MyDailyExpenseTracker.Controllers.TransactionsController.GetCategoriesByType (MyDailyExpenseTracker)'
2026-09-15 12:51:48.991 +05:30 [INF] Request finished HTTP/1.1 GET http://localhost:5172/Transactions/GetCategoriesByType?type=Income - 200 null application/json; charset=utf-8 30.7207ms
2026-09-15 12:51:53.171 +05:30 [INF] Request starting HTTP/1.1 POST http://localhost:5172/Profile/SetTheme - application/x-www-form-urlencoded 11
2026-09-15 12:51:53.173 +05:30 [INF] Executing endpoint 'MyDailyExpenseTracker.Controllers.ProfileController.SetTheme (MyDailyExpenseTracker)'
2026-09-15 12:51:53.195 +05:30 [INF] Route matched with {action = "SetTheme", controller = "Profile"}. Executing controller action with signature System.Threading.Tasks.Task`1[Microsoft.AspNetCore.Mvc.IActionResult] SetTheme(System.String) on controller MyDailyExpenseTracker.Controllers.ProfileController (MyDailyExpenseTracker).
2026-09-15 12:51:53.236 +05:30 [INF] Executed DbCommand (11ms) [Parameters=[@p='?' (Size = 450)], CommandType='"Text"', CommandTimeout='30']
SELECT TOP(1) [a].[Id], [a].[AccessFailedCount], [a].[ConcurrencyStamp], [a].[CreatedDate], [a].[Currency], [a].[DateFormat], [a].[Email], [a].[EmailConfirmed], [a].[FirstName], [a].[LastName], [a].[LockoutEnabled], [a].[LockoutEnd], [a].[NormalizedEmail], [a].[NormalizedUserName], [a].[PasswordHash], [a].[PhoneNumber], [a].[PhoneNumberConfirmed], [a].[SecurityStamp], [a].[Theme], [a].[TwoFactorEnabled], [a].[UserName]
FROM [AspNetUsers] AS [a]
WHERE [a].[Id] = @p
2026-09-15 12:51:53.283 +05:30 [INF] Executed DbCommand (15ms) [Parameters=[@normalizedUserName='?' (Size = 256)], CommandType='"Text"', CommandTimeout='30']
SELECT TOP(1) [a].[Id], [a].[AccessFailedCount], [a].[ConcurrencyStamp], [a].[CreatedDate], [a].[Currency], [a].[DateFormat], [a].[Email], [a].[EmailConfirmed], [a].[FirstName], [a].[LastName], [a].[LockoutEnabled], [a].[LockoutEnd], [a].[NormalizedEmail], [a].[NormalizedUserName], [a].[PasswordHash], [a].[PhoneNumber], [a].[PhoneNumberConfirmed], [a].[SecurityStamp], [a].[Theme], [a].[TwoFactorEnabled], [a].[UserName]
FROM [AspNetUsers] AS [a]
WHERE [a].[NormalizedUserName] = @normalizedUserName
2026-09-15 12:51:53.323 +05:30 [INF] Executed DbCommand (7ms) [Parameters=[@normalizedEmail='?' (Size = 256)], CommandType='"Text"', CommandTimeout='30']
SELECT TOP(2) [a].[Id], [a].[AccessFailedCount], [a].[ConcurrencyStamp], [a].[CreatedDate], [a].[Currency], [a].[DateFormat], [a].[Email], [a].[EmailConfirmed], [a].[FirstName], [a].[LastName], [a].[LockoutEnabled], [a].[LockoutEnd], [a].[NormalizedEmail], [a].[NormalizedUserName], [a].[PasswordHash], [a].[PhoneNumber], [a].[PhoneNumberConfirmed], [a].[SecurityStamp], [a].[Theme], [a].[TwoFactorEnabled], [a].[UserName]
FROM [AspNetUsers] AS [a]
WHERE [a].[NormalizedEmail] = @normalizedEmail
2026-09-15 12:51:53.579 +05:30 [INF] Executed DbCommand (73ms) [Parameters=[@p20='?' (Size = 450), @p0='?' (DbType = Int32), @p1='?' (Size = 4000), @p21='?' (Size = 4000), @p2='?' (DbType = DateTime2), @p3='?' (Size = 10), @p4='?' (Size = 20), @p5='?' (Size = 256), @p6='?' (DbType = Boolean), @p7='?' (Size = 100), @p8='?' (Size = 100), @p9='?' (DbType = Boolean), @p10='?' (DbType = DateTimeOffset), @p11='?' (Size = 256), @p12='?' (Size = 256), @p13='?' (Size = 4000), @p14='?' (Size = 4000), @p15='?' (DbType = Boolean), @p16='?' (Size = 4000), @p17='?' (Size = 10), @p18='?' (DbType = Boolean), @p19='?' (Size = 256)], CommandType='"Text"', CommandTimeout='30']
SET IMPLICIT_TRANSACTIONS OFF;
SET NOCOUNT ON;
UPDATE [AspNetUsers] SET [AccessFailedCount] = @p0, [ConcurrencyStamp] = @p1, [CreatedDate] = @p2, [Currency] = @p3, [DateFormat] = @p4, [Email] = @p5, [EmailConfirmed] = @p6, [FirstName] = @p7, [LastName] = @p8, [LockoutEnabled] = @p9, [LockoutEnd] = @p10, [NormalizedEmail] = @p11, [NormalizedUserName] = @p12, [PasswordHash] = @p13, [PhoneNumber] = @p14, [PhoneNumberConfirmed] = @p15, [SecurityStamp] = @p16, [Theme] = @p17, [TwoFactorEnabled] = @p18, [UserName] = @p19
OUTPUT 1
WHERE [Id] = @p20 AND [ConcurrencyStamp] = @p21;
2026-09-15 12:51:53.613 +05:30 [INF] Executing StatusCodeResult, setting HTTP status code 200
2026-09-15 12:51:53.613 +05:30 [INF] Executed action MyDailyExpenseTracker.Controllers.ProfileController.SetTheme (MyDailyExpenseTracker) in 417.5216ms
2026-09-15 12:51:53.613 +05:30 [INF] Executed endpoint 'MyDailyExpenseTracker.Controllers.ProfileController.SetTheme (MyDailyExpenseTracker)'
2026-09-15 12:51:53.614 +05:30 [INF] Request finished HTTP/1.1 POST http://localhost:5172/Profile/SetTheme - 200 0 null 442.7361ms
2026-09-15 12:51:59.950 +05:30 [INF] Request starting HTTP/1.1 POST http://localhost:5172/Profile/SetTheme - application/x-www-form-urlencoded 10
2026-09-15 12:51:59.955 +05:30 [INF] Executing endpoint 'MyDailyExpenseTracker.Controllers.ProfileController.SetTheme (MyDailyExpenseTracker)'
2026-09-15 12:51:59.956 +05:30 [INF] Route matched with {action = "SetTheme", controller = "Profile"}. Executing controller action with signature System.Threading.Tasks.Task`1[Microsoft.AspNetCore.Mvc.IActionResult] SetTheme(System.String) on controller MyDailyExpenseTracker.Controllers.ProfileController (MyDailyExpenseTracker).
2026-09-15 12:51:59.973 +05:30 [INF] Executed DbCommand (10ms) [Parameters=[@p='?' (Size = 450)], CommandType='"Text"', CommandTimeout='30']
SELECT TOP(1) [a].[Id], [a].[AccessFailedCount], [a].[ConcurrencyStamp], [a].[CreatedDate], [a].[Currency], [a].[DateFormat], [a].[Email], [a].[EmailConfirmed], [a].[FirstName], [a].[LastName], [a].[LockoutEnabled], [a].[LockoutEnd], [a].[NormalizedEmail], [a].[NormalizedUserName], [a].[PasswordHash], [a].[PhoneNumber], [a].[PhoneNumberConfirmed], [a].[SecurityStamp], [a].[Theme], [a].[TwoFactorEnabled], [a].[UserName]
FROM [AspNetUsers] AS [a]
WHERE [a].[Id] = @p
2026-09-15 12:51:59.984 +05:30 [INF] Executed DbCommand (9ms) [Parameters=[@normalizedUserName='?' (Size = 256)], CommandType='"Text"', CommandTimeout='30']
SELECT TOP(1) [a].[Id], [a].[AccessFailedCount], [a].[ConcurrencyStamp], [a].[CreatedDate], [a].[Currency], [a].[DateFormat], [a].[Email], [a].[EmailConfirmed], [a].[FirstName], [a].[LastName], [a].[LockoutEnabled], [a].[LockoutEnd], [a].[NormalizedEmail], [a].[NormalizedUserName], [a].[PasswordHash], [a].[PhoneNumber], [a].[PhoneNumberConfirmed], [a].[SecurityStamp], [a].[Theme], [a].[TwoFactorEnabled], [a].[UserName]
FROM [AspNetUsers] AS [a]
WHERE [a].[NormalizedUserName] = @normalizedUserName
2026-09-15 12:51:59.994 +05:30 [INF] Executed DbCommand (9ms) [Parameters=[@normalizedEmail='?' (Size = 256)], CommandType='"Text"', CommandTimeout='30']
SELECT TOP(2) [a].[Id], [a].[AccessFailedCount], [a].[ConcurrencyStamp], [a].[CreatedDate], [a].[Currency], [a].[DateFormat], [a].[Email], [a].[EmailConfirmed], [a].[FirstName], [a].[LastName], [a].[LockoutEnabled], [a].[LockoutEnd], [a].[NormalizedEmail], [a].[NormalizedUserName], [a].[PasswordHash], [a].[PhoneNumber], [a].[PhoneNumberConfirmed], [a].[SecurityStamp], [a].[Theme], [a].[TwoFactorEnabled], [a].[UserName]
FROM [AspNetUsers] AS [a]
WHERE [a].[NormalizedEmail] = @normalizedEmail
2026-09-15 12:52:00.017 +05:30 [INF] Executed DbCommand (19ms) [Parameters=[@p20='?' (Size = 450), @p0='?' (DbType = Int32), @p1='?' (Size = 4000), @p21='?' (Size = 4000), @p2='?' (DbType = DateTime2), @p3='?' (Size = 10), @p4='?' (Size = 20), @p5='?' (Size = 256), @p6='?' (DbType = Boolean), @p7='?' (Size = 100), @p8='?' (Size = 100), @p9='?' (DbType = Boolean), @p10='?' (DbType = DateTimeOffset), @p11='?' (Size = 256), @p12='?' (Size = 256), @p13='?' (Size = 4000), @p14='?' (Size = 4000), @p15='?' (DbType = Boolean), @p16='?' (Size = 4000), @p17='?' (Size = 10), @p18='?' (DbType = Boolean), @p19='?' (Size = 256)], CommandType='"Text"', CommandTimeout='30']
SET IMPLICIT_TRANSACTIONS OFF;
SET NOCOUNT ON;
UPDATE [AspNetUsers] SET [AccessFailedCount] = @p0, [ConcurrencyStamp] = @p1, [CreatedDate] = @p2, [Currency] = @p3, [DateFormat] = @p4, [Email] = @p5, [EmailConfirmed] = @p6, [FirstName] = @p7, [LastName] = @p8, [LockoutEnabled] = @p9, [LockoutEnd] = @p10, [NormalizedEmail] = @p11, [NormalizedUserName] = @p12, [PasswordHash] = @p13, [PhoneNumber] = @p14, [PhoneNumberConfirmed] = @p15, [SecurityStamp] = @p16, [Theme] = @p17, [TwoFactorEnabled] = @p18, [UserName] = @p19
OUTPUT 1
WHERE [Id] = @p20 AND [ConcurrencyStamp] = @p21;
2026-09-15 12:52:00.019 +05:30 [INF] Executing StatusCodeResult, setting HTTP status code 200
2026-09-15 12:52:00.019 +05:30 [INF] Executed action MyDailyExpenseTracker.Controllers.ProfileController.SetTheme (MyDailyExpenseTracker) in 62.9469ms
2026-09-15 12:52:00.019 +05:30 [INF] Executed endpoint 'MyDailyExpenseTracker.Controllers.ProfileController.SetTheme (MyDailyExpenseTracker)'
2026-09-15 12:52:00.019 +05:30 [INF] Request finished HTTP/1.1 POST http://localhost:5172/Profile/SetTheme - 200 0 null 69.1948ms
2026-09-15 12:52:06.597 +05:30 [INF] Request starting HTTP/1.1 GET http://localhost:5172/ - null null
2026-09-15 12:52:06.601 +05:30 [INF] Executing endpoint 'MyDailyExpenseTracker.Controllers.DashboardController.Index (MyDailyExpenseTracker)'
2026-09-15 12:52:06.602 +05:30 [INF] Route matched with {action = "Index", controller = "Dashboard"}. Executing controller action with signature System.Threading.Tasks.Task`1[Microsoft.AspNetCore.Mvc.IActionResult] Index() on controller MyDailyExpenseTracker.Controllers.DashboardController (MyDailyExpenseTracker).
2026-09-15 12:52:06.627 +05:30 [INF] Executed DbCommand (15ms) [Parameters=[@userId='?' (Size = 450), @today='?' (DbType = DateTime2), @today2='?' (DbType = DateTime2)], CommandType='"Text"', CommandTimeout='30']
SELECT [r].[RecurringExpenseId], [r].[Amount], [r].[CategoryId], [r].[CreatedDate], [r].[EndDate], [r].[Frequency], [r].[IsActive], [r].[LastGeneratedDate], [r].[Name], [r].[Notes], [r].[PaymentMethodId], [r].[StartDate], [r].[Type], [r].[UserId]
FROM [RecurringExpenses] AS [r]
WHERE [r].[UserId] = @userId AND [r].[IsActive] = CAST(1 AS bit) AND [r].[StartDate] <= @today AND ([r].[EndDate] IS NULL OR [r].[EndDate] >= @today2)
2026-09-15 12:52:06.656 +05:30 [INF] Executed DbCommand (27ms) [Parameters=[@userId='?' (Size = 450), @today_Month='?' (DbType = Int32), @today_Year='?' (DbType = Int32)], CommandType='"Text"', CommandTimeout='30']
SELECT [b1].[BudgetId], [b1].[CreatedDate], [b1].[Month], [b1].[Notes], [b1].[TotalBudget], [b1].[UpdatedDate], [b1].[UserId], [b1].[Year], [s].[BudgetCategoryId], [s].[Amount], [s].[BudgetId], [s].[CategoryId], [s].[CategoryId0], [s].[Color], [s].[CreatedDate], [s].[Icon], [s].[IsActive], [s].[IsDefault], [s].[Name], [s].[Type], [s].[UserId]
FROM (
    SELECT TOP(1) [b].[BudgetId], [b].[CreatedDate], [b].[Month], [b].[Notes], [b].[TotalBudget], [b].[UpdatedDate], [b].[UserId], [b].[Year]
    FROM [Budgets] AS [b]
    WHERE [b].[UserId] = @userId AND [b].[Month] = @today_Month AND [b].[Year] = @today_Year
) AS [b1]
LEFT JOIN (
    SELECT [b0].[BudgetCategoryId], [b0].[Amount], [b0].[BudgetId], [b0].[CategoryId], [c].[CategoryId] AS [CategoryId0], [c].[Color], [c].[CreatedDate], [c].[Icon], [c].[IsActive], [c].[IsDefault], [c].[Name], [c].[Type], [c].[UserId]
    FROM [BudgetCategories] AS [b0]
    INNER JOIN [Categories] AS [c] ON [b0].[CategoryId] = [c].[CategoryId]
) AS [s] ON [b1].[BudgetId] = [s].[BudgetId]
ORDER BY [b1].[BudgetId], [s].[BudgetCategoryId]
2026-09-15 12:52:06.671 +05:30 [INF] Executed DbCommand (13ms) [Parameters=[@userId='?' (Size = 450), @monthStart='?' (DbType = DateTime2)], CommandType='"Text"', CommandTimeout='30']
SELECT COALESCE(SUM([t].[Amount]), 0.0)
FROM [Transactions] AS [t]
WHERE [t].[UserId] = @userId AND [t].[Type] = N'Expense' AND [t].[TransactionDate] >= @monthStart
2026-09-15 12:52:06.685 +05:30 [INF] Executed DbCommand (12ms) [Parameters=[@userId='?' (Size = 450), @today='?' (DbType = DateTime2)], CommandType='"Text"', CommandTimeout='30']
SELECT [t].[Type], COALESCE(SUM([t].[Amount]), 0.0) AS [Total]
FROM [Transactions] AS [t]
WHERE [t].[UserId] = @userId AND CONVERT(date, [t].[TransactionDate]) = @today
GROUP BY [t].[Type]
2026-09-15 12:52:06.696 +05:30 [INF] Executed DbCommand (9ms) [Parameters=[@userId='?' (Size = 450), @monthStart='?' (DbType = DateTime2), @today='?' (DbType = DateTime2)], CommandType='"Text"', CommandTimeout='30']
SELECT [t].[Type], COALESCE(SUM([t].[Amount]), 0.0) AS [Total]
FROM [Transactions] AS [t]
WHERE [t].[UserId] = @userId AND [t].[TransactionDate] >= @monthStart AND [t].[TransactionDate] <= @today
GROUP BY [t].[Type]
2026-09-15 12:52:06.720 +05:30 [INF] Executed DbCommand (18ms) [Parameters=[@userId='?' (Size = 450)], CommandType='"Text"', CommandTimeout='30']
SELECT COALESCE(SUM([t].[Amount]), 0.0)
FROM [Transactions] AS [t]
WHERE [t].[UserId] = @userId AND [t].[Type] = N'Income'
2026-09-15 12:52:06.731 +05:30 [INF] Executed DbCommand (10ms) [Parameters=[@userId='?' (Size = 450)], CommandType='"Text"', CommandTimeout='30']
SELECT COALESCE(SUM([t].[Amount]), 0.0)
FROM [Transactions] AS [t]
WHERE [t].[UserId] = @userId AND [t].[Type] = N'Expense'
2026-09-15 12:52:06.738 +05:30 [INF] Executed DbCommand (6ms) [Parameters=[@userId='?' (Size = 450)], CommandType='"Text"', CommandTimeout='30']
SELECT COUNT(*)
FROM [Transactions] AS [t]
WHERE [t].[UserId] = @userId
2026-09-15 12:52:06.752 +05:30 [INF] Executed DbCommand (12ms) [Parameters=[@userId='?' (Size = 450), @prevStart='?' (DbType = DateTime2), @prevEnd='?' (DbType = DateTime2)], CommandType='"Text"', CommandTimeout='30']
SELECT COALESCE(SUM([t].[Amount]), 0.0)
FROM [Transactions] AS [t]
WHERE [t].[UserId] = @userId AND [t].[Type] = N'Expense' AND [t].[TransactionDate] >= @prevStart AND [t].[TransactionDate] <= @prevEnd
2026-09-15 12:52:06.772 +05:30 [INF] Executed DbCommand (18ms) [Parameters=[@p='?' (DbType = Int32), @userId='?' (Size = 450)], CommandType='"Text"', CommandTimeout='30']
SELECT [t0].[TransactionId], [t0].[TransactionDate], [t0].[Description], [c].[Name] AS [CategoryName], [c].[Icon] AS [CategoryIcon], [c].[Color] AS [CategoryColor], [t0].[Type], [t0].[Amount], [p].[Name] AS [PaymentMethodName]
FROM (
    SELECT TOP(@p) [t].[TransactionId], [t].[Amount], [t].[CategoryId], [t].[CreatedDate], [t].[Description], [t].[PaymentMethodId], [t].[TransactionDate], [t].[Type]
    FROM [Transactions] AS [t]
    WHERE [t].[UserId] = @userId
    ORDER BY [t].[TransactionDate] DESC, [t].[CreatedDate] DESC
) AS [t0]
INNER JOIN [Categories] AS [c] ON [t0].[CategoryId] = [c].[CategoryId]
LEFT JOIN [PaymentMethods] AS [p] ON [t0].[PaymentMethodId] = [p].[PaymentMethodId]
ORDER BY [t0].[TransactionDate] DESC, [t0].[CreatedDate] DESC
2026-09-15 12:52:06.790 +05:30 [INF] Executed DbCommand (16ms) [Parameters=[@userId='?' (Size = 450), @sixMonthsAgo='?' (DbType = DateTime2)], CommandType='"Text"', CommandTimeout='30']
SELECT [t0].[Year], [t0].[Month], COALESCE(SUM([t0].[Amount]), 0.0) AS [Total]
FROM (
    SELECT [t].[Amount], DATEPART(year, [t].[TransactionDate]) AS [Year], DATEPART(month, [t].[TransactionDate]) AS [Month]
    FROM [Transactions] AS [t]
    WHERE [t].[UserId] = @userId AND [t].[Type] = N'Expense' AND [t].[TransactionDate] >= @sixMonthsAgo
) AS [t0]
GROUP BY [t0].[Year], [t0].[Month]
2026-09-15 12:52:06.805 +05:30 [INF] Executed DbCommand (13ms) [Parameters=[@userId='?' (Size = 450), @sixMonthsAgo='?' (DbType = DateTime2)], CommandType='"Text"', CommandTimeout='30']
SELECT [t0].[Year], [t0].[Month], [t0].[Type], COALESCE(SUM([t0].[Amount]), 0.0) AS [Total]
FROM (
    SELECT [t].[Amount], [t].[Type], DATEPART(year, [t].[TransactionDate]) AS [Year], DATEPART(month, [t].[TransactionDate]) AS [Month]
    FROM [Transactions] AS [t]
    WHERE [t].[UserId] = @userId AND [t].[TransactionDate] >= @sixMonthsAgo
) AS [t0]
GROUP BY [t0].[Year], [t0].[Month], [t0].[Type]
2026-09-15 12:52:06.825 +05:30 [INF] Executed DbCommand (18ms) [Parameters=[@p='?' (DbType = Int32), @userId='?' (Size = 450), @monthStart='?' (DbType = DateTime2), @today='?' (DbType = DateTime2)], CommandType='"Text"', CommandTimeout='30']
SELECT TOP(@p) [c].[Name] AS [Category], COALESCE(SUM([t].[Amount]), 0.0) AS [Total]
FROM [Transactions] AS [t]
INNER JOIN [Categories] AS [c] ON [t].[CategoryId] = [c].[CategoryId]
WHERE [t].[UserId] = @userId AND [t].[Type] = N'Expense' AND [t].[TransactionDate] >= @monthStart AND [t].[TransactionDate] <= @today
GROUP BY [c].[Name]
ORDER BY COALESCE(SUM([t].[Amount]), 0.0) DESC
2026-09-15 12:52:06.841 +05:30 [INF] Executed DbCommand (14ms) [Parameters=[@userId='?' (Size = 450), @monthStart='?' (DbType = DateTime2), @today='?' (DbType = DateTime2)], CommandType='"Text"', CommandTimeout='30']
SELECT [t0].[Key] AS [Day], COALESCE(SUM([t0].[Amount]), 0.0) AS [Total]
FROM (
    SELECT [t].[Amount], DATEPART(day, [t].[TransactionDate]) AS [Key]
    FROM [Transactions] AS [t]
    WHERE [t].[UserId] = @userId AND [t].[Type] = N'Expense' AND [t].[TransactionDate] >= @monthStart AND [t].[TransactionDate] <= @today
) AS [t0]
GROUP BY [t0].[Key]
2026-09-15 12:52:06.860 +05:30 [INF] Executed DbCommand (17ms) [Parameters=[@userId='?' (Size = 450), @monthStart='?' (DbType = DateTime2), @today='?' (DbType = DateTime2)], CommandType='"Text"', CommandTimeout='30']
SELECT [p].[Name] AS [Method], COALESCE(SUM([t].[Amount]), 0.0) AS [Total]
FROM [Transactions] AS [t]
LEFT JOIN [PaymentMethods] AS [p] ON [t].[PaymentMethodId] = [p].[PaymentMethodId]
WHERE [t].[UserId] = @userId AND [t].[Type] = N'Expense' AND [t].[TransactionDate] >= @monthStart AND [t].[TransactionDate] <= @today AND [t].[PaymentMethodId] IS NOT NULL
GROUP BY [p].[Name]
2026-09-15 12:52:06.867 +05:30 [INF] Executed DbCommand (6ms) [Parameters=[@userId='?' (Size = 450), @today_Month='?' (DbType = Int32), @today_Year='?' (DbType = Int32)], CommandType='"Text"', CommandTimeout='30']
SELECT TOP(1) [b].[BudgetId], [b].[CreatedDate], [b].[Month], [b].[Notes], [b].[TotalBudget], [b].[UpdatedDate], [b].[UserId], [b].[Year]
FROM [Budgets] AS [b]
WHERE [b].[UserId] = @userId AND [b].[Month] = @today_Month AND [b].[Year] = @today_Year
2026-09-15 12:52:06.874 +05:30 [INF] Executed DbCommand (5ms) [Parameters=[@userId='?' (Size = 450)], CommandType='"Text"', CommandTimeout='30']
SELECT COUNT(*)
FROM [Notifications] AS [n]
WHERE [n].[UserId] = @userId AND [n].[IsRead] = CAST(0 AS bit)
2026-09-15 12:52:06.888 +05:30 [INF] Executed DbCommand (13ms) [Parameters=[@userId='?' (Size = 450), @monthStart='?' (DbType = DateTime2), @today='?' (DbType = DateTime2)], CommandType='"Text"', CommandTimeout='30']
SELECT [t].[TransactionId], [t].[Amount], [t].[CategoryId], [t].[CreatedDate], [t].[Description], [t].[Notes], [t].[PaymentMethodId], [t].[RecurringExpenseId], [t].[TransactionDate], [t].[Type], [t].[UpdatedDate], [t].[UserId], [c].[CategoryId], [c].[Color], [c].[CreatedDate], [c].[Icon], [c].[IsActive], [c].[IsDefault], [c].[Name], [c].[Type], [c].[UserId], [p].[PaymentMethodId], [p].[CreatedDate], [p].[Icon], [p].[IsActive], [p].[IsDefault], [p].[Name], [p].[UserId]
FROM [Transactions] AS [t]
INNER JOIN [Categories] AS [c] ON [t].[CategoryId] = [c].[CategoryId]
LEFT JOIN [PaymentMethods] AS [p] ON [t].[PaymentMethodId] = [p].[PaymentMethodId]
WHERE [t].[UserId] = @userId AND [t].[TransactionDate] >= @monthStart AND [t].[TransactionDate] <= @today
2026-09-15 12:52:06.898 +05:30 [INF] Executed DbCommand (8ms) [Parameters=[@userId='?' (Size = 450), @prevMonthStart='?' (DbType = DateTime2), @prevMonthEnd='?' (DbType = DateTime2)], CommandType='"Text"', CommandTimeout='30']
SELECT [t].[TransactionId], [t].[Amount], [t].[CategoryId], [t].[CreatedDate], [t].[Description], [t].[Notes], [t].[PaymentMethodId], [t].[RecurringExpenseId], [t].[TransactionDate], [t].[Type], [t].[UpdatedDate], [t].[UserId], [c].[CategoryId], [c].[Color], [c].[CreatedDate], [c].[Icon], [c].[IsActive], [c].[IsDefault], [c].[Name], [c].[Type], [c].[UserId]
FROM [Transactions] AS [t]
INNER JOIN [Categories] AS [c] ON [t].[CategoryId] = [c].[CategoryId]
WHERE [t].[UserId] = @userId AND [t].[TransactionDate] >= @prevMonthStart AND [t].[TransactionDate] <= @prevMonthEnd
2026-09-15 12:52:06.908 +05:30 [INF] Executed DbCommand (10ms) [Parameters=[@userId='?' (Size = 450), @today_Month='?' (DbType = Int32), @today_Year='?' (DbType = Int32)], CommandType='"Text"', CommandTimeout='30']
SELECT [b1].[BudgetId], [b1].[CreatedDate], [b1].[Month], [b1].[Notes], [b1].[TotalBudget], [b1].[UpdatedDate], [b1].[UserId], [b1].[Year], [b0].[BudgetCategoryId], [b0].[Amount], [b0].[BudgetId], [b0].[CategoryId]
FROM (
    SELECT TOP(1) [b].[BudgetId], [b].[CreatedDate], [b].[Month], [b].[Notes], [b].[TotalBudget], [b].[UpdatedDate], [b].[UserId], [b].[Year]
    FROM [Budgets] AS [b]
    WHERE [b].[UserId] = @userId AND [b].[Month] = @today_Month AND [b].[Year] = @today_Year
) AS [b1]
LEFT JOIN [BudgetCategories] AS [b0] ON [b1].[BudgetId] = [b0].[BudgetId]
ORDER BY [b1].[BudgetId]
2026-09-15 12:52:06.909 +05:30 [INF] Executing ViewResult, running view Index.
2026-09-15 12:52:06.921 +05:30 [INF] Executed DbCommand (7ms) [Parameters=[@p='?' (Size = 450)], CommandType='"Text"', CommandTimeout='30']
SELECT TOP(1) [a].[Id], [a].[AccessFailedCount], [a].[ConcurrencyStamp], [a].[CreatedDate], [a].[Currency], [a].[DateFormat], [a].[Email], [a].[EmailConfirmed], [a].[FirstName], [a].[LastName], [a].[LockoutEnabled], [a].[LockoutEnd], [a].[NormalizedEmail], [a].[NormalizedUserName], [a].[PasswordHash], [a].[PhoneNumber], [a].[PhoneNumberConfirmed], [a].[SecurityStamp], [a].[Theme], [a].[TwoFactorEnabled], [a].[UserName]
FROM [AspNetUsers] AS [a]
WHERE [a].[Id] = @p
2026-09-15 12:52:06.924 +05:30 [INF] Executed ViewResult - view Index executed in 14.7937ms.
2026-09-15 12:52:06.924 +05:30 [INF] Executed action MyDailyExpenseTracker.Controllers.DashboardController.Index (MyDailyExpenseTracker) in 321.9888ms
2026-09-15 12:52:06.924 +05:30 [INF] Executed endpoint 'MyDailyExpenseTracker.Controllers.DashboardController.Index (MyDailyExpenseTracker)'
2026-09-15 12:52:06.925 +05:30 [INF] Request finished HTTP/1.1 GET http://localhost:5172/ - 200 null text/html; charset=utf-8 327.1178ms
2026-09-15 12:52:09.447 +05:30 [INF] Request starting HTTP/1.1 GET http://localhost:5172/Budget - null null
2026-09-15 12:52:09.448 +05:30 [INF] Executing endpoint 'MyDailyExpenseTracker.Controllers.BudgetController.Index (MyDailyExpenseTracker)'
2026-09-15 12:52:09.449 +05:30 [INF] Route matched with {action = "Index", controller = "Budget"}. Executing controller action with signature System.Threading.Tasks.Task`1[Microsoft.AspNetCore.Mvc.IActionResult] Index(Int32, Int32) on controller MyDailyExpenseTracker.Controllers.BudgetController (MyDailyExpenseTracker).
2026-09-15 12:52:09.500 +05:30 [INF] Executed DbCommand (48ms) [Parameters=[@userId='?' (Size = 450), @month='?' (DbType = Int32), @year='?' (DbType = Int32)], CommandType='"Text"', CommandTimeout='30']
SELECT [b1].[BudgetId], [b1].[CreatedDate], [b1].[Month], [b1].[Notes], [b1].[TotalBudget], [b1].[UpdatedDate], [b1].[UserId], [b1].[Year], [s].[BudgetCategoryId], [s].[Amount], [s].[BudgetId], [s].[CategoryId], [s].[CategoryId0], [s].[Color], [s].[CreatedDate], [s].[Icon], [s].[IsActive], [s].[IsDefault], [s].[Name], [s].[Type], [s].[UserId]
FROM (
    SELECT TOP(1) [b].[BudgetId], [b].[CreatedDate], [b].[Month], [b].[Notes], [b].[TotalBudget], [b].[UpdatedDate], [b].[UserId], [b].[Year]
    FROM [Budgets] AS [b]
    WHERE [b].[UserId] = @userId AND [b].[Month] = @month AND [b].[Year] = @year
) AS [b1]
LEFT JOIN (
    SELECT [b0].[BudgetCategoryId], [b0].[Amount], [b0].[BudgetId], [b0].[CategoryId], [c].[CategoryId] AS [CategoryId0], [c].[Color], [c].[CreatedDate], [c].[Icon], [c].[IsActive], [c].[IsDefault], [c].[Name], [c].[Type], [c].[UserId]
    FROM [BudgetCategories] AS [b0]
    INNER JOIN [Categories] AS [c] ON [b0].[CategoryId] = [c].[CategoryId]
) AS [s] ON [b1].[BudgetId] = [s].[BudgetId]
ORDER BY [b1].[BudgetId], [s].[BudgetCategoryId]
2026-09-15 12:52:09.518 +05:30 [INF] Executed DbCommand (17ms) [Parameters=[@userId='?' (Size = 450)], CommandType='"Text"', CommandTimeout='30']
SELECT [t].[CategoryId], COUNT(*) AS [Count]
FROM [Transactions] AS [t]
WHERE [t].[UserId] = @userId
GROUP BY [t].[CategoryId]
2026-09-15 12:52:09.528 +05:30 [INF] Executed DbCommand (8ms) [Parameters=[@userId='?' (Size = 450)], CommandType='"Text"', CommandTimeout='30']
SELECT [c].[CategoryId], [c].[Name], [c].[Icon], [c].[Color], [c].[Type], [c].[IsDefault]
FROM [Categories] AS [c]
WHERE [c].[IsActive] = CAST(1 AS bit) AND ([c].[UserId] = @userId OR [c].[UserId] IS NULL)
ORDER BY [c].[Type], [c].[Name]
2026-09-15 12:52:09.540 +05:30 [INF] Executed DbCommand (11ms) [Parameters=[@userId='?' (Size = 450), @monthStart='?' (DbType = DateTime2), @monthEnd='?' (DbType = DateTime2)], CommandType='"Text"', CommandTimeout='30']
SELECT [t].[CategoryId], COALESCE(SUM([t].[Amount]), 0.0) AS [Total]
FROM [Transactions] AS [t]
WHERE [t].[UserId] = @userId AND [t].[Type] = N'Expense' AND [t].[TransactionDate] >= @monthStart AND [t].[TransactionDate] <= @monthEnd
GROUP BY [t].[CategoryId]
2026-09-15 12:52:09.541 +05:30 [INF] Executing ViewResult, running view Index.
2026-09-15 12:52:09.552 +05:30 [INF] Executed DbCommand (6ms) [Parameters=[@p='?' (Size = 450)], CommandType='"Text"', CommandTimeout='30']
SELECT TOP(1) [a].[Id], [a].[AccessFailedCount], [a].[ConcurrencyStamp], [a].[CreatedDate], [a].[Currency], [a].[DateFormat], [a].[Email], [a].[EmailConfirmed], [a].[FirstName], [a].[LastName], [a].[LockoutEnabled], [a].[LockoutEnd], [a].[NormalizedEmail], [a].[NormalizedUserName], [a].[PasswordHash], [a].[PhoneNumber], [a].[PhoneNumberConfirmed], [a].[SecurityStamp], [a].[Theme], [a].[TwoFactorEnabled], [a].[UserName]
FROM [AspNetUsers] AS [a]
WHERE [a].[Id] = @p
2026-09-15 12:52:09.579 +05:30 [INF] Executed ViewResult - view Index executed in 38.1579ms.
2026-09-15 12:52:09.579 +05:30 [INF] Executed action MyDailyExpenseTracker.Controllers.BudgetController.Index (MyDailyExpenseTracker) in 130.5439ms
2026-09-15 12:52:09.579 +05:30 [INF] Executed endpoint 'MyDailyExpenseTracker.Controllers.BudgetController.Index (MyDailyExpenseTracker)'
2026-09-15 12:52:09.580 +05:30 [INF] Request finished HTTP/1.1 GET http://localhost:5172/Budget - 200 null text/html; charset=utf-8 133.8054ms
2026-09-15 12:52:12.446 +05:30 [INF] Request starting HTTP/1.1 GET http://localhost:5172/PaymentMethods - null null
2026-09-15 12:52:12.454 +05:30 [INF] Executing endpoint 'MyDailyExpenseTracker.Controllers.PaymentMethodsController.Index (MyDailyExpenseTracker)'
2026-09-15 12:52:12.454 +05:30 [INF] Route matched with {action = "Index", controller = "PaymentMethods"}. Executing controller action with signature System.Threading.Tasks.Task`1[Microsoft.AspNetCore.Mvc.IActionResult] Index() on controller MyDailyExpenseTracker.Controllers.PaymentMethodsController (MyDailyExpenseTracker).
2026-09-15 12:52:12.496 +05:30 [INF] Executed DbCommand (37ms) [Parameters=[@userId='?' (Size = 450)], CommandType='"Text"', CommandTimeout='30']
SELECT [t].[PaymentMethodId] AS [MethodId], COUNT(*) AS [Count]
FROM [Transactions] AS [t]
WHERE [t].[UserId] = @userId AND [t].[PaymentMethodId] IS NOT NULL
GROUP BY [t].[PaymentMethodId]
2026-09-15 12:52:12.523 +05:30 [INF] Executed DbCommand (24ms) [Parameters=[@userId='?' (Size = 450)], CommandType='"Text"', CommandTimeout='30']
SELECT [p].[PaymentMethodId], [p].[Name], [p].[Icon], [p].[IsDefault]
FROM [PaymentMethods] AS [p]
WHERE [p].[IsActive] = CAST(1 AS bit) AND ([p].[UserId] = @userId OR [p].[UserId] IS NULL)
ORDER BY [p].[Name]
2026-09-15 12:52:12.524 +05:30 [INF] Executing ViewResult, running view Index.
2026-09-15 12:52:12.544 +05:30 [INF] Executed DbCommand (17ms) [Parameters=[@p='?' (Size = 450)], CommandType='"Text"', CommandTimeout='30']
SELECT TOP(1) [a].[Id], [a].[AccessFailedCount], [a].[ConcurrencyStamp], [a].[CreatedDate], [a].[Currency], [a].[DateFormat], [a].[Email], [a].[EmailConfirmed], [a].[FirstName], [a].[LastName], [a].[LockoutEnabled], [a].[LockoutEnd], [a].[NormalizedEmail], [a].[NormalizedUserName], [a].[PasswordHash], [a].[PhoneNumber], [a].[PhoneNumberConfirmed], [a].[SecurityStamp], [a].[Theme], [a].[TwoFactorEnabled], [a].[UserName]
FROM [AspNetUsers] AS [a]
WHERE [a].[Id] = @p
2026-09-15 12:52:12.549 +05:30 [INF] Executed ViewResult - view Index executed in 25.7392ms.
2026-09-15 12:52:12.550 +05:30 [INF] Executed action MyDailyExpenseTracker.Controllers.PaymentMethodsController.Index (MyDailyExpenseTracker) in 95.5598ms
2026-09-15 12:52:12.550 +05:30 [INF] Executed endpoint 'MyDailyExpenseTracker.Controllers.PaymentMethodsController.Index (MyDailyExpenseTracker)'
2026-09-15 12:52:12.550 +05:30 [INF] Request finished HTTP/1.1 GET http://localhost:5172/PaymentMethods - 200 null text/html; charset=utf-8 104.3159ms
2026-09-15 12:52:13.762 +05:30 [INF] Request starting HTTP/1.1 GET http://localhost:5172/Categories - null null
2026-09-15 12:52:13.764 +05:30 [INF] Executing endpoint 'MyDailyExpenseTracker.Controllers.CategoriesController.Index (MyDailyExpenseTracker)'
2026-09-15 12:52:13.764 +05:30 [INF] Route matched with {action = "Index", controller = "Categories"}. Executing controller action with signature System.Threading.Tasks.Task`1[Microsoft.AspNetCore.Mvc.IActionResult] Index() on controller MyDailyExpenseTracker.Controllers.CategoriesController (MyDailyExpenseTracker).
2026-09-15 12:52:13.781 +05:30 [INF] Executed DbCommand (15ms) [Parameters=[@userId='?' (Size = 450)], CommandType='"Text"', CommandTimeout='30']
SELECT [t].[CategoryId], COUNT(*) AS [Count]
FROM [Transactions] AS [t]
WHERE [t].[UserId] = @userId
GROUP BY [t].[CategoryId]
2026-09-15 12:52:13.789 +05:30 [INF] Executed DbCommand (7ms) [Parameters=[@userId='?' (Size = 450)], CommandType='"Text"', CommandTimeout='30']
SELECT [c].[CategoryId], [c].[Name], [c].[Icon], [c].[Color], [c].[Type], [c].[IsDefault]
FROM [Categories] AS [c]
WHERE [c].[IsActive] = CAST(1 AS bit) AND ([c].[UserId] = @userId OR [c].[UserId] IS NULL)
ORDER BY [c].[Type], [c].[Name]
2026-09-15 12:52:13.790 +05:30 [INF] Executing ViewResult, running view Index.
2026-09-15 12:52:13.799 +05:30 [INF] Executed DbCommand (7ms) [Parameters=[@p='?' (Size = 450)], CommandType='"Text"', CommandTimeout='30']
SELECT TOP(1) [a].[Id], [a].[AccessFailedCount], [a].[ConcurrencyStamp], [a].[CreatedDate], [a].[Currency], [a].[DateFormat], [a].[Email], [a].[EmailConfirmed], [a].[FirstName], [a].[LastName], [a].[LockoutEnabled], [a].[LockoutEnd], [a].[NormalizedEmail], [a].[NormalizedUserName], [a].[PasswordHash], [a].[PhoneNumber], [a].[PhoneNumberConfirmed], [a].[SecurityStamp], [a].[Theme], [a].[TwoFactorEnabled], [a].[UserName]
FROM [AspNetUsers] AS [a]
WHERE [a].[Id] = @p
2026-09-15 12:52:13.802 +05:30 [INF] Executed ViewResult - view Index executed in 11.8894ms.
2026-09-15 12:52:13.802 +05:30 [INF] Executed action MyDailyExpenseTracker.Controllers.CategoriesController.Index (MyDailyExpenseTracker) in 37.5987ms
2026-09-15 12:52:13.802 +05:30 [INF] Executed endpoint 'MyDailyExpenseTracker.Controllers.CategoriesController.Index (MyDailyExpenseTracker)'
2026-09-15 12:52:13.802 +05:30 [INF] Request finished HTTP/1.1 GET http://localhost:5172/Categories - 200 null text/html; charset=utf-8 39.9388ms
2026-09-15 12:52:17.872 +05:30 [INF] Request starting HTTP/1.1 GET http://localhost:5172/Categories - null null
2026-09-15 12:52:17.873 +05:30 [INF] Executing endpoint 'MyDailyExpenseTracker.Controllers.CategoriesController.Index (MyDailyExpenseTracker)'
2026-09-15 12:52:17.874 +05:30 [INF] Route matched with {action = "Index", controller = "Categories"}. Executing controller action with signature System.Threading.Tasks.Task`1[Microsoft.AspNetCore.Mvc.IActionResult] Index() on controller MyDailyExpenseTracker.Controllers.CategoriesController (MyDailyExpenseTracker).
2026-09-15 12:52:17.918 +05:30 [INF] Executed DbCommand (39ms) [Parameters=[@userId='?' (Size = 450)], CommandType='"Text"', CommandTimeout='30']
SELECT [t].[CategoryId], COUNT(*) AS [Count]
FROM [Transactions] AS [t]
WHERE [t].[UserId] = @userId
GROUP BY [t].[CategoryId]
2026-09-15 12:52:17.953 +05:30 [INF] Executed DbCommand (28ms) [Parameters=[@userId='?' (Size = 450)], CommandType='"Text"', CommandTimeout='30']
SELECT [c].[CategoryId], [c].[Name], [c].[Icon], [c].[Color], [c].[Type], [c].[IsDefault]
FROM [Categories] AS [c]
WHERE [c].[IsActive] = CAST(1 AS bit) AND ([c].[UserId] = @userId OR [c].[UserId] IS NULL)
ORDER BY [c].[Type], [c].[Name]
2026-09-15 12:52:17.954 +05:30 [INF] Executing ViewResult, running view Index.
2026-09-15 12:52:17.984 +05:30 [INF] Executed DbCommand (23ms) [Parameters=[@p='?' (Size = 450)], CommandType='"Text"', CommandTimeout='30']
SELECT TOP(1) [a].[Id], [a].[AccessFailedCount], [a].[ConcurrencyStamp], [a].[CreatedDate], [a].[Currency], [a].[DateFormat], [a].[Email], [a].[EmailConfirmed], [a].[FirstName], [a].[LastName], [a].[LockoutEnabled], [a].[LockoutEnd], [a].[NormalizedEmail], [a].[NormalizedUserName], [a].[PasswordHash], [a].[PhoneNumber], [a].[PhoneNumberConfirmed], [a].[SecurityStamp], [a].[Theme], [a].[TwoFactorEnabled], [a].[UserName]
FROM [AspNetUsers] AS [a]
WHERE [a].[Id] = @p
2026-09-15 12:52:17.987 +05:30 [INF] Executed ViewResult - view Index executed in 33.7164ms.
2026-09-15 12:52:17.988 +05:30 [INF] Executed action MyDailyExpenseTracker.Controllers.CategoriesController.Index (MyDailyExpenseTracker) in 113.8534ms
2026-09-15 12:52:17.990 +05:30 [INF] Executed endpoint 'MyDailyExpenseTracker.Controllers.CategoriesController.Index (MyDailyExpenseTracker)'
2026-09-15 12:52:17.990 +05:30 [INF] Request finished HTTP/1.1 GET http://localhost:5172/Categories - 200 null text/html; charset=utf-8 118.1702ms
2026-09-15 12:52:23.956 +05:30 [INF] Request starting HTTP/1.1 GET http://localhost:5172/ - null null
2026-09-15 12:52:23.959 +05:30 [INF] Executing endpoint 'MyDailyExpenseTracker.Controllers.DashboardController.Index (MyDailyExpenseTracker)'
2026-09-15 12:52:23.959 +05:30 [INF] Route matched with {action = "Index", controller = "Dashboard"}. Executing controller action with signature System.Threading.Tasks.Task`1[Microsoft.AspNetCore.Mvc.IActionResult] Index() on controller MyDailyExpenseTracker.Controllers.DashboardController (MyDailyExpenseTracker).
2026-09-15 12:52:23.987 +05:30 [INF] Executed DbCommand (24ms) [Parameters=[@userId='?' (Size = 450), @today='?' (DbType = DateTime2), @today2='?' (DbType = DateTime2)], CommandType='"Text"', CommandTimeout='30']
SELECT [r].[RecurringExpenseId], [r].[Amount], [r].[CategoryId], [r].[CreatedDate], [r].[EndDate], [r].[Frequency], [r].[IsActive], [r].[LastGeneratedDate], [r].[Name], [r].[Notes], [r].[PaymentMethodId], [r].[StartDate], [r].[Type], [r].[UserId]
FROM [RecurringExpenses] AS [r]
WHERE [r].[UserId] = @userId AND [r].[IsActive] = CAST(1 AS bit) AND [r].[StartDate] <= @today AND ([r].[EndDate] IS NULL OR [r].[EndDate] >= @today2)
2026-09-15 12:52:24.032 +05:30 [INF] Executed DbCommand (44ms) [Parameters=[@userId='?' (Size = 450), @today_Month='?' (DbType = Int32), @today_Year='?' (DbType = Int32)], CommandType='"Text"', CommandTimeout='30']
SELECT [b1].[BudgetId], [b1].[CreatedDate], [b1].[Month], [b1].[Notes], [b1].[TotalBudget], [b1].[UpdatedDate], [b1].[UserId], [b1].[Year], [s].[BudgetCategoryId], [s].[Amount], [s].[BudgetId], [s].[CategoryId], [s].[CategoryId0], [s].[Color], [s].[CreatedDate], [s].[Icon], [s].[IsActive], [s].[IsDefault], [s].[Name], [s].[Type], [s].[UserId]
FROM (
    SELECT TOP(1) [b].[BudgetId], [b].[CreatedDate], [b].[Month], [b].[Notes], [b].[TotalBudget], [b].[UpdatedDate], [b].[UserId], [b].[Year]
    FROM [Budgets] AS [b]
    WHERE [b].[UserId] = @userId AND [b].[Month] = @today_Month AND [b].[Year] = @today_Year
) AS [b1]
LEFT JOIN (
    SELECT [b0].[BudgetCategoryId], [b0].[Amount], [b0].[BudgetId], [b0].[CategoryId], [c].[CategoryId] AS [CategoryId0], [c].[Color], [c].[CreatedDate], [c].[Icon], [c].[IsActive], [c].[IsDefault], [c].[Name], [c].[Type], [c].[UserId]
    FROM [BudgetCategories] AS [b0]
    INNER JOIN [Categories] AS [c] ON [b0].[CategoryId] = [c].[CategoryId]
) AS [s] ON [b1].[BudgetId] = [s].[BudgetId]
ORDER BY [b1].[BudgetId], [s].[BudgetCategoryId]
2026-09-15 12:52:24.049 +05:30 [INF] Executed DbCommand (15ms) [Parameters=[@userId='?' (Size = 450), @monthStart='?' (DbType = DateTime2)], CommandType='"Text"', CommandTimeout='30']
SELECT COALESCE(SUM([t].[Amount]), 0.0)
FROM [Transactions] AS [t]
WHERE [t].[UserId] = @userId AND [t].[Type] = N'Expense' AND [t].[TransactionDate] >= @monthStart
2026-09-15 12:52:24.070 +05:30 [INF] Executed DbCommand (20ms) [Parameters=[@userId='?' (Size = 450), @today='?' (DbType = DateTime2)], CommandType='"Text"', CommandTimeout='30']
SELECT [t].[Type], COALESCE(SUM([t].[Amount]), 0.0) AS [Total]
FROM [Transactions] AS [t]
WHERE [t].[UserId] = @userId AND CONVERT(date, [t].[TransactionDate]) = @today
GROUP BY [t].[Type]
2026-09-15 12:52:24.086 +05:30 [INF] Executed DbCommand (14ms) [Parameters=[@userId='?' (Size = 450), @monthStart='?' (DbType = DateTime2), @today='?' (DbType = DateTime2)], CommandType='"Text"', CommandTimeout='30']
SELECT [t].[Type], COALESCE(SUM([t].[Amount]), 0.0) AS [Total]
FROM [Transactions] AS [t]
WHERE [t].[UserId] = @userId AND [t].[TransactionDate] >= @monthStart AND [t].[TransactionDate] <= @today
GROUP BY [t].[Type]
2026-09-15 12:52:24.104 +05:30 [INF] Executed DbCommand (16ms) [Parameters=[@userId='?' (Size = 450)], CommandType='"Text"', CommandTimeout='30']
SELECT COALESCE(SUM([t].[Amount]), 0.0)
FROM [Transactions] AS [t]
WHERE [t].[UserId] = @userId AND [t].[Type] = N'Income'
2026-09-15 12:52:24.120 +05:30 [INF] Executed DbCommand (15ms) [Parameters=[@userId='?' (Size = 450)], CommandType='"Text"', CommandTimeout='30']
SELECT COALESCE(SUM([t].[Amount]), 0.0)
FROM [Transactions] AS [t]
WHERE [t].[UserId] = @userId AND [t].[Type] = N'Expense'
2026-09-15 12:52:24.130 +05:30 [INF] Executed DbCommand (9ms) [Parameters=[@userId='?' (Size = 450)], CommandType='"Text"', CommandTimeout='30']
SELECT COUNT(*)
FROM [Transactions] AS [t]
WHERE [t].[UserId] = @userId
2026-09-15 12:52:24.142 +05:30 [INF] Executed DbCommand (10ms) [Parameters=[@userId='?' (Size = 450), @prevStart='?' (DbType = DateTime2), @prevEnd='?' (DbType = DateTime2)], CommandType='"Text"', CommandTimeout='30']
SELECT COALESCE(SUM([t].[Amount]), 0.0)
FROM [Transactions] AS [t]
WHERE [t].[UserId] = @userId AND [t].[Type] = N'Expense' AND [t].[TransactionDate] >= @prevStart AND [t].[TransactionDate] <= @prevEnd
2026-09-15 12:52:24.155 +05:30 [INF] Executed DbCommand (10ms) [Parameters=[@p='?' (DbType = Int32), @userId='?' (Size = 450)], CommandType='"Text"', CommandTimeout='30']
SELECT [t0].[TransactionId], [t0].[TransactionDate], [t0].[Description], [c].[Name] AS [CategoryName], [c].[Icon] AS [CategoryIcon], [c].[Color] AS [CategoryColor], [t0].[Type], [t0].[Amount], [p].[Name] AS [PaymentMethodName]
FROM (
    SELECT TOP(@p) [t].[TransactionId], [t].[Amount], [t].[CategoryId], [t].[CreatedDate], [t].[Description], [t].[PaymentMethodId], [t].[TransactionDate], [t].[Type]
    FROM [Transactions] AS [t]
    WHERE [t].[UserId] = @userId
    ORDER BY [t].[TransactionDate] DESC, [t].[CreatedDate] DESC
) AS [t0]
INNER JOIN [Categories] AS [c] ON [t0].[CategoryId] = [c].[CategoryId]
LEFT JOIN [PaymentMethods] AS [p] ON [t0].[PaymentMethodId] = [p].[PaymentMethodId]
ORDER BY [t0].[TransactionDate] DESC, [t0].[CreatedDate] DESC
2026-09-15 12:52:24.170 +05:30 [INF] Executed DbCommand (13ms) [Parameters=[@userId='?' (Size = 450), @sixMonthsAgo='?' (DbType = DateTime2)], CommandType='"Text"', CommandTimeout='30']
SELECT [t0].[Year], [t0].[Month], COALESCE(SUM([t0].[Amount]), 0.0) AS [Total]
FROM (
    SELECT [t].[Amount], DATEPART(year, [t].[TransactionDate]) AS [Year], DATEPART(month, [t].[TransactionDate]) AS [Month]
    FROM [Transactions] AS [t]
    WHERE [t].[UserId] = @userId AND [t].[Type] = N'Expense' AND [t].[TransactionDate] >= @sixMonthsAgo
) AS [t0]
GROUP BY [t0].[Year], [t0].[Month]
2026-09-15 12:52:24.183 +05:30 [INF] Executed DbCommand (11ms) [Parameters=[@userId='?' (Size = 450), @sixMonthsAgo='?' (DbType = DateTime2)], CommandType='"Text"', CommandTimeout='30']
SELECT [t0].[Year], [t0].[Month], [t0].[Type], COALESCE(SUM([t0].[Amount]), 0.0) AS [Total]
FROM (
    SELECT [t].[Amount], [t].[Type], DATEPART(year, [t].[TransactionDate]) AS [Year], DATEPART(month, [t].[TransactionDate]) AS [Month]
    FROM [Transactions] AS [t]
    WHERE [t].[UserId] = @userId AND [t].[TransactionDate] >= @sixMonthsAgo
) AS [t0]
GROUP BY [t0].[Year], [t0].[Month], [t0].[Type]
2026-09-15 12:52:24.199 +05:30 [INF] Executed DbCommand (16ms) [Parameters=[@p='?' (DbType = Int32), @userId='?' (Size = 450), @monthStart='?' (DbType = DateTime2), @today='?' (DbType = DateTime2)], CommandType='"Text"', CommandTimeout='30']
SELECT TOP(@p) [c].[Name] AS [Category], COALESCE(SUM([t].[Amount]), 0.0) AS [Total]
FROM [Transactions] AS [t]
INNER JOIN [Categories] AS [c] ON [t].[CategoryId] = [c].[CategoryId]
WHERE [t].[UserId] = @userId AND [t].[Type] = N'Expense' AND [t].[TransactionDate] >= @monthStart AND [t].[TransactionDate] <= @today
GROUP BY [c].[Name]
ORDER BY COALESCE(SUM([t].[Amount]), 0.0) DESC
2026-09-15 12:52:24.213 +05:30 [INF] Executed DbCommand (13ms) [Parameters=[@userId='?' (Size = 450), @monthStart='?' (DbType = DateTime2), @today='?' (DbType = DateTime2)], CommandType='"Text"', CommandTimeout='30']
SELECT [t0].[Key] AS [Day], COALESCE(SUM([t0].[Amount]), 0.0) AS [Total]
FROM (
    SELECT [t].[Amount], DATEPART(day, [t].[TransactionDate]) AS [Key]
    FROM [Transactions] AS [t]
    WHERE [t].[UserId] = @userId AND [t].[Type] = N'Expense' AND [t].[TransactionDate] >= @monthStart AND [t].[TransactionDate] <= @today
) AS [t0]
GROUP BY [t0].[Key]
2026-09-15 12:52:24.226 +05:30 [INF] Executed DbCommand (12ms) [Parameters=[@userId='?' (Size = 450), @monthStart='?' (DbType = DateTime2), @today='?' (DbType = DateTime2)], CommandType='"Text"', CommandTimeout='30']
SELECT [p].[Name] AS [Method], COALESCE(SUM([t].[Amount]), 0.0) AS [Total]
FROM [Transactions] AS [t]
LEFT JOIN [PaymentMethods] AS [p] ON [t].[PaymentMethodId] = [p].[PaymentMethodId]
WHERE [t].[UserId] = @userId AND [t].[Type] = N'Expense' AND [t].[TransactionDate] >= @monthStart AND [t].[TransactionDate] <= @today AND [t].[PaymentMethodId] IS NOT NULL
GROUP BY [p].[Name]
2026-09-15 12:52:24.235 +05:30 [INF] Executed DbCommand (6ms) [Parameters=[@userId='?' (Size = 450), @today_Month='?' (DbType = Int32), @today_Year='?' (DbType = Int32)], CommandType='"Text"', CommandTimeout='30']
SELECT TOP(1) [b].[BudgetId], [b].[CreatedDate], [b].[Month], [b].[Notes], [b].[TotalBudget], [b].[UpdatedDate], [b].[UserId], [b].[Year]
FROM [Budgets] AS [b]
WHERE [b].[UserId] = @userId AND [b].[Month] = @today_Month AND [b].[Year] = @today_Year
2026-09-15 12:52:24.241 +05:30 [INF] Executed DbCommand (6ms) [Parameters=[@userId='?' (Size = 450)], CommandType='"Text"', CommandTimeout='30']
SELECT COUNT(*)
FROM [Notifications] AS [n]
WHERE [n].[UserId] = @userId AND [n].[IsRead] = CAST(0 AS bit)
2026-09-15 12:52:24.257 +05:30 [INF] Executed DbCommand (13ms) [Parameters=[@userId='?' (Size = 450), @monthStart='?' (DbType = DateTime2), @today='?' (DbType = DateTime2)], CommandType='"Text"', CommandTimeout='30']
SELECT [t].[TransactionId], [t].[Amount], [t].[CategoryId], [t].[CreatedDate], [t].[Description], [t].[Notes], [t].[PaymentMethodId], [t].[RecurringExpenseId], [t].[TransactionDate], [t].[Type], [t].[UpdatedDate], [t].[UserId], [c].[CategoryId], [c].[Color], [c].[CreatedDate], [c].[Icon], [c].[IsActive], [c].[IsDefault], [c].[Name], [c].[Type], [c].[UserId], [p].[PaymentMethodId], [p].[CreatedDate], [p].[Icon], [p].[IsActive], [p].[IsDefault], [p].[Name], [p].[UserId]
FROM [Transactions] AS [t]
INNER JOIN [Categories] AS [c] ON [t].[CategoryId] = [c].[CategoryId]
LEFT JOIN [PaymentMethods] AS [p] ON [t].[PaymentMethodId] = [p].[PaymentMethodId]
WHERE [t].[UserId] = @userId AND [t].[TransactionDate] >= @monthStart AND [t].[TransactionDate] <= @today
2026-09-15 12:52:24.273 +05:30 [INF] Executed DbCommand (13ms) [Parameters=[@userId='?' (Size = 450), @prevMonthStart='?' (DbType = DateTime2), @prevMonthEnd='?' (DbType = DateTime2)], CommandType='"Text"', CommandTimeout='30']
SELECT [t].[TransactionId], [t].[Amount], [t].[CategoryId], [t].[CreatedDate], [t].[Description], [t].[Notes], [t].[PaymentMethodId], [t].[RecurringExpenseId], [t].[TransactionDate], [t].[Type], [t].[UpdatedDate], [t].[UserId], [c].[CategoryId], [c].[Color], [c].[CreatedDate], [c].[Icon], [c].[IsActive], [c].[IsDefault], [c].[Name], [c].[Type], [c].[UserId]
FROM [Transactions] AS [t]
INNER JOIN [Categories] AS [c] ON [t].[CategoryId] = [c].[CategoryId]
WHERE [t].[UserId] = @userId AND [t].[TransactionDate] >= @prevMonthStart AND [t].[TransactionDate] <= @prevMonthEnd
2026-09-15 12:52:24.285 +05:30 [INF] Executed DbCommand (9ms) [Parameters=[@userId='?' (Size = 450), @today_Month='?' (DbType = Int32), @today_Year='?' (DbType = Int32)], CommandType='"Text"', CommandTimeout='30']
SELECT [b1].[BudgetId], [b1].[CreatedDate], [b1].[Month], [b1].[Notes], [b1].[TotalBudget], [b1].[UpdatedDate], [b1].[UserId], [b1].[Year], [b0].[BudgetCategoryId], [b0].[Amount], [b0].[BudgetId], [b0].[CategoryId]
FROM (
    SELECT TOP(1) [b].[BudgetId], [b].[CreatedDate], [b].[Month], [b].[Notes], [b].[TotalBudget], [b].[UpdatedDate], [b].[UserId], [b].[Year]
    FROM [Budgets] AS [b]
    WHERE [b].[UserId] = @userId AND [b].[Month] = @today_Month AND [b].[Year] = @today_Year
) AS [b1]
LEFT JOIN [BudgetCategories] AS [b0] ON [b1].[BudgetId] = [b0].[BudgetId]
ORDER BY [b1].[BudgetId]
2026-09-15 12:52:24.286 +05:30 [INF] Executing ViewResult, running view Index.
2026-09-15 12:52:24.297 +05:30 [INF] Executed DbCommand (7ms) [Parameters=[@p='?' (Size = 450)], CommandType='"Text"', CommandTimeout='30']
SELECT TOP(1) [a].[Id], [a].[AccessFailedCount], [a].[ConcurrencyStamp], [a].[CreatedDate], [a].[Currency], [a].[DateFormat], [a].[Email], [a].[EmailConfirmed], [a].[FirstName], [a].[LastName], [a].[LockoutEnabled], [a].[LockoutEnd], [a].[NormalizedEmail], [a].[NormalizedUserName], [a].[PasswordHash], [a].[PhoneNumber], [a].[PhoneNumberConfirmed], [a].[SecurityStamp], [a].[Theme], [a].[TwoFactorEnabled], [a].[UserName]
FROM [AspNetUsers] AS [a]
WHERE [a].[Id] = @p
2026-09-15 12:52:24.299 +05:30 [INF] Executed ViewResult - view Index executed in 13.1859ms.
2026-09-15 12:52:24.299 +05:30 [INF] Executed action MyDailyExpenseTracker.Controllers.DashboardController.Index (MyDailyExpenseTracker) in 339.2828ms
2026-09-15 12:52:24.299 +05:30 [INF] Executed endpoint 'MyDailyExpenseTracker.Controllers.DashboardController.Index (MyDailyExpenseTracker)'
2026-09-15 12:52:24.299 +05:30 [INF] Request finished HTTP/1.1 GET http://localhost:5172/ - 200 null text/html; charset=utf-8 343.5157ms
2026-09-15 12:52:30.627 +05:30 [INF] Request starting HTTP/1.1 GET http://localhost:5172/Transactions/Create?type=Expense - null null
2026-09-15 12:52:30.628 +05:30 [INF] Executing endpoint 'MyDailyExpenseTracker.Controllers.TransactionsController.Create (MyDailyExpenseTracker)'
2026-09-15 12:52:30.629 +05:30 [INF] Route matched with {action = "Create", controller = "Transactions"}. Executing controller action with signature System.Threading.Tasks.Task`1[Microsoft.AspNetCore.Mvc.IActionResult] Create(System.String) on controller MyDailyExpenseTracker.Controllers.TransactionsController (MyDailyExpenseTracker).
2026-09-15 12:52:30.651 +05:30 [INF] Executed DbCommand (21ms) [Parameters=[@userId='?' (Size = 450), @type='?' (Size = 10)], CommandType='"Text"', CommandTimeout='30']
SELECT CONVERT(varchar(11), [c].[CategoryId]) AS [Value], [c].[Name] AS [Text]
FROM [Categories] AS [c]
WHERE [c].[IsActive] = CAST(1 AS bit) AND ([c].[UserId] = @userId OR [c].[UserId] IS NULL) AND ([c].[Type] = @type OR [c].[Type] = N'Both')
ORDER BY [c].[Name]
2026-09-15 12:52:30.660 +05:30 [INF] Executed DbCommand (8ms) [Parameters=[@userId='?' (Size = 450)], CommandType='"Text"', CommandTimeout='30']
SELECT CONVERT(varchar(11), [p].[PaymentMethodId]) AS [Value], [p].[Name] AS [Text]
FROM [PaymentMethods] AS [p]
WHERE [p].[IsActive] = CAST(1 AS bit) AND ([p].[UserId] = @userId OR [p].[UserId] IS NULL)
ORDER BY [p].[Name]
2026-09-15 12:52:30.661 +05:30 [INF] Executing ViewResult, running view Create.
2026-09-15 12:52:30.681 +05:30 [INF] Executed DbCommand (13ms) [Parameters=[@p='?' (Size = 450)], CommandType='"Text"', CommandTimeout='30']
SELECT TOP(1) [a].[Id], [a].[AccessFailedCount], [a].[ConcurrencyStamp], [a].[CreatedDate], [a].[Currency], [a].[DateFormat], [a].[Email], [a].[EmailConfirmed], [a].[FirstName], [a].[LastName], [a].[LockoutEnabled], [a].[LockoutEnd], [a].[NormalizedEmail], [a].[NormalizedUserName], [a].[PasswordHash], [a].[PhoneNumber], [a].[PhoneNumberConfirmed], [a].[SecurityStamp], [a].[Theme], [a].[TwoFactorEnabled], [a].[UserName]
FROM [AspNetUsers] AS [a]
WHERE [a].[Id] = @p
2026-09-15 12:52:30.683 +05:30 [INF] Executed ViewResult - view Create executed in 21.886ms.
2026-09-15 12:52:30.683 +05:30 [INF] Executed action MyDailyExpenseTracker.Controllers.TransactionsController.Create (MyDailyExpenseTracker) in 54.0245ms
2026-09-15 12:52:30.683 +05:30 [INF] Executed endpoint 'MyDailyExpenseTracker.Controllers.TransactionsController.Create (MyDailyExpenseTracker)'
2026-09-15 12:52:30.683 +05:30 [INF] Request finished HTTP/1.1 GET http://localhost:5172/Transactions/Create?type=Expense - 200 null text/html; charset=utf-8 55.4492ms
2026-09-15 12:52:34.515 +05:30 [INF] Request starting HTTP/1.1 GET http://localhost:5172/Transactions/GetCategoriesByType?type=Income - null null
2026-09-15 12:52:34.516 +05:30 [INF] Executing endpoint 'MyDailyExpenseTracker.Controllers.TransactionsController.GetCategoriesByType (MyDailyExpenseTracker)'
2026-09-15 12:52:34.517 +05:30 [INF] Route matched with {action = "GetCategoriesByType", controller = "Transactions"}. Executing controller action with signature System.Threading.Tasks.Task`1[Microsoft.AspNetCore.Mvc.IActionResult] GetCategoriesByType(System.String) on controller MyDailyExpenseTracker.Controllers.TransactionsController (MyDailyExpenseTracker).
2026-09-15 12:52:34.530 +05:30 [INF] Executed DbCommand (11ms) [Parameters=[@userId='?' (Size = 450), @type='?' (Size = 10)], CommandType='"Text"', CommandTimeout='30']
SELECT CONVERT(varchar(11), [c].[CategoryId]) AS [Value], [c].[Name] AS [Text]
FROM [Categories] AS [c]
WHERE [c].[IsActive] = CAST(1 AS bit) AND ([c].[UserId] = @userId OR [c].[UserId] IS NULL) AND ([c].[Type] = @type OR [c].[Type] = N'Both')
ORDER BY [c].[Name]
2026-09-15 12:52:34.530 +05:30 [INF] Executing JsonResult, writing value of type 'System.Linq.Enumerable+ListSelectIterator`2[[Microsoft.AspNetCore.Mvc.Rendering.SelectListItem, Microsoft.AspNetCore.Mvc.ViewFeatures, Version=10.0.0.0, Culture=neutral, PublicKeyToken=adb9793829ddae60],[<>f__AnonymousType5`2[[System.String, System.Private.CoreLib, Version=10.0.0.0, Culture=neutral, PublicKeyToken=7cec85d7bea7798e],[System.String, System.Private.CoreLib, Version=10.0.0.0, Culture=neutral, PublicKeyToken=7cec85d7bea7798e]], MyDailyExpenseTracker, Version=1.0.0.0, Culture=neutral, PublicKeyToken=null]]'.
2026-09-15 12:52:34.530 +05:30 [INF] Executed action MyDailyExpenseTracker.Controllers.TransactionsController.GetCategoriesByType (MyDailyExpenseTracker) in 13.5927ms
2026-09-15 12:52:34.530 +05:30 [INF] Executed endpoint 'MyDailyExpenseTracker.Controllers.TransactionsController.GetCategoriesByType (MyDailyExpenseTracker)'
2026-09-15 12:52:34.530 +05:30 [INF] Request finished HTTP/1.1 GET http://localhost:5172/Transactions/GetCategoriesByType?type=Income - 200 null application/json; charset=utf-8 15.6623ms
2026-09-15 12:52:35.758 +05:30 [INF] Request starting HTTP/1.1 GET http://localhost:5172/Transactions/GetCategoriesByType?type=Expense - null null
2026-09-15 12:52:35.760 +05:30 [INF] Executing endpoint 'MyDailyExpenseTracker.Controllers.TransactionsController.GetCategoriesByType (MyDailyExpenseTracker)'
2026-09-15 12:52:35.760 +05:30 [INF] Route matched with {action = "GetCategoriesByType", controller = "Transactions"}. Executing controller action with signature System.Threading.Tasks.Task`1[Microsoft.AspNetCore.Mvc.IActionResult] GetCategoriesByType(System.String) on controller MyDailyExpenseTracker.Controllers.TransactionsController (MyDailyExpenseTracker).
2026-09-15 12:52:35.783 +05:30 [INF] Executed DbCommand (21ms) [Parameters=[@userId='?' (Size = 450), @type='?' (Size = 10)], CommandType='"Text"', CommandTimeout='30']
SELECT CONVERT(varchar(11), [c].[CategoryId]) AS [Value], [c].[Name] AS [Text]
FROM [Categories] AS [c]
WHERE [c].[IsActive] = CAST(1 AS bit) AND ([c].[UserId] = @userId OR [c].[UserId] IS NULL) AND ([c].[Type] = @type OR [c].[Type] = N'Both')
ORDER BY [c].[Name]
2026-09-15 12:52:35.784 +05:30 [INF] Executing JsonResult, writing value of type 'System.Linq.Enumerable+ListSelectIterator`2[[Microsoft.AspNetCore.Mvc.Rendering.SelectListItem, Microsoft.AspNetCore.Mvc.ViewFeatures, Version=10.0.0.0, Culture=neutral, PublicKeyToken=adb9793829ddae60],[<>f__AnonymousType5`2[[System.String, System.Private.CoreLib, Version=10.0.0.0, Culture=neutral, PublicKeyToken=7cec85d7bea7798e],[System.String, System.Private.CoreLib, Version=10.0.0.0, Culture=neutral, PublicKeyToken=7cec85d7bea7798e]], MyDailyExpenseTracker, Version=1.0.0.0, Culture=neutral, PublicKeyToken=null]]'.
2026-09-15 12:52:35.785 +05:30 [INF] Executed action MyDailyExpenseTracker.Controllers.TransactionsController.GetCategoriesByType (MyDailyExpenseTracker) in 25.0104ms
2026-09-15 12:52:35.785 +05:30 [INF] Executed endpoint 'MyDailyExpenseTracker.Controllers.TransactionsController.GetCategoriesByType (MyDailyExpenseTracker)'
2026-09-15 12:52:35.785 +05:30 [INF] Request finished HTTP/1.1 GET http://localhost:5172/Transactions/GetCategoriesByType?type=Expense - 200 null application/json; charset=utf-8 27.1639ms
2026-09-15 12:52:54.206 +05:30 [INF] Request starting HTTP/1.1 GET http://localhost:5172/ - null null
2026-09-15 12:52:54.209 +05:30 [INF] Executing endpoint 'MyDailyExpenseTracker.Controllers.DashboardController.Index (MyDailyExpenseTracker)'
2026-09-15 12:52:54.209 +05:30 [INF] Route matched with {action = "Index", controller = "Dashboard"}. Executing controller action with signature System.Threading.Tasks.Task`1[Microsoft.AspNetCore.Mvc.IActionResult] Index() on controller MyDailyExpenseTracker.Controllers.DashboardController (MyDailyExpenseTracker).
2026-09-15 12:52:54.229 +05:30 [INF] Executed DbCommand (18ms) [Parameters=[@userId='?' (Size = 450), @today='?' (DbType = DateTime2), @today2='?' (DbType = DateTime2)], CommandType='"Text"', CommandTimeout='30']
SELECT [r].[RecurringExpenseId], [r].[Amount], [r].[CategoryId], [r].[CreatedDate], [r].[EndDate], [r].[Frequency], [r].[IsActive], [r].[LastGeneratedDate], [r].[Name], [r].[Notes], [r].[PaymentMethodId], [r].[StartDate], [r].[Type], [r].[UserId]
FROM [RecurringExpenses] AS [r]
WHERE [r].[UserId] = @userId AND [r].[IsActive] = CAST(1 AS bit) AND [r].[StartDate] <= @today AND ([r].[EndDate] IS NULL OR [r].[EndDate] >= @today2)
2026-09-15 12:52:54.261 +05:30 [INF] Executed DbCommand (28ms) [Parameters=[@userId='?' (Size = 450), @today_Month='?' (DbType = Int32), @today_Year='?' (DbType = Int32)], CommandType='"Text"', CommandTimeout='30']
SELECT [b1].[BudgetId], [b1].[CreatedDate], [b1].[Month], [b1].[Notes], [b1].[TotalBudget], [b1].[UpdatedDate], [b1].[UserId], [b1].[Year], [s].[BudgetCategoryId], [s].[Amount], [s].[BudgetId], [s].[CategoryId], [s].[CategoryId0], [s].[Color], [s].[CreatedDate], [s].[Icon], [s].[IsActive], [s].[IsDefault], [s].[Name], [s].[Type], [s].[UserId]
FROM (
    SELECT TOP(1) [b].[BudgetId], [b].[CreatedDate], [b].[Month], [b].[Notes], [b].[TotalBudget], [b].[UpdatedDate], [b].[UserId], [b].[Year]
    FROM [Budgets] AS [b]
    WHERE [b].[UserId] = @userId AND [b].[Month] = @today_Month AND [b].[Year] = @today_Year
) AS [b1]
LEFT JOIN (
    SELECT [b0].[BudgetCategoryId], [b0].[Amount], [b0].[BudgetId], [b0].[CategoryId], [c].[CategoryId] AS [CategoryId0], [c].[Color], [c].[CreatedDate], [c].[Icon], [c].[IsActive], [c].[IsDefault], [c].[Name], [c].[Type], [c].[UserId]
    FROM [BudgetCategories] AS [b0]
    INNER JOIN [Categories] AS [c] ON [b0].[CategoryId] = [c].[CategoryId]
) AS [s] ON [b1].[BudgetId] = [s].[BudgetId]
ORDER BY [b1].[BudgetId], [s].[BudgetCategoryId]
2026-09-15 12:52:54.276 +05:30 [INF] Executed DbCommand (14ms) [Parameters=[@userId='?' (Size = 450), @monthStart='?' (DbType = DateTime2)], CommandType='"Text"', CommandTimeout='30']
SELECT COALESCE(SUM([t].[Amount]), 0.0)
FROM [Transactions] AS [t]
WHERE [t].[UserId] = @userId AND [t].[Type] = N'Expense' AND [t].[TransactionDate] >= @monthStart
2026-09-15 12:52:54.293 +05:30 [INF] Executed DbCommand (15ms) [Parameters=[@userId='?' (Size = 450), @today='?' (DbType = DateTime2)], CommandType='"Text"', CommandTimeout='30']
SELECT [t].[Type], COALESCE(SUM([t].[Amount]), 0.0) AS [Total]
FROM [Transactions] AS [t]
WHERE [t].[UserId] = @userId AND CONVERT(date, [t].[TransactionDate]) = @today
GROUP BY [t].[Type]
2026-09-15 12:52:54.305 +05:30 [INF] Executed DbCommand (10ms) [Parameters=[@userId='?' (Size = 450), @monthStart='?' (DbType = DateTime2), @today='?' (DbType = DateTime2)], CommandType='"Text"', CommandTimeout='30']
SELECT [t].[Type], COALESCE(SUM([t].[Amount]), 0.0) AS [Total]
FROM [Transactions] AS [t]
WHERE [t].[UserId] = @userId AND [t].[TransactionDate] >= @monthStart AND [t].[TransactionDate] <= @today
GROUP BY [t].[Type]
2026-09-15 12:52:54.327 +05:30 [INF] Executed DbCommand (19ms) [Parameters=[@userId='?' (Size = 450)], CommandType='"Text"', CommandTimeout='30']
SELECT COALESCE(SUM([t].[Amount]), 0.0)
FROM [Transactions] AS [t]
WHERE [t].[UserId] = @userId AND [t].[Type] = N'Income'
2026-09-15 12:52:54.341 +05:30 [INF] Executed DbCommand (12ms) [Parameters=[@userId='?' (Size = 450)], CommandType='"Text"', CommandTimeout='30']
SELECT COALESCE(SUM([t].[Amount]), 0.0)
FROM [Transactions] AS [t]
WHERE [t].[UserId] = @userId AND [t].[Type] = N'Expense'
2026-09-15 12:52:54.349 +05:30 [INF] Executed DbCommand (6ms) [Parameters=[@userId='?' (Size = 450)], CommandType='"Text"', CommandTimeout='30']
SELECT COUNT(*)
FROM [Transactions] AS [t]
WHERE [t].[UserId] = @userId
2026-09-15 12:52:54.361 +05:30 [INF] Executed DbCommand (11ms) [Parameters=[@userId='?' (Size = 450), @prevStart='?' (DbType = DateTime2), @prevEnd='?' (DbType = DateTime2)], CommandType='"Text"', CommandTimeout='30']
SELECT COALESCE(SUM([t].[Amount]), 0.0)
FROM [Transactions] AS [t]
WHERE [t].[UserId] = @userId AND [t].[Type] = N'Expense' AND [t].[TransactionDate] >= @prevStart AND [t].[TransactionDate] <= @prevEnd
2026-09-15 12:52:54.377 +05:30 [INF] Executed DbCommand (15ms) [Parameters=[@p='?' (DbType = Int32), @userId='?' (Size = 450)], CommandType='"Text"', CommandTimeout='30']
SELECT [t0].[TransactionId], [t0].[TransactionDate], [t0].[Description], [c].[Name] AS [CategoryName], [c].[Icon] AS [CategoryIcon], [c].[Color] AS [CategoryColor], [t0].[Type], [t0].[Amount], [p].[Name] AS [PaymentMethodName]
FROM (
    SELECT TOP(@p) [t].[TransactionId], [t].[Amount], [t].[CategoryId], [t].[CreatedDate], [t].[Description], [t].[PaymentMethodId], [t].[TransactionDate], [t].[Type]
    FROM [Transactions] AS [t]
    WHERE [t].[UserId] = @userId
    ORDER BY [t].[TransactionDate] DESC, [t].[CreatedDate] DESC
) AS [t0]
INNER JOIN [Categories] AS [c] ON [t0].[CategoryId] = [c].[CategoryId]
LEFT JOIN [PaymentMethods] AS [p] ON [t0].[PaymentMethodId] = [p].[PaymentMethodId]
ORDER BY [t0].[TransactionDate] DESC, [t0].[CreatedDate] DESC
2026-09-15 12:52:54.396 +05:30 [INF] Executed DbCommand (17ms) [Parameters=[@userId='?' (Size = 450), @sixMonthsAgo='?' (DbType = DateTime2)], CommandType='"Text"', CommandTimeout='30']
SELECT [t0].[Year], [t0].[Month], COALESCE(SUM([t0].[Amount]), 0.0) AS [Total]
FROM (
    SELECT [t].[Amount], DATEPART(year, [t].[TransactionDate]) AS [Year], DATEPART(month, [t].[TransactionDate]) AS [Month]
    FROM [Transactions] AS [t]
    WHERE [t].[UserId] = @userId AND [t].[Type] = N'Expense' AND [t].[TransactionDate] >= @sixMonthsAgo
) AS [t0]
GROUP BY [t0].[Year], [t0].[Month]
2026-09-15 12:52:54.409 +05:30 [INF] Executed DbCommand (12ms) [Parameters=[@userId='?' (Size = 450), @sixMonthsAgo='?' (DbType = DateTime2)], CommandType='"Text"', CommandTimeout='30']
SELECT [t0].[Year], [t0].[Month], [t0].[Type], COALESCE(SUM([t0].[Amount]), 0.0) AS [Total]
FROM (
    SELECT [t].[Amount], [t].[Type], DATEPART(year, [t].[TransactionDate]) AS [Year], DATEPART(month, [t].[TransactionDate]) AS [Month]
    FROM [Transactions] AS [t]
    WHERE [t].[UserId] = @userId AND [t].[TransactionDate] >= @sixMonthsAgo
) AS [t0]
GROUP BY [t0].[Year], [t0].[Month], [t0].[Type]
2026-09-15 12:52:54.429 +05:30 [INF] Executed DbCommand (18ms) [Parameters=[@p='?' (DbType = Int32), @userId='?' (Size = 450), @monthStart='?' (DbType = DateTime2), @today='?' (DbType = DateTime2)], CommandType='"Text"', CommandTimeout='30']
SELECT TOP(@p) [c].[Name] AS [Category], COALESCE(SUM([t].[Amount]), 0.0) AS [Total]
FROM [Transactions] AS [t]
INNER JOIN [Categories] AS [c] ON [t].[CategoryId] = [c].[CategoryId]
WHERE [t].[UserId] = @userId AND [t].[Type] = N'Expense' AND [t].[TransactionDate] >= @monthStart AND [t].[TransactionDate] <= @today
GROUP BY [c].[Name]
ORDER BY COALESCE(SUM([t].[Amount]), 0.0) DESC
2026-09-15 12:52:54.442 +05:30 [INF] Executed DbCommand (11ms) [Parameters=[@userId='?' (Size = 450), @monthStart='?' (DbType = DateTime2), @today='?' (DbType = DateTime2)], CommandType='"Text"', CommandTimeout='30']
SELECT [t0].[Key] AS [Day], COALESCE(SUM([t0].[Amount]), 0.0) AS [Total]
FROM (
    SELECT [t].[Amount], DATEPART(day, [t].[TransactionDate]) AS [Key]
    FROM [Transactions] AS [t]
    WHERE [t].[UserId] = @userId AND [t].[Type] = N'Expense' AND [t].[TransactionDate] >= @monthStart AND [t].[TransactionDate] <= @today
) AS [t0]
GROUP BY [t0].[Key]
2026-09-15 12:52:54.461 +05:30 [INF] Executed DbCommand (17ms) [Parameters=[@userId='?' (Size = 450), @monthStart='?' (DbType = DateTime2), @today='?' (DbType = DateTime2)], CommandType='"Text"', CommandTimeout='30']
SELECT [p].[Name] AS [Method], COALESCE(SUM([t].[Amount]), 0.0) AS [Total]
FROM [Transactions] AS [t]
LEFT JOIN [PaymentMethods] AS [p] ON [t].[PaymentMethodId] = [p].[PaymentMethodId]
WHERE [t].[UserId] = @userId AND [t].[Type] = N'Expense' AND [t].[TransactionDate] >= @monthStart AND [t].[TransactionDate] <= @today AND [t].[PaymentMethodId] IS NOT NULL
GROUP BY [p].[Name]
2026-09-15 12:52:54.468 +05:30 [INF] Executed DbCommand (5ms) [Parameters=[@userId='?' (Size = 450), @today_Month='?' (DbType = Int32), @today_Year='?' (DbType = Int32)], CommandType='"Text"', CommandTimeout='30']
SELECT TOP(1) [b].[BudgetId], [b].[CreatedDate], [b].[Month], [b].[Notes], [b].[TotalBudget], [b].[UpdatedDate], [b].[UserId], [b].[Year]
FROM [Budgets] AS [b]
WHERE [b].[UserId] = @userId AND [b].[Month] = @today_Month AND [b].[Year] = @today_Year
2026-09-15 12:52:54.475 +05:30 [INF] Executed DbCommand (7ms) [Parameters=[@userId='?' (Size = 450)], CommandType='"Text"', CommandTimeout='30']
SELECT COUNT(*)
FROM [Notifications] AS [n]
WHERE [n].[UserId] = @userId AND [n].[IsRead] = CAST(0 AS bit)
2026-09-15 12:52:54.485 +05:30 [INF] Executed DbCommand (9ms) [Parameters=[@userId='?' (Size = 450), @monthStart='?' (DbType = DateTime2), @today='?' (DbType = DateTime2)], CommandType='"Text"', CommandTimeout='30']
SELECT [t].[TransactionId], [t].[Amount], [t].[CategoryId], [t].[CreatedDate], [t].[Description], [t].[Notes], [t].[PaymentMethodId], [t].[RecurringExpenseId], [t].[TransactionDate], [t].[Type], [t].[UpdatedDate], [t].[UserId], [c].[CategoryId], [c].[Color], [c].[CreatedDate], [c].[Icon], [c].[IsActive], [c].[IsDefault], [c].[Name], [c].[Type], [c].[UserId], [p].[PaymentMethodId], [p].[CreatedDate], [p].[Icon], [p].[IsActive], [p].[IsDefault], [p].[Name], [p].[UserId]
FROM [Transactions] AS [t]
INNER JOIN [Categories] AS [c] ON [t].[CategoryId] = [c].[CategoryId]
LEFT JOIN [PaymentMethods] AS [p] ON [t].[PaymentMethodId] = [p].[PaymentMethodId]
WHERE [t].[UserId] = @userId AND [t].[TransactionDate] >= @monthStart AND [t].[TransactionDate] <= @today
2026-09-15 12:52:54.496 +05:30 [INF] Executed DbCommand (9ms) [Parameters=[@userId='?' (Size = 450), @prevMonthStart='?' (DbType = DateTime2), @prevMonthEnd='?' (DbType = DateTime2)], CommandType='"Text"', CommandTimeout='30']
SELECT [t].[TransactionId], [t].[Amount], [t].[CategoryId], [t].[CreatedDate], [t].[Description], [t].[Notes], [t].[PaymentMethodId], [t].[RecurringExpenseId], [t].[TransactionDate], [t].[Type], [t].[UpdatedDate], [t].[UserId], [c].[CategoryId], [c].[Color], [c].[CreatedDate], [c].[Icon], [c].[IsActive], [c].[IsDefault], [c].[Name], [c].[Type], [c].[UserId]
FROM [Transactions] AS [t]
INNER JOIN [Categories] AS [c] ON [t].[CategoryId] = [c].[CategoryId]
WHERE [t].[UserId] = @userId AND [t].[TransactionDate] >= @prevMonthStart AND [t].[TransactionDate] <= @prevMonthEnd
2026-09-15 12:52:54.505 +05:30 [INF] Executed DbCommand (9ms) [Parameters=[@userId='?' (Size = 450), @today_Month='?' (DbType = Int32), @today_Year='?' (DbType = Int32)], CommandType='"Text"', CommandTimeout='30']
SELECT [b1].[BudgetId], [b1].[CreatedDate], [b1].[Month], [b1].[Notes], [b1].[TotalBudget], [b1].[UpdatedDate], [b1].[UserId], [b1].[Year], [b0].[BudgetCategoryId], [b0].[Amount], [b0].[BudgetId], [b0].[CategoryId]
FROM (
    SELECT TOP(1) [b].[BudgetId], [b].[CreatedDate], [b].[Month], [b].[Notes], [b].[TotalBudget], [b].[UpdatedDate], [b].[UserId], [b].[Year]
    FROM [Budgets] AS [b]
    WHERE [b].[UserId] = @userId AND [b].[Month] = @today_Month AND [b].[Year] = @today_Year
) AS [b1]
LEFT JOIN [BudgetCategories] AS [b0] ON [b1].[BudgetId] = [b0].[BudgetId]
ORDER BY [b1].[BudgetId]
2026-09-15 12:52:54.507 +05:30 [INF] Executing ViewResult, running view Index.
2026-09-15 12:52:54.516 +05:30 [INF] Executed DbCommand (5ms) [Parameters=[@p='?' (Size = 450)], CommandType='"Text"', CommandTimeout='30']
SELECT TOP(1) [a].[Id], [a].[AccessFailedCount], [a].[ConcurrencyStamp], [a].[CreatedDate], [a].[Currency], [a].[DateFormat], [a].[Email], [a].[EmailConfirmed], [a].[FirstName], [a].[LastName], [a].[LockoutEnabled], [a].[LockoutEnd], [a].[NormalizedEmail], [a].[NormalizedUserName], [a].[PasswordHash], [a].[PhoneNumber], [a].[PhoneNumberConfirmed], [a].[SecurityStamp], [a].[Theme], [a].[TwoFactorEnabled], [a].[UserName]
FROM [AspNetUsers] AS [a]
WHERE [a].[Id] = @p
2026-09-15 12:52:54.518 +05:30 [INF] Executed ViewResult - view Index executed in 10.9375ms.
2026-09-15 12:52:54.518 +05:30 [INF] Executed action MyDailyExpenseTracker.Controllers.DashboardController.Index (MyDailyExpenseTracker) in 309.1166ms
2026-09-15 12:52:54.518 +05:30 [INF] Executed endpoint 'MyDailyExpenseTracker.Controllers.DashboardController.Index (MyDailyExpenseTracker)'
2026-09-15 12:52:54.518 +05:30 [INF] Request finished HTTP/1.1 GET http://localhost:5172/ - 200 null text/html; charset=utf-8 312.716ms
2026-09-15 12:52:54.599 +05:30 [INF] Request starting HTTP/1.1 GET http://localhost:5172/css/site.css?v=ZhPtt2tQXoXldWfuRn0TMwnGb2qeExjzFYfGtrBB_2I - null null
2026-09-15 12:52:54.600 +05:30 [INF] The file /css/site.css was not modified
2026-09-15 12:52:54.601 +05:30 [INF] Request finished HTTP/1.1 GET http://localhost:5172/css/site.css?v=ZhPtt2tQXoXldWfuRn0TMwnGb2qeExjzFYfGtrBB_2I - 304 null text/css 1.884ms
2026-09-15 12:52:54.606 +05:30 [INF] Request starting HTTP/1.1 GET http://localhost:5172/js/ai-assistant.js?v=VlXNTuJqYuT2_eSZFnOWSz6-qFPFiytSED3SbY57NIo - null null
2026-09-15 12:52:54.606 +05:30 [INF] The file /js/ai-assistant.js was not modified
2026-09-15 12:52:54.606 +05:30 [INF] Request finished HTTP/1.1 GET http://localhost:5172/js/ai-assistant.js?v=VlXNTuJqYuT2_eSZFnOWSz6-qFPFiytSED3SbY57NIo - 304 null text/javascript 0.6768ms
2026-09-15 12:53:07.296 +05:30 [INF] Request starting HTTP/1.1 GET http://localhost:5172/Transactions/Create?type=Expense - null null
2026-09-15 12:53:07.299 +05:30 [INF] Executing endpoint 'MyDailyExpenseTracker.Controllers.TransactionsController.Create (MyDailyExpenseTracker)'
2026-09-15 12:53:07.299 +05:30 [INF] Route matched with {action = "Create", controller = "Transactions"}. Executing controller action with signature System.Threading.Tasks.Task`1[Microsoft.AspNetCore.Mvc.IActionResult] Create(System.String) on controller MyDailyExpenseTracker.Controllers.TransactionsController (MyDailyExpenseTracker).
2026-09-15 12:53:07.320 +05:30 [INF] Executed DbCommand (18ms) [Parameters=[@userId='?' (Size = 450), @type='?' (Size = 10)], CommandType='"Text"', CommandTimeout='30']
SELECT CONVERT(varchar(11), [c].[CategoryId]) AS [Value], [c].[Name] AS [Text]
FROM [Categories] AS [c]
WHERE [c].[IsActive] = CAST(1 AS bit) AND ([c].[UserId] = @userId OR [c].[UserId] IS NULL) AND ([c].[Type] = @type OR [c].[Type] = N'Both')
ORDER BY [c].[Name]
2026-09-15 12:53:07.332 +05:30 [INF] Executed DbCommand (11ms) [Parameters=[@userId='?' (Size = 450)], CommandType='"Text"', CommandTimeout='30']
SELECT CONVERT(varchar(11), [p].[PaymentMethodId]) AS [Value], [p].[Name] AS [Text]
FROM [PaymentMethods] AS [p]
WHERE [p].[IsActive] = CAST(1 AS bit) AND ([p].[UserId] = @userId OR [p].[UserId] IS NULL)
ORDER BY [p].[Name]
2026-09-15 12:53:07.333 +05:30 [INF] Executing ViewResult, running view Create.
2026-09-15 12:53:07.346 +05:30 [INF] Executed DbCommand (7ms) [Parameters=[@p='?' (Size = 450)], CommandType='"Text"', CommandTimeout='30']
SELECT TOP(1) [a].[Id], [a].[AccessFailedCount], [a].[ConcurrencyStamp], [a].[CreatedDate], [a].[Currency], [a].[DateFormat], [a].[Email], [a].[EmailConfirmed], [a].[FirstName], [a].[LastName], [a].[LockoutEnabled], [a].[LockoutEnd], [a].[NormalizedEmail], [a].[NormalizedUserName], [a].[PasswordHash], [a].[PhoneNumber], [a].[PhoneNumberConfirmed], [a].[SecurityStamp], [a].[Theme], [a].[TwoFactorEnabled], [a].[UserName]
FROM [AspNetUsers] AS [a]
WHERE [a].[Id] = @p
2026-09-15 12:53:07.348 +05:30 [INF] Executed ViewResult - view Create executed in 14.4818ms.
2026-09-15 12:53:07.348 +05:30 [INF] Executed action MyDailyExpenseTracker.Controllers.TransactionsController.Create (MyDailyExpenseTracker) in 48.4703ms
2026-09-15 12:53:07.348 +05:30 [INF] Executed endpoint 'MyDailyExpenseTracker.Controllers.TransactionsController.Create (MyDailyExpenseTracker)'
2026-09-15 12:53:07.348 +05:30 [INF] Request finished HTTP/1.1 GET http://localhost:5172/Transactions/Create?type=Expense - 200 null text/html; charset=utf-8 52.7348ms
2026-09-15 12:54:01.236 +05:30 [INF] Request starting HTTP/1.1 POST http://localhost:5172/Transactions/Create - application/x-www-form-urlencoded 390
2026-09-15 12:54:01.239 +05:30 [INF] Executing endpoint 'MyDailyExpenseTracker.Controllers.TransactionsController.Create (MyDailyExpenseTracker)'
2026-09-15 12:54:01.274 +05:30 [INF] Route matched with {action = "Create", controller = "Transactions"}. Executing controller action with signature System.Threading.Tasks.Task`1[Microsoft.AspNetCore.Mvc.IActionResult] Create(MyDailyExpenseTracker.ViewModels.TransactionViewModel) on controller MyDailyExpenseTracker.Controllers.TransactionsController (MyDailyExpenseTracker).
2026-09-15 12:54:01.526 +05:30 [INF] Executed DbCommand (55ms) [Parameters=[@p0='?' (Precision = 18) (Scale = 2) (DbType = Decimal), @p1='?' (DbType = Int32), @p2='?' (DbType = DateTime2), @p3='?' (Size = 200), @p4='?' (Size = 500), @p5='?' (DbType = Int32), @p6='?' (DbType = Int32), @p7='?' (DbType = DateTime2), @p8='?' (Size = 10), @p9='?' (DbType = DateTime2), @p10='?' (Size = 450)], CommandType='"Text"', CommandTimeout='30']
SET IMPLICIT_TRANSACTIONS OFF;
SET NOCOUNT ON;
INSERT INTO [Transactions] ([Amount], [CategoryId], [CreatedDate], [Description], [Notes], [PaymentMethodId], [RecurringExpenseId], [TransactionDate], [Type], [UpdatedDate], [UserId])
OUTPUT INSERTED.[TransactionId]
VALUES (@p0, @p1, @p2, @p3, @p4, @p5, @p6, @p7, @p8, @p9, @p10);
2026-09-15 12:54:01.569 +05:30 [INF] Executing RedirectResult, redirecting to /Transactions.
2026-09-15 12:54:01.571 +05:30 [INF] Executed action MyDailyExpenseTracker.Controllers.TransactionsController.Create (MyDailyExpenseTracker) in 296.6223ms
2026-09-15 12:54:01.571 +05:30 [INF] Executed endpoint 'MyDailyExpenseTracker.Controllers.TransactionsController.Create (MyDailyExpenseTracker)'
2026-09-15 12:54:01.571 +05:30 [INF] Request finished HTTP/1.1 POST http://localhost:5172/Transactions/Create - 302 0 null 334.7225ms
2026-09-15 12:54:01.585 +05:30 [INF] Request starting HTTP/1.1 GET http://localhost:5172/Transactions - null null
2026-09-15 12:54:01.586 +05:30 [INF] Executing endpoint 'MyDailyExpenseTracker.Controllers.TransactionsController.Index (MyDailyExpenseTracker)'
2026-09-15 12:54:01.586 +05:30 [INF] Route matched with {action = "Index", controller = "Transactions"}. Executing controller action with signature System.Threading.Tasks.Task`1[Microsoft.AspNetCore.Mvc.IActionResult] Index(MyDailyExpenseTracker.ViewModels.TransactionFilterViewModel) on controller MyDailyExpenseTracker.Controllers.TransactionsController (MyDailyExpenseTracker).
2026-09-15 12:54:01.594 +05:30 [INF] Executed DbCommand (5ms) [Parameters=[@userId='?' (Size = 450)], CommandType='"Text"', CommandTimeout='30']
SELECT [t].[Type], [t].[Amount]
FROM [Transactions] AS [t]
WHERE [t].[UserId] = @userId
2026-09-15 12:54:01.611 +05:30 [INF] Executed DbCommand (16ms) [Parameters=[@userId='?' (Size = 450), @p='?' (DbType = Int32), @p2='?' (DbType = Int32)], CommandType='"Text"', CommandTimeout='30']
SELECT [t0].[TransactionId], [t0].[TransactionDate], [t0].[Description], [c].[Name] AS [CategoryName], [c].[Icon] AS [CategoryIcon], [c].[Color] AS [CategoryColor], [t0].[Type], [t0].[Amount], [p].[Name] AS [PaymentMethodName]
FROM (
    SELECT [t].[TransactionId], [t].[Amount], [t].[CategoryId], [t].[CreatedDate], [t].[Description], [t].[PaymentMethodId], [t].[TransactionDate], [t].[Type]
    FROM [Transactions] AS [t]
    WHERE [t].[UserId] = @userId
    ORDER BY [t].[TransactionDate] DESC, [t].[CreatedDate] DESC
    OFFSET @p ROWS FETCH NEXT @p2 ROWS ONLY
) AS [t0]
INNER JOIN [Categories] AS [c] ON [t0].[CategoryId] = [c].[CategoryId]
LEFT JOIN [PaymentMethods] AS [p] ON [t0].[PaymentMethodId] = [p].[PaymentMethodId]
ORDER BY [t0].[TransactionDate] DESC, [t0].[CreatedDate] DESC
2026-09-15 12:54:01.622 +05:30 [INF] Executed DbCommand (11ms) [Parameters=[@userId='?' (Size = 450)], CommandType='"Text"', CommandTimeout='30']
SELECT CONVERT(varchar(11), [c].[CategoryId]) AS [Value], [c].[Name] AS [Text]
FROM [Categories] AS [c]
WHERE [c].[IsActive] = CAST(1 AS bit) AND ([c].[UserId] = @userId OR [c].[UserId] IS NULL)
ORDER BY [c].[Name]
2026-09-15 12:54:01.632 +05:30 [INF] Executed DbCommand (9ms) [Parameters=[@userId='?' (Size = 450)], CommandType='"Text"', CommandTimeout='30']
SELECT CONVERT(varchar(11), [p].[PaymentMethodId]) AS [Value], [p].[Name] AS [Text]
FROM [PaymentMethods] AS [p]
WHERE [p].[IsActive] = CAST(1 AS bit) AND ([p].[UserId] = @userId OR [p].[UserId] IS NULL)
ORDER BY [p].[Name]
2026-09-15 12:54:01.633 +05:30 [INF] Executing ViewResult, running view Index.
2026-09-15 12:54:01.644 +05:30 [INF] Executed DbCommand (6ms) [Parameters=[@p='?' (Size = 450)], CommandType='"Text"', CommandTimeout='30']
SELECT TOP(1) [a].[Id], [a].[AccessFailedCount], [a].[ConcurrencyStamp], [a].[CreatedDate], [a].[Currency], [a].[DateFormat], [a].[Email], [a].[EmailConfirmed], [a].[FirstName], [a].[LastName], [a].[LockoutEnabled], [a].[LockoutEnd], [a].[NormalizedEmail], [a].[NormalizedUserName], [a].[PasswordHash], [a].[PhoneNumber], [a].[PhoneNumberConfirmed], [a].[SecurityStamp], [a].[Theme], [a].[TwoFactorEnabled], [a].[UserName]
FROM [AspNetUsers] AS [a]
WHERE [a].[Id] = @p
2026-09-15 12:54:01.648 +05:30 [INF] Executed ViewResult - view Index executed in 14.4105ms.
2026-09-15 12:54:01.648 +05:30 [INF] Executed action MyDailyExpenseTracker.Controllers.TransactionsController.Index (MyDailyExpenseTracker) in 61.8088ms
2026-09-15 12:54:01.648 +05:30 [INF] Executed endpoint 'MyDailyExpenseTracker.Controllers.TransactionsController.Index (MyDailyExpenseTracker)'
2026-09-15 12:54:01.649 +05:30 [INF] Request finished HTTP/1.1 GET http://localhost:5172/Transactions - 200 null text/html; charset=utf-8 64.024ms
2026-09-15 12:54:01.718 +05:30 [INF] Request starting HTTP/1.1 GET http://localhost:5172/css/site.css?v=ZhPtt2tQXoXldWfuRn0TMwnGb2qeExjzFYfGtrBB_2I - null null
2026-09-15 12:54:01.719 +05:30 [INF] The file /css/site.css was not modified
2026-09-15 12:54:01.719 +05:30 [INF] Request finished HTTP/1.1 GET http://localhost:5172/css/site.css?v=ZhPtt2tQXoXldWfuRn0TMwnGb2qeExjzFYfGtrBB_2I - 304 null text/css 0.6939ms
2026-09-15 12:54:01.725 +05:30 [INF] Request starting HTTP/1.1 GET http://localhost:5172/js/ai-assistant.js?v=VlXNTuJqYuT2_eSZFnOWSz6-qFPFiytSED3SbY57NIo - null null
2026-09-15 12:54:01.725 +05:30 [INF] The file /js/ai-assistant.js was not modified
2026-09-15 12:54:01.726 +05:30 [INF] Request finished HTTP/1.1 GET http://localhost:5172/js/ai-assistant.js?v=VlXNTuJqYuT2_eSZFnOWSz6-qFPFiytSED3SbY57NIo - 304 null text/javascript 0.6253ms
2026-09-15 12:54:07.946 +05:30 [INF] Request starting HTTP/1.1 GET http://localhost:5172/ - null null
2026-09-15 12:54:07.948 +05:30 [INF] Executing endpoint 'MyDailyExpenseTracker.Controllers.DashboardController.Index (MyDailyExpenseTracker)'
2026-09-15 12:54:07.948 +05:30 [INF] Route matched with {action = "Index", controller = "Dashboard"}. Executing controller action with signature System.Threading.Tasks.Task`1[Microsoft.AspNetCore.Mvc.IActionResult] Index() on controller MyDailyExpenseTracker.Controllers.DashboardController (MyDailyExpenseTracker).
2026-09-15 12:54:07.967 +05:30 [INF] Executed DbCommand (17ms) [Parameters=[@userId='?' (Size = 450), @today='?' (DbType = DateTime2), @today2='?' (DbType = DateTime2)], CommandType='"Text"', CommandTimeout='30']
SELECT [r].[RecurringExpenseId], [r].[Amount], [r].[CategoryId], [r].[CreatedDate], [r].[EndDate], [r].[Frequency], [r].[IsActive], [r].[LastGeneratedDate], [r].[Name], [r].[Notes], [r].[PaymentMethodId], [r].[StartDate], [r].[Type], [r].[UserId]
FROM [RecurringExpenses] AS [r]
WHERE [r].[UserId] = @userId AND [r].[IsActive] = CAST(1 AS bit) AND [r].[StartDate] <= @today AND ([r].[EndDate] IS NULL OR [r].[EndDate] >= @today2)
2026-09-15 12:54:08.012 +05:30 [INF] Executed DbCommand (44ms) [Parameters=[@userId='?' (Size = 450), @today_Month='?' (DbType = Int32), @today_Year='?' (DbType = Int32)], CommandType='"Text"', CommandTimeout='30']
SELECT [b1].[BudgetId], [b1].[CreatedDate], [b1].[Month], [b1].[Notes], [b1].[TotalBudget], [b1].[UpdatedDate], [b1].[UserId], [b1].[Year], [s].[BudgetCategoryId], [s].[Amount], [s].[BudgetId], [s].[CategoryId], [s].[CategoryId0], [s].[Color], [s].[CreatedDate], [s].[Icon], [s].[IsActive], [s].[IsDefault], [s].[Name], [s].[Type], [s].[UserId]
FROM (
    SELECT TOP(1) [b].[BudgetId], [b].[CreatedDate], [b].[Month], [b].[Notes], [b].[TotalBudget], [b].[UpdatedDate], [b].[UserId], [b].[Year]
    FROM [Budgets] AS [b]
    WHERE [b].[UserId] = @userId AND [b].[Month] = @today_Month AND [b].[Year] = @today_Year
) AS [b1]
LEFT JOIN (
    SELECT [b0].[BudgetCategoryId], [b0].[Amount], [b0].[BudgetId], [b0].[CategoryId], [c].[CategoryId] AS [CategoryId0], [c].[Color], [c].[CreatedDate], [c].[Icon], [c].[IsActive], [c].[IsDefault], [c].[Name], [c].[Type], [c].[UserId]
    FROM [BudgetCategories] AS [b0]
    INNER JOIN [Categories] AS [c] ON [b0].[CategoryId] = [c].[CategoryId]
) AS [s] ON [b1].[BudgetId] = [s].[BudgetId]
ORDER BY [b1].[BudgetId], [s].[BudgetCategoryId]
2026-09-15 12:54:08.023 +05:30 [INF] Executed DbCommand (9ms) [Parameters=[@userId='?' (Size = 450), @monthStart='?' (DbType = DateTime2)], CommandType='"Text"', CommandTimeout='30']
SELECT COALESCE(SUM([t].[Amount]), 0.0)
FROM [Transactions] AS [t]
WHERE [t].[UserId] = @userId AND [t].[Type] = N'Expense' AND [t].[TransactionDate] >= @monthStart
2026-09-15 12:54:08.037 +05:30 [INF] Executed DbCommand (13ms) [Parameters=[@userId='?' (Size = 450), @today='?' (DbType = DateTime2)], CommandType='"Text"', CommandTimeout='30']
SELECT [t].[Type], COALESCE(SUM([t].[Amount]), 0.0) AS [Total]
FROM [Transactions] AS [t]
WHERE [t].[UserId] = @userId AND CONVERT(date, [t].[TransactionDate]) = @today
GROUP BY [t].[Type]
2026-09-15 12:54:08.051 +05:30 [INF] Executed DbCommand (13ms) [Parameters=[@userId='?' (Size = 450), @monthStart='?' (DbType = DateTime2), @today='?' (DbType = DateTime2)], CommandType='"Text"', CommandTimeout='30']
SELECT [t].[Type], COALESCE(SUM([t].[Amount]), 0.0) AS [Total]
FROM [Transactions] AS [t]
WHERE [t].[UserId] = @userId AND [t].[TransactionDate] >= @monthStart AND [t].[TransactionDate] <= @today
GROUP BY [t].[Type]
2026-09-15 12:54:08.059 +05:30 [INF] Executed DbCommand (7ms) [Parameters=[@userId='?' (Size = 450)], CommandType='"Text"', CommandTimeout='30']
SELECT COALESCE(SUM([t].[Amount]), 0.0)
FROM [Transactions] AS [t]
WHERE [t].[UserId] = @userId AND [t].[Type] = N'Income'
2026-09-15 12:54:08.070 +05:30 [INF] Executed DbCommand (10ms) [Parameters=[@userId='?' (Size = 450)], CommandType='"Text"', CommandTimeout='30']
SELECT COALESCE(SUM([t].[Amount]), 0.0)
FROM [Transactions] AS [t]
WHERE [t].[UserId] = @userId AND [t].[Type] = N'Expense'
2026-09-15 12:54:08.075 +05:30 [INF] Executed DbCommand (4ms) [Parameters=[@userId='?' (Size = 450)], CommandType='"Text"', CommandTimeout='30']
SELECT COUNT(*)
FROM [Transactions] AS [t]
WHERE [t].[UserId] = @userId
2026-09-15 12:54:08.088 +05:30 [INF] Executed DbCommand (13ms) [Parameters=[@userId='?' (Size = 450), @prevStart='?' (DbType = DateTime2), @prevEnd='?' (DbType = DateTime2)], CommandType='"Text"', CommandTimeout='30']
SELECT COALESCE(SUM([t].[Amount]), 0.0)
FROM [Transactions] AS [t]
WHERE [t].[UserId] = @userId AND [t].[Type] = N'Expense' AND [t].[TransactionDate] >= @prevStart AND [t].[TransactionDate] <= @prevEnd
2026-09-15 12:54:08.104 +05:30 [INF] Executed DbCommand (15ms) [Parameters=[@p='?' (DbType = Int32), @userId='?' (Size = 450)], CommandType='"Text"', CommandTimeout='30']
SELECT [t0].[TransactionId], [t0].[TransactionDate], [t0].[Description], [c].[Name] AS [CategoryName], [c].[Icon] AS [CategoryIcon], [c].[Color] AS [CategoryColor], [t0].[Type], [t0].[Amount], [p].[Name] AS [PaymentMethodName]
FROM (
    SELECT TOP(@p) [t].[TransactionId], [t].[Amount], [t].[CategoryId], [t].[CreatedDate], [t].[Description], [t].[PaymentMethodId], [t].[TransactionDate], [t].[Type]
    FROM [Transactions] AS [t]
    WHERE [t].[UserId] = @userId
    ORDER BY [t].[TransactionDate] DESC, [t].[CreatedDate] DESC
) AS [t0]
INNER JOIN [Categories] AS [c] ON [t0].[CategoryId] = [c].[CategoryId]
LEFT JOIN [PaymentMethods] AS [p] ON [t0].[PaymentMethodId] = [p].[PaymentMethodId]
ORDER BY [t0].[TransactionDate] DESC, [t0].[CreatedDate] DESC
2026-09-15 12:54:08.120 +05:30 [INF] Executed DbCommand (15ms) [Parameters=[@userId='?' (Size = 450), @sixMonthsAgo='?' (DbType = DateTime2)], CommandType='"Text"', CommandTimeout='30']
SELECT [t0].[Year], [t0].[Month], COALESCE(SUM([t0].[Amount]), 0.0) AS [Total]
FROM (
    SELECT [t].[Amount], DATEPART(year, [t].[TransactionDate]) AS [Year], DATEPART(month, [t].[TransactionDate]) AS [Month]
    FROM [Transactions] AS [t]
    WHERE [t].[UserId] = @userId AND [t].[Type] = N'Expense' AND [t].[TransactionDate] >= @sixMonthsAgo
) AS [t0]
GROUP BY [t0].[Year], [t0].[Month]
2026-09-15 12:54:08.133 +05:30 [INF] Executed DbCommand (12ms) [Parameters=[@userId='?' (Size = 450), @sixMonthsAgo='?' (DbType = DateTime2)], CommandType='"Text"', CommandTimeout='30']
SELECT [t0].[Year], [t0].[Month], [t0].[Type], COALESCE(SUM([t0].[Amount]), 0.0) AS [Total]
FROM (
    SELECT [t].[Amount], [t].[Type], DATEPART(year, [t].[TransactionDate]) AS [Year], DATEPART(month, [t].[TransactionDate]) AS [Month]
    FROM [Transactions] AS [t]
    WHERE [t].[UserId] = @userId AND [t].[TransactionDate] >= @sixMonthsAgo
) AS [t0]
GROUP BY [t0].[Year], [t0].[Month], [t0].[Type]
2026-09-15 12:54:08.151 +05:30 [INF] Executed DbCommand (17ms) [Parameters=[@p='?' (DbType = Int32), @userId='?' (Size = 450), @monthStart='?' (DbType = DateTime2), @today='?' (DbType = DateTime2)], CommandType='"Text"', CommandTimeout='30']
SELECT TOP(@p) [c].[Name] AS [Category], COALESCE(SUM([t].[Amount]), 0.0) AS [Total]
FROM [Transactions] AS [t]
INNER JOIN [Categories] AS [c] ON [t].[CategoryId] = [c].[CategoryId]
WHERE [t].[UserId] = @userId AND [t].[Type] = N'Expense' AND [t].[TransactionDate] >= @monthStart AND [t].[TransactionDate] <= @today
GROUP BY [c].[Name]
ORDER BY COALESCE(SUM([t].[Amount]), 0.0) DESC
2026-09-15 12:54:08.167 +05:30 [INF] Executed DbCommand (15ms) [Parameters=[@userId='?' (Size = 450), @monthStart='?' (DbType = DateTime2), @today='?' (DbType = DateTime2)], CommandType='"Text"', CommandTimeout='30']
SELECT [t0].[Key] AS [Day], COALESCE(SUM([t0].[Amount]), 0.0) AS [Total]
FROM (
    SELECT [t].[Amount], DATEPART(day, [t].[TransactionDate]) AS [Key]
    FROM [Transactions] AS [t]
    WHERE [t].[UserId] = @userId AND [t].[Type] = N'Expense' AND [t].[TransactionDate] >= @monthStart AND [t].[TransactionDate] <= @today
) AS [t0]
GROUP BY [t0].[Key]
2026-09-15 12:54:08.185 +05:30 [INF] Executed DbCommand (17ms) [Parameters=[@userId='?' (Size = 450), @monthStart='?' (DbType = DateTime2), @today='?' (DbType = DateTime2)], CommandType='"Text"', CommandTimeout='30']
SELECT [p].[Name] AS [Method], COALESCE(SUM([t].[Amount]), 0.0) AS [Total]
FROM [Transactions] AS [t]
LEFT JOIN [PaymentMethods] AS [p] ON [t].[PaymentMethodId] = [p].[PaymentMethodId]
WHERE [t].[UserId] = @userId AND [t].[Type] = N'Expense' AND [t].[TransactionDate] >= @monthStart AND [t].[TransactionDate] <= @today AND [t].[PaymentMethodId] IS NOT NULL
GROUP BY [p].[Name]
2026-09-15 12:54:08.192 +05:30 [INF] Executed DbCommand (5ms) [Parameters=[@userId='?' (Size = 450), @today_Month='?' (DbType = Int32), @today_Year='?' (DbType = Int32)], CommandType='"Text"', CommandTimeout='30']
SELECT TOP(1) [b].[BudgetId], [b].[CreatedDate], [b].[Month], [b].[Notes], [b].[TotalBudget], [b].[UpdatedDate], [b].[UserId], [b].[Year]
FROM [Budgets] AS [b]
WHERE [b].[UserId] = @userId AND [b].[Month] = @today_Month AND [b].[Year] = @today_Year
2026-09-15 12:54:08.201 +05:30 [INF] Executed DbCommand (8ms) [Parameters=[@userId='?' (Size = 450)], CommandType='"Text"', CommandTimeout='30']
SELECT COUNT(*)
FROM [Notifications] AS [n]
WHERE [n].[UserId] = @userId AND [n].[IsRead] = CAST(0 AS bit)
2026-09-15 12:54:08.214 +05:30 [INF] Executed DbCommand (12ms) [Parameters=[@userId='?' (Size = 450), @monthStart='?' (DbType = DateTime2), @today='?' (DbType = DateTime2)], CommandType='"Text"', CommandTimeout='30']
SELECT [t].[TransactionId], [t].[Amount], [t].[CategoryId], [t].[CreatedDate], [t].[Description], [t].[Notes], [t].[PaymentMethodId], [t].[RecurringExpenseId], [t].[TransactionDate], [t].[Type], [t].[UpdatedDate], [t].[UserId], [c].[CategoryId], [c].[Color], [c].[CreatedDate], [c].[Icon], [c].[IsActive], [c].[IsDefault], [c].[Name], [c].[Type], [c].[UserId], [p].[PaymentMethodId], [p].[CreatedDate], [p].[Icon], [p].[IsActive], [p].[IsDefault], [p].[Name], [p].[UserId]
FROM [Transactions] AS [t]
INNER JOIN [Categories] AS [c] ON [t].[CategoryId] = [c].[CategoryId]
LEFT JOIN [PaymentMethods] AS [p] ON [t].[PaymentMethodId] = [p].[PaymentMethodId]
WHERE [t].[UserId] = @userId AND [t].[TransactionDate] >= @monthStart AND [t].[TransactionDate] <= @today
2026-09-15 12:54:08.222 +05:30 [INF] Executed DbCommand (7ms) [Parameters=[@userId='?' (Size = 450), @prevMonthStart='?' (DbType = DateTime2), @prevMonthEnd='?' (DbType = DateTime2)], CommandType='"Text"', CommandTimeout='30']
SELECT [t].[TransactionId], [t].[Amount], [t].[CategoryId], [t].[CreatedDate], [t].[Description], [t].[Notes], [t].[PaymentMethodId], [t].[RecurringExpenseId], [t].[TransactionDate], [t].[Type], [t].[UpdatedDate], [t].[UserId], [c].[CategoryId], [c].[Color], [c].[CreatedDate], [c].[Icon], [c].[IsActive], [c].[IsDefault], [c].[Name], [c].[Type], [c].[UserId]
FROM [Transactions] AS [t]
INNER JOIN [Categories] AS [c] ON [t].[CategoryId] = [c].[CategoryId]
WHERE [t].[UserId] = @userId AND [t].[TransactionDate] >= @prevMonthStart AND [t].[TransactionDate] <= @prevMonthEnd
2026-09-15 12:54:08.233 +05:30 [INF] Executed DbCommand (10ms) [Parameters=[@userId='?' (Size = 450), @today_Month='?' (DbType = Int32), @today_Year='?' (DbType = Int32)], CommandType='"Text"', CommandTimeout='30']
SELECT [b1].[BudgetId], [b1].[CreatedDate], [b1].[Month], [b1].[Notes], [b1].[TotalBudget], [b1].[UpdatedDate], [b1].[UserId], [b1].[Year], [b0].[BudgetCategoryId], [b0].[Amount], [b0].[BudgetId], [b0].[CategoryId]
FROM (
    SELECT TOP(1) [b].[BudgetId], [b].[CreatedDate], [b].[Month], [b].[Notes], [b].[TotalBudget], [b].[UpdatedDate], [b].[UserId], [b].[Year]
    FROM [Budgets] AS [b]
    WHERE [b].[UserId] = @userId AND [b].[Month] = @today_Month AND [b].[Year] = @today_Year
) AS [b1]
LEFT JOIN [BudgetCategories] AS [b0] ON [b1].[BudgetId] = [b0].[BudgetId]
ORDER BY [b1].[BudgetId]
2026-09-15 12:54:08.234 +05:30 [INF] Executing ViewResult, running view Index.
2026-09-15 12:54:08.242 +05:30 [INF] Executed DbCommand (6ms) [Parameters=[@p='?' (Size = 450)], CommandType='"Text"', CommandTimeout='30']
SELECT TOP(1) [a].[Id], [a].[AccessFailedCount], [a].[ConcurrencyStamp], [a].[CreatedDate], [a].[Currency], [a].[DateFormat], [a].[Email], [a].[EmailConfirmed], [a].[FirstName], [a].[LastName], [a].[LockoutEnabled], [a].[LockoutEnd], [a].[NormalizedEmail], [a].[NormalizedUserName], [a].[PasswordHash], [a].[PhoneNumber], [a].[PhoneNumberConfirmed], [a].[SecurityStamp], [a].[Theme], [a].[TwoFactorEnabled], [a].[UserName]
FROM [AspNetUsers] AS [a]
WHERE [a].[Id] = @p
2026-09-15 12:54:08.245 +05:30 [INF] Executed ViewResult - view Index executed in 11.1982ms.
2026-09-15 12:54:08.245 +05:30 [INF] Executed action MyDailyExpenseTracker.Controllers.DashboardController.Index (MyDailyExpenseTracker) in 297.3368ms
2026-09-15 12:54:08.246 +05:30 [INF] Executed endpoint 'MyDailyExpenseTracker.Controllers.DashboardController.Index (MyDailyExpenseTracker)'
2026-09-15 12:54:08.246 +05:30 [INF] Request finished HTTP/1.1 GET http://localhost:5172/ - 200 null text/html; charset=utf-8 300.2336ms
2026-09-15 12:54:22.274 +05:30 [INF] Request starting HTTP/1.1 GET http://localhost:5172/Notifications/GetUnread - null null
2026-09-15 12:54:22.276 +05:30 [INF] Executing endpoint 'MyDailyExpenseTracker.Controllers.NotificationsController.GetUnread (MyDailyExpenseTracker)'
2026-09-15 12:54:22.296 +05:30 [INF] Route matched with {action = "GetUnread", controller = "Notifications"}. Executing controller action with signature System.Threading.Tasks.Task`1[Microsoft.AspNetCore.Mvc.IActionResult] GetUnread() on controller MyDailyExpenseTracker.Controllers.NotificationsController (MyDailyExpenseTracker).
2026-09-15 12:54:22.331 +05:30 [INF] Executed DbCommand (11ms) [Parameters=[@p='?' (DbType = Int32), @userId='?' (Size = 450)], CommandType='"Text"', CommandTimeout='30']
SELECT TOP(@p) [n].[NotificationId], [n].[CreatedDate], [n].[IsRead], [n].[Message], [n].[Type], [n].[UserId]
FROM [Notifications] AS [n]
WHERE [n].[UserId] = @userId AND [n].[IsRead] = CAST(0 AS bit)
ORDER BY [n].[CreatedDate] DESC
2026-09-15 12:54:22.333 +05:30 [INF] Executing JsonResult, writing value of type 'System.Linq.Enumerable+ListSelectIterator`2[[MyDailyExpenseTracker.Models.Notification, MyDailyExpenseTracker, Version=1.0.0.0, Culture=neutral, PublicKeyToken=null],[<>f__AnonymousType4`4[[System.Int32, System.Private.CoreLib, Version=10.0.0.0, Culture=neutral, PublicKeyToken=7cec85d7bea7798e],[System.String, System.Private.CoreLib, Version=10.0.0.0, Culture=neutral, PublicKeyToken=7cec85d7bea7798e],[System.String, System.Private.CoreLib, Version=10.0.0.0, Culture=neutral, PublicKeyToken=7cec85d7bea7798e],[System.String, System.Private.CoreLib, Version=10.0.0.0, Culture=neutral, PublicKeyToken=7cec85d7bea7798e]], MyDailyExpenseTracker, Version=1.0.0.0, Culture=neutral, PublicKeyToken=null]]'.
2026-09-15 12:54:22.342 +05:30 [INF] Executed action MyDailyExpenseTracker.Controllers.NotificationsController.GetUnread (MyDailyExpenseTracker) in 46.7637ms
2026-09-15 12:54:22.343 +05:30 [INF] Executed endpoint 'MyDailyExpenseTracker.Controllers.NotificationsController.GetUnread (MyDailyExpenseTracker)'
2026-09-15 12:54:22.343 +05:30 [INF] Request finished HTTP/1.1 GET http://localhost:5172/Notifications/GetUnread - 200 null application/json; charset=utf-8 68.5453ms
2026-09-15 12:54:23.041 +05:30 [INF] Request starting HTTP/1.1 GET http://localhost:5172/Notifications/GetUnread - null null
2026-09-15 12:54:23.045 +05:30 [INF] Executing endpoint 'MyDailyExpenseTracker.Controllers.NotificationsController.GetUnread (MyDailyExpenseTracker)'
2026-09-15 12:54:23.045 +05:30 [INF] Route matched with {action = "GetUnread", controller = "Notifications"}. Executing controller action with signature System.Threading.Tasks.Task`1[Microsoft.AspNetCore.Mvc.IActionResult] GetUnread() on controller MyDailyExpenseTracker.Controllers.NotificationsController (MyDailyExpenseTracker).
2026-09-15 12:54:23.056 +05:30 [INF] Executed DbCommand (9ms) [Parameters=[@p='?' (DbType = Int32), @userId='?' (Size = 450)], CommandType='"Text"', CommandTimeout='30']
SELECT TOP(@p) [n].[NotificationId], [n].[CreatedDate], [n].[IsRead], [n].[Message], [n].[Type], [n].[UserId]
FROM [Notifications] AS [n]
WHERE [n].[UserId] = @userId AND [n].[IsRead] = CAST(0 AS bit)
ORDER BY [n].[CreatedDate] DESC
2026-09-15 12:54:23.057 +05:30 [INF] Executing JsonResult, writing value of type 'System.Linq.Enumerable+ListSelectIterator`2[[MyDailyExpenseTracker.Models.Notification, MyDailyExpenseTracker, Version=1.0.0.0, Culture=neutral, PublicKeyToken=null],[<>f__AnonymousType4`4[[System.Int32, System.Private.CoreLib, Version=10.0.0.0, Culture=neutral, PublicKeyToken=7cec85d7bea7798e],[System.String, System.Private.CoreLib, Version=10.0.0.0, Culture=neutral, PublicKeyToken=7cec85d7bea7798e],[System.String, System.Private.CoreLib, Version=10.0.0.0, Culture=neutral, PublicKeyToken=7cec85d7bea7798e],[System.String, System.Private.CoreLib, Version=10.0.0.0, Culture=neutral, PublicKeyToken=7cec85d7bea7798e]], MyDailyExpenseTracker, Version=1.0.0.0, Culture=neutral, PublicKeyToken=null]]'.
2026-09-15 12:54:23.057 +05:30 [INF] Executed action MyDailyExpenseTracker.Controllers.NotificationsController.GetUnread (MyDailyExpenseTracker) in 11.5385ms
2026-09-15 12:54:23.057 +05:30 [INF] Executed endpoint 'MyDailyExpenseTracker.Controllers.NotificationsController.GetUnread (MyDailyExpenseTracker)'
2026-09-15 12:54:23.058 +05:30 [INF] Request finished HTTP/1.1 GET http://localhost:5172/Notifications/GetUnread - 200 null application/json; charset=utf-8 16.9104ms
2026-09-15 12:56:31.121 +05:30 [INF] Request starting HTTP/1.1 POST http://localhost:5172/AiInsights/Ask - application/json 52
2026-09-15 12:56:31.125 +05:30 [INF] Executing endpoint 'MyDailyExpenseTracker.Controllers.AiInsightsController.Ask (MyDailyExpenseTracker)'
2026-09-15 12:56:31.139 +05:30 [INF] Route matched with {action = "Ask", controller = "AiInsights"}. Executing controller action with signature System.Threading.Tasks.Task`1[Microsoft.AspNetCore.Mvc.IActionResult] Ask(MyDailyExpenseTracker.ViewModels.AiChatRequest) on controller MyDailyExpenseTracker.Controllers.AiInsightsController (MyDailyExpenseTracker).
2026-09-15 12:56:31.215 +05:30 [INF] Executed DbCommand (14ms) [Parameters=[@userId='?' (Size = 450), @monthStart='?' (DbType = DateTime2), @today='?' (DbType = DateTime2)], CommandType='"Text"', CommandTimeout='30']
SELECT [t].[TransactionId], [t].[Amount], [t].[CategoryId], [t].[CreatedDate], [t].[Description], [t].[Notes], [t].[PaymentMethodId], [t].[RecurringExpenseId], [t].[TransactionDate], [t].[Type], [t].[UpdatedDate], [t].[UserId], [c].[CategoryId], [c].[Color], [c].[CreatedDate], [c].[Icon], [c].[IsActive], [c].[IsDefault], [c].[Name], [c].[Type], [c].[UserId], [p].[PaymentMethodId], [p].[CreatedDate], [p].[Icon], [p].[IsActive], [p].[IsDefault], [p].[Name], [p].[UserId]
FROM [Transactions] AS [t]
INNER JOIN [Categories] AS [c] ON [t].[CategoryId] = [c].[CategoryId]
LEFT JOIN [PaymentMethods] AS [p] ON [t].[PaymentMethodId] = [p].[PaymentMethodId]
WHERE [t].[UserId] = @userId AND [t].[TransactionDate] >= @monthStart AND [t].[TransactionDate] <= @today
2026-09-15 12:56:31.222 +05:30 [INF] Executed DbCommand (5ms) [Parameters=[@userId='?' (Size = 450), @today_Month='?' (DbType = Int32), @today_Year='?' (DbType = Int32)], CommandType='"Text"', CommandTimeout='30']
SELECT TOP(1) [b].[BudgetId], [b].[CreatedDate], [b].[Month], [b].[Notes], [b].[TotalBudget], [b].[UpdatedDate], [b].[UserId], [b].[Year]
FROM [Budgets] AS [b]
WHERE [b].[UserId] = @userId AND [b].[Month] = @today_Month AND [b].[Year] = @today_Year
2026-09-15 12:56:31.227 +05:30 [INF] Executing JsonResult, writing value of type 'MyDailyExpenseTracker.ViewModels.AiChatResponse'.
2026-09-15 12:56:31.232 +05:30 [INF] Executed action MyDailyExpenseTracker.Controllers.AiInsightsController.Ask (MyDailyExpenseTracker) in 92.9617ms
2026-09-15 12:56:31.232 +05:30 [INF] Executed endpoint 'MyDailyExpenseTracker.Controllers.AiInsightsController.Ask (MyDailyExpenseTracker)'
2026-09-15 12:56:31.232 +05:30 [INF] Request finished HTTP/1.1 POST http://localhost:5172/AiInsights/Ask - 200 null application/json; charset=utf-8 111.9414ms
2026-09-15 12:56:37.878 +05:30 [INF] Request starting HTTP/1.1 POST http://localhost:5172/AiInsights/Ask - application/json 54
2026-09-15 12:56:37.881 +05:30 [INF] Executing endpoint 'MyDailyExpenseTracker.Controllers.AiInsightsController.Ask (MyDailyExpenseTracker)'
2026-09-15 12:56:37.881 +05:30 [INF] Route matched with {action = "Ask", controller = "AiInsights"}. Executing controller action with signature System.Threading.Tasks.Task`1[Microsoft.AspNetCore.Mvc.IActionResult] Ask(MyDailyExpenseTracker.ViewModels.AiChatRequest) on controller MyDailyExpenseTracker.Controllers.AiInsightsController (MyDailyExpenseTracker).
2026-09-15 12:56:37.912 +05:30 [INF] Executed DbCommand (28ms) [Parameters=[@userId='?' (Size = 450), @monthStart='?' (DbType = DateTime2), @today='?' (DbType = DateTime2)], CommandType='"Text"', CommandTimeout='30']
SELECT [t].[TransactionId], [t].[Amount], [t].[CategoryId], [t].[CreatedDate], [t].[Description], [t].[Notes], [t].[PaymentMethodId], [t].[RecurringExpenseId], [t].[TransactionDate], [t].[Type], [t].[UpdatedDate], [t].[UserId], [c].[CategoryId], [c].[Color], [c].[CreatedDate], [c].[Icon], [c].[IsActive], [c].[IsDefault], [c].[Name], [c].[Type], [c].[UserId], [p].[PaymentMethodId], [p].[CreatedDate], [p].[Icon], [p].[IsActive], [p].[IsDefault], [p].[Name], [p].[UserId]
FROM [Transactions] AS [t]
INNER JOIN [Categories] AS [c] ON [t].[CategoryId] = [c].[CategoryId]
LEFT JOIN [PaymentMethods] AS [p] ON [t].[PaymentMethodId] = [p].[PaymentMethodId]
WHERE [t].[UserId] = @userId AND [t].[TransactionDate] >= @monthStart AND [t].[TransactionDate] <= @today
2026-09-15 12:56:37.925 +05:30 [INF] Executed DbCommand (11ms) [Parameters=[@userId='?' (Size = 450), @today_Month='?' (DbType = Int32), @today_Year='?' (DbType = Int32)], CommandType='"Text"', CommandTimeout='30']
SELECT TOP(1) [b].[BudgetId], [b].[CreatedDate], [b].[Month], [b].[Notes], [b].[TotalBudget], [b].[UpdatedDate], [b].[UserId], [b].[Year]
FROM [Budgets] AS [b]
WHERE [b].[UserId] = @userId AND [b].[Month] = @today_Month AND [b].[Year] = @today_Year
2026-09-15 12:56:37.930 +05:30 [INF] Executing JsonResult, writing value of type 'MyDailyExpenseTracker.ViewModels.AiChatResponse'.
2026-09-15 12:56:37.930 +05:30 [INF] Executed action MyDailyExpenseTracker.Controllers.AiInsightsController.Ask (MyDailyExpenseTracker) in 48.7341ms
2026-09-15 12:56:37.930 +05:30 [INF] Executed endpoint 'MyDailyExpenseTracker.Controllers.AiInsightsController.Ask (MyDailyExpenseTracker)'
2026-09-15 12:56:37.930 +05:30 [INF] Request finished HTTP/1.1 POST http://localhost:5172/AiInsights/Ask - 200 null application/json; charset=utf-8 52.0526ms
2026-09-15 12:56:45.172 +05:30 [INF] Request starting HTTP/1.1 POST http://localhost:5172/AiInsights/Ask - application/json 46
2026-09-15 12:56:45.174 +05:30 [INF] Executing endpoint 'MyDailyExpenseTracker.Controllers.AiInsightsController.Ask (MyDailyExpenseTracker)'
2026-09-15 12:56:45.174 +05:30 [INF] Route matched with {action = "Ask", controller = "AiInsights"}. Executing controller action with signature System.Threading.Tasks.Task`1[Microsoft.AspNetCore.Mvc.IActionResult] Ask(MyDailyExpenseTracker.ViewModels.AiChatRequest) on controller MyDailyExpenseTracker.Controllers.AiInsightsController (MyDailyExpenseTracker).
2026-09-15 12:56:45.207 +05:30 [INF] Executed DbCommand (31ms) [Parameters=[@userId='?' (Size = 450), @monthStart='?' (DbType = DateTime2), @today='?' (DbType = DateTime2)], CommandType='"Text"', CommandTimeout='30']
SELECT [t].[TransactionId], [t].[Amount], [t].[CategoryId], [t].[CreatedDate], [t].[Description], [t].[Notes], [t].[PaymentMethodId], [t].[RecurringExpenseId], [t].[TransactionDate], [t].[Type], [t].[UpdatedDate], [t].[UserId], [c].[CategoryId], [c].[Color], [c].[CreatedDate], [c].[Icon], [c].[IsActive], [c].[IsDefault], [c].[Name], [c].[Type], [c].[UserId], [p].[PaymentMethodId], [p].[CreatedDate], [p].[Icon], [p].[IsActive], [p].[IsDefault], [p].[Name], [p].[UserId]
FROM [Transactions] AS [t]
INNER JOIN [Categories] AS [c] ON [t].[CategoryId] = [c].[CategoryId]
LEFT JOIN [PaymentMethods] AS [p] ON [t].[PaymentMethodId] = [p].[PaymentMethodId]
WHERE [t].[UserId] = @userId AND [t].[TransactionDate] >= @monthStart AND [t].[TransactionDate] <= @today
2026-09-15 12:56:45.216 +05:30 [INF] Executed DbCommand (7ms) [Parameters=[@userId='?' (Size = 450), @today_Month='?' (DbType = Int32), @today_Year='?' (DbType = Int32)], CommandType='"Text"', CommandTimeout='30']
SELECT TOP(1) [b].[BudgetId], [b].[CreatedDate], [b].[Month], [b].[Notes], [b].[TotalBudget], [b].[UpdatedDate], [b].[UserId], [b].[Year]
FROM [Budgets] AS [b]
WHERE [b].[UserId] = @userId AND [b].[Month] = @today_Month AND [b].[Year] = @today_Year
2026-09-15 12:56:45.219 +05:30 [INF] Executing JsonResult, writing value of type 'MyDailyExpenseTracker.ViewModels.AiChatResponse'.
2026-09-15 12:56:45.219 +05:30 [INF] Executed action MyDailyExpenseTracker.Controllers.AiInsightsController.Ask (MyDailyExpenseTracker) in 45.2691ms
2026-09-15 12:56:45.219 +05:30 [INF] Executed endpoint 'MyDailyExpenseTracker.Controllers.AiInsightsController.Ask (MyDailyExpenseTracker)'
2026-09-15 12:56:45.219 +05:30 [INF] Request finished HTTP/1.1 POST http://localhost:5172/AiInsights/Ask - 200 null application/json; charset=utf-8 47.2477ms
2026-09-15 12:57:06.547 +05:30 [INF] Request starting HTTP/1.1 GET http://localhost:5172/Budget - null null
2026-09-15 12:57:06.548 +05:30 [INF] Executing endpoint 'MyDailyExpenseTracker.Controllers.BudgetController.Index (MyDailyExpenseTracker)'
2026-09-15 12:57:06.548 +05:30 [INF] Route matched with {action = "Index", controller = "Budget"}. Executing controller action with signature System.Threading.Tasks.Task`1[Microsoft.AspNetCore.Mvc.IActionResult] Index(Int32, Int32) on controller MyDailyExpenseTracker.Controllers.BudgetController (MyDailyExpenseTracker).
2026-09-15 12:57:06.612 +05:30 [INF] Executed DbCommand (59ms) [Parameters=[@userId='?' (Size = 450), @month='?' (DbType = Int32), @year='?' (DbType = Int32)], CommandType='"Text"', CommandTimeout='30']
SELECT [b1].[BudgetId], [b1].[CreatedDate], [b1].[Month], [b1].[Notes], [b1].[TotalBudget], [b1].[UpdatedDate], [b1].[UserId], [b1].[Year], [s].[BudgetCategoryId], [s].[Amount], [s].[BudgetId], [s].[CategoryId], [s].[CategoryId0], [s].[Color], [s].[CreatedDate], [s].[Icon], [s].[IsActive], [s].[IsDefault], [s].[Name], [s].[Type], [s].[UserId]
FROM (
    SELECT TOP(1) [b].[BudgetId], [b].[CreatedDate], [b].[Month], [b].[Notes], [b].[TotalBudget], [b].[UpdatedDate], [b].[UserId], [b].[Year]
    FROM [Budgets] AS [b]
    WHERE [b].[UserId] = @userId AND [b].[Month] = @month AND [b].[Year] = @year
) AS [b1]
LEFT JOIN (
    SELECT [b0].[BudgetCategoryId], [b0].[Amount], [b0].[BudgetId], [b0].[CategoryId], [c].[CategoryId] AS [CategoryId0], [c].[Color], [c].[CreatedDate], [c].[Icon], [c].[IsActive], [c].[IsDefault], [c].[Name], [c].[Type], [c].[UserId]
    FROM [BudgetCategories] AS [b0]
    INNER JOIN [Categories] AS [c] ON [b0].[CategoryId] = [c].[CategoryId]
) AS [s] ON [b1].[BudgetId] = [s].[BudgetId]
ORDER BY [b1].[BudgetId], [s].[BudgetCategoryId]
2026-09-15 12:57:06.636 +05:30 [INF] Executed DbCommand (23ms) [Parameters=[@userId='?' (Size = 450)], CommandType='"Text"', CommandTimeout='30']
SELECT [t].[CategoryId], COUNT(*) AS [Count]
FROM [Transactions] AS [t]
WHERE [t].[UserId] = @userId
GROUP BY [t].[CategoryId]
2026-09-15 12:57:06.645 +05:30 [INF] Executed DbCommand (7ms) [Parameters=[@userId='?' (Size = 450)], CommandType='"Text"', CommandTimeout='30']
SELECT [c].[CategoryId], [c].[Name], [c].[Icon], [c].[Color], [c].[Type], [c].[IsDefault]
FROM [Categories] AS [c]
WHERE [c].[IsActive] = CAST(1 AS bit) AND ([c].[UserId] = @userId OR [c].[UserId] IS NULL)
ORDER BY [c].[Type], [c].[Name]
2026-09-15 12:57:06.659 +05:30 [INF] Executed DbCommand (13ms) [Parameters=[@userId='?' (Size = 450), @monthStart='?' (DbType = DateTime2), @monthEnd='?' (DbType = DateTime2)], CommandType='"Text"', CommandTimeout='30']
SELECT [t].[CategoryId], COALESCE(SUM([t].[Amount]), 0.0) AS [Total]
FROM [Transactions] AS [t]
WHERE [t].[UserId] = @userId AND [t].[Type] = N'Expense' AND [t].[TransactionDate] >= @monthStart AND [t].[TransactionDate] <= @monthEnd
GROUP BY [t].[CategoryId]
2026-09-15 12:57:06.660 +05:30 [INF] Executing ViewResult, running view Index.
2026-09-15 12:57:06.671 +05:30 [INF] Executed DbCommand (7ms) [Parameters=[@p='?' (Size = 450)], CommandType='"Text"', CommandTimeout='30']
SELECT TOP(1) [a].[Id], [a].[AccessFailedCount], [a].[ConcurrencyStamp], [a].[CreatedDate], [a].[Currency], [a].[DateFormat], [a].[Email], [a].[EmailConfirmed], [a].[FirstName], [a].[LastName], [a].[LockoutEnabled], [a].[LockoutEnd], [a].[NormalizedEmail], [a].[NormalizedUserName], [a].[PasswordHash], [a].[PhoneNumber], [a].[PhoneNumberConfirmed], [a].[SecurityStamp], [a].[Theme], [a].[TwoFactorEnabled], [a].[UserName]
FROM [AspNetUsers] AS [a]
WHERE [a].[Id] = @p
2026-09-15 12:57:06.675 +05:30 [INF] Executed ViewResult - view Index executed in 15.2556ms.
2026-09-15 12:57:06.675 +05:30 [INF] Executed action MyDailyExpenseTracker.Controllers.BudgetController.Index (MyDailyExpenseTracker) in 126.8049ms
2026-09-15 12:57:06.675 +05:30 [INF] Executed endpoint 'MyDailyExpenseTracker.Controllers.BudgetController.Index (MyDailyExpenseTracker)'
2026-09-15 12:57:06.675 +05:30 [INF] Request finished HTTP/1.1 GET http://localhost:5172/Budget - 200 null text/html; charset=utf-8 128.3063ms
2026-09-15 12:57:06.732 +05:30 [INF] Request starting HTTP/1.1 GET http://localhost:5172/css/site.css?v=ZhPtt2tQXoXldWfuRn0TMwnGb2qeExjzFYfGtrBB_2I - null null
2026-09-15 12:57:06.733 +05:30 [INF] The file /css/site.css was not modified
2026-09-15 12:57:06.733 +05:30 [INF] Request finished HTTP/1.1 GET http://localhost:5172/css/site.css?v=ZhPtt2tQXoXldWfuRn0TMwnGb2qeExjzFYfGtrBB_2I - 304 null text/css 0.8173ms
2026-09-15 12:57:06.759 +05:30 [INF] Request starting HTTP/1.1 GET http://localhost:5172/js/ai-assistant.js?v=VlXNTuJqYuT2_eSZFnOWSz6-qFPFiytSED3SbY57NIo - null null
2026-09-15 12:57:06.764 +05:30 [INF] The file /js/ai-assistant.js was not modified
2026-09-15 12:57:06.764 +05:30 [INF] Request finished HTTP/1.1 GET http://localhost:5172/js/ai-assistant.js?v=VlXNTuJqYuT2_eSZFnOWSz6-qFPFiytSED3SbY57NIo - 304 null text/javascript 5.6273ms
2026-09-15 12:59:38.823 +05:30 [INF] Request starting HTTP/1.1 GET http://localhost:5172/ - null null
2026-09-15 12:59:38.828 +05:30 [INF] Executing endpoint 'MyDailyExpenseTracker.Controllers.DashboardController.Index (MyDailyExpenseTracker)'
2026-09-15 12:59:38.828 +05:30 [INF] Route matched with {action = "Index", controller = "Dashboard"}. Executing controller action with signature System.Threading.Tasks.Task`1[Microsoft.AspNetCore.Mvc.IActionResult] Index() on controller MyDailyExpenseTracker.Controllers.DashboardController (MyDailyExpenseTracker).
2026-09-15 12:59:38.840 +05:30 [INF] Executed DbCommand (8ms) [Parameters=[@userId='?' (Size = 450), @today='?' (DbType = DateTime2), @today2='?' (DbType = DateTime2)], CommandType='"Text"', CommandTimeout='30']
SELECT [r].[RecurringExpenseId], [r].[Amount], [r].[CategoryId], [r].[CreatedDate], [r].[EndDate], [r].[Frequency], [r].[IsActive], [r].[LastGeneratedDate], [r].[Name], [r].[Notes], [r].[PaymentMethodId], [r].[StartDate], [r].[Type], [r].[UserId]
FROM [RecurringExpenses] AS [r]
WHERE [r].[UserId] = @userId AND [r].[IsActive] = CAST(1 AS bit) AND [r].[StartDate] <= @today AND ([r].[EndDate] IS NULL OR [r].[EndDate] >= @today2)
2026-09-15 12:59:38.876 +05:30 [INF] Executed DbCommand (34ms) [Parameters=[@userId='?' (Size = 450), @today_Month='?' (DbType = Int32), @today_Year='?' (DbType = Int32)], CommandType='"Text"', CommandTimeout='30']
SELECT [b1].[BudgetId], [b1].[CreatedDate], [b1].[Month], [b1].[Notes], [b1].[TotalBudget], [b1].[UpdatedDate], [b1].[UserId], [b1].[Year], [s].[BudgetCategoryId], [s].[Amount], [s].[BudgetId], [s].[CategoryId], [s].[CategoryId0], [s].[Color], [s].[CreatedDate], [s].[Icon], [s].[IsActive], [s].[IsDefault], [s].[Name], [s].[Type], [s].[UserId]
FROM (
    SELECT TOP(1) [b].[BudgetId], [b].[CreatedDate], [b].[Month], [b].[Notes], [b].[TotalBudget], [b].[UpdatedDate], [b].[UserId], [b].[Year]
    FROM [Budgets] AS [b]
    WHERE [b].[UserId] = @userId AND [b].[Month] = @today_Month AND [b].[Year] = @today_Year
) AS [b1]
LEFT JOIN (
    SELECT [b0].[BudgetCategoryId], [b0].[Amount], [b0].[BudgetId], [b0].[CategoryId], [c].[CategoryId] AS [CategoryId0], [c].[Color], [c].[CreatedDate], [c].[Icon], [c].[IsActive], [c].[IsDefault], [c].[Name], [c].[Type], [c].[UserId]
    FROM [BudgetCategories] AS [b0]
    INNER JOIN [Categories] AS [c] ON [b0].[CategoryId] = [c].[CategoryId]
) AS [s] ON [b1].[BudgetId] = [s].[BudgetId]
ORDER BY [b1].[BudgetId], [s].[BudgetCategoryId]
2026-09-15 12:59:38.891 +05:30 [INF] Executed DbCommand (13ms) [Parameters=[@userId='?' (Size = 450), @monthStart='?' (DbType = DateTime2)], CommandType='"Text"', CommandTimeout='30']
SELECT COALESCE(SUM([t].[Amount]), 0.0)
FROM [Transactions] AS [t]
WHERE [t].[UserId] = @userId AND [t].[Type] = N'Expense' AND [t].[TransactionDate] >= @monthStart
2026-09-15 12:59:38.904 +05:30 [INF] Executed DbCommand (11ms) [Parameters=[@userId='?' (Size = 450), @today='?' (DbType = DateTime2)], CommandType='"Text"', CommandTimeout='30']
SELECT [t].[Type], COALESCE(SUM([t].[Amount]), 0.0) AS [Total]
FROM [Transactions] AS [t]
WHERE [t].[UserId] = @userId AND CONVERT(date, [t].[TransactionDate]) = @today
GROUP BY [t].[Type]
2026-09-15 12:59:38.913 +05:30 [INF] Executed DbCommand (8ms) [Parameters=[@userId='?' (Size = 450), @monthStart='?' (DbType = DateTime2), @today='?' (DbType = DateTime2)], CommandType='"Text"', CommandTimeout='30']
SELECT [t].[Type], COALESCE(SUM([t].[Amount]), 0.0) AS [Total]
FROM [Transactions] AS [t]
WHERE [t].[UserId] = @userId AND [t].[TransactionDate] >= @monthStart AND [t].[TransactionDate] <= @today
GROUP BY [t].[Type]
2026-09-15 12:59:38.922 +05:30 [INF] Executed DbCommand (8ms) [Parameters=[@userId='?' (Size = 450)], CommandType='"Text"', CommandTimeout='30']
SELECT COALESCE(SUM([t].[Amount]), 0.0)
FROM [Transactions] AS [t]
WHERE [t].[UserId] = @userId AND [t].[Type] = N'Income'
2026-09-15 12:59:38.932 +05:30 [INF] Executed DbCommand (9ms) [Parameters=[@userId='?' (Size = 450)], CommandType='"Text"', CommandTimeout='30']
SELECT COALESCE(SUM([t].[Amount]), 0.0)
FROM [Transactions] AS [t]
WHERE [t].[UserId] = @userId AND [t].[Type] = N'Expense'
2026-09-15 12:59:38.937 +05:30 [INF] Executed DbCommand (4ms) [Parameters=[@userId='?' (Size = 450)], CommandType='"Text"', CommandTimeout='30']
SELECT COUNT(*)
FROM [Transactions] AS [t]
WHERE [t].[UserId] = @userId
2026-09-15 12:59:38.945 +05:30 [INF] Executed DbCommand (7ms) [Parameters=[@userId='?' (Size = 450), @prevStart='?' (DbType = DateTime2), @prevEnd='?' (DbType = DateTime2)], CommandType='"Text"', CommandTimeout='30']
SELECT COALESCE(SUM([t].[Amount]), 0.0)
FROM [Transactions] AS [t]
WHERE [t].[UserId] = @userId AND [t].[Type] = N'Expense' AND [t].[TransactionDate] >= @prevStart AND [t].[TransactionDate] <= @prevEnd
2026-09-15 12:59:38.958 +05:30 [INF] Executed DbCommand (12ms) [Parameters=[@p='?' (DbType = Int32), @userId='?' (Size = 450)], CommandType='"Text"', CommandTimeout='30']
SELECT [t0].[TransactionId], [t0].[TransactionDate], [t0].[Description], [c].[Name] AS [CategoryName], [c].[Icon] AS [CategoryIcon], [c].[Color] AS [CategoryColor], [t0].[Type], [t0].[Amount], [p].[Name] AS [PaymentMethodName]
FROM (
    SELECT TOP(@p) [t].[TransactionId], [t].[Amount], [t].[CategoryId], [t].[CreatedDate], [t].[Description], [t].[PaymentMethodId], [t].[TransactionDate], [t].[Type]
    FROM [Transactions] AS [t]
    WHERE [t].[UserId] = @userId
    ORDER BY [t].[TransactionDate] DESC, [t].[CreatedDate] DESC
) AS [t0]
INNER JOIN [Categories] AS [c] ON [t0].[CategoryId] = [c].[CategoryId]
LEFT JOIN [PaymentMethods] AS [p] ON [t0].[PaymentMethodId] = [p].[PaymentMethodId]
ORDER BY [t0].[TransactionDate] DESC, [t0].[CreatedDate] DESC
2026-09-15 12:59:38.974 +05:30 [INF] Executed DbCommand (14ms) [Parameters=[@userId='?' (Size = 450), @sixMonthsAgo='?' (DbType = DateTime2)], CommandType='"Text"', CommandTimeout='30']
SELECT [t0].[Year], [t0].[Month], COALESCE(SUM([t0].[Amount]), 0.0) AS [Total]
FROM (
    SELECT [t].[Amount], DATEPART(year, [t].[TransactionDate]) AS [Year], DATEPART(month, [t].[TransactionDate]) AS [Month]
    FROM [Transactions] AS [t]
    WHERE [t].[UserId] = @userId AND [t].[Type] = N'Expense' AND [t].[TransactionDate] >= @sixMonthsAgo
) AS [t0]
GROUP BY [t0].[Year], [t0].[Month]
2026-09-15 12:59:38.985 +05:30 [INF] Executed DbCommand (10ms) [Parameters=[@userId='?' (Size = 450), @sixMonthsAgo='?' (DbType = DateTime2)], CommandType='"Text"', CommandTimeout='30']
SELECT [t0].[Year], [t0].[Month], [t0].[Type], COALESCE(SUM([t0].[Amount]), 0.0) AS [Total]
FROM (
    SELECT [t].[Amount], [t].[Type], DATEPART(year, [t].[TransactionDate]) AS [Year], DATEPART(month, [t].[TransactionDate]) AS [Month]
    FROM [Transactions] AS [t]
    WHERE [t].[UserId] = @userId AND [t].[TransactionDate] >= @sixMonthsAgo
) AS [t0]
GROUP BY [t0].[Year], [t0].[Month], [t0].[Type]
2026-09-15 12:59:38.999 +05:30 [INF] Executed DbCommand (13ms) [Parameters=[@p='?' (DbType = Int32), @userId='?' (Size = 450), @monthStart='?' (DbType = DateTime2), @today='?' (DbType = DateTime2)], CommandType='"Text"', CommandTimeout='30']
SELECT TOP(@p) [c].[Name] AS [Category], COALESCE(SUM([t].[Amount]), 0.0) AS [Total]
FROM [Transactions] AS [t]
INNER JOIN [Categories] AS [c] ON [t].[CategoryId] = [c].[CategoryId]
WHERE [t].[UserId] = @userId AND [t].[Type] = N'Expense' AND [t].[TransactionDate] >= @monthStart AND [t].[TransactionDate] <= @today
GROUP BY [c].[Name]
ORDER BY COALESCE(SUM([t].[Amount]), 0.0) DESC
2026-09-15 12:59:39.011 +05:30 [INF] Executed DbCommand (11ms) [Parameters=[@userId='?' (Size = 450), @monthStart='?' (DbType = DateTime2), @today='?' (DbType = DateTime2)], CommandType='"Text"', CommandTimeout='30']
SELECT [t0].[Key] AS [Day], COALESCE(SUM([t0].[Amount]), 0.0) AS [Total]
FROM (
    SELECT [t].[Amount], DATEPART(day, [t].[TransactionDate]) AS [Key]
    FROM [Transactions] AS [t]
    WHERE [t].[UserId] = @userId AND [t].[Type] = N'Expense' AND [t].[TransactionDate] >= @monthStart AND [t].[TransactionDate] <= @today
) AS [t0]
GROUP BY [t0].[Key]
2026-09-15 12:59:39.025 +05:30 [INF] Executed DbCommand (13ms) [Parameters=[@userId='?' (Size = 450), @monthStart='?' (DbType = DateTime2), @today='?' (DbType = DateTime2)], CommandType='"Text"', CommandTimeout='30']
SELECT [p].[Name] AS [Method], COALESCE(SUM([t].[Amount]), 0.0) AS [Total]
FROM [Transactions] AS [t]
LEFT JOIN [PaymentMethods] AS [p] ON [t].[PaymentMethodId] = [p].[PaymentMethodId]
WHERE [t].[UserId] = @userId AND [t].[Type] = N'Expense' AND [t].[TransactionDate] >= @monthStart AND [t].[TransactionDate] <= @today AND [t].[PaymentMethodId] IS NOT NULL
GROUP BY [p].[Name]
2026-09-15 12:59:39.031 +05:30 [INF] Executed DbCommand (5ms) [Parameters=[@userId='?' (Size = 450), @today_Month='?' (DbType = Int32), @today_Year='?' (DbType = Int32)], CommandType='"Text"', CommandTimeout='30']
SELECT TOP(1) [b].[BudgetId], [b].[CreatedDate], [b].[Month], [b].[Notes], [b].[TotalBudget], [b].[UpdatedDate], [b].[UserId], [b].[Year]
FROM [Budgets] AS [b]
WHERE [b].[UserId] = @userId AND [b].[Month] = @today_Month AND [b].[Year] = @today_Year
2026-09-15 12:59:39.036 +05:30 [INF] Executed DbCommand (5ms) [Parameters=[@userId='?' (Size = 450)], CommandType='"Text"', CommandTimeout='30']
SELECT COUNT(*)
FROM [Notifications] AS [n]
WHERE [n].[UserId] = @userId AND [n].[IsRead] = CAST(0 AS bit)
2026-09-15 12:59:39.047 +05:30 [INF] Executed DbCommand (10ms) [Parameters=[@userId='?' (Size = 450), @monthStart='?' (DbType = DateTime2), @today='?' (DbType = DateTime2)], CommandType='"Text"', CommandTimeout='30']
SELECT [t].[TransactionId], [t].[Amount], [t].[CategoryId], [t].[CreatedDate], [t].[Description], [t].[Notes], [t].[PaymentMethodId], [t].[RecurringExpenseId], [t].[TransactionDate], [t].[Type], [t].[UpdatedDate], [t].[UserId], [c].[CategoryId], [c].[Color], [c].[CreatedDate], [c].[Icon], [c].[IsActive], [c].[IsDefault], [c].[Name], [c].[Type], [c].[UserId], [p].[PaymentMethodId], [p].[CreatedDate], [p].[Icon], [p].[IsActive], [p].[IsDefault], [p].[Name], [p].[UserId]
FROM [Transactions] AS [t]
INNER JOIN [Categories] AS [c] ON [t].[CategoryId] = [c].[CategoryId]
LEFT JOIN [PaymentMethods] AS [p] ON [t].[PaymentMethodId] = [p].[PaymentMethodId]
WHERE [t].[UserId] = @userId AND [t].[TransactionDate] >= @monthStart AND [t].[TransactionDate] <= @today
2026-09-15 12:59:39.057 +05:30 [INF] Executed DbCommand (8ms) [Parameters=[@userId='?' (Size = 450), @prevMonthStart='?' (DbType = DateTime2), @prevMonthEnd='?' (DbType = DateTime2)], CommandType='"Text"', CommandTimeout='30']
SELECT [t].[TransactionId], [t].[Amount], [t].[CategoryId], [t].[CreatedDate], [t].[Description], [t].[Notes], [t].[PaymentMethodId], [t].[RecurringExpenseId], [t].[TransactionDate], [t].[Type], [t].[UpdatedDate], [t].[UserId], [c].[CategoryId], [c].[Color], [c].[CreatedDate], [c].[Icon], [c].[IsActive], [c].[IsDefault], [c].[Name], [c].[Type], [c].[UserId]
FROM [Transactions] AS [t]
INNER JOIN [Categories] AS [c] ON [t].[CategoryId] = [c].[CategoryId]
WHERE [t].[UserId] = @userId AND [t].[TransactionDate] >= @prevMonthStart AND [t].[TransactionDate] <= @prevMonthEnd
2026-09-15 12:59:39.067 +05:30 [INF] Executed DbCommand (8ms) [Parameters=[@userId='?' (Size = 450), @today_Month='?' (DbType = Int32), @today_Year='?' (DbType = Int32)], CommandType='"Text"', CommandTimeout='30']
SELECT [b1].[BudgetId], [b1].[CreatedDate], [b1].[Month], [b1].[Notes], [b1].[TotalBudget], [b1].[UpdatedDate], [b1].[UserId], [b1].[Year], [b0].[BudgetCategoryId], [b0].[Amount], [b0].[BudgetId], [b0].[CategoryId]
FROM (
    SELECT TOP(1) [b].[BudgetId], [b].[CreatedDate], [b].[Month], [b].[Notes], [b].[TotalBudget], [b].[UpdatedDate], [b].[UserId], [b].[Year]
    FROM [Budgets] AS [b]
    WHERE [b].[UserId] = @userId AND [b].[Month] = @today_Month AND [b].[Year] = @today_Year
) AS [b1]
LEFT JOIN [BudgetCategories] AS [b0] ON [b1].[BudgetId] = [b0].[BudgetId]
ORDER BY [b1].[BudgetId]
2026-09-15 12:59:39.068 +05:30 [INF] Executing ViewResult, running view Index.
2026-09-15 12:59:39.076 +05:30 [INF] Executed DbCommand (6ms) [Parameters=[@p='?' (Size = 450)], CommandType='"Text"', CommandTimeout='30']
SELECT TOP(1) [a].[Id], [a].[AccessFailedCount], [a].[ConcurrencyStamp], [a].[CreatedDate], [a].[Currency], [a].[DateFormat], [a].[Email], [a].[EmailConfirmed], [a].[FirstName], [a].[LastName], [a].[LockoutEnabled], [a].[LockoutEnd], [a].[NormalizedEmail], [a].[NormalizedUserName], [a].[PasswordHash], [a].[PhoneNumber], [a].[PhoneNumberConfirmed], [a].[SecurityStamp], [a].[Theme], [a].[TwoFactorEnabled], [a].[UserName]
FROM [AspNetUsers] AS [a]
WHERE [a].[Id] = @p
2026-09-15 12:59:39.080 +05:30 [INF] Executed ViewResult - view Index executed in 11.6558ms.
2026-09-15 12:59:39.080 +05:30 [INF] Executed action MyDailyExpenseTracker.Controllers.DashboardController.Index (MyDailyExpenseTracker) in 251.5961ms
2026-09-15 12:59:39.080 +05:30 [INF] Executed endpoint 'MyDailyExpenseTracker.Controllers.DashboardController.Index (MyDailyExpenseTracker)'
2026-09-15 12:59:39.080 +05:30 [INF] Request finished HTTP/1.1 GET http://localhost:5172/ - 200 null text/html; charset=utf-8 256.6521ms
2026-09-15 12:59:39.144 +05:30 [INF] Request starting HTTP/1.1 GET http://localhost:5172/css/site.css?v=ZhPtt2tQXoXldWfuRn0TMwnGb2qeExjzFYfGtrBB_2I - null null
2026-09-15 12:59:39.144 +05:30 [INF] The file /css/site.css was not modified
2026-09-15 12:59:39.144 +05:30 [INF] Request finished HTTP/1.1 GET http://localhost:5172/css/site.css?v=ZhPtt2tQXoXldWfuRn0TMwnGb2qeExjzFYfGtrBB_2I - 304 null text/css 0.6352ms
2026-09-15 12:59:39.155 +05:30 [INF] Request starting HTTP/1.1 GET http://localhost:5172/js/ai-assistant.js?v=VlXNTuJqYuT2_eSZFnOWSz6-qFPFiytSED3SbY57NIo - null null
2026-09-15 12:59:39.156 +05:30 [INF] The file /js/ai-assistant.js was not modified
2026-09-15 12:59:39.157 +05:30 [INF] Request finished HTTP/1.1 GET http://localhost:5172/js/ai-assistant.js?v=VlXNTuJqYuT2_eSZFnOWSz6-qFPFiytSED3SbY57NIo - 304 null text/javascript 1.3142ms
