2026-08-31 17:40:56.997 +05:30 [INF] No migrations were found in assembly 'MyDailyExpenseTracker'. A migration needs to be added before the database can be updated.
2026-08-31 17:40:59.550 +05:30 [INF] Executed DbCommand (163ms) [Parameters=[], CommandType='"Text"', CommandTimeout='60']
CREATE DATABASE [MyDailyExpenseTrackerDB];
2026-08-31 17:40:59.628 +05:30 [INF] Executed DbCommand (70ms) [Parameters=[], CommandType='"Text"', CommandTimeout='60']
IF SERVERPROPERTY('EngineEdition') <> 5
BEGIN
    ALTER DATABASE [MyDailyExpenseTrackerDB] SET READ_COMMITTED_SNAPSHOT ON;
END;
2026-08-31 17:40:59.705 +05:30 [INF] Executed DbCommand (15ms) [Parameters=[], CommandType='"Text"', CommandTimeout='30']
SELECT 1
2026-08-31 17:40:59.712 +05:30 [INF] Acquiring an exclusive lock for migration application. See https://aka.ms/efcore-docs-migrations-lock for more information if this takes too long.
2026-08-31 17:40:59.809 +05:30 [INF] Executed DbCommand (87ms) [Parameters=[], CommandType='"Text"', CommandTimeout='30']
DECLARE @result int;
EXEC @result = sp_getapplock @Resource = '__EFMigrationsLock', @LockOwner = 'Session', @LockMode = 'Exclusive';
SELECT @result
2026-08-31 17:40:59.943 +05:30 [INF] Executed DbCommand (11ms) [Parameters=[], CommandType='"Text"', CommandTimeout='30']
IF OBJECT_ID(N'[__EFMigrationsHistory]') IS NULL
BEGIN
    CREATE TABLE [__EFMigrationsHistory] (
        [MigrationId] nvarchar(150) NOT NULL,
        [ProductVersion] nvarchar(32) NOT NULL,
        CONSTRAINT [PK___EFMigrationsHistory] PRIMARY KEY ([MigrationId])
    );
END;
2026-08-31 17:40:59.982 +05:30 [INF] Executed DbCommand (1ms) [Parameters=[], CommandType='"Text"', CommandTimeout='30']
SELECT 1
2026-08-31 17:40:59.987 +05:30 [INF] Executed DbCommand (3ms) [Parameters=[], CommandType='"Text"', CommandTimeout='30']
SELECT OBJECT_ID(N'[__EFMigrationsHistory]');
2026-08-31 17:41:00.041 +05:30 [INF] Executed DbCommand (47ms) [Parameters=[], CommandType='"Text"', CommandTimeout='30']
SELECT [MigrationId], [ProductVersion]
FROM [__EFMigrationsHistory]
ORDER BY [MigrationId];
2026-08-31 17:41:00.064 +05:30 [INF] No migrations were applied. The database is already up to date.
2026-08-31 17:41:00.076 +05:30 [INF] Executed DbCommand (8ms) [Parameters=[], CommandType='"Text"', CommandTimeout='30']
DECLARE @result int;
EXEC @result = sp_releaseapplock @Resource = '__EFMigrationsLock', @LockOwner = 'Session';
SELECT @result
2026-08-31 17:41:00.645 +05:30 [ERR] Failed executing DbCommand (28ms) [Parameters=[@normalizedName='?' (Size = 256)], CommandType='"Text"', CommandTimeout='30']
SELECT TOP(1) [a].[Id], [a].[ConcurrencyStamp], [a].[Name], [a].[NormalizedName]
FROM [AspNetRoles] AS [a]
WHERE [a].[NormalizedName] = @normalizedName
2026-08-31 17:41:00.678 +05:30 [ERR] An exception occurred while iterating over the results of a query for context type 'MyDailyExpenseTracker.Data.ApplicationDbContext'.
Microsoft.Data.SqlClient.SqlException (0x80131904): Invalid object name 'AspNetRoles'.
   at Microsoft.Data.SqlClient.SqlCommand.<>c.<ExecuteDbDataReaderAsync>b__195_0(Task`1 result)
   at System.Threading.Tasks.ContinuationResultTaskFromResultTask`2.InnerInvoke()
   at System.Threading.ExecutionContext.RunInternal(ExecutionContext executionContext, ContextCallback callback, Object state)
--- End of stack trace from previous location ---
   at System.Threading.ExecutionContext.RunInternal(ExecutionContext executionContext, ContextCallback callback, Object state)
   at System.Threading.Tasks.Task.ExecuteWithThreadLocal(Task& currentTaskSlot, Thread threadPoolThread)
--- End of stack trace from previous location ---
   at Microsoft.EntityFrameworkCore.Storage.RelationalCommand.ExecuteReaderAsync(RelationalCommandParameterObject parameterObject, CancellationToken cancellationToken)
   at Microsoft.EntityFrameworkCore.Storage.RelationalCommand.ExecuteReaderAsync(RelationalCommandParameterObject parameterObject, CancellationToken cancellationToken)
   at Microsoft.EntityFrameworkCore.Query.Internal.SingleQueryingEnumerable`1.AsyncEnumerator.InitializeReaderAsync(AsyncEnumerator enumerator, CancellationToken cancellationToken)
   at Microsoft.EntityFrameworkCore.SqlServer.Storage.Internal.SqlServerExecutionStrategy.ExecuteAsync[TState,TResult](TState state, Func`4 operation, Func`4 verifySucceeded, CancellationToken cancellationToken)
   at Microsoft.EntityFrameworkCore.Query.Internal.SingleQueryingEnumerable`1.AsyncEnumerator.MoveNextAsync()
ClientConnectionId:4dec245a-0de1-4df3-94ff-61119212ec69
Error Number:208,State:1,Class:16
Microsoft.Data.SqlClient.SqlException (0x80131904): Invalid object name 'AspNetRoles'.
   at Microsoft.Data.SqlClient.SqlCommand.<>c.<ExecuteDbDataReaderAsync>b__195_0(Task`1 result)
   at System.Threading.Tasks.ContinuationResultTaskFromResultTask`2.InnerInvoke()
   at System.Threading.ExecutionContext.RunInternal(ExecutionContext executionContext, ContextCallback callback, Object state)
--- End of stack trace from previous location ---
   at System.Threading.ExecutionContext.RunInternal(ExecutionContext executionContext, ContextCallback callback, Object state)
   at System.Threading.Tasks.Task.ExecuteWithThreadLocal(Task& currentTaskSlot, Thread threadPoolThread)
--- End of stack trace from previous location ---
   at Microsoft.EntityFrameworkCore.Storage.RelationalCommand.ExecuteReaderAsync(RelationalCommandParameterObject parameterObject, CancellationToken cancellationToken)
   at Microsoft.EntityFrameworkCore.Storage.RelationalCommand.ExecuteReaderAsync(RelationalCommandParameterObject parameterObject, CancellationToken cancellationToken)
   at Microsoft.EntityFrameworkCore.Query.Internal.SingleQueryingEnumerable`1.AsyncEnumerator.InitializeReaderAsync(AsyncEnumerator enumerator, CancellationToken cancellationToken)
   at Microsoft.EntityFrameworkCore.SqlServer.Storage.Internal.SqlServerExecutionStrategy.ExecuteAsync[TState,TResult](TState state, Func`4 operation, Func`4 verifySucceeded, CancellationToken cancellationToken)
   at Microsoft.EntityFrameworkCore.Query.Internal.SingleQueryingEnumerable`1.AsyncEnumerator.MoveNextAsync()
ClientConnectionId:4dec245a-0de1-4df3-94ff-61119212ec69
Error Number:208,State:1,Class:16
2026-08-31 17:42:15.898 +05:30 [INF] No migrations were found in assembly 'MyDailyExpenseTracker'. A migration needs to be added before the database can be updated.
2026-08-31 17:42:17.579 +05:30 [INF] Executed DbCommand (24ms) [Parameters=[], CommandType='"Text"', CommandTimeout='30']
SELECT 1
2026-08-31 17:42:17.597 +05:30 [INF] Acquiring an exclusive lock for migration application. See https://aka.ms/efcore-docs-migrations-lock for more information if this takes too long.
2026-08-31 17:42:17.636 +05:30 [INF] Executed DbCommand (32ms) [Parameters=[], CommandType='"Text"', CommandTimeout='30']
DECLARE @result int;
EXEC @result = sp_getapplock @Resource = '__EFMigrationsLock', @LockOwner = 'Session', @LockMode = 'Exclusive';
SELECT @result
2026-08-31 17:42:17.856 +05:30 [INF] Executed DbCommand (5ms) [Parameters=[], CommandType='"Text"', CommandTimeout='30']
IF OBJECT_ID(N'[__EFMigrationsHistory]') IS NULL
BEGIN
    CREATE TABLE [__EFMigrationsHistory] (
        [MigrationId] nvarchar(150) NOT NULL,
        [ProductVersion] nvarchar(32) NOT NULL,
        CONSTRAINT [PK___EFMigrationsHistory] PRIMARY KEY ([MigrationId])
    );
END;
2026-08-31 17:42:17.874 +05:30 [INF] Executed DbCommand (1ms) [Parameters=[], CommandType='"Text"', CommandTimeout='30']
SELECT 1
2026-08-31 17:42:17.876 +05:30 [INF] Executed DbCommand (1ms) [Parameters=[], CommandType='"Text"', CommandTimeout='30']
SELECT OBJECT_ID(N'[__EFMigrationsHistory]');
2026-08-31 17:42:17.908 +05:30 [INF] Executed DbCommand (25ms) [Parameters=[], CommandType='"Text"', CommandTimeout='30']
SELECT [MigrationId], [ProductVersion]
FROM [__EFMigrationsHistory]
ORDER BY [MigrationId];
2026-08-31 17:42:17.922 +05:30 [INF] No migrations were applied. The database is already up to date.
2026-08-31 17:42:17.930 +05:30 [INF] Executed DbCommand (6ms) [Parameters=[], CommandType='"Text"', CommandTimeout='30']
DECLARE @result int;
EXEC @result = sp_releaseapplock @Resource = '__EFMigrationsLock', @LockOwner = 'Session';
SELECT @result
2026-08-31 17:43:16.417 +05:30 [INF] Executed DbCommand (57ms) [Parameters=[], CommandType='"Text"', CommandTimeout='30']
SELECT 1
2026-08-31 17:43:16.504 +05:30 [INF] Acquiring an exclusive lock for migration application. See https://aka.ms/efcore-docs-migrations-lock for more information if this takes too long.
2026-08-31 17:43:16.569 +05:30 [INF] Executed DbCommand (60ms) [Parameters=[], CommandType='"Text"', CommandTimeout='30']
DECLARE @result int;
EXEC @result = sp_getapplock @Resource = '__EFMigrationsLock', @LockOwner = 'Session', @LockMode = 'Exclusive';
SELECT @result
2026-08-31 17:43:16.669 +05:30 [INF] Executed DbCommand (9ms) [Parameters=[], CommandType='"Text"', CommandTimeout='30']
IF OBJECT_ID(N'[__EFMigrationsHistory]') IS NULL
BEGIN
    CREATE TABLE [__EFMigrationsHistory] (
        [MigrationId] nvarchar(150) NOT NULL,
        [ProductVersion] nvarchar(32) NOT NULL,
        CONSTRAINT [PK___EFMigrationsHistory] PRIMARY KEY ([MigrationId])
    );
END;
2026-08-31 17:43:16.683 +05:30 [INF] Executed DbCommand (0ms) [Parameters=[], CommandType='"Text"', CommandTimeout='30']
SELECT 1
2026-08-31 17:43:16.684 +05:30 [INF] Executed DbCommand (1ms) [Parameters=[], CommandType='"Text"', CommandTimeout='30']
SELECT OBJECT_ID(N'[__EFMigrationsHistory]');
2026-08-31 17:43:16.718 +05:30 [INF] Executed DbCommand (32ms) [Parameters=[], CommandType='"Text"', CommandTimeout='30']
SELECT [MigrationId], [ProductVersion]
FROM [__EFMigrationsHistory]
ORDER BY [MigrationId];
2026-08-31 17:43:16.737 +05:30 [INF] Applying migration '20260831121245_InitialCreate'.
2026-08-31 17:43:16.878 +05:30 [INF] Executed DbCommand (10ms) [Parameters=[], CommandType='"Text"', CommandTimeout='30']
CREATE TABLE [AspNetRoles] (
    [Id] nvarchar(450) NOT NULL,
    [Name] nvarchar(256) NULL,
    [NormalizedName] nvarchar(256) NULL,
    [ConcurrencyStamp] nvarchar(max) NULL,
    CONSTRAINT [PK_AspNetRoles] PRIMARY KEY ([Id])
);
2026-08-31 17:43:16.882 +05:30 [INF] Executed DbCommand (3ms) [Parameters=[], CommandType='"Text"', CommandTimeout='30']
CREATE TABLE [AspNetUsers] (
    [Id] nvarchar(450) NOT NULL,
    [FirstName] nvarchar(100) NOT NULL,
    [LastName] nvarchar(100) NOT NULL,
    [Currency] nvarchar(10) NOT NULL,
    [DateFormat] nvarchar(20) NOT NULL,
    [Theme] nvarchar(10) NOT NULL,
    [CreatedDate] datetime2 NOT NULL,
    [UserName] nvarchar(256) NULL,
    [NormalizedUserName] nvarchar(256) NULL,
    [Email] nvarchar(256) NULL,
    [NormalizedEmail] nvarchar(256) NULL,
    [EmailConfirmed] bit NOT NULL,
    [PasswordHash] nvarchar(max) NULL,
    [SecurityStamp] nvarchar(max) NULL,
    [ConcurrencyStamp] nvarchar(max) NULL,
    [PhoneNumber] nvarchar(max) NULL,
    [PhoneNumberConfirmed] bit NOT NULL,
    [TwoFactorEnabled] bit NOT NULL,
    [LockoutEnd] datetimeoffset NULL,
    [LockoutEnabled] bit NOT NULL,
    [AccessFailedCount] int NOT NULL,
    CONSTRAINT [PK_AspNetUsers] PRIMARY KEY ([Id])
);
2026-08-31 17:43:16.886 +05:30 [INF] Executed DbCommand (4ms) [Parameters=[], CommandType='"Text"', CommandTimeout='30']
CREATE TABLE [AspNetRoleClaims] (
    [Id] int NOT NULL IDENTITY,
    [RoleId] nvarchar(450) NOT NULL,
    [ClaimType] nvarchar(max) NULL,
    [ClaimValue] nvarchar(max) NULL,
    CONSTRAINT [PK_AspNetRoleClaims] PRIMARY KEY ([Id]),
    CONSTRAINT [FK_AspNetRoleClaims_AspNetRoles_RoleId] FOREIGN KEY ([RoleId]) REFERENCES [AspNetRoles] ([Id]) ON DELETE CASCADE
);
2026-08-31 17:43:16.888 +05:30 [INF] Executed DbCommand (2ms) [Parameters=[], CommandType='"Text"', CommandTimeout='30']
CREATE TABLE [AspNetUserClaims] (
    [Id] int NOT NULL IDENTITY,
    [UserId] nvarchar(450) NOT NULL,
    [ClaimType] nvarchar(max) NULL,
    [ClaimValue] nvarchar(max) NULL,
    CONSTRAINT [PK_AspNetUserClaims] PRIMARY KEY ([Id]),
    CONSTRAINT [FK_AspNetUserClaims_AspNetUsers_UserId] FOREIGN KEY ([UserId]) REFERENCES [AspNetUsers] ([Id]) ON DELETE CASCADE
);
2026-08-31 17:43:16.894 +05:30 [INF] Executed DbCommand (5ms) [Parameters=[], CommandType='"Text"', CommandTimeout='30']
CREATE TABLE [AspNetUserLogins] (
    [LoginProvider] nvarchar(450) NOT NULL,
    [ProviderKey] nvarchar(450) NOT NULL,
    [ProviderDisplayName] nvarchar(max) NULL,
    [UserId] nvarchar(450) NOT NULL,
    CONSTRAINT [PK_AspNetUserLogins] PRIMARY KEY ([LoginProvider], [ProviderKey]),
    CONSTRAINT [FK_AspNetUserLogins_AspNetUsers_UserId] FOREIGN KEY ([UserId]) REFERENCES [AspNetUsers] ([Id]) ON DELETE CASCADE
);
2026-08-31 17:43:16.898 +05:30 [INF] Executed DbCommand (4ms) [Parameters=[], CommandType='"Text"', CommandTimeout='30']
CREATE TABLE [AspNetUserRoles] (
    [UserId] nvarchar(450) NOT NULL,
    [RoleId] nvarchar(450) NOT NULL,
    CONSTRAINT [PK_AspNetUserRoles] PRIMARY KEY ([UserId], [RoleId]),
    CONSTRAINT [FK_AspNetUserRoles_AspNetRoles_RoleId] FOREIGN KEY ([RoleId]) REFERENCES [AspNetRoles] ([Id]) ON DELETE CASCADE,
    CONSTRAINT [FK_AspNetUserRoles_AspNetUsers_UserId] FOREIGN KEY ([UserId]) REFERENCES [AspNetUsers] ([Id]) ON DELETE CASCADE
);
2026-08-31 17:43:16.902 +05:30 [INF] Executed DbCommand (3ms) [Parameters=[], CommandType='"Text"', CommandTimeout='30']
CREATE TABLE [AspNetUserTokens] (
    [UserId] nvarchar(450) NOT NULL,
    [LoginProvider] nvarchar(450) NOT NULL,
    [Name] nvarchar(450) NOT NULL,
    [Value] nvarchar(max) NULL,
    CONSTRAINT [PK_AspNetUserTokens] PRIMARY KEY ([UserId], [LoginProvider], [Name]),
    CONSTRAINT [FK_AspNetUserTokens_AspNetUsers_UserId] FOREIGN KEY ([UserId]) REFERENCES [AspNetUsers] ([Id]) ON DELETE CASCADE
);
2026-08-31 17:43:16.906 +05:30 [INF] Executed DbCommand (4ms) [Parameters=[], CommandType='"Text"', CommandTimeout='30']
CREATE TABLE [Budgets] (
    [BudgetId] int NOT NULL IDENTITY,
    [UserId] nvarchar(450) NOT NULL,
    [TotalBudget] decimal(18,2) NOT NULL,
    [Month] int NOT NULL,
    [Year] int NOT NULL,
    [Notes] nvarchar(500) NULL,
    [CreatedDate] datetime2 NOT NULL,
    [UpdatedDate] datetime2 NOT NULL,
    CONSTRAINT [PK_Budgets] PRIMARY KEY ([BudgetId]),
    CONSTRAINT [FK_Budgets_AspNetUsers_UserId] FOREIGN KEY ([UserId]) REFERENCES [AspNetUsers] ([Id]) ON DELETE CASCADE
);
2026-08-31 17:43:16.909 +05:30 [INF] Executed DbCommand (2ms) [Parameters=[], CommandType='"Text"', CommandTimeout='30']
CREATE TABLE [Categories] (
    [CategoryId] int NOT NULL IDENTITY,
    [Name] nvarchar(100) NOT NULL,
    [Icon] nvarchar(50) NULL,
    [Color] nvarchar(7) NULL,
    [Type] nvarchar(10) NOT NULL,
    [IsDefault] bit NOT NULL,
    [IsActive] bit NOT NULL,
    [CreatedDate] datetime2 NOT NULL,
    [UserId] nvarchar(450) NULL,
    CONSTRAINT [PK_Categories] PRIMARY KEY ([CategoryId]),
    CONSTRAINT [FK_Categories_AspNetUsers_UserId] FOREIGN KEY ([UserId]) REFERENCES [AspNetUsers] ([Id]) ON DELETE CASCADE
);
2026-08-31 17:43:16.912 +05:30 [INF] Executed DbCommand (3ms) [Parameters=[], CommandType='"Text"', CommandTimeout='30']
CREATE TABLE [Notifications] (
    [NotificationId] int NOT NULL IDENTITY,
    [UserId] nvarchar(450) NOT NULL,
    [Message] nvarchar(500) NOT NULL,
    [Type] nvarchar(20) NOT NULL,
    [IsRead] bit NOT NULL,
    [CreatedDate] datetime2 NOT NULL,
    CONSTRAINT [PK_Notifications] PRIMARY KEY ([NotificationId]),
    CONSTRAINT [FK_Notifications_AspNetUsers_UserId] FOREIGN KEY ([UserId]) REFERENCES [AspNetUsers] ([Id]) ON DELETE CASCADE
);
2026-08-31 17:43:16.915 +05:30 [INF] Executed DbCommand (3ms) [Parameters=[], CommandType='"Text"', CommandTimeout='30']
CREATE TABLE [PaymentMethods] (
    [PaymentMethodId] int NOT NULL IDENTITY,
    [Name] nvarchar(100) NOT NULL,
    [Icon] nvarchar(50) NULL,
    [IsDefault] bit NOT NULL,
    [IsActive] bit NOT NULL,
    [CreatedDate] datetime2 NOT NULL,
    [UserId] nvarchar(450) NULL,
    CONSTRAINT [PK_PaymentMethods] PRIMARY KEY ([PaymentMethodId]),
    CONSTRAINT [FK_PaymentMethods_AspNetUsers_UserId] FOREIGN KEY ([UserId]) REFERENCES [AspNetUsers] ([Id]) ON DELETE CASCADE
);
2026-08-31 17:43:16.919 +05:30 [INF] Executed DbCommand (4ms) [Parameters=[], CommandType='"Text"', CommandTimeout='30']
CREATE TABLE [BudgetCategories] (
    [BudgetCategoryId] int NOT NULL IDENTITY,
    [BudgetId] int NOT NULL,
    [CategoryId] int NOT NULL,
    [Amount] decimal(18,2) NOT NULL,
    CONSTRAINT [PK_BudgetCategories] PRIMARY KEY ([BudgetCategoryId]),
    CONSTRAINT [FK_BudgetCategories_Budgets_BudgetId] FOREIGN KEY ([BudgetId]) REFERENCES [Budgets] ([BudgetId]) ON DELETE CASCADE,
    CONSTRAINT [FK_BudgetCategories_Categories_CategoryId] FOREIGN KEY ([CategoryId]) REFERENCES [Categories] ([CategoryId]) ON DELETE NO ACTION
);
2026-08-31 17:43:16.966 +05:30 [ERR] Failed executing DbCommand (44ms) [Parameters=[], CommandType='"Text"', CommandTimeout='30']
CREATE TABLE [RecurringExpenses] (
    [RecurringExpenseId] int NOT NULL IDENTITY,
    [UserId] nvarchar(450) NOT NULL,
    [Name] nvarchar(200) NOT NULL,
    [Amount] decimal(18,2) NOT NULL,
    [Type] nvarchar(10) NOT NULL,
    [CategoryId] int NOT NULL,
    [PaymentMethodId] int NULL,
    [Notes] nvarchar(500) NULL,
    [Frequency] nvarchar(10) NOT NULL,
    [StartDate] datetime2 NOT NULL,
    [EndDate] datetime2 NULL,
    [IsActive] bit NOT NULL,
    [LastGeneratedDate] datetime2 NULL,
    [CreatedDate] datetime2 NOT NULL,
    CONSTRAINT [PK_RecurringExpenses] PRIMARY KEY ([RecurringExpenseId]),
    CONSTRAINT [FK_RecurringExpenses_AspNetUsers_UserId] FOREIGN KEY ([UserId]) REFERENCES [AspNetUsers] ([Id]) ON DELETE CASCADE,
    CONSTRAINT [FK_RecurringExpenses_Categories_CategoryId] FOREIGN KEY ([CategoryId]) REFERENCES [Categories] ([CategoryId]) ON DELETE NO ACTION,
    CONSTRAINT [FK_RecurringExpenses_PaymentMethods_PaymentMethodId] FOREIGN KEY ([PaymentMethodId]) REFERENCES [PaymentMethods] ([PaymentMethodId]) ON DELETE SET NULL
);
2026-08-31 17:44:29.834 +05:30 [INF] Executed DbCommand (27ms) [Parameters=[], CommandType='"Text"', CommandTimeout='30']
SELECT 1
2026-08-31 17:44:29.919 +05:30 [INF] Executed DbCommand (18ms) [Parameters=[], CommandType='"Text"', CommandTimeout='30']
SELECT OBJECT_ID(N'[__EFMigrationsHistory]');
2026-08-31 17:44:29.943 +05:30 [INF] Executed DbCommand (10ms) [Parameters=[], CommandType='"Text"', CommandTimeout='30']
SELECT [MigrationId], [ProductVersion]
FROM [__EFMigrationsHistory]
ORDER BY [MigrationId];
2026-08-31 17:45:41.400 +05:30 [INF] Executed DbCommand (27ms) [Parameters=[], CommandType='"Text"', CommandTimeout='30']
SELECT 1
2026-08-31 17:45:41.488 +05:30 [INF] Acquiring an exclusive lock for migration application. See https://aka.ms/efcore-docs-migrations-lock for more information if this takes too long.
2026-08-31 17:45:41.539 +05:30 [INF] Executed DbCommand (44ms) [Parameters=[], CommandType='"Text"', CommandTimeout='30']
DECLARE @result int;
EXEC @result = sp_getapplock @Resource = '__EFMigrationsLock', @LockOwner = 'Session', @LockMode = 'Exclusive';
SELECT @result
2026-08-31 17:45:41.656 +05:30 [INF] Executed DbCommand (3ms) [Parameters=[], CommandType='"Text"', CommandTimeout='30']
IF OBJECT_ID(N'[__EFMigrationsHistory]') IS NULL
BEGIN
    CREATE TABLE [__EFMigrationsHistory] (
        [MigrationId] nvarchar(150) NOT NULL,
        [ProductVersion] nvarchar(32) NOT NULL,
        CONSTRAINT [PK___EFMigrationsHistory] PRIMARY KEY ([MigrationId])
    );
END;
2026-08-31 17:45:41.671 +05:30 [INF] Executed DbCommand (1ms) [Parameters=[], CommandType='"Text"', CommandTimeout='30']
SELECT 1
2026-08-31 17:45:41.673 +05:30 [INF] Executed DbCommand (1ms) [Parameters=[], CommandType='"Text"', CommandTimeout='30']
SELECT OBJECT_ID(N'[__EFMigrationsHistory]');
2026-08-31 17:45:41.693 +05:30 [INF] Executed DbCommand (16ms) [Parameters=[], CommandType='"Text"', CommandTimeout='30']
SELECT [MigrationId], [ProductVersion]
FROM [__EFMigrationsHistory]
ORDER BY [MigrationId];
2026-08-31 17:45:41.716 +05:30 [INF] Applying migration '20260831121500_InitialCreate'.
2026-08-31 17:45:41.822 +05:30 [INF] Executed DbCommand (5ms) [Parameters=[], CommandType='"Text"', CommandTimeout='30']
CREATE TABLE [AspNetRoles] (
    [Id] nvarchar(450) NOT NULL,
    [Name] nvarchar(256) NULL,
    [NormalizedName] nvarchar(256) NULL,
    [ConcurrencyStamp] nvarchar(max) NULL,
    CONSTRAINT [PK_AspNetRoles] PRIMARY KEY ([Id])
);
2026-08-31 17:45:41.824 +05:30 [INF] Executed DbCommand (2ms) [Parameters=[], CommandType='"Text"', CommandTimeout='30']
CREATE TABLE [AspNetUsers] (
    [Id] nvarchar(450) NOT NULL,
    [FirstName] nvarchar(100) NOT NULL,
    [LastName] nvarchar(100) NOT NULL,
    [Currency] nvarchar(10) NOT NULL,
    [DateFormat] nvarchar(20) NOT NULL,
    [Theme] nvarchar(10) NOT NULL,
    [CreatedDate] datetime2 NOT NULL,
    [UserName] nvarchar(256) NULL,
    [NormalizedUserName] nvarchar(256) NULL,
    [Email] nvarchar(256) NULL,
    [NormalizedEmail] nvarchar(256) NULL,
    [EmailConfirmed] bit NOT NULL,
    [PasswordHash] nvarchar(max) NULL,
    [SecurityStamp] nvarchar(max) NULL,
    [ConcurrencyStamp] nvarchar(max) NULL,
    [PhoneNumber] nvarchar(max) NULL,
    [PhoneNumberConfirmed] bit NOT NULL,
    [TwoFactorEnabled] bit NOT NULL,
    [LockoutEnd] datetimeoffset NULL,
    [LockoutEnabled] bit NOT NULL,
    [AccessFailedCount] int NOT NULL,
    CONSTRAINT [PK_AspNetUsers] PRIMARY KEY ([Id])
);
2026-08-31 17:45:41.827 +05:30 [INF] Executed DbCommand (2ms) [Parameters=[], CommandType='"Text"', CommandTimeout='30']
CREATE TABLE [AspNetRoleClaims] (
    [Id] int NOT NULL IDENTITY,
    [RoleId] nvarchar(450) NOT NULL,
    [ClaimType] nvarchar(max) NULL,
    [ClaimValue] nvarchar(max) NULL,
    CONSTRAINT [PK_AspNetRoleClaims] PRIMARY KEY ([Id]),
    CONSTRAINT [FK_AspNetRoleClaims_AspNetRoles_RoleId] FOREIGN KEY ([RoleId]) REFERENCES [AspNetRoles] ([Id]) ON DELETE CASCADE
);
2026-08-31 17:45:41.829 +05:30 [INF] Executed DbCommand (2ms) [Parameters=[], CommandType='"Text"', CommandTimeout='30']
CREATE TABLE [AspNetUserClaims] (
    [Id] int NOT NULL IDENTITY,
    [UserId] nvarchar(450) NOT NULL,
    [ClaimType] nvarchar(max) NULL,
    [ClaimValue] nvarchar(max) NULL,
    CONSTRAINT [PK_AspNetUserClaims] PRIMARY KEY ([Id]),
    CONSTRAINT [FK_AspNetUserClaims_AspNetUsers_UserId] FOREIGN KEY ([UserId]) REFERENCES [AspNetUsers] ([Id]) ON DELETE CASCADE
);
2026-08-31 17:45:41.832 +05:30 [INF] Executed DbCommand (3ms) [Parameters=[], CommandType='"Text"', CommandTimeout='30']
CREATE TABLE [AspNetUserLogins] (
    [LoginProvider] nvarchar(450) NOT NULL,
    [ProviderKey] nvarchar(450) NOT NULL,
    [ProviderDisplayName] nvarchar(max) NULL,
    [UserId] nvarchar(450) NOT NULL,
    CONSTRAINT [PK_AspNetUserLogins] PRIMARY KEY ([LoginProvider], [ProviderKey]),
    CONSTRAINT [FK_AspNetUserLogins_AspNetUsers_UserId] FOREIGN KEY ([UserId]) REFERENCES [AspNetUsers] ([Id]) ON DELETE CASCADE
);
2026-08-31 17:45:41.834 +05:30 [INF] Executed DbCommand (2ms) [Parameters=[], CommandType='"Text"', CommandTimeout='30']
CREATE TABLE [AspNetUserRoles] (
    [UserId] nvarchar(450) NOT NULL,
    [RoleId] nvarchar(450) NOT NULL,
    CONSTRAINT [PK_AspNetUserRoles] PRIMARY KEY ([UserId], [RoleId]),
    CONSTRAINT [FK_AspNetUserRoles_AspNetRoles_RoleId] FOREIGN KEY ([RoleId]) REFERENCES [AspNetRoles] ([Id]) ON DELETE CASCADE,
    CONSTRAINT [FK_AspNetUserRoles_AspNetUsers_UserId] FOREIGN KEY ([UserId]) REFERENCES [AspNetUsers] ([Id]) ON DELETE CASCADE
);
2026-08-31 17:45:41.836 +05:30 [INF] Executed DbCommand (2ms) [Parameters=[], CommandType='"Text"', CommandTimeout='30']
CREATE TABLE [AspNetUserTokens] (
    [UserId] nvarchar(450) NOT NULL,
    [LoginProvider] nvarchar(450) NOT NULL,
    [Name] nvarchar(450) NOT NULL,
    [Value] nvarchar(max) NULL,
    CONSTRAINT [PK_AspNetUserTokens] PRIMARY KEY ([UserId], [LoginProvider], [Name]),
    CONSTRAINT [FK_AspNetUserTokens_AspNetUsers_UserId] FOREIGN KEY ([UserId]) REFERENCES [AspNetUsers] ([Id]) ON DELETE CASCADE
);
2026-08-31 17:45:41.840 +05:30 [INF] Executed DbCommand (3ms) [Parameters=[], CommandType='"Text"', CommandTimeout='30']
CREATE TABLE [Budgets] (
    [BudgetId] int NOT NULL IDENTITY,
    [UserId] nvarchar(450) NOT NULL,
    [TotalBudget] decimal(18,2) NOT NULL,
    [Month] int NOT NULL,
    [Year] int NOT NULL,
    [Notes] nvarchar(500) NULL,
    [CreatedDate] datetime2 NOT NULL,
    [UpdatedDate] datetime2 NOT NULL,
    CONSTRAINT [PK_Budgets] PRIMARY KEY ([BudgetId]),
    CONSTRAINT [FK_Budgets_AspNetUsers_UserId] FOREIGN KEY ([UserId]) REFERENCES [AspNetUsers] ([Id]) ON DELETE CASCADE
);
2026-08-31 17:45:41.842 +05:30 [INF] Executed DbCommand (2ms) [Parameters=[], CommandType='"Text"', CommandTimeout='30']
CREATE TABLE [Categories] (
    [CategoryId] int NOT NULL IDENTITY,
    [Name] nvarchar(100) NOT NULL,
    [Icon] nvarchar(50) NULL,
    [Color] nvarchar(7) NULL,
    [Type] nvarchar(10) NOT NULL,
    [IsDefault] bit NOT NULL,
    [IsActive] bit NOT NULL,
    [CreatedDate] datetime2 NOT NULL,
    [UserId] nvarchar(450) NULL,
    CONSTRAINT [PK_Categories] PRIMARY KEY ([CategoryId]),
    CONSTRAINT [FK_Categories_AspNetUsers_UserId] FOREIGN KEY ([UserId]) REFERENCES [AspNetUsers] ([Id]) ON DELETE CASCADE
);
2026-08-31 17:45:41.845 +05:30 [INF] Executed DbCommand (3ms) [Parameters=[], CommandType='"Text"', CommandTimeout='30']
CREATE TABLE [Notifications] (
    [NotificationId] int NOT NULL IDENTITY,
    [UserId] nvarchar(450) NOT NULL,
    [Message] nvarchar(500) NOT NULL,
    [Type] nvarchar(20) NOT NULL,
    [IsRead] bit NOT NULL,
    [CreatedDate] datetime2 NOT NULL,
    CONSTRAINT [PK_Notifications] PRIMARY KEY ([NotificationId]),
    CONSTRAINT [FK_Notifications_AspNetUsers_UserId] FOREIGN KEY ([UserId]) REFERENCES [AspNetUsers] ([Id]) ON DELETE CASCADE
);
2026-08-31 17:45:41.848 +05:30 [INF] Executed DbCommand (3ms) [Parameters=[], CommandType='"Text"', CommandTimeout='30']
CREATE TABLE [PaymentMethods] (
    [PaymentMethodId] int NOT NULL IDENTITY,
    [Name] nvarchar(100) NOT NULL,
    [Icon] nvarchar(50) NULL,
    [IsDefault] bit NOT NULL,
    [IsActive] bit NOT NULL,
    [CreatedDate] datetime2 NOT NULL,
    [UserId] nvarchar(450) NULL,
    CONSTRAINT [PK_PaymentMethods] PRIMARY KEY ([PaymentMethodId]),
    CONSTRAINT [FK_PaymentMethods_AspNetUsers_UserId] FOREIGN KEY ([UserId]) REFERENCES [AspNetUsers] ([Id]) ON DELETE CASCADE
);
2026-08-31 17:45:41.852 +05:30 [INF] Executed DbCommand (3ms) [Parameters=[], CommandType='"Text"', CommandTimeout='30']
CREATE TABLE [BudgetCategories] (
    [BudgetCategoryId] int NOT NULL IDENTITY,
    [BudgetId] int NOT NULL,
    [CategoryId] int NOT NULL,
    [Amount] decimal(18,2) NOT NULL,
    CONSTRAINT [PK_BudgetCategories] PRIMARY KEY ([BudgetCategoryId]),
    CONSTRAINT [FK_BudgetCategories_Budgets_BudgetId] FOREIGN KEY ([BudgetId]) REFERENCES [Budgets] ([BudgetId]) ON DELETE CASCADE,
    CONSTRAINT [FK_BudgetCategories_Categories_CategoryId] FOREIGN KEY ([CategoryId]) REFERENCES [Categories] ([CategoryId]) ON DELETE NO ACTION
);
2026-08-31 17:45:41.858 +05:30 [INF] Executed DbCommand (5ms) [Parameters=[], CommandType='"Text"', CommandTimeout='30']
CREATE TABLE [RecurringExpenses] (
    [RecurringExpenseId] int NOT NULL IDENTITY,
    [UserId] nvarchar(450) NOT NULL,
    [Name] nvarchar(200) NOT NULL,
    [Amount] decimal(18,2) NOT NULL,
    [Type] nvarchar(10) NOT NULL,
    [CategoryId] int NOT NULL,
    [PaymentMethodId] int NULL,
    [Notes] nvarchar(500) NULL,
    [Frequency] nvarchar(10) NOT NULL,
    [StartDate] datetime2 NOT NULL,
    [EndDate] datetime2 NULL,
    [IsActive] bit NOT NULL,
    [LastGeneratedDate] datetime2 NULL,
    [CreatedDate] datetime2 NOT NULL,
    CONSTRAINT [PK_RecurringExpenses] PRIMARY KEY ([RecurringExpenseId]),
    CONSTRAINT [FK_RecurringExpenses_AspNetUsers_UserId] FOREIGN KEY ([UserId]) REFERENCES [AspNetUsers] ([Id]) ON DELETE CASCADE,
    CONSTRAINT [FK_RecurringExpenses_Categories_CategoryId] FOREIGN KEY ([CategoryId]) REFERENCES [Categories] ([CategoryId]) ON DELETE NO ACTION,
    CONSTRAINT [FK_RecurringExpenses_PaymentMethods_PaymentMethodId] FOREIGN KEY ([PaymentMethodId]) REFERENCES [PaymentMethods] ([PaymentMethodId])
);
2026-08-31 17:45:41.889 +05:30 [ERR] Failed executing DbCommand (28ms) [Parameters=[], CommandType='"Text"', CommandTimeout='30']
CREATE TABLE [Transactions] (
    [TransactionId] int NOT NULL IDENTITY,
    [UserId] nvarchar(450) NOT NULL,
    [Amount] decimal(18,2) NOT NULL,
    [Type] nvarchar(10) NOT NULL,
    [Description] nvarchar(200) NOT NULL,
    [Notes] nvarchar(500) NULL,
    [TransactionDate] datetime2 NOT NULL,
    [CreatedDate] datetime2 NOT NULL,
    [UpdatedDate] datetime2 NOT NULL,
    [CategoryId] int NOT NULL,
    [PaymentMethodId] int NULL,
    [RecurringExpenseId] int NULL,
    CONSTRAINT [PK_Transactions] PRIMARY KEY ([TransactionId]),
    CONSTRAINT [FK_Transactions_AspNetUsers_UserId] FOREIGN KEY ([UserId]) REFERENCES [AspNetUsers] ([Id]) ON DELETE CASCADE,
    CONSTRAINT [FK_Transactions_Categories_CategoryId] FOREIGN KEY ([CategoryId]) REFERENCES [Categories] ([CategoryId]) ON DELETE NO ACTION,
    CONSTRAINT [FK_Transactions_PaymentMethods_PaymentMethodId] FOREIGN KEY ([PaymentMethodId]) REFERENCES [PaymentMethods] ([PaymentMethodId]) ON DELETE SET NULL,
    CONSTRAINT [FK_Transactions_RecurringExpenses_RecurringExpenseId] FOREIGN KEY ([RecurringExpenseId]) REFERENCES [RecurringExpenses] ([RecurringExpenseId]) ON DELETE SET NULL
);
2026-08-31 17:46:36.378 +05:30 [INF] Executed DbCommand (34ms) [Parameters=[], CommandType='"Text"', CommandTimeout='30']
SELECT 1
2026-08-31 17:46:36.587 +05:30 [INF] Executed DbCommand (72ms) [Parameters=[], CommandType='"Text"', CommandTimeout='30']
SELECT OBJECT_ID(N'[__EFMigrationsHistory]');
2026-08-31 17:46:36.679 +05:30 [INF] Executed DbCommand (61ms) [Parameters=[], CommandType='"Text"', CommandTimeout='30']
SELECT [MigrationId], [ProductVersion]
FROM [__EFMigrationsHistory]
ORDER BY [MigrationId];
2026-08-31 17:47:37.691 +05:30 [INF] Executed DbCommand (32ms) [Parameters=[], CommandType='"Text"', CommandTimeout='30']
SELECT 1
2026-08-31 17:47:37.804 +05:30 [INF] Acquiring an exclusive lock for migration application. See https://aka.ms/efcore-docs-migrations-lock for more information if this takes too long.
2026-08-31 17:47:37.917 +05:30 [INF] Executed DbCommand (103ms) [Parameters=[], CommandType='"Text"', CommandTimeout='30']
DECLARE @result int;
EXEC @result = sp_getapplock @Resource = '__EFMigrationsLock', @LockOwner = 'Session', @LockMode = 'Exclusive';
SELECT @result
2026-08-31 17:47:38.124 +05:30 [INF] Executed DbCommand (16ms) [Parameters=[], CommandType='"Text"', CommandTimeout='30']
IF OBJECT_ID(N'[__EFMigrationsHistory]') IS NULL
BEGIN
    CREATE TABLE [__EFMigrationsHistory] (
        [MigrationId] nvarchar(150) NOT NULL,
        [ProductVersion] nvarchar(32) NOT NULL,
        CONSTRAINT [PK___EFMigrationsHistory] PRIMARY KEY ([MigrationId])
    );
END;
2026-08-31 17:47:38.142 +05:30 [INF] Executed DbCommand (1ms) [Parameters=[], CommandType='"Text"', CommandTimeout='30']
SELECT 1
2026-08-31 17:47:38.143 +05:30 [INF] Executed DbCommand (1ms) [Parameters=[], CommandType='"Text"', CommandTimeout='30']
SELECT OBJECT_ID(N'[__EFMigrationsHistory]');
2026-08-31 17:47:38.209 +05:30 [INF] Executed DbCommand (61ms) [Parameters=[], CommandType='"Text"', CommandTimeout='30']
SELECT [MigrationId], [ProductVersion]
FROM [__EFMigrationsHistory]
ORDER BY [MigrationId];
2026-08-31 17:47:38.236 +05:30 [INF] Applying migration '20260831121712_InitialCreate'.
2026-08-31 17:47:38.398 +05:30 [INF] Executed DbCommand (14ms) [Parameters=[], CommandType='"Text"', CommandTimeout='30']
CREATE TABLE [AspNetRoles] (
    [Id] nvarchar(450) NOT NULL,
    [Name] nvarchar(256) NULL,
    [NormalizedName] nvarchar(256) NULL,
    [ConcurrencyStamp] nvarchar(max) NULL,
    CONSTRAINT [PK_AspNetRoles] PRIMARY KEY ([Id])
);
2026-08-31 17:47:38.403 +05:30 [INF] Executed DbCommand (4ms) [Parameters=[], CommandType='"Text"', CommandTimeout='30']
CREATE TABLE [AspNetUsers] (
    [Id] nvarchar(450) NOT NULL,
    [FirstName] nvarchar(100) NOT NULL,
    [LastName] nvarchar(100) NOT NULL,
    [Currency] nvarchar(10) NOT NULL,
    [DateFormat] nvarchar(20) NOT NULL,
    [Theme] nvarchar(10) NOT NULL,
    [CreatedDate] datetime2 NOT NULL,
    [UserName] nvarchar(256) NULL,
    [NormalizedUserName] nvarchar(256) NULL,
    [Email] nvarchar(256) NULL,
    [NormalizedEmail] nvarchar(256) NULL,
    [EmailConfirmed] bit NOT NULL,
    [PasswordHash] nvarchar(max) NULL,
    [SecurityStamp] nvarchar(max) NULL,
    [ConcurrencyStamp] nvarchar(max) NULL,
    [PhoneNumber] nvarchar(max) NULL,
    [PhoneNumberConfirmed] bit NOT NULL,
    [TwoFactorEnabled] bit NOT NULL,
    [LockoutEnd] datetimeoffset NULL,
    [LockoutEnabled] bit NOT NULL,
    [AccessFailedCount] int NOT NULL,
    CONSTRAINT [PK_AspNetUsers] PRIMARY KEY ([Id])
);
2026-08-31 17:47:38.410 +05:30 [INF] Executed DbCommand (6ms) [Parameters=[], CommandType='"Text"', CommandTimeout='30']
CREATE TABLE [AspNetRoleClaims] (
    [Id] int NOT NULL IDENTITY,
    [RoleId] nvarchar(450) NOT NULL,
    [ClaimType] nvarchar(max) NULL,
    [ClaimValue] nvarchar(max) NULL,
    CONSTRAINT [PK_AspNetRoleClaims] PRIMARY KEY ([Id]),
    CONSTRAINT [FK_AspNetRoleClaims_AspNetRoles_RoleId] FOREIGN KEY ([RoleId]) REFERENCES [AspNetRoles] ([Id]) ON DELETE CASCADE
);
2026-08-31 17:47:38.413 +05:30 [INF] Executed DbCommand (3ms) [Parameters=[], CommandType='"Text"', CommandTimeout='30']
CREATE TABLE [AspNetUserClaims] (
    [Id] int NOT NULL IDENTITY,
    [UserId] nvarchar(450) NOT NULL,
    [ClaimType] nvarchar(max) NULL,
    [ClaimValue] nvarchar(max) NULL,
    CONSTRAINT [PK_AspNetUserClaims] PRIMARY KEY ([Id]),
    CONSTRAINT [FK_AspNetUserClaims_AspNetUsers_UserId] FOREIGN KEY ([UserId]) REFERENCES [AspNetUsers] ([Id]) ON DELETE CASCADE
);
2026-08-31 17:47:38.420 +05:30 [INF] Executed DbCommand (6ms) [Parameters=[], CommandType='"Text"', CommandTimeout='30']
CREATE TABLE [AspNetUserLogins] (
    [LoginProvider] nvarchar(450) NOT NULL,
    [ProviderKey] nvarchar(450) NOT NULL,
    [ProviderDisplayName] nvarchar(max) NULL,
    [UserId] nvarchar(450) NOT NULL,
    CONSTRAINT [PK_AspNetUserLogins] PRIMARY KEY ([LoginProvider], [ProviderKey]),
    CONSTRAINT [FK_AspNetUserLogins_AspNetUsers_UserId] FOREIGN KEY ([UserId]) REFERENCES [AspNetUsers] ([Id]) ON DELETE CASCADE
);
2026-08-31 17:47:38.425 +05:30 [INF] Executed DbCommand (5ms) [Parameters=[], CommandType='"Text"', CommandTimeout='30']
CREATE TABLE [AspNetUserRoles] (
    [UserId] nvarchar(450) NOT NULL,
    [RoleId] nvarchar(450) NOT NULL,
    CONSTRAINT [PK_AspNetUserRoles] PRIMARY KEY ([UserId], [RoleId]),
    CONSTRAINT [FK_AspNetUserRoles_AspNetRoles_RoleId] FOREIGN KEY ([RoleId]) REFERENCES [AspNetRoles] ([Id]) ON DELETE CASCADE,
    CONSTRAINT [FK_AspNetUserRoles_AspNetUsers_UserId] FOREIGN KEY ([UserId]) REFERENCES [AspNetUsers] ([Id]) ON DELETE CASCADE
);
2026-08-31 17:47:38.429 +05:30 [INF] Executed DbCommand (4ms) [Parameters=[], CommandType='"Text"', CommandTimeout='30']
CREATE TABLE [AspNetUserTokens] (
    [UserId] nvarchar(450) NOT NULL,
    [LoginProvider] nvarchar(450) NOT NULL,
    [Name] nvarchar(450) NOT NULL,
    [Value] nvarchar(max) NULL,
    CONSTRAINT [PK_AspNetUserTokens] PRIMARY KEY ([UserId], [LoginProvider], [Name]),
    CONSTRAINT [FK_AspNetUserTokens_AspNetUsers_UserId] FOREIGN KEY ([UserId]) REFERENCES [AspNetUsers] ([Id]) ON DELETE CASCADE
);
2026-08-31 17:47:38.434 +05:30 [INF] Executed DbCommand (4ms) [Parameters=[], CommandType='"Text"', CommandTimeout='30']
CREATE TABLE [Budgets] (
    [BudgetId] int NOT NULL IDENTITY,
    [UserId] nvarchar(450) NOT NULL,
    [TotalBudget] decimal(18,2) NOT NULL,
    [Month] int NOT NULL,
    [Year] int NOT NULL,
    [Notes] nvarchar(500) NULL,
    [CreatedDate] datetime2 NOT NULL,
    [UpdatedDate] datetime2 NOT NULL,
    CONSTRAINT [PK_Budgets] PRIMARY KEY ([BudgetId]),
    CONSTRAINT [FK_Budgets_AspNetUsers_UserId] FOREIGN KEY ([UserId]) REFERENCES [AspNetUsers] ([Id]) ON DELETE CASCADE
);
2026-08-31 17:47:38.439 +05:30 [INF] Executed DbCommand (4ms) [Parameters=[], CommandType='"Text"', CommandTimeout='30']
CREATE TABLE [Categories] (
    [CategoryId] int NOT NULL IDENTITY,
    [Name] nvarchar(100) NOT NULL,
    [Icon] nvarchar(50) NULL,
    [Color] nvarchar(7) NULL,
    [Type] nvarchar(10) NOT NULL,
    [IsDefault] bit NOT NULL,
    [IsActive] bit NOT NULL,
    [CreatedDate] datetime2 NOT NULL,
    [UserId] nvarchar(450) NULL,
    CONSTRAINT [PK_Categories] PRIMARY KEY ([CategoryId]),
    CONSTRAINT [FK_Categories_AspNetUsers_UserId] FOREIGN KEY ([UserId]) REFERENCES [AspNetUsers] ([Id]) ON DELETE CASCADE
);
2026-08-31 17:47:38.444 +05:30 [INF] Executed DbCommand (5ms) [Parameters=[], CommandType='"Text"', CommandTimeout='30']
CREATE TABLE [Notifications] (
    [NotificationId] int NOT NULL IDENTITY,
    [UserId] nvarchar(450) NOT NULL,
    [Message] nvarchar(500) NOT NULL,
    [Type] nvarchar(20) NOT NULL,
    [IsRead] bit NOT NULL,
    [CreatedDate] datetime2 NOT NULL,
    CONSTRAINT [PK_Notifications] PRIMARY KEY ([NotificationId]),
    CONSTRAINT [FK_Notifications_AspNetUsers_UserId] FOREIGN KEY ([UserId]) REFERENCES [AspNetUsers] ([Id]) ON DELETE CASCADE
);
2026-08-31 17:47:38.449 +05:30 [INF] Executed DbCommand (4ms) [Parameters=[], CommandType='"Text"', CommandTimeout='30']
CREATE TABLE [PaymentMethods] (
    [PaymentMethodId] int NOT NULL IDENTITY,
    [Name] nvarchar(100) NOT NULL,
    [Icon] nvarchar(50) NULL,
    [IsDefault] bit NOT NULL,
    [IsActive] bit NOT NULL,
    [CreatedDate] datetime2 NOT NULL,
    [UserId] nvarchar(450) NULL,
    CONSTRAINT [PK_PaymentMethods] PRIMARY KEY ([PaymentMethodId]),
    CONSTRAINT [FK_PaymentMethods_AspNetUsers_UserId] FOREIGN KEY ([UserId]) REFERENCES [AspNetUsers] ([Id]) ON DELETE CASCADE
);
2026-08-31 17:47:38.453 +05:30 [INF] Executed DbCommand (4ms) [Parameters=[], CommandType='"Text"', CommandTimeout='30']
CREATE TABLE [BudgetCategories] (
    [BudgetCategoryId] int NOT NULL IDENTITY,
    [BudgetId] int NOT NULL,
    [CategoryId] int NOT NULL,
    [Amount] decimal(18,2) NOT NULL,
    CONSTRAINT [PK_BudgetCategories] PRIMARY KEY ([BudgetCategoryId]),
    CONSTRAINT [FK_BudgetCategories_Budgets_BudgetId] FOREIGN KEY ([BudgetId]) REFERENCES [Budgets] ([BudgetId]) ON DELETE CASCADE,
    CONSTRAINT [FK_BudgetCategories_Categories_CategoryId] FOREIGN KEY ([CategoryId]) REFERENCES [Categories] ([CategoryId]) ON DELETE NO ACTION
);
2026-08-31 17:47:38.460 +05:30 [INF] Executed DbCommand (6ms) [Parameters=[], CommandType='"Text"', CommandTimeout='30']
CREATE TABLE [RecurringExpenses] (
    [RecurringExpenseId] int NOT NULL IDENTITY,
    [UserId] nvarchar(450) NOT NULL,
    [Name] nvarchar(200) NOT NULL,
    [Amount] decimal(18,2) NOT NULL,
    [Type] nvarchar(10) NOT NULL,
    [CategoryId] int NOT NULL,
    [PaymentMethodId] int NULL,
    [Notes] nvarchar(500) NULL,
    [Frequency] nvarchar(10) NOT NULL,
    [StartDate] datetime2 NOT NULL,
    [EndDate] datetime2 NULL,
    [IsActive] bit NOT NULL,
    [LastGeneratedDate] datetime2 NULL,
    [CreatedDate] datetime2 NOT NULL,
    CONSTRAINT [PK_RecurringExpenses] PRIMARY KEY ([RecurringExpenseId]),
    CONSTRAINT [FK_RecurringExpenses_AspNetUsers_UserId] FOREIGN KEY ([UserId]) REFERENCES [AspNetUsers] ([Id]) ON DELETE CASCADE,
    CONSTRAINT [FK_RecurringExpenses_Categories_CategoryId] FOREIGN KEY ([CategoryId]) REFERENCES [Categories] ([CategoryId]) ON DELETE NO ACTION,
    CONSTRAINT [FK_RecurringExpenses_PaymentMethods_PaymentMethodId] FOREIGN KEY ([PaymentMethodId]) REFERENCES [PaymentMethods] ([PaymentMethodId])
);
2026-08-31 17:47:38.467 +05:30 [INF] Executed DbCommand (6ms) [Parameters=[], CommandType='"Text"', CommandTimeout='30']
CREATE TABLE [Transactions] (
    [TransactionId] int NOT NULL IDENTITY,
    [UserId] nvarchar(450) NOT NULL,
    [Amount] decimal(18,2) NOT NULL,
    [Type] nvarchar(10) NOT NULL,
    [Description] nvarchar(200) NOT NULL,
    [Notes] nvarchar(500) NULL,
    [TransactionDate] datetime2 NOT NULL,
    [CreatedDate] datetime2 NOT NULL,
    [UpdatedDate] datetime2 NOT NULL,
    [CategoryId] int NOT NULL,
    [PaymentMethodId] int NULL,
    [RecurringExpenseId] int NULL,
    CONSTRAINT [PK_Transactions] PRIMARY KEY ([TransactionId]),
    CONSTRAINT [FK_Transactions_AspNetUsers_UserId] FOREIGN KEY ([UserId]) REFERENCES [AspNetUsers] ([Id]) ON DELETE CASCADE,
    CONSTRAINT [FK_Transactions_Categories_CategoryId] FOREIGN KEY ([CategoryId]) REFERENCES [Categories] ([CategoryId]) ON DELETE NO ACTION,
    CONSTRAINT [FK_Transactions_PaymentMethods_PaymentMethodId] FOREIGN KEY ([PaymentMethodId]) REFERENCES [PaymentMethods] ([PaymentMethodId]),
    CONSTRAINT [FK_Transactions_RecurringExpenses_RecurringExpenseId] FOREIGN KEY ([RecurringExpenseId]) REFERENCES [RecurringExpenses] ([RecurringExpenseId])
);
2026-08-31 17:47:38.478 +05:30 [INF] Executed DbCommand (10ms) [Parameters=[], CommandType='"Text"', CommandTimeout='30']
CREATE INDEX [IX_AspNetRoleClaims_RoleId] ON [AspNetRoleClaims] ([RoleId]);
2026-08-31 17:47:38.486 +05:30 [INF] Executed DbCommand (8ms) [Parameters=[], CommandType='"Text"', CommandTimeout='30']
CREATE UNIQUE INDEX [RoleNameIndex] ON [AspNetRoles] ([NormalizedName]) WHERE [NormalizedName] IS NOT NULL;
2026-08-31 17:47:38.489 +05:30 [INF] Executed DbCommand (2ms) [Parameters=[], CommandType='"Text"', CommandTimeout='30']
CREATE INDEX [IX_AspNetUserClaims_UserId] ON [AspNetUserClaims] ([UserId]);
2026-08-31 17:47:38.491 +05:30 [INF] Executed DbCommand (2ms) [Parameters=[], CommandType='"Text"', CommandTimeout='30']
CREATE INDEX [IX_AspNetUserLogins_UserId] ON [AspNetUserLogins] ([UserId]);
2026-08-31 17:47:38.493 +05:30 [INF] Executed DbCommand (1ms) [Parameters=[], CommandType='"Text"', CommandTimeout='30']
CREATE INDEX [IX_AspNetUserRoles_RoleId] ON [AspNetUserRoles] ([RoleId]);
2026-08-31 17:47:38.494 +05:30 [INF] Executed DbCommand (1ms) [Parameters=[], CommandType='"Text"', CommandTimeout='30']
CREATE INDEX [EmailIndex] ON [AspNetUsers] ([NormalizedEmail]);
2026-08-31 17:47:38.498 +05:30 [INF] Executed DbCommand (4ms) [Parameters=[], CommandType='"Text"', CommandTimeout='30']
CREATE UNIQUE INDEX [UserNameIndex] ON [AspNetUsers] ([NormalizedUserName]) WHERE [NormalizedUserName] IS NOT NULL;
2026-08-31 17:47:38.501 +05:30 [INF] Executed DbCommand (2ms) [Parameters=[], CommandType='"Text"', CommandTimeout='30']
CREATE UNIQUE INDEX [IX_BudgetCategories_BudgetId_CategoryId] ON [BudgetCategories] ([BudgetId], [CategoryId]);
2026-08-31 17:47:38.503 +05:30 [INF] Executed DbCommand (2ms) [Parameters=[], CommandType='"Text"', CommandTimeout='30']
CREATE INDEX [IX_BudgetCategories_CategoryId] ON [BudgetCategories] ([CategoryId]);
2026-08-31 17:47:38.505 +05:30 [INF] Executed DbCommand (2ms) [Parameters=[], CommandType='"Text"', CommandTimeout='30']
CREATE UNIQUE INDEX [IX_Budgets_UserId_Month_Year] ON [Budgets] ([UserId], [Month], [Year]);
2026-08-31 17:47:38.507 +05:30 [INF] Executed DbCommand (2ms) [Parameters=[], CommandType='"Text"', CommandTimeout='30']
CREATE INDEX [IX_Categories_UserId_Name] ON [Categories] ([UserId], [Name]);
2026-08-31 17:47:38.510 +05:30 [INF] Executed DbCommand (2ms) [Parameters=[], CommandType='"Text"', CommandTimeout='30']
CREATE INDEX [IX_Notifications_UserId_IsRead] ON [Notifications] ([UserId], [IsRead]);
2026-08-31 17:47:38.511 +05:30 [INF] Executed DbCommand (1ms) [Parameters=[], CommandType='"Text"', CommandTimeout='30']
CREATE INDEX [IX_PaymentMethods_UserId_Name] ON [PaymentMethods] ([UserId], [Name]);
2026-08-31 17:47:38.513 +05:30 [INF] Executed DbCommand (2ms) [Parameters=[], CommandType='"Text"', CommandTimeout='30']
CREATE INDEX [IX_RecurringExpenses_CategoryId] ON [RecurringExpenses] ([CategoryId]);
2026-08-31 17:47:38.516 +05:30 [INF] Executed DbCommand (2ms) [Parameters=[], CommandType='"Text"', CommandTimeout='30']
CREATE INDEX [IX_RecurringExpenses_PaymentMethodId] ON [RecurringExpenses] ([PaymentMethodId]);
2026-08-31 17:47:38.518 +05:30 [INF] Executed DbCommand (1ms) [Parameters=[], CommandType='"Text"', CommandTimeout='30']
CREATE INDEX [IX_RecurringExpenses_UserId] ON [RecurringExpenses] ([UserId]);
2026-08-31 17:47:38.520 +05:30 [INF] Executed DbCommand (2ms) [Parameters=[], CommandType='"Text"', CommandTimeout='30']
CREATE INDEX [IX_Transactions_CategoryId] ON [Transactions] ([CategoryId]);
2026-08-31 17:47:38.523 +05:30 [INF] Executed DbCommand (2ms) [Parameters=[], CommandType='"Text"', CommandTimeout='30']
CREATE INDEX [IX_Transactions_PaymentMethodId] ON [Transactions] ([PaymentMethodId]);
2026-08-31 17:47:38.528 +05:30 [INF] Executed DbCommand (4ms) [Parameters=[], CommandType='"Text"', CommandTimeout='30']
CREATE INDEX [IX_Transactions_RecurringExpenseId] ON [Transactions] ([RecurringExpenseId]);
2026-08-31 17:47:38.531 +05:30 [INF] Executed DbCommand (3ms) [Parameters=[], CommandType='"Text"', CommandTimeout='30']
CREATE INDEX [IX_Transactions_Type] ON [Transactions] ([Type]);
2026-08-31 17:47:38.533 +05:30 [INF] Executed DbCommand (2ms) [Parameters=[], CommandType='"Text"', CommandTimeout='30']
CREATE INDEX [IX_Transactions_UserId_TransactionDate] ON [Transactions] ([UserId], [TransactionDate]);
2026-08-31 17:47:38.578 +05:30 [INF] Executed DbCommand (44ms) [Parameters=[], CommandType='"Text"', CommandTimeout='30']
INSERT INTO [__EFMigrationsHistory] ([MigrationId], [ProductVersion])
VALUES (N'20260831121712_InitialCreate', N'10.0.11');
2026-08-31 17:47:38.590 +05:30 [INF] Executed DbCommand (7ms) [Parameters=[], CommandType='"Text"', CommandTimeout='30']
DECLARE @result int;
EXEC @result = sp_releaseapplock @Resource = '__EFMigrationsLock', @LockOwner = 'Session';
SELECT @result
2026-08-31 17:48:04.606 +05:30 [INF] Executed DbCommand (40ms) [Parameters=[], CommandType='"Text"', CommandTimeout='30']
SELECT 1
2026-08-31 17:48:04.672 +05:30 [INF] Acquiring an exclusive lock for migration application. See https://aka.ms/efcore-docs-migrations-lock for more information if this takes too long.
2026-08-31 17:48:04.747 +05:30 [INF] Executed DbCommand (67ms) [Parameters=[], CommandType='"Text"', CommandTimeout='30']
DECLARE @result int;
EXEC @result = sp_getapplock @Resource = '__EFMigrationsLock', @LockOwner = 'Session', @LockMode = 'Exclusive';
SELECT @result
2026-08-31 17:48:04.890 +05:30 [INF] Executed DbCommand (3ms) [Parameters=[], CommandType='"Text"', CommandTimeout='30']
IF OBJECT_ID(N'[__EFMigrationsHistory]') IS NULL
BEGIN
    CREATE TABLE [__EFMigrationsHistory] (
        [MigrationId] nvarchar(150) NOT NULL,
        [ProductVersion] nvarchar(32) NOT NULL,
        CONSTRAINT [PK___EFMigrationsHistory] PRIMARY KEY ([MigrationId])
    );
END;
2026-08-31 17:48:04.922 +05:30 [INF] Executed DbCommand (1ms) [Parameters=[], CommandType='"Text"', CommandTimeout='30']
SELECT 1
2026-08-31 17:48:04.925 +05:30 [INF] Executed DbCommand (2ms) [Parameters=[], CommandType='"Text"', CommandTimeout='30']
SELECT OBJECT_ID(N'[__EFMigrationsHistory]');
2026-08-31 17:48:04.954 +05:30 [INF] Executed DbCommand (17ms) [Parameters=[], CommandType='"Text"', CommandTimeout='30']
SELECT [MigrationId], [ProductVersion]
FROM [__EFMigrationsHistory]
ORDER BY [MigrationId];
2026-08-31 17:48:04.981 +05:30 [INF] No migrations were applied. The database is already up to date.
2026-08-31 17:48:04.993 +05:30 [INF] Executed DbCommand (9ms) [Parameters=[], CommandType='"Text"', CommandTimeout='30']
DECLARE @result int;
EXEC @result = sp_releaseapplock @Resource = '__EFMigrationsLock', @LockOwner = 'Session';
SELECT @result
2026-08-31 17:48:05.581 +05:30 [INF] Executed DbCommand (20ms) [Parameters=[@normalizedName='?' (Size = 256)], CommandType='"Text"', CommandTimeout='30']
SELECT TOP(1) [a].[Id], [a].[ConcurrencyStamp], [a].[Name], [a].[NormalizedName]
FROM [AspNetRoles] AS [a]
WHERE [a].[NormalizedName] = @normalizedName
2026-08-31 17:48:05.594 +05:30 [INF] Executed DbCommand (1ms) [Parameters=[@normalizedName='?' (Size = 256)], CommandType='"Text"', CommandTimeout='30']
SELECT TOP(1) [a].[Id], [a].[ConcurrencyStamp], [a].[Name], [a].[NormalizedName]
FROM [AspNetRoles] AS [a]
WHERE [a].[NormalizedName] = @normalizedName
2026-08-31 17:48:05.791 +05:30 [INF] Executed DbCommand (4ms) [Parameters=[@p0='?' (Size = 450), @p1='?' (Size = 4000), @p2='?' (Size = 256), @p3='?' (Size = 256)], CommandType='"Text"', CommandTimeout='30']
SET IMPLICIT_TRANSACTIONS OFF;
SET NOCOUNT ON;
INSERT INTO [AspNetRoles] ([Id], [ConcurrencyStamp], [Name], [NormalizedName])
VALUES (@p0, @p1, @p2, @p3);
2026-08-31 17:48:05.817 +05:30 [INF] Executed DbCommand (10ms) [Parameters=[@normalizedName='?' (Size = 256)], CommandType='"Text"', CommandTimeout='30']
SELECT TOP(1) [a].[Id], [a].[ConcurrencyStamp], [a].[Name], [a].[NormalizedName]
FROM [AspNetRoles] AS [a]
WHERE [a].[NormalizedName] = @normalizedName
2026-08-31 17:48:05.820 +05:30 [INF] Executed DbCommand (1ms) [Parameters=[@normalizedName='?' (Size = 256)], CommandType='"Text"', CommandTimeout='30']
SELECT TOP(1) [a].[Id], [a].[ConcurrencyStamp], [a].[Name], [a].[NormalizedName]
FROM [AspNetRoles] AS [a]
WHERE [a].[NormalizedName] = @normalizedName
2026-08-31 17:48:05.827 +05:30 [INF] Executed DbCommand (1ms) [Parameters=[@p0='?' (Size = 450), @p1='?' (Size = 4000), @p2='?' (Size = 256), @p3='?' (Size = 256)], CommandType='"Text"', CommandTimeout='30']
SET IMPLICIT_TRANSACTIONS OFF;
SET NOCOUNT ON;
INSERT INTO [AspNetRoles] ([Id], [ConcurrencyStamp], [Name], [NormalizedName])
VALUES (@p0, @p1, @p2, @p3);
2026-08-31 17:48:05.876 +05:30 [INF] Executed DbCommand (7ms) [Parameters=[@name='?' (Size = 100)], CommandType='"Text"', CommandTimeout='30']
SELECT CASE
    WHEN EXISTS (
        SELECT 1
        FROM [Categories] AS [c]
        WHERE [c].[Name] = @name AND [c].[UserId] IS NULL) THEN CAST(1 AS bit)
    ELSE CAST(0 AS bit)
END
2026-08-31 17:48:05.949 +05:30 [INF] Executed DbCommand (1ms) [Parameters=[@name='?' (Size = 100)], CommandType='"Text"', CommandTimeout='30']
SELECT CASE
    WHEN EXISTS (
        SELECT 1
        FROM [Categories] AS [c]
        WHERE [c].[Name] = @name AND [c].[UserId] IS NULL) THEN CAST(1 AS bit)
    ELSE CAST(0 AS bit)
END
2026-08-31 17:48:05.952 +05:30 [INF] Executed DbCommand (1ms) [Parameters=[@name='?' (Size = 100)], CommandType='"Text"', CommandTimeout='30']
SELECT CASE
    WHEN EXISTS (
        SELECT 1
        FROM [Categories] AS [c]
        WHERE [c].[Name] = @name AND [c].[UserId] IS NULL) THEN CAST(1 AS bit)
    ELSE CAST(0 AS bit)
END
2026-08-31 17:48:05.953 +05:30 [INF] Executed DbCommand (0ms) [Parameters=[@name='?' (Size = 100)], CommandType='"Text"', CommandTimeout='30']
SELECT CASE
    WHEN EXISTS (
        SELECT 1
        FROM [Categories] AS [c]
        WHERE [c].[Name] = @name AND [c].[UserId] IS NULL) THEN CAST(1 AS bit)
    ELSE CAST(0 AS bit)
END
2026-08-31 17:48:05.954 +05:30 [INF] Executed DbCommand (0ms) [Parameters=[@name='?' (Size = 100)], CommandType='"Text"', CommandTimeout='30']
SELECT CASE
    WHEN EXISTS (
        SELECT 1
        FROM [Categories] AS [c]
        WHERE [c].[Name] = @name AND [c].[UserId] IS NULL) THEN CAST(1 AS bit)
    ELSE CAST(0 AS bit)
END
2026-08-31 17:48:05.955 +05:30 [INF] Executed DbCommand (0ms) [Parameters=[@name='?' (Size = 100)], CommandType='"Text"', CommandTimeout='30']
SELECT CASE
    WHEN EXISTS (
        SELECT 1
        FROM [Categories] AS [c]
        WHERE [c].[Name] = @name AND [c].[UserId] IS NULL) THEN CAST(1 AS bit)
    ELSE CAST(0 AS bit)
END
2026-08-31 17:48:05.957 +05:30 [INF] Executed DbCommand (0ms) [Parameters=[@name='?' (Size = 100)], CommandType='"Text"', CommandTimeout='30']
SELECT CASE
    WHEN EXISTS (
        SELECT 1
        FROM [Categories] AS [c]
        WHERE [c].[Name] = @name AND [c].[UserId] IS NULL) THEN CAST(1 AS bit)
    ELSE CAST(0 AS bit)
END
2026-08-31 17:48:05.958 +05:30 [INF] Executed DbCommand (0ms) [Parameters=[@name='?' (Size = 100)], CommandType='"Text"', CommandTimeout='30']
SELECT CASE
    WHEN EXISTS (
        SELECT 1
        FROM [Categories] AS [c]
        WHERE [c].[Name] = @name AND [c].[UserId] IS NULL) THEN CAST(1 AS bit)
    ELSE CAST(0 AS bit)
END
2026-08-31 17:48:05.959 +05:30 [INF] Executed DbCommand (0ms) [Parameters=[@name='?' (Size = 100)], CommandType='"Text"', CommandTimeout='30']
SELECT CASE
    WHEN EXISTS (
        SELECT 1
        FROM [Categories] AS [c]
        WHERE [c].[Name] = @name AND [c].[UserId] IS NULL) THEN CAST(1 AS bit)
    ELSE CAST(0 AS bit)
END
2026-08-31 17:48:05.960 +05:30 [INF] Executed DbCommand (0ms) [Parameters=[@name='?' (Size = 100)], CommandType='"Text"', CommandTimeout='30']
SELECT CASE
    WHEN EXISTS (
        SELECT 1
        FROM [Categories] AS [c]
        WHERE [c].[Name] = @name AND [c].[UserId] IS NULL) THEN CAST(1 AS bit)
    ELSE CAST(0 AS bit)
END
2026-08-31 17:48:05.962 +05:30 [INF] Executed DbCommand (0ms) [Parameters=[@name='?' (Size = 100)], CommandType='"Text"', CommandTimeout='30']
SELECT CASE
    WHEN EXISTS (
        SELECT 1
        FROM [Categories] AS [c]
        WHERE [c].[Name] = @name AND [c].[UserId] IS NULL) THEN CAST(1 AS bit)
    ELSE CAST(0 AS bit)
END
2026-08-31 17:48:05.963 +05:30 [INF] Executed DbCommand (0ms) [Parameters=[@name='?' (Size = 100)], CommandType='"Text"', CommandTimeout='30']
SELECT CASE
    WHEN EXISTS (
        SELECT 1
        FROM [Categories] AS [c]
        WHERE [c].[Name] = @name AND [c].[UserId] IS NULL) THEN CAST(1 AS bit)
    ELSE CAST(0 AS bit)
END
2026-08-31 17:48:05.964 +05:30 [INF] Executed DbCommand (1ms) [Parameters=[@name='?' (Size = 100)], CommandType='"Text"', CommandTimeout='30']
SELECT CASE
    WHEN EXISTS (
        SELECT 1
        FROM [Categories] AS [c]
        WHERE [c].[Name] = @name AND [c].[UserId] IS NULL) THEN CAST(1 AS bit)
    ELSE CAST(0 AS bit)
END
2026-08-31 17:48:05.966 +05:30 [INF] Executed DbCommand (1ms) [Parameters=[@name='?' (Size = 100)], CommandType='"Text"', CommandTimeout='30']
SELECT CASE
    WHEN EXISTS (
        SELECT 1
        FROM [Categories] AS [c]
        WHERE [c].[Name] = @name AND [c].[UserId] IS NULL) THEN CAST(1 AS bit)
    ELSE CAST(0 AS bit)
END
2026-08-31 17:48:05.968 +05:30 [INF] Executed DbCommand (0ms) [Parameters=[@name='?' (Size = 100)], CommandType='"Text"', CommandTimeout='30']
SELECT CASE
    WHEN EXISTS (
        SELECT 1
        FROM [Categories] AS [c]
        WHERE [c].[Name] = @name AND [c].[UserId] IS NULL) THEN CAST(1 AS bit)
    ELSE CAST(0 AS bit)
END
2026-08-31 17:48:05.969 +05:30 [INF] Executed DbCommand (1ms) [Parameters=[@name='?' (Size = 100)], CommandType='"Text"', CommandTimeout='30']
SELECT CASE
    WHEN EXISTS (
        SELECT 1
        FROM [Categories] AS [c]
        WHERE [c].[Name] = @name AND [c].[UserId] IS NULL) THEN CAST(1 AS bit)
    ELSE CAST(0 AS bit)
END
2026-08-31 17:48:05.971 +05:30 [INF] Executed DbCommand (0ms) [Parameters=[@name='?' (Size = 100)], CommandType='"Text"', CommandTimeout='30']
SELECT CASE
    WHEN EXISTS (
        SELECT 1
        FROM [Categories] AS [c]
        WHERE [c].[Name] = @name AND [c].[UserId] IS NULL) THEN CAST(1 AS bit)
    ELSE CAST(0 AS bit)
END
2026-08-31 17:48:05.972 +05:30 [INF] Executed DbCommand (0ms) [Parameters=[@name='?' (Size = 100)], CommandType='"Text"', CommandTimeout='30']
SELECT CASE
    WHEN EXISTS (
        SELECT 1
        FROM [Categories] AS [c]
        WHERE [c].[Name] = @name AND [c].[UserId] IS NULL) THEN CAST(1 AS bit)
    ELSE CAST(0 AS bit)
END
2026-08-31 17:48:05.973 +05:30 [INF] Executed DbCommand (0ms) [Parameters=[@name='?' (Size = 100)], CommandType='"Text"', CommandTimeout='30']
SELECT CASE
    WHEN EXISTS (
        SELECT 1
        FROM [Categories] AS [c]
        WHERE [c].[Name] = @name AND [c].[UserId] IS NULL) THEN CAST(1 AS bit)
    ELSE CAST(0 AS bit)
END
2026-08-31 17:48:05.975 +05:30 [INF] Executed DbCommand (1ms) [Parameters=[@name='?' (Size = 100)], CommandType='"Text"', CommandTimeout='30']
SELECT CASE
    WHEN EXISTS (
        SELECT 1
        FROM [Categories] AS [c]
        WHERE [c].[Name] = @name AND [c].[UserId] IS NULL) THEN CAST(1 AS bit)
    ELSE CAST(0 AS bit)
END
2026-08-31 17:48:05.976 +05:30 [INF] Executed DbCommand (1ms) [Parameters=[@name='?' (Size = 100)], CommandType='"Text"', CommandTimeout='30']
SELECT CASE
    WHEN EXISTS (
        SELECT 1
        FROM [Categories] AS [c]
        WHERE [c].[Name] = @name AND [c].[UserId] IS NULL) THEN CAST(1 AS bit)
    ELSE CAST(0 AS bit)
END
2026-08-31 17:48:05.978 +05:30 [INF] Executed DbCommand (1ms) [Parameters=[@name='?' (Size = 100)], CommandType='"Text"', CommandTimeout='30']
SELECT CASE
    WHEN EXISTS (
        SELECT 1
        FROM [Categories] AS [c]
        WHERE [c].[Name] = @name AND [c].[UserId] IS NULL) THEN CAST(1 AS bit)
    ELSE CAST(0 AS bit)
END
2026-08-31 17:48:05.980 +05:30 [INF] Executed DbCommand (1ms) [Parameters=[@name='?' (Size = 100)], CommandType='"Text"', CommandTimeout='30']
SELECT CASE
    WHEN EXISTS (
        SELECT 1
        FROM [Categories] AS [c]
        WHERE [c].[Name] = @name AND [c].[UserId] IS NULL) THEN CAST(1 AS bit)
    ELSE CAST(0 AS bit)
END
2026-08-31 17:48:05.981 +05:30 [INF] Executed DbCommand (1ms) [Parameters=[@name='?' (Size = 100)], CommandType='"Text"', CommandTimeout='30']
SELECT CASE
    WHEN EXISTS (
        SELECT 1
        FROM [Categories] AS [c]
        WHERE [c].[Name] = @name AND [c].[UserId] IS NULL) THEN CAST(1 AS bit)
    ELSE CAST(0 AS bit)
END
2026-08-31 17:48:05.993 +05:30 [INF] Executed DbCommand (4ms) [Parameters=[@name='?' (Size = 100)], CommandType='"Text"', CommandTimeout='30']
SELECT CASE
    WHEN EXISTS (
        SELECT 1
        FROM [PaymentMethods] AS [p]
        WHERE [p].[Name] = @name AND [p].[UserId] IS NULL) THEN CAST(1 AS bit)
    ELSE CAST(0 AS bit)
END
2026-08-31 17:48:06.030 +05:30 [INF] Executed DbCommand (1ms) [Parameters=[@name='?' (Size = 100)], CommandType='"Text"', CommandTimeout='30']
SELECT CASE
    WHEN EXISTS (
        SELECT 1
        FROM [PaymentMethods] AS [p]
        WHERE [p].[Name] = @name AND [p].[UserId] IS NULL) THEN CAST(1 AS bit)
    ELSE CAST(0 AS bit)
END
2026-08-31 17:48:06.032 +05:30 [INF] Executed DbCommand (1ms) [Parameters=[@name='?' (Size = 100)], CommandType='"Text"', CommandTimeout='30']
SELECT CASE
    WHEN EXISTS (
        SELECT 1
        FROM [PaymentMethods] AS [p]
        WHERE [p].[Name] = @name AND [p].[UserId] IS NULL) THEN CAST(1 AS bit)
    ELSE CAST(0 AS bit)
END
2026-08-31 17:48:06.033 +05:30 [INF] Executed DbCommand (1ms) [Parameters=[@name='?' (Size = 100)], CommandType='"Text"', CommandTimeout='30']
SELECT CASE
    WHEN EXISTS (
        SELECT 1
        FROM [PaymentMethods] AS [p]
        WHERE [p].[Name] = @name AND [p].[UserId] IS NULL) THEN CAST(1 AS bit)
    ELSE CAST(0 AS bit)
END
2026-08-31 17:48:06.035 +05:30 [INF] Executed DbCommand (1ms) [Parameters=[@name='?' (Size = 100)], CommandType='"Text"', CommandTimeout='30']
SELECT CASE
    WHEN EXISTS (
        SELECT 1
        FROM [PaymentMethods] AS [p]
        WHERE [p].[Name] = @name AND [p].[UserId] IS NULL) THEN CAST(1 AS bit)
    ELSE CAST(0 AS bit)
END
2026-08-31 17:48:06.036 +05:30 [INF] Executed DbCommand (0ms) [Parameters=[@name='?' (Size = 100)], CommandType='"Text"', CommandTimeout='30']
SELECT CASE
    WHEN EXISTS (
        SELECT 1
        FROM [PaymentMethods] AS [p]
        WHERE [p].[Name] = @name AND [p].[UserId] IS NULL) THEN CAST(1 AS bit)
    ELSE CAST(0 AS bit)
END
2026-08-31 17:48:06.038 +05:30 [INF] Executed DbCommand (0ms) [Parameters=[@name='?' (Size = 100)], CommandType='"Text"', CommandTimeout='30']
SELECT CASE
    WHEN EXISTS (
        SELECT 1
        FROM [PaymentMethods] AS [p]
        WHERE [p].[Name] = @name AND [p].[UserId] IS NULL) THEN CAST(1 AS bit)
    ELSE CAST(0 AS bit)
END
2026-08-31 17:48:06.139 +05:30 [INF] Executed DbCommand (41ms) [Parameters=[@p0='?' (Size = 7), @p1='?' (DbType = DateTime2), @p2='?' (Size = 50), @p3='?' (DbType = Boolean), @p4='?' (DbType = Boolean), @p5='?' (Size = 100), @p6='?' (Size = 10), @p7='?' (Size = 450), @p8='?' (Size = 7), @p9='?' (DbType = DateTime2), @p10='?' (Size = 50), @p11='?' (DbType = Boolean), @p12='?' (DbType = Boolean), @p13='?' (Size = 100), @p14='?' (Size = 10), @p15='?' (Size = 450), @p16='?' (Size = 7), @p17='?' (DbType = DateTime2), @p18='?' (Size = 50), @p19='?' (DbType = Boolean), @p20='?' (DbType = Boolean), @p21='?' (Size = 100), @p22='?' (Size = 10), @p23='?' (Size = 450), @p24='?' (Size = 7), @p25='?' (DbType = DateTime2), @p26='?' (Size = 50), @p27='?' (DbType = Boolean), @p28='?' (DbType = Boolean), @p29='?' (Size = 100), @p30='?' (Size = 10), @p31='?' (Size = 450), @p32='?' (Size = 7), @p33='?' (DbType = DateTime2), @p34='?' (Size = 50), @p35='?' (DbType = Boolean), @p36='?' (DbType = Boolean), @p37='?' (Size = 100), @p38='?' (Size = 10), @p39='?' (Size = 450), @p40='?' (Size = 7), @p41='?' (DbType = DateTime2), @p42='?' (Size = 50), @p43='?' (DbType = Boolean), @p44='?' (DbType = Boolean), @p45='?' (Size = 100), @p46='?' (Size = 10), @p47='?' (Size = 450), @p48='?' (Size = 7), @p49='?' (DbType = DateTime2), @p50='?' (Size = 50), @p51='?' (DbType = Boolean), @p52='?' (DbType = Boolean), @p53='?' (Size = 100), @p54='?' (Size = 10), @p55='?' (Size = 450), @p56='?' (Size = 7), @p57='?' (DbType = DateTime2), @p58='?' (Size = 50), @p59='?' (DbType = Boolean), @p60='?' (DbType = Boolean), @p61='?' (Size = 100), @p62='?' (Size = 10), @p63='?' (Size = 450), @p64='?' (Size = 7), @p65='?' (DbType = DateTime2), @p66='?' (Size = 50), @p67='?' (DbType = Boolean), @p68='?' (DbType = Boolean), @p69='?' (Size = 100), @p70='?' (Size = 10), @p71='?' (Size = 450), @p72='?' (Size = 7), @p73='?' (DbType = DateTime2), @p74='?' (Size = 50), @p75='?' (DbType = Boolean), @p76='?' (DbType = Boolean), @p77='?' (Size = 100), @p78='?' (Size = 10), @p79='?' (Size = 450), @p80='?' (Size = 7), @p81='?' (DbType = DateTime2), @p82='?' (Size = 50), @p83='?' (DbType = Boolean), @p84='?' (DbType = Boolean), @p85='?' (Size = 100), @p86='?' (Size = 10), @p87='?' (Size = 450), @p88='?' (Size = 7), @p89='?' (DbType = DateTime2), @p90='?' (Size = 50), @p91='?' (DbType = Boolean), @p92='?' (DbType = Boolean), @p93='?' (Size = 100), @p94='?' (Size = 10), @p95='?' (Size = 450), @p96='?' (Size = 7), @p97='?' (DbType = DateTime2), @p98='?' (Size = 50), @p99='?' (DbType = Boolean), @p100='?' (DbType = Boolean), @p101='?' (Size = 100), @p102='?' (Size = 10), @p103='?' (Size = 450), @p104='?' (Size = 7), @p105='?' (DbType = DateTime2), @p106='?' (Size = 50), @p107='?' (DbType = Boolean), @p108='?' (DbType = Boolean), @p109='?' (Size = 100), @p110='?' (Size = 10), @p111='?' (Size = 450), @p112='?' (Size = 7), @p113='?' (DbType = DateTime2), @p114='?' (Size = 50), @p115='?' (DbType = Boolean), @p116='?' (DbType = Boolean), @p117='?' (Size = 100), @p118='?' (Size = 10), @p119='?' (Size = 450), @p120='?' (Size = 7), @p121='?' (DbType = DateTime2), @p122='?' (Size = 50), @p123='?' (DbType = Boolean), @p124='?' (DbType = Boolean), @p125='?' (Size = 100), @p126='?' (Size = 10), @p127='?' (Size = 450), @p128='?' (Size = 7), @p129='?' (DbType = DateTime2), @p130='?' (Size = 50), @p131='?' (DbType = Boolean), @p132='?' (DbType = Boolean), @p133='?' (Size = 100), @p134='?' (Size = 10), @p135='?' (Size = 450), @p136='?' (Size = 7), @p137='?' (DbType = DateTime2), @p138='?' (Size = 50), @p139='?' (DbType = Boolean), @p140='?' (DbType = Boolean), @p141='?' (Size = 100), @p142='?' (Size = 10), @p143='?' (Size = 450), @p144='?' (Size = 7), @p145='?' (DbType = DateTime2), @p146='?' (Size = 50), @p147='?' (DbType = Boolean), @p148='?' (DbType = Boolean), @p149='?' (Size = 100), @p150='?' (Size = 10), @p151='?' (Size = 450), @p152='?' (Size = 7), @p153='?' (DbType = DateTime2), @p154='?' (Size = 50), @p155='?' (DbType = Boolean), @p156='?' (DbType = Boolean), @p157='?' (Size = 100), @p158='?' (Size = 10), @p159='?' (Size = 450), @p160='?' (Size = 7), @p161='?' (DbType = DateTime2), @p162='?' (Size = 50), @p163='?' (DbType = Boolean), @p164='?' (DbType = Boolean), @p165='?' (Size = 100), @p166='?' (Size = 10), @p167='?' (Size = 450), @p168='?' (Size = 7), @p169='?' (DbType = DateTime2), @p170='?' (Size = 50), @p171='?' (DbType = Boolean), @p172='?' (DbType = Boolean), @p173='?' (Size = 100), @p174='?' (Size = 10), @p175='?' (Size = 450), @p176='?' (Size = 7), @p177='?' (DbType = DateTime2), @p178='?' (Size = 50), @p179='?' (DbType = Boolean), @p180='?' (DbType = Boolean), @p181='?' (Size = 100), @p182='?' (Size = 10), @p183='?' (Size = 450), @p184='?' (Size = 7), @p185='?' (DbType = DateTime2), @p186='?' (Size = 50), @p187='?' (DbType = Boolean), @p188='?' (DbType = Boolean), @p189='?' (Size = 100), @p190='?' (Size = 10), @p191='?' (Size = 450), @p192='?' (DbType = DateTime2), @p193='?' (Size = 50), @p194='?' (DbType = Boolean), @p195='?' (DbType = Boolean), @p196='?' (Size = 100), @p197='?' (Size = 450), @p198='?' (DbType = DateTime2), @p199='?' (Size = 50), @p200='?' (DbType = Boolean), @p201='?' (DbType = Boolean), @p202='?' (Size = 100), @p203='?' (Size = 450), @p204='?' (DbType = DateTime2), @p205='?' (Size = 50), @p206='?' (DbType = Boolean), @p207='?' (DbType = Boolean), @p208='?' (Size = 100), @p209='?' (Size = 450), @p210='?' (DbType = DateTime2), @p211='?' (Size = 50), @p212='?' (DbType = Boolean), @p213='?' (DbType = Boolean), @p214='?' (Size = 100), @p215='?' (Size = 450), @p216='?' (DbType = DateTime2), @p217='?' (Size = 50), @p218='?' (DbType = Boolean), @p219='?' (DbType = Boolean), @p220='?' (Size = 100), @p221='?' (Size = 450), @p222='?' (DbType = DateTime2), @p223='?' (Size = 50), @p224='?' (DbType = Boolean), @p225='?' (DbType = Boolean), @p226='?' (Size = 100), @p227='?' (Size = 450), @p228='?' (DbType = DateTime2), @p229='?' (Size = 50), @p230='?' (DbType = Boolean), @p231='?' (DbType = Boolean), @p232='?' (Size = 100), @p233='?' (Size = 450)], CommandType='"Text"', CommandTimeout='30']
SET NOCOUNT ON;
MERGE [Categories] USING (
VALUES (@p0, @p1, @p2, @p3, @p4, @p5, @p6, @p7, 0),
(@p8, @p9, @p10, @p11, @p12, @p13, @p14, @p15, 1),
(@p16, @p17, @p18, @p19, @p20, @p21, @p22, @p23, 2),
(@p24, @p25, @p26, @p27, @p28, @p29, @p30, @p31, 3),
(@p32, @p33, @p34, @p35, @p36, @p37, @p38, @p39, 4),
(@p40, @p41, @p42, @p43, @p44, @p45, @p46, @p47, 5),
(@p48, @p49, @p50, @p51, @p52, @p53, @p54, @p55, 6),
(@p56, @p57, @p58, @p59, @p60, @p61, @p62, @p63, 7),
(@p64, @p65, @p66, @p67, @p68, @p69, @p70, @p71, 8),
(@p72, @p73, @p74, @p75, @p76, @p77, @p78, @p79, 9),
(@p80, @p81, @p82, @p83, @p84, @p85, @p86, @p87, 10),
(@p88, @p89, @p90, @p91, @p92, @p93, @p94, @p95, 11),
(@p96, @p97, @p98, @p99, @p100, @p101, @p102, @p103, 12),
(@p104, @p105, @p106, @p107, @p108, @p109, @p110, @p111, 13),
(@p112, @p113, @p114, @p115, @p116, @p117, @p118, @p119, 14),
(@p120, @p121, @p122, @p123, @p124, @p125, @p126, @p127, 15),
(@p128, @p129, @p130, @p131, @p132, @p133, @p134, @p135, 16),
(@p136, @p137, @p138, @p139, @p140, @p141, @p142, @p143, 17),
(@p144, @p145, @p146, @p147, @p148, @p149, @p150, @p151, 18),
(@p152, @p153, @p154, @p155, @p156, @p157, @p158, @p159, 19),
(@p160, @p161, @p162, @p163, @p164, @p165, @p166, @p167, 20),
(@p168, @p169, @p170, @p171, @p172, @p173, @p174, @p175, 21),
(@p176, @p177, @p178, @p179, @p180, @p181, @p182, @p183, 22),
(@p184, @p185, @p186, @p187, @p188, @p189, @p190, @p191, 23)) AS i ([Color], [CreatedDate], [Icon], [IsActive], [IsDefault], [Name], [Type], [UserId], _Position) ON 1=0
WHEN NOT MATCHED THEN
INSERT ([Color], [CreatedDate], [Icon], [IsActive], [IsDefault], [Name], [Type], [UserId])
VALUES (i.[Color], i.[CreatedDate], i.[Icon], i.[IsActive], i.[IsDefault], i.[Name], i.[Type], i.[UserId])
OUTPUT INSERTED.[CategoryId], i._Position;
MERGE [PaymentMethods] USING (
VALUES (@p192, @p193, @p194, @p195, @p196, @p197, 0),
(@p198, @p199, @p200, @p201, @p202, @p203, 1),
(@p204, @p205, @p206, @p207, @p208, @p209, 2),
(@p210, @p211, @p212, @p213, @p214, @p215, 3),
(@p216, @p217, @p218, @p219, @p220, @p221, 4),
(@p222, @p223, @p224, @p225, @p226, @p227, 5),
(@p228, @p229, @p230, @p231, @p232, @p233, 6)) AS i ([CreatedDate], [Icon], [IsActive], [IsDefault], [Name], [UserId], _Position) ON 1=0
WHEN NOT MATCHED THEN
INSERT ([CreatedDate], [Icon], [IsActive], [IsDefault], [Name], [UserId])
VALUES (i.[CreatedDate], i.[Icon], i.[IsActive], i.[IsDefault], i.[Name], i.[UserId])
OUTPUT INSERTED.[PaymentMethodId], i._Position;
2026-08-31 17:48:06.199 +05:30 [INF] User profile is available. Using 'C:\Users\ABHI\AppData\Local\ASP.NET\DataProtection-Keys' as key repository and Windows DPAPI to encrypt keys at rest.
2026-08-31 17:48:06.331 +05:30 [INF] Now listening on: http://localhost:5172
2026-08-31 17:48:06.334 +05:30 [INF] Application started. Press Ctrl+C to shut down.
2026-08-31 17:48:06.335 +05:30 [INF] Hosting environment: Development
2026-08-31 17:48:06.335 +05:30 [INF] Content root path: C:\Users\ABHI\Desktop\Expense Tracker\MyDailyExpenseTracker
2026-08-31 17:48:21.180 +05:30 [INF] Request starting HTTP/1.1 GET http://localhost:5172/ - null null
2026-08-31 17:48:21.189 +05:30 [WRN] Failed to determine the https port for redirect.
2026-08-31 17:48:21.347 +05:30 [INF] Authorization failed. These requirements were not met:
DenyAnonymousAuthorizationRequirement: Requires an authenticated user.
2026-08-31 17:48:21.363 +05:30 [INF] AuthenticationScheme: Identity.Application was challenged.
2026-08-31 17:48:21.373 +05:30 [INF] Request finished HTTP/1.1 GET http://localhost:5172/ - 302 0 null 199.512ms
2026-08-31 17:48:21.396 +05:30 [INF] Request starting HTTP/1.1 GET http://localhost:5172/Account/Login?ReturnUrl=%2F - null null
2026-08-31 17:48:21.415 +05:30 [INF] Executing endpoint 'MyDailyExpenseTracker.Controllers.AccountController.Login (MyDailyExpenseTracker)'
2026-08-31 17:48:21.448 +05:30 [INF] Route matched with {action = "Login", controller = "Account"}. Executing controller action with signature Microsoft.AspNetCore.Mvc.IActionResult Login(System.String) on controller MyDailyExpenseTracker.Controllers.AccountController (MyDailyExpenseTracker).
2026-08-31 17:48:21.614 +05:30 [INF] Executing ViewResult, running view Login.
2026-08-31 17:48:21.865 +05:30 [INF] Executed ViewResult - view Login executed in 250.9318ms.
2026-08-31 17:48:21.866 +05:30 [INF] Executed action MyDailyExpenseTracker.Controllers.AccountController.Login (MyDailyExpenseTracker) in 415.0517ms
2026-08-31 17:48:21.866 +05:30 [INF] Executed endpoint 'MyDailyExpenseTracker.Controllers.AccountController.Login (MyDailyExpenseTracker)'
2026-08-31 17:48:21.872 +05:30 [INF] Request finished HTTP/1.1 GET http://localhost:5172/Account/Login?ReturnUrl=%2F - 200 null text/html; charset=utf-8 475.1271ms
2026-08-31 17:48:22.019 +05:30 [INF] Request starting HTTP/1.1 GET http://localhost:5172/css/site.css?v=3jDqC1Ys9wiWRxAEk-JC7LuRjkay3HAy8SDcbuXvqzo - null null
2026-08-31 17:48:22.019 +05:30 [INF] Request starting HTTP/1.1 GET http://localhost:5172/js/site.js?v=XvixfUlZZbVs8ay4ybLVvOPCyYDYC6oeGZmLTMieI_8 - null null
2026-08-31 17:48:22.055 +05:30 [INF] Sending file. Request path: '/js/site.js'. Physical path: 'C:\Users\ABHI\Desktop\Expense Tracker\MyDailyExpenseTracker\wwwroot\js\site.js'
2026-08-31 17:48:22.056 +05:30 [INF] Request finished HTTP/1.1 GET http://localhost:5172/js/site.js?v=XvixfUlZZbVs8ay4ybLVvOPCyYDYC6oeGZmLTMieI_8 - 200 8723 text/javascript 36.6575ms
2026-08-31 17:48:22.063 +05:30 [INF] Sending file. Request path: '/css/site.css'. Physical path: 'C:\Users\ABHI\Desktop\Expense Tracker\MyDailyExpenseTracker\wwwroot\css\site.css'
2026-08-31 17:48:22.065 +05:30 [INF] Request finished HTTP/1.1 GET http://localhost:5172/css/site.css?v=3jDqC1Ys9wiWRxAEk-JC7LuRjkay3HAy8SDcbuXvqzo - 200 24901 text/css 45.9844ms
2026-08-31 17:48:22.458 +05:30 [INF] Request starting HTTP/1.1 GET http://localhost:5172/favicon.ico - null null
2026-08-31 17:48:22.496 +05:30 [INF] Sending file. Request path: '/favicon.ico'. Physical path: 'C:\Users\ABHI\Desktop\Expense Tracker\MyDailyExpenseTracker\wwwroot\favicon.ico'
2026-08-31 17:48:22.496 +05:30 [INF] Request finished HTTP/1.1 GET http://localhost:5172/favicon.ico - 200 5430 image/x-icon 38.2543ms
2026-08-31 17:49:26.856 +05:30 [INF] Request starting HTTP/1.1 GET http://localhost:5172/ - null null
2026-08-31 17:49:26.865 +05:30 [INF] Authorization failed. These requirements were not met:
DenyAnonymousAuthorizationRequirement: Requires an authenticated user.
2026-08-31 17:49:26.867 +05:30 [INF] AuthenticationScheme: Identity.Application was challenged.
2026-08-31 17:49:26.867 +05:30 [INF] Request finished HTTP/1.1 GET http://localhost:5172/ - 302 0 null 11.81ms
2026-08-31 17:49:26.878 +05:30 [INF] Request starting HTTP/1.1 GET http://localhost:5172/Account/Login?ReturnUrl=%2F - null null
2026-08-31 17:49:26.892 +05:30 [INF] Executing endpoint 'MyDailyExpenseTracker.Controllers.AccountController.Login (MyDailyExpenseTracker)'
2026-08-31 17:49:26.893 +05:30 [INF] Route matched with {action = "Login", controller = "Account"}. Executing controller action with signature Microsoft.AspNetCore.Mvc.IActionResult Login(System.String) on controller MyDailyExpenseTracker.Controllers.AccountController (MyDailyExpenseTracker).
2026-08-31 17:49:26.910 +05:30 [INF] Executing ViewResult, running view Login.
2026-08-31 17:49:26.940 +05:30 [INF] Executed ViewResult - view Login executed in 30.1613ms.
2026-08-31 17:49:26.940 +05:30 [INF] Executed action MyDailyExpenseTracker.Controllers.AccountController.Login (MyDailyExpenseTracker) in 46.8761ms
2026-08-31 17:49:26.941 +05:30 [INF] Executed endpoint 'MyDailyExpenseTracker.Controllers.AccountController.Login (MyDailyExpenseTracker)'
2026-08-31 17:49:26.941 +05:30 [INF] Request finished HTTP/1.1 GET http://localhost:5172/Account/Login?ReturnUrl=%2F - 200 null text/html; charset=utf-8 62.9169ms
2026-08-31 17:49:30.374 +05:30 [INF] Request starting HTTP/1.1 GET http://localhost:5172/Account/Register - null null
2026-08-31 17:49:30.374 +05:30 [INF] Executing endpoint 'MyDailyExpenseTracker.Controllers.AccountController.Register (MyDailyExpenseTracker)'
2026-08-31 17:49:30.377 +05:30 [INF] Route matched with {action = "Register", controller = "Account"}. Executing controller action with signature Microsoft.AspNetCore.Mvc.IActionResult Register() on controller MyDailyExpenseTracker.Controllers.AccountController (MyDailyExpenseTracker).
2026-08-31 17:49:30.413 +05:30 [INF] Executing ViewResult, running view Register.
2026-08-31 17:49:30.453 +05:30 [INF] Executed ViewResult - view Register executed in 41.722ms.
2026-08-31 17:49:30.454 +05:30 [INF] Executed action MyDailyExpenseTracker.Controllers.AccountController.Register (MyDailyExpenseTracker) in 76.3738ms
2026-08-31 17:49:30.454 +05:30 [INF] Executed endpoint 'MyDailyExpenseTracker.Controllers.AccountController.Register (MyDailyExpenseTracker)'
2026-08-31 17:49:30.454 +05:30 [INF] Request finished HTTP/1.1 GET http://localhost:5172/Account/Register - 200 null text/html; charset=utf-8 80.2691ms
2026-08-31 17:49:48.756 +05:30 [INF] Request starting HTTP/1.1 POST http://localhost:5172/Account/Register - application/x-www-form-urlencoded 293
2026-08-31 17:49:48.757 +05:30 [INF] Executing endpoint 'MyDailyExpenseTracker.Controllers.AccountController.Register (MyDailyExpenseTracker)'
2026-08-31 17:49:48.766 +05:30 [INF] Route matched with {action = "Register", controller = "Account"}. Executing controller action with signature System.Threading.Tasks.Task`1[Microsoft.AspNetCore.Mvc.IActionResult] Register(MyDailyExpenseTracker.ViewModels.RegisterViewModel) on controller MyDailyExpenseTracker.Controllers.AccountController (MyDailyExpenseTracker).
2026-08-31 17:49:48.784 +05:30 [INF] Executing ViewResult, running view Register.
2026-08-31 17:49:48.790 +05:30 [INF] Executed ViewResult - view Register executed in 6.208ms.
2026-08-31 17:49:48.790 +05:30 [INF] Executed action MyDailyExpenseTracker.Controllers.AccountController.Register (MyDailyExpenseTracker) in 24.7123ms
2026-08-31 17:49:48.791 +05:30 [INF] Executed endpoint 'MyDailyExpenseTracker.Controllers.AccountController.Register (MyDailyExpenseTracker)'
2026-08-31 17:49:48.791 +05:30 [INF] Request finished HTTP/1.1 POST http://localhost:5172/Account/Register - 200 null text/html; charset=utf-8 34.4362ms
2026-08-31 17:50:07.752 +05:30 [INF] Request starting HTTP/1.1 POST http://localhost:5172/Account/Register - application/x-www-form-urlencoded 301
2026-08-31 17:50:07.752 +05:30 [INF] Executing endpoint 'MyDailyExpenseTracker.Controllers.AccountController.Register (MyDailyExpenseTracker)'
2026-08-31 17:50:07.752 +05:30 [INF] Route matched with {action = "Register", controller = "Account"}. Executing controller action with signature System.Threading.Tasks.Task`1[Microsoft.AspNetCore.Mvc.IActionResult] Register(MyDailyExpenseTracker.ViewModels.RegisterViewModel) on controller MyDailyExpenseTracker.Controllers.AccountController (MyDailyExpenseTracker).
2026-08-31 17:50:07.952 +05:30 [INF] Executed DbCommand (5ms) [Parameters=[@normalizedUserName='?' (Size = 256)], CommandType='"Text"', CommandTimeout='30']
SELECT TOP(1) [a].[Id], [a].[AccessFailedCount], [a].[ConcurrencyStamp], [a].[CreatedDate], [a].[Currency], [a].[DateFormat], [a].[Email], [a].[EmailConfirmed], [a].[FirstName], [a].[LastName], [a].[LockoutEnabled], [a].[LockoutEnd], [a].[NormalizedEmail], [a].[NormalizedUserName], [a].[PasswordHash], [a].[PhoneNumber], [a].[PhoneNumberConfirmed], [a].[SecurityStamp], [a].[Theme], [a].[TwoFactorEnabled], [a].[UserName]
FROM [AspNetUsers] AS [a]
WHERE [a].[NormalizedUserName] = @normalizedUserName
2026-08-31 17:50:07.973 +05:30 [INF] Executed DbCommand (4ms) [Parameters=[@normalizedEmail='?' (Size = 256)], CommandType='"Text"', CommandTimeout='30']
SELECT TOP(2) [a].[Id], [a].[AccessFailedCount], [a].[ConcurrencyStamp], [a].[CreatedDate], [a].[Currency], [a].[DateFormat], [a].[Email], [a].[EmailConfirmed], [a].[FirstName], [a].[LastName], [a].[LockoutEnabled], [a].[LockoutEnd], [a].[NormalizedEmail], [a].[NormalizedUserName], [a].[PasswordHash], [a].[PhoneNumber], [a].[PhoneNumberConfirmed], [a].[SecurityStamp], [a].[Theme], [a].[TwoFactorEnabled], [a].[UserName]
FROM [AspNetUsers] AS [a]
WHERE [a].[NormalizedEmail] = @normalizedEmail
2026-08-31 17:50:08.065 +05:30 [INF] Executed DbCommand (6ms) [Parameters=[@p0='?' (Size = 450), @p1='?' (DbType = Int32), @p2='?' (Size = 4000), @p3='?' (DbType = DateTime2), @p4='?' (Size = 10), @p5='?' (Size = 20), @p6='?' (Size = 256), @p7='?' (DbType = Boolean), @p8='?' (Size = 100), @p9='?' (Size = 100), @p10='?' (DbType = Boolean), @p11='?' (DbType = DateTimeOffset), @p12='?' (Size = 256), @p13='?' (Size = 256), @p14='?' (Size = 4000), @p15='?' (Size = 4000), @p16='?' (DbType = Boolean), @p17='?' (Size = 4000), @p18='?' (Size = 10), @p19='?' (DbType = Boolean), @p20='?' (Size = 256)], CommandType='"Text"', CommandTimeout='30']
SET IMPLICIT_TRANSACTIONS OFF;
SET NOCOUNT ON;
INSERT INTO [AspNetUsers] ([Id], [AccessFailedCount], [ConcurrencyStamp], [CreatedDate], [Currency], [DateFormat], [Email], [EmailConfirmed], [FirstName], [LastName], [LockoutEnabled], [LockoutEnd], [NormalizedEmail], [NormalizedUserName], [PasswordHash], [PhoneNumber], [PhoneNumberConfirmed], [SecurityStamp], [Theme], [TwoFactorEnabled], [UserName])
VALUES (@p0, @p1, @p2, @p3, @p4, @p5, @p6, @p7, @p8, @p9, @p10, @p11, @p12, @p13, @p14, @p15, @p16, @p17, @p18, @p19, @p20);
2026-08-31 17:50:08.086 +05:30 [INF] Executed DbCommand (5ms) [Parameters=[@normalizedRoleName='?' (Size = 256)], CommandType='"Text"', CommandTimeout='30']
SELECT TOP(2) [a].[Id], [a].[ConcurrencyStamp], [a].[Name], [a].[NormalizedName]
FROM [AspNetRoles] AS [a]
WHERE [a].[NormalizedName] = @normalizedRoleName
2026-08-31 17:50:08.147 +05:30 [INF] Executed DbCommand (4ms) [Parameters=[@p='?' (Size = 450), @p1='?' (Size = 450)], CommandType='"Text"', CommandTimeout='30']
SELECT TOP(1) [a].[UserId], [a].[RoleId]
FROM [AspNetUserRoles] AS [a]
WHERE [a].[UserId] = @p AND [a].[RoleId] = @p1
2026-08-31 17:50:08.156 +05:30 [INF] Executed DbCommand (3ms) [Parameters=[@normalizedRoleName='?' (Size = 256)], CommandType='"Text"', CommandTimeout='30']
SELECT TOP(2) [a].[Id], [a].[ConcurrencyStamp], [a].[Name], [a].[NormalizedName]
FROM [AspNetRoles] AS [a]
WHERE [a].[NormalizedName] = @normalizedRoleName
2026-08-31 17:50:08.185 +05:30 [INF] Executed DbCommand (14ms) [Parameters=[@normalizedUserName='?' (Size = 256)], CommandType='"Text"', CommandTimeout='30']
SELECT TOP(1) [a].[Id], [a].[AccessFailedCount], [a].[ConcurrencyStamp], [a].[CreatedDate], [a].[Currency], [a].[DateFormat], [a].[Email], [a].[EmailConfirmed], [a].[FirstName], [a].[LastName], [a].[LockoutEnabled], [a].[LockoutEnd], [a].[NormalizedEmail], [a].[NormalizedUserName], [a].[PasswordHash], [a].[PhoneNumber], [a].[PhoneNumberConfirmed], [a].[SecurityStamp], [a].[Theme], [a].[TwoFactorEnabled], [a].[UserName]
FROM [AspNetUsers] AS [a]
WHERE [a].[NormalizedUserName] = @normalizedUserName
2026-08-31 17:50:08.211 +05:30 [INF] Executed DbCommand (20ms) [Parameters=[@normalizedEmail='?' (Size = 256)], CommandType='"Text"', CommandTimeout='30']
SELECT TOP(2) [a].[Id], [a].[AccessFailedCount], [a].[ConcurrencyStamp], [a].[CreatedDate], [a].[Currency], [a].[DateFormat], [a].[Email], [a].[EmailConfirmed], [a].[FirstName], [a].[LastName], [a].[LockoutEnabled], [a].[LockoutEnd], [a].[NormalizedEmail], [a].[NormalizedUserName], [a].[PasswordHash], [a].[PhoneNumber], [a].[PhoneNumberConfirmed], [a].[SecurityStamp], [a].[Theme], [a].[TwoFactorEnabled], [a].[UserName]
FROM [AspNetUsers] AS [a]
WHERE [a].[NormalizedEmail] = @normalizedEmail
2026-08-31 17:50:08.292 +05:30 [INF] Executed DbCommand (46ms) [Parameters=[@p0='?' (Size = 450), @p1='?' (Size = 450), @p22='?' (Size = 450), @p2='?' (DbType = Int32), @p3='?' (Size = 4000), @p23='?' (Size = 4000), @p4='?' (DbType = DateTime2), @p5='?' (Size = 10), @p6='?' (Size = 20), @p7='?' (Size = 256), @p8='?' (DbType = Boolean), @p9='?' (Size = 100), @p10='?' (Size = 100), @p11='?' (DbType = Boolean), @p12='?' (DbType = DateTimeOffset), @p13='?' (Size = 256), @p14='?' (Size = 256), @p15='?' (Size = 4000), @p16='?' (Size = 4000), @p17='?' (DbType = Boolean), @p18='?' (Size = 4000), @p19='?' (Size = 10), @p20='?' (DbType = Boolean), @p21='?' (Size = 256)], CommandType='"Text"', CommandTimeout='30']
SET NOCOUNT ON;
INSERT INTO [AspNetUserRoles] ([RoleId], [UserId])
VALUES (@p0, @p1);
UPDATE [AspNetUsers] SET [AccessFailedCount] = @p2, [ConcurrencyStamp] = @p3, [CreatedDate] = @p4, [Currency] = @p5, [DateFormat] = @p6, [Email] = @p7, [EmailConfirmed] = @p8, [FirstName] = @p9, [LastName] = @p10, [LockoutEnabled] = @p11, [LockoutEnd] = @p12, [NormalizedEmail] = @p13, [NormalizedUserName] = @p14, [PasswordHash] = @p15, [PhoneNumber] = @p16, [PhoneNumberConfirmed] = @p17, [SecurityStamp] = @p18, [Theme] = @p19, [TwoFactorEnabled] = @p20, [UserName] = @p21
OUTPUT 1
WHERE [Id] = @p22 AND [ConcurrencyStamp] = @p23;
2026-08-31 17:50:08.299 +05:30 [INF] New user registered: chavanabhijeet95@gmail.com
2026-08-31 17:50:08.382 +05:30 [INF] Executed DbCommand (4ms) [Parameters=[@user_Id='?' (Size = 450)], CommandType='"Text"', CommandTimeout='30']
SELECT [a].[Id], [a].[ClaimType], [a].[ClaimValue], [a].[UserId]
FROM [AspNetUserClaims] AS [a]
WHERE [a].[UserId] = @user_Id
2026-08-31 17:50:08.431 +05:30 [INF] Executed DbCommand (11ms) [Parameters=[@userId='?' (Size = 450)], CommandType='"Text"', CommandTimeout='30']
SELECT [a0].[Name]
FROM [AspNetUserRoles] AS [a]
INNER JOIN [AspNetRoles] AS [a0] ON [a].[RoleId] = [a0].[Id]
WHERE [a].[UserId] = @userId
2026-08-31 17:50:08.438 +05:30 [INF] Executed DbCommand (3ms) [Parameters=[@normalizedName='?' (Size = 256)], CommandType='"Text"', CommandTimeout='30']
SELECT TOP(1) [a].[Id], [a].[ConcurrencyStamp], [a].[Name], [a].[NormalizedName]
FROM [AspNetRoles] AS [a]
WHERE [a].[NormalizedName] = @normalizedName
2026-08-31 17:50:08.451 +05:30 [INF] Executed DbCommand (4ms) [Parameters=[@role_Id='?' (Size = 450)], CommandType='"Text"', CommandTimeout='30']
SELECT [a].[ClaimType], [a].[ClaimValue]
FROM [AspNetRoleClaims] AS [a]
WHERE [a].[RoleId] = @role_Id
2026-08-31 17:50:08.460 +05:30 [INF] AuthenticationScheme: Identity.Application signed in.
2026-08-31 17:50:08.468 +05:30 [INF] Executing RedirectResult, redirecting to /.
2026-08-31 17:50:08.471 +05:30 [INF] Executed action MyDailyExpenseTracker.Controllers.AccountController.Register (MyDailyExpenseTracker) in 718.6056ms
2026-08-31 17:50:08.472 +05:30 [INF] Executed endpoint 'MyDailyExpenseTracker.Controllers.AccountController.Register (MyDailyExpenseTracker)'
2026-08-31 17:50:08.478 +05:30 [INF] Request finished HTTP/1.1 POST http://localhost:5172/Account/Register - 302 0 null 726.1121ms
2026-08-31 17:50:08.480 +05:30 [INF] Request starting HTTP/1.1 GET http://localhost:5172/ - null null
2026-08-31 17:50:08.487 +05:30 [INF] Executing endpoint 'MyDailyExpenseTracker.Controllers.DashboardController.Index (MyDailyExpenseTracker)'
2026-08-31 17:50:08.497 +05:30 [INF] Route matched with {action = "Index", controller = "Dashboard"}. Executing controller action with signature System.Threading.Tasks.Task`1[Microsoft.AspNetCore.Mvc.IActionResult] Index() on controller MyDailyExpenseTracker.Controllers.DashboardController (MyDailyExpenseTracker).
2026-08-31 17:50:08.526 +05:30 [INF] Executed DbCommand (6ms) [Parameters=[@userId='?' (Size = 450), @today='?' (DbType = DateTime2), @today2='?' (DbType = DateTime2)], CommandType='"Text"', CommandTimeout='30']
SELECT [r].[RecurringExpenseId], [r].[Amount], [r].[CategoryId], [r].[CreatedDate], [r].[EndDate], [r].[Frequency], [r].[IsActive], [r].[LastGeneratedDate], [r].[Name], [r].[Notes], [r].[PaymentMethodId], [r].[StartDate], [r].[Type], [r].[UserId]
FROM [RecurringExpenses] AS [r]
WHERE [r].[UserId] = @userId AND [r].[IsActive] = CAST(1 AS bit) AND [r].[StartDate] <= @today AND ([r].[EndDate] IS NULL OR [r].[EndDate] >= @today2)
2026-08-31 17:50:08.640 +05:30 [INF] Executed DbCommand (19ms) [Parameters=[@userId='?' (Size = 450), @today_Month='?' (DbType = Int32), @today_Year='?' (DbType = Int32)], CommandType='"Text"', CommandTimeout='30']
SELECT [b1].[BudgetId], [b1].[CreatedDate], [b1].[Month], [b1].[Notes], [b1].[TotalBudget], [b1].[UpdatedDate], [b1].[UserId], [b1].[Year], [s].[BudgetCategoryId], [s].[Amount], [s].[BudgetId], [s].[CategoryId], [s].[CategoryId0], [s].[Color], [s].[CreatedDate], [s].[Icon], [s].[IsActive], [s].[IsDefault], [s].[Name], [s].[Type], [s].[UserId]
FROM (
    SELECT TOP(1) [b].[BudgetId], [b].[CreatedDate], [b].[Month], [b].[Notes], [b].[TotalBudget], [b].[UpdatedDate], [b].[UserId], [b].[Year]
    FROM [Budgets] AS [b]
    WHERE [b].[UserId] = @userId AND [b].[Month] = @today_Month AND [b].[Year] = @today_Year
) AS [b1]
LEFT JOIN (
    SELECT [b0].[BudgetCategoryId], [b0].[Amount], [b0].[BudgetId], [b0].[CategoryId], [c].[CategoryId] AS [CategoryId0], [c].[Color], [c].[CreatedDate], [c].[Icon], [c].[IsActive], [c].[IsDefault], [c].[Name], [c].[Type], [c].[UserId]
    FROM [BudgetCategories] AS [b0]
    INNER JOIN [Categories] AS [c] ON [b0].[CategoryId] = [c].[CategoryId]
) AS [s] ON [b1].[BudgetId] = [s].[BudgetId]
ORDER BY [b1].[BudgetId], [s].[BudgetCategoryId]
2026-08-31 17:50:08.731 +05:30 [INF] Executed DbCommand (9ms) [Parameters=[@userId='?' (Size = 450), @today='?' (DbType = DateTime2)], CommandType='"Text"', CommandTimeout='30']
SELECT [t].[Type], COALESCE(SUM([t].[Amount]), 0.0) AS [Total]
FROM [Transactions] AS [t]
WHERE [t].[UserId] = @userId AND CONVERT(date, [t].[TransactionDate]) = @today
GROUP BY [t].[Type]
2026-08-31 17:50:08.743 +05:30 [INF] Executed DbCommand (5ms) [Parameters=[@userId='?' (Size = 450), @monthStart='?' (DbType = DateTime2), @today='?' (DbType = DateTime2)], CommandType='"Text"', CommandTimeout='30']
SELECT [t].[Type], COALESCE(SUM([t].[Amount]), 0.0) AS [Total]
FROM [Transactions] AS [t]
WHERE [t].[UserId] = @userId AND [t].[TransactionDate] >= @monthStart AND [t].[TransactionDate] <= @today
GROUP BY [t].[Type]
2026-08-31 17:50:08.765 +05:30 [INF] Executed DbCommand (7ms) [Parameters=[@userId='?' (Size = 450)], CommandType='"Text"', CommandTimeout='30']
SELECT COALESCE(SUM([t].[Amount]), 0.0)
FROM [Transactions] AS [t]
WHERE [t].[UserId] = @userId AND [t].[Type] = N'Income'
2026-08-31 17:50:08.781 +05:30 [INF] Executed DbCommand (4ms) [Parameters=[@userId='?' (Size = 450)], CommandType='"Text"', CommandTimeout='30']
SELECT COALESCE(SUM([t].[Amount]), 0.0)
FROM [Transactions] AS [t]
WHERE [t].[UserId] = @userId AND [t].[Type] = N'Expense'
2026-08-31 17:50:08.799 +05:30 [INF] Executed DbCommand (3ms) [Parameters=[@userId='?' (Size = 450)], CommandType='"Text"', CommandTimeout='30']
SELECT COUNT(*)
FROM [Transactions] AS [t]
WHERE [t].[UserId] = @userId
2026-08-31 17:50:08.815 +05:30 [INF] Executed DbCommand (8ms) [Parameters=[@userId='?' (Size = 450), @prevStart='?' (DbType = DateTime2), @prevEnd='?' (DbType = DateTime2)], CommandType='"Text"', CommandTimeout='30']
SELECT COALESCE(SUM([t].[Amount]), 0.0)
FROM [Transactions] AS [t]
WHERE [t].[UserId] = @userId AND [t].[Type] = N'Expense' AND [t].[TransactionDate] >= @prevStart AND [t].[TransactionDate] <= @prevEnd
2026-08-31 17:50:08.858 +05:30 [INF] Executed DbCommand (8ms) [Parameters=[@p='?' (DbType = Int32), @userId='?' (Size = 450)], CommandType='"Text"', CommandTimeout='30']
SELECT [t0].[TransactionId], [t0].[TransactionDate], [t0].[Description], [c].[Name] AS [CategoryName], [c].[Icon] AS [CategoryIcon], [c].[Color] AS [CategoryColor], [t0].[Type], [t0].[Amount], [p].[Name] AS [PaymentMethodName]
FROM (
    SELECT TOP(@p) [t].[TransactionId], [t].[Amount], [t].[CategoryId], [t].[CreatedDate], [t].[Description], [t].[PaymentMethodId], [t].[TransactionDate], [t].[Type]
    FROM [Transactions] AS [t]
    WHERE [t].[UserId] = @userId
    ORDER BY [t].[TransactionDate] DESC, [t].[CreatedDate] DESC
) AS [t0]
INNER JOIN [Categories] AS [c] ON [t0].[CategoryId] = [c].[CategoryId]
LEFT JOIN [PaymentMethods] AS [p] ON [t0].[PaymentMethodId] = [p].[PaymentMethodId]
ORDER BY [t0].[TransactionDate] DESC, [t0].[CreatedDate] DESC
2026-08-31 17:50:08.878 +05:30 [INF] Executed DbCommand (9ms) [Parameters=[@userId='?' (Size = 450), @sixMonthsAgo='?' (DbType = DateTime2)], CommandType='"Text"', CommandTimeout='30']
SELECT [t0].[Year], [t0].[Month], COALESCE(SUM([t0].[Amount]), 0.0) AS [Total]
FROM (
    SELECT [t].[Amount], DATEPART(year, [t].[TransactionDate]) AS [Year], DATEPART(month, [t].[TransactionDate]) AS [Month]
    FROM [Transactions] AS [t]
    WHERE [t].[UserId] = @userId AND [t].[Type] = N'Expense' AND [t].[TransactionDate] >= @sixMonthsAgo
) AS [t0]
GROUP BY [t0].[Year], [t0].[Month]
2026-08-31 17:50:08.905 +05:30 [INF] Executed DbCommand (7ms) [Parameters=[@userId='?' (Size = 450), @sixMonthsAgo='?' (DbType = DateTime2)], CommandType='"Text"', CommandTimeout='30']
SELECT [t0].[Year], [t0].[Month], [t0].[Type], COALESCE(SUM([t0].[Amount]), 0.0) AS [Total]
FROM (
    SELECT [t].[Amount], [t].[Type], DATEPART(year, [t].[TransactionDate]) AS [Year], DATEPART(month, [t].[TransactionDate]) AS [Month]
    FROM [Transactions] AS [t]
    WHERE [t].[UserId] = @userId AND [t].[TransactionDate] >= @sixMonthsAgo
) AS [t0]
GROUP BY [t0].[Year], [t0].[Month], [t0].[Type]
2026-08-31 17:50:08.940 +05:30 [INF] Executed DbCommand (16ms) [Parameters=[@p='?' (DbType = Int32), @userId='?' (Size = 450), @monthStart='?' (DbType = DateTime2), @today='?' (DbType = DateTime2)], CommandType='"Text"', CommandTimeout='30']
SELECT TOP(@p) [c].[Name] AS [Category], COALESCE(SUM([t].[Amount]), 0.0) AS [Total]
FROM [Transactions] AS [t]
INNER JOIN [Categories] AS [c] ON [t].[CategoryId] = [c].[CategoryId]
WHERE [t].[UserId] = @userId AND [t].[Type] = N'Expense' AND [t].[TransactionDate] >= @monthStart AND [t].[TransactionDate] <= @today
GROUP BY [c].[Name]
ORDER BY COALESCE(SUM([t].[Amount]), 0.0) DESC
2026-08-31 17:50:08.962 +05:30 [INF] Executed DbCommand (9ms) [Parameters=[@userId='?' (Size = 450), @monthStart='?' (DbType = DateTime2), @today='?' (DbType = DateTime2)], CommandType='"Text"', CommandTimeout='30']
SELECT [t0].[Key] AS [Day], COALESCE(SUM([t0].[Amount]), 0.0) AS [Total]
FROM (
    SELECT [t].[Amount], DATEPART(day, [t].[TransactionDate]) AS [Key]
    FROM [Transactions] AS [t]
    WHERE [t].[UserId] = @userId AND [t].[Type] = N'Expense' AND [t].[TransactionDate] >= @monthStart AND [t].[TransactionDate] <= @today
) AS [t0]
GROUP BY [t0].[Key]
2026-08-31 17:50:08.991 +05:30 [INF] Executed DbCommand (15ms) [Parameters=[@userId='?' (Size = 450), @monthStart='?' (DbType = DateTime2), @today='?' (DbType = DateTime2)], CommandType='"Text"', CommandTimeout='30']
SELECT [p].[Name] AS [Method], COALESCE(SUM([t].[Amount]), 0.0) AS [Total]
FROM [Transactions] AS [t]
LEFT JOIN [PaymentMethods] AS [p] ON [t].[PaymentMethodId] = [p].[PaymentMethodId]
WHERE [t].[UserId] = @userId AND [t].[Type] = N'Expense' AND [t].[TransactionDate] >= @monthStart AND [t].[TransactionDate] <= @today AND [t].[PaymentMethodId] IS NOT NULL
GROUP BY [p].[Name]
2026-08-31 17:50:09.009 +05:30 [INF] Executed DbCommand (4ms) [Parameters=[@userId='?' (Size = 450), @today_Month='?' (DbType = Int32), @today_Year='?' (DbType = Int32)], CommandType='"Text"', CommandTimeout='30']
SELECT TOP(1) [b].[BudgetId], [b].[CreatedDate], [b].[Month], [b].[Notes], [b].[TotalBudget], [b].[UpdatedDate], [b].[UserId], [b].[Year]
FROM [Budgets] AS [b]
WHERE [b].[UserId] = @userId AND [b].[Month] = @today_Month AND [b].[Year] = @today_Year
2026-08-31 17:50:09.022 +05:30 [INF] Executed DbCommand (4ms) [Parameters=[@userId='?' (Size = 450)], CommandType='"Text"', CommandTimeout='30']
SELECT COUNT(*)
FROM [Notifications] AS [n]
WHERE [n].[UserId] = @userId AND [n].[IsRead] = CAST(0 AS bit)
2026-08-31 17:50:09.026 +05:30 [INF] Executing ViewResult, running view Index.
2026-08-31 17:50:09.088 +05:30 [INF] Executed DbCommand (4ms) [Parameters=[@p='?' (Size = 450)], CommandType='"Text"', CommandTimeout='30']
SELECT TOP(1) [a].[Id], [a].[AccessFailedCount], [a].[ConcurrencyStamp], [a].[CreatedDate], [a].[Currency], [a].[DateFormat], [a].[Email], [a].[EmailConfirmed], [a].[FirstName], [a].[LastName], [a].[LockoutEnabled], [a].[LockoutEnd], [a].[NormalizedEmail], [a].[NormalizedUserName], [a].[PasswordHash], [a].[PhoneNumber], [a].[PhoneNumberConfirmed], [a].[SecurityStamp], [a].[Theme], [a].[TwoFactorEnabled], [a].[UserName]
FROM [AspNetUsers] AS [a]
WHERE [a].[Id] = @p
2026-08-31 17:50:09.179 +05:30 [INF] Executed ViewResult - view Index executed in 153.95ms.
2026-08-31 17:50:09.181 +05:30 [INF] Executed action MyDailyExpenseTracker.Controllers.DashboardController.Index (MyDailyExpenseTracker) in 683.6366ms
2026-08-31 17:50:09.181 +05:30 [INF] Executed endpoint 'MyDailyExpenseTracker.Controllers.DashboardController.Index (MyDailyExpenseTracker)'
2026-08-31 17:50:09.182 +05:30 [INF] Request finished HTTP/1.1 GET http://localhost:5172/ - 200 null text/html; charset=utf-8 701.4944ms
2026-08-31 17:50:15.051 +05:30 [INF] Request starting HTTP/1.1 POST http://localhost:5172/Profile/SetTheme - application/x-www-form-urlencoded 10
2026-08-31 17:50:15.054 +05:30 [INF] Executing endpoint 'MyDailyExpenseTracker.Controllers.ProfileController.SetTheme (MyDailyExpenseTracker)'
2026-08-31 17:50:15.060 +05:30 [INF] Route matched with {action = "SetTheme", controller = "Profile"}. Executing controller action with signature System.Threading.Tasks.Task`1[Microsoft.AspNetCore.Mvc.IActionResult] SetTheme(System.String) on controller MyDailyExpenseTracker.Controllers.ProfileController (MyDailyExpenseTracker).
2026-08-31 17:50:15.070 +05:30 [INF] Executed DbCommand (4ms) [Parameters=[@p='?' (Size = 450)], CommandType='"Text"', CommandTimeout='30']
SELECT TOP(1) [a].[Id], [a].[AccessFailedCount], [a].[ConcurrencyStamp], [a].[CreatedDate], [a].[Currency], [a].[DateFormat], [a].[Email], [a].[EmailConfirmed], [a].[FirstName], [a].[LastName], [a].[LockoutEnabled], [a].[LockoutEnd], [a].[NormalizedEmail], [a].[NormalizedUserName], [a].[PasswordHash], [a].[PhoneNumber], [a].[PhoneNumberConfirmed], [a].[SecurityStamp], [a].[Theme], [a].[TwoFactorEnabled], [a].[UserName]
FROM [AspNetUsers] AS [a]
WHERE [a].[Id] = @p
2026-08-31 17:50:15.079 +05:30 [INF] Executed DbCommand (6ms) [Parameters=[@normalizedUserName='?' (Size = 256)], CommandType='"Text"', CommandTimeout='30']
SELECT TOP(1) [a].[Id], [a].[AccessFailedCount], [a].[ConcurrencyStamp], [a].[CreatedDate], [a].[Currency], [a].[DateFormat], [a].[Email], [a].[EmailConfirmed], [a].[FirstName], [a].[LastName], [a].[LockoutEnabled], [a].[LockoutEnd], [a].[NormalizedEmail], [a].[NormalizedUserName], [a].[PasswordHash], [a].[PhoneNumber], [a].[PhoneNumberConfirmed], [a].[SecurityStamp], [a].[Theme], [a].[TwoFactorEnabled], [a].[UserName]
FROM [AspNetUsers] AS [a]
WHERE [a].[NormalizedUserName] = @normalizedUserName
2026-08-31 17:50:15.084 +05:30 [INF] Executed DbCommand (4ms) [Parameters=[@normalizedEmail='?' (Size = 256)], CommandType='"Text"', CommandTimeout='30']
SELECT TOP(2) [a].[Id], [a].[AccessFailedCount], [a].[ConcurrencyStamp], [a].[CreatedDate], [a].[Currency], [a].[DateFormat], [a].[Email], [a].[EmailConfirmed], [a].[FirstName], [a].[LastName], [a].[LockoutEnabled], [a].[LockoutEnd], [a].[NormalizedEmail], [a].[NormalizedUserName], [a].[PasswordHash], [a].[PhoneNumber], [a].[PhoneNumberConfirmed], [a].[SecurityStamp], [a].[Theme], [a].[TwoFactorEnabled], [a].[UserName]
FROM [AspNetUsers] AS [a]
WHERE [a].[NormalizedEmail] = @normalizedEmail
2026-08-31 17:50:15.096 +05:30 [INF] Executed DbCommand (10ms) [Parameters=[@p20='?' (Size = 450), @p0='?' (DbType = Int32), @p1='?' (Size = 4000), @p21='?' (Size = 4000), @p2='?' (DbType = DateTime2), @p3='?' (Size = 10), @p4='?' (Size = 20), @p5='?' (Size = 256), @p6='?' (DbType = Boolean), @p7='?' (Size = 100), @p8='?' (Size = 100), @p9='?' (DbType = Boolean), @p10='?' (DbType = DateTimeOffset), @p11='?' (Size = 256), @p12='?' (Size = 256), @p13='?' (Size = 4000), @p14='?' (Size = 4000), @p15='?' (DbType = Boolean), @p16='?' (Size = 4000), @p17='?' (Size = 10), @p18='?' (DbType = Boolean), @p19='?' (Size = 256)], CommandType='"Text"', CommandTimeout='30']
SET IMPLICIT_TRANSACTIONS OFF;
SET NOCOUNT ON;
UPDATE [AspNetUsers] SET [AccessFailedCount] = @p0, [ConcurrencyStamp] = @p1, [CreatedDate] = @p2, [Currency] = @p3, [DateFormat] = @p4, [Email] = @p5, [EmailConfirmed] = @p6, [FirstName] = @p7, [LastName] = @p8, [LockoutEnabled] = @p9, [LockoutEnd] = @p10, [NormalizedEmail] = @p11, [NormalizedUserName] = @p12, [PasswordHash] = @p13, [PhoneNumber] = @p14, [PhoneNumberConfirmed] = @p15, [SecurityStamp] = @p16, [Theme] = @p17, [TwoFactorEnabled] = @p18, [UserName] = @p19
OUTPUT 1
WHERE [Id] = @p20 AND [ConcurrencyStamp] = @p21;
2026-08-31 17:50:15.104 +05:30 [INF] Executing StatusCodeResult, setting HTTP status code 200
2026-08-31 17:50:15.104 +05:30 [INF] Executed action MyDailyExpenseTracker.Controllers.ProfileController.SetTheme (MyDailyExpenseTracker) in 43.8537ms
2026-08-31 17:50:15.104 +05:30 [INF] Executed endpoint 'MyDailyExpenseTracker.Controllers.ProfileController.SetTheme (MyDailyExpenseTracker)'
2026-08-31 17:50:15.104 +05:30 [INF] Request finished HTTP/1.1 POST http://localhost:5172/Profile/SetTheme - 200 0 null 53.3002ms
2026-08-31 17:50:20.417 +05:30 [INF] Request starting HTTP/1.1 GET http://localhost:5172/Transactions - null null
2026-08-31 17:50:20.420 +05:30 [INF] Executing endpoint 'MyDailyExpenseTracker.Controllers.TransactionsController.Index (MyDailyExpenseTracker)'
2026-08-31 17:50:20.432 +05:30 [INF] Route matched with {action = "Index", controller = "Transactions"}. Executing controller action with signature System.Threading.Tasks.Task`1[Microsoft.AspNetCore.Mvc.IActionResult] Index(MyDailyExpenseTracker.ViewModels.TransactionFilterViewModel) on controller MyDailyExpenseTracker.Controllers.TransactionsController (MyDailyExpenseTracker).
2026-08-31 17:50:20.459 +05:30 [INF] Executed DbCommand (4ms) [Parameters=[@userId='?' (Size = 450)], CommandType='"Text"', CommandTimeout='30']
SELECT [t].[Type], [t].[Amount]
FROM [Transactions] AS [t]
WHERE [t].[UserId] = @userId
2026-08-31 17:50:20.481 +05:30 [INF] Executed DbCommand (8ms) [Parameters=[@userId='?' (Size = 450), @p='?' (DbType = Int32), @p2='?' (DbType = Int32)], CommandType='"Text"', CommandTimeout='30']
SELECT [t0].[TransactionId], [t0].[TransactionDate], [t0].[Description], [c].[Name] AS [CategoryName], [c].[Icon] AS [CategoryIcon], [c].[Color] AS [CategoryColor], [t0].[Type], [t0].[Amount], [p].[Name] AS [PaymentMethodName]
FROM (
    SELECT [t].[TransactionId], [t].[Amount], [t].[CategoryId], [t].[CreatedDate], [t].[Description], [t].[PaymentMethodId], [t].[TransactionDate], [t].[Type]
    FROM [Transactions] AS [t]
    WHERE [t].[UserId] = @userId
    ORDER BY [t].[TransactionDate] DESC, [t].[CreatedDate] DESC
    OFFSET @p ROWS FETCH NEXT @p2 ROWS ONLY
) AS [t0]
INNER JOIN [Categories] AS [c] ON [t0].[CategoryId] = [c].[CategoryId]
LEFT JOIN [PaymentMethods] AS [p] ON [t0].[PaymentMethodId] = [p].[PaymentMethodId]
ORDER BY [t0].[TransactionDate] DESC, [t0].[CreatedDate] DESC
2026-08-31 17:50:20.510 +05:30 [INF] Executed DbCommand (7ms) [Parameters=[@userId='?' (Size = 450)], CommandType='"Text"', CommandTimeout='30']
SELECT CONVERT(varchar(11), [c].[CategoryId]) AS [Value], [c].[Name] AS [Text]
FROM [Categories] AS [c]
WHERE [c].[IsActive] = CAST(1 AS bit) AND ([c].[UserId] = @userId OR [c].[UserId] IS NULL)
ORDER BY [c].[Name]
2026-08-31 17:50:20.525 +05:30 [INF] Executed DbCommand (6ms) [Parameters=[@userId='?' (Size = 450)], CommandType='"Text"', CommandTimeout='30']
SELECT CONVERT(varchar(11), [p].[PaymentMethodId]) AS [Value], [p].[Name] AS [Text]
FROM [PaymentMethods] AS [p]
WHERE [p].[IsActive] = CAST(1 AS bit) AND ([p].[UserId] = @userId OR [p].[UserId] IS NULL)
ORDER BY [p].[Name]
2026-08-31 17:50:20.527 +05:30 [INF] Executing ViewResult, running view Index.
2026-08-31 17:50:20.566 +05:30 [INF] Executed DbCommand (3ms) [Parameters=[@p='?' (Size = 450)], CommandType='"Text"', CommandTimeout='30']
SELECT TOP(1) [a].[Id], [a].[AccessFailedCount], [a].[ConcurrencyStamp], [a].[CreatedDate], [a].[Currency], [a].[DateFormat], [a].[Email], [a].[EmailConfirmed], [a].[FirstName], [a].[LastName], [a].[LockoutEnabled], [a].[LockoutEnd], [a].[NormalizedEmail], [a].[NormalizedUserName], [a].[PasswordHash], [a].[PhoneNumber], [a].[PhoneNumberConfirmed], [a].[SecurityStamp], [a].[Theme], [a].[TwoFactorEnabled], [a].[UserName]
FROM [AspNetUsers] AS [a]
WHERE [a].[Id] = @p
2026-08-31 17:50:20.569 +05:30 [INF] Executed ViewResult - view Index executed in 42.8504ms.
2026-08-31 17:50:20.569 +05:30 [INF] Executed action MyDailyExpenseTracker.Controllers.TransactionsController.Index (MyDailyExpenseTracker) in 136.2253ms
2026-08-31 17:50:20.569 +05:30 [INF] Executed endpoint 'MyDailyExpenseTracker.Controllers.TransactionsController.Index (MyDailyExpenseTracker)'
2026-08-31 17:50:20.569 +05:30 [INF] Request finished HTTP/1.1 GET http://localhost:5172/Transactions - 200 null text/html; charset=utf-8 152.2314ms
2026-08-31 17:50:23.279 +05:30 [INF] Request starting HTTP/1.1 GET http://localhost:5172/Categories - null null
2026-08-31 17:50:23.281 +05:30 [INF] Executing endpoint 'MyDailyExpenseTracker.Controllers.CategoriesController.Index (MyDailyExpenseTracker)'
2026-08-31 17:50:23.287 +05:30 [INF] Route matched with {action = "Index", controller = "Categories"}. Executing controller action with signature System.Threading.Tasks.Task`1[Microsoft.AspNetCore.Mvc.IActionResult] Index() on controller MyDailyExpenseTracker.Controllers.CategoriesController (MyDailyExpenseTracker).
2026-08-31 17:50:23.304 +05:30 [INF] Executed DbCommand (8ms) [Parameters=[@userId='?' (Size = 450)], CommandType='"Text"', CommandTimeout='30']
SELECT [t].[CategoryId], COUNT(*) AS [Count]
FROM [Transactions] AS [t]
WHERE [t].[UserId] = @userId
GROUP BY [t].[CategoryId]
2026-08-31 17:50:23.315 +05:30 [INF] Executed DbCommand (4ms) [Parameters=[@userId='?' (Size = 450)], CommandType='"Text"', CommandTimeout='30']
SELECT [c].[CategoryId], [c].[Name], [c].[Icon], [c].[Color], [c].[Type], [c].[IsDefault]
FROM [Categories] AS [c]
WHERE [c].[IsActive] = CAST(1 AS bit) AND ([c].[UserId] = @userId OR [c].[UserId] IS NULL)
ORDER BY [c].[Type], [c].[Name]
2026-08-31 17:50:23.320 +05:30 [INF] Executing ViewResult, running view Index.
2026-08-31 17:50:23.335 +05:30 [INF] Executed DbCommand (3ms) [Parameters=[@p='?' (Size = 450)], CommandType='"Text"', CommandTimeout='30']
SELECT TOP(1) [a].[Id], [a].[AccessFailedCount], [a].[ConcurrencyStamp], [a].[CreatedDate], [a].[Currency], [a].[DateFormat], [a].[Email], [a].[EmailConfirmed], [a].[FirstName], [a].[LastName], [a].[LockoutEnabled], [a].[LockoutEnd], [a].[NormalizedEmail], [a].[NormalizedUserName], [a].[PasswordHash], [a].[PhoneNumber], [a].[PhoneNumberConfirmed], [a].[SecurityStamp], [a].[Theme], [a].[TwoFactorEnabled], [a].[UserName]
FROM [AspNetUsers] AS [a]
WHERE [a].[Id] = @p
2026-08-31 17:50:23.337 +05:30 [INF] Executed ViewResult - view Index executed in 17.7018ms.
2026-08-31 17:50:23.337 +05:30 [INF] Executed action MyDailyExpenseTracker.Controllers.CategoriesController.Index (MyDailyExpenseTracker) in 49.4639ms
2026-08-31 17:50:23.337 +05:30 [INF] Executed endpoint 'MyDailyExpenseTracker.Controllers.CategoriesController.Index (MyDailyExpenseTracker)'
2026-08-31 17:50:23.337 +05:30 [INF] Request finished HTTP/1.1 GET http://localhost:5172/Categories - 200 null text/html; charset=utf-8 57.6609ms
2026-08-31 17:50:26.316 +05:30 [INF] Request starting HTTP/1.1 GET http://localhost:5172/PaymentMethods - null null
2026-08-31 17:50:26.318 +05:30 [INF] Executing endpoint 'MyDailyExpenseTracker.Controllers.PaymentMethodsController.Index (MyDailyExpenseTracker)'
2026-08-31 17:50:26.325 +05:30 [INF] Route matched with {action = "Index", controller = "PaymentMethods"}. Executing controller action with signature System.Threading.Tasks.Task`1[Microsoft.AspNetCore.Mvc.IActionResult] Index() on controller MyDailyExpenseTracker.Controllers.PaymentMethodsController (MyDailyExpenseTracker).
2026-08-31 17:50:26.342 +05:30 [INF] Executed DbCommand (5ms) [Parameters=[@userId='?' (Size = 450)], CommandType='"Text"', CommandTimeout='30']
SELECT [t].[PaymentMethodId] AS [MethodId], COUNT(*) AS [Count]
FROM [Transactions] AS [t]
WHERE [t].[UserId] = @userId AND [t].[PaymentMethodId] IS NOT NULL
GROUP BY [t].[PaymentMethodId]
2026-08-31 17:50:26.377 +05:30 [INF] Executed DbCommand (4ms) [Parameters=[@userId='?' (Size = 450)], CommandType='"Text"', CommandTimeout='30']
SELECT [p].[PaymentMethodId], [p].[Name], [p].[Icon], [p].[IsDefault]
FROM [PaymentMethods] AS [p]
WHERE [p].[IsActive] = CAST(1 AS bit) AND ([p].[UserId] = @userId OR [p].[UserId] IS NULL)
ORDER BY [p].[Name]
2026-08-31 17:50:26.380 +05:30 [INF] Executing ViewResult, running view Index.
2026-08-31 17:50:26.396 +05:30 [INF] Executed DbCommand (3ms) [Parameters=[@p='?' (Size = 450)], CommandType='"Text"', CommandTimeout='30']
SELECT TOP(1) [a].[Id], [a].[AccessFailedCount], [a].[ConcurrencyStamp], [a].[CreatedDate], [a].[Currency], [a].[DateFormat], [a].[Email], [a].[EmailConfirmed], [a].[FirstName], [a].[LastName], [a].[LockoutEnabled], [a].[LockoutEnd], [a].[NormalizedEmail], [a].[NormalizedUserName], [a].[PasswordHash], [a].[PhoneNumber], [a].[PhoneNumberConfirmed], [a].[SecurityStamp], [a].[Theme], [a].[TwoFactorEnabled], [a].[UserName]
FROM [AspNetUsers] AS [a]
WHERE [a].[Id] = @p
2026-08-31 17:50:26.398 +05:30 [INF] Executed ViewResult - view Index executed in 19.6477ms.
2026-08-31 17:50:26.398 +05:30 [INF] Executed action MyDailyExpenseTracker.Controllers.PaymentMethodsController.Index (MyDailyExpenseTracker) in 73.1201ms
2026-08-31 17:50:26.398 +05:30 [INF] Executed endpoint 'MyDailyExpenseTracker.Controllers.PaymentMethodsController.Index (MyDailyExpenseTracker)'
2026-08-31 17:50:26.399 +05:30 [INF] Request finished HTTP/1.1 GET http://localhost:5172/PaymentMethods - 200 null text/html; charset=utf-8 82.6906ms
2026-08-31 17:50:27.264 +05:30 [INF] Request starting HTTP/1.1 GET http://localhost:5172/Budget - null null
2026-08-31 17:50:27.265 +05:30 [INF] Executing endpoint 'MyDailyExpenseTracker.Controllers.BudgetController.Index (MyDailyExpenseTracker)'
2026-08-31 17:50:27.272 +05:30 [INF] Route matched with {action = "Index", controller = "Budget"}. Executing controller action with signature System.Threading.Tasks.Task`1[Microsoft.AspNetCore.Mvc.IActionResult] Index(Int32, Int32) on controller MyDailyExpenseTracker.Controllers.BudgetController (MyDailyExpenseTracker).
2026-08-31 17:50:27.308 +05:30 [INF] Executed DbCommand (11ms) [Parameters=[@userId='?' (Size = 450), @month='?' (DbType = Int32), @year='?' (DbType = Int32)], CommandType='"Text"', CommandTimeout='30']
SELECT [b1].[BudgetId], [b1].[CreatedDate], [b1].[Month], [b1].[Notes], [b1].[TotalBudget], [b1].[UpdatedDate], [b1].[UserId], [b1].[Year], [s].[BudgetCategoryId], [s].[Amount], [s].[BudgetId], [s].[CategoryId], [s].[CategoryId0], [s].[Color], [s].[CreatedDate], [s].[Icon], [s].[IsActive], [s].[IsDefault], [s].[Name], [s].[Type], [s].[UserId]
FROM (
    SELECT TOP(1) [b].[BudgetId], [b].[CreatedDate], [b].[Month], [b].[Notes], [b].[TotalBudget], [b].[UpdatedDate], [b].[UserId], [b].[Year]
    FROM [Budgets] AS [b]
    WHERE [b].[UserId] = @userId AND [b].[Month] = @month AND [b].[Year] = @year
) AS [b1]
LEFT JOIN (
    SELECT [b0].[BudgetCategoryId], [b0].[Amount], [b0].[BudgetId], [b0].[CategoryId], [c].[CategoryId] AS [CategoryId0], [c].[Color], [c].[CreatedDate], [c].[Icon], [c].[IsActive], [c].[IsDefault], [c].[Name], [c].[Type], [c].[UserId]
    FROM [BudgetCategories] AS [b0]
    INNER JOIN [Categories] AS [c] ON [b0].[CategoryId] = [c].[CategoryId]
) AS [s] ON [b1].[BudgetId] = [s].[BudgetId]
ORDER BY [b1].[BudgetId], [s].[BudgetCategoryId]
2026-08-31 17:50:27.317 +05:30 [INF] Executed DbCommand (7ms) [Parameters=[@userId='?' (Size = 450)], CommandType='"Text"', CommandTimeout='30']
SELECT [t].[CategoryId], COUNT(*) AS [Count]
FROM [Transactions] AS [t]
WHERE [t].[UserId] = @userId
GROUP BY [t].[CategoryId]
2026-08-31 17:50:27.323 +05:30 [INF] Executed DbCommand (4ms) [Parameters=[@userId='?' (Size = 450)], CommandType='"Text"', CommandTimeout='30']
SELECT [c].[CategoryId], [c].[Name], [c].[Icon], [c].[Color], [c].[Type], [c].[IsDefault]
FROM [Categories] AS [c]
WHERE [c].[IsActive] = CAST(1 AS bit) AND ([c].[UserId] = @userId OR [c].[UserId] IS NULL)
ORDER BY [c].[Type], [c].[Name]
2026-08-31 17:50:27.340 +05:30 [INF] Executed DbCommand (6ms) [Parameters=[@userId='?' (Size = 450), @monthStart='?' (DbType = DateTime2), @monthEnd='?' (DbType = DateTime2)], CommandType='"Text"', CommandTimeout='30']
SELECT [t].[CategoryId], COALESCE(SUM([t].[Amount]), 0.0) AS [Total]
FROM [Transactions] AS [t]
WHERE [t].[UserId] = @userId AND [t].[Type] = N'Expense' AND [t].[TransactionDate] >= @monthStart AND [t].[TransactionDate] <= @monthEnd
GROUP BY [t].[CategoryId]
2026-08-31 17:50:27.354 +05:30 [INF] Executing ViewResult, running view Index.
2026-08-31 17:50:27.424 +05:30 [INF] Executed DbCommand (6ms) [Parameters=[@p='?' (Size = 450)], CommandType='"Text"', CommandTimeout='30']
SELECT TOP(1) [a].[Id], [a].[AccessFailedCount], [a].[ConcurrencyStamp], [a].[CreatedDate], [a].[Currency], [a].[DateFormat], [a].[Email], [a].[EmailConfirmed], [a].[FirstName], [a].[LastName], [a].[LockoutEnabled], [a].[LockoutEnd], [a].[NormalizedEmail], [a].[NormalizedUserName], [a].[PasswordHash], [a].[PhoneNumber], [a].[PhoneNumberConfirmed], [a].[SecurityStamp], [a].[Theme], [a].[TwoFactorEnabled], [a].[UserName]
FROM [AspNetUsers] AS [a]
WHERE [a].[Id] = @p
2026-08-31 17:50:27.425 +05:30 [INF] Executed ViewResult - view Index executed in 72.1835ms.
2026-08-31 17:50:27.426 +05:30 [INF] Executed action MyDailyExpenseTracker.Controllers.BudgetController.Index (MyDailyExpenseTracker) in 153.8997ms
2026-08-31 17:50:27.426 +05:30 [INF] Executed endpoint 'MyDailyExpenseTracker.Controllers.BudgetController.Index (MyDailyExpenseTracker)'
2026-08-31 17:50:27.426 +05:30 [INF] Request finished HTTP/1.1 GET http://localhost:5172/Budget - 200 null text/html; charset=utf-8 162.1565ms
2026-08-31 17:50:29.584 +05:30 [INF] Request starting HTTP/1.1 GET http://localhost:5172/RecurringExpenses - null null
2026-08-31 17:50:29.585 +05:30 [INF] Executing endpoint 'MyDailyExpenseTracker.Controllers.RecurringExpensesController.Index (MyDailyExpenseTracker)'
2026-08-31 17:50:29.592 +05:30 [INF] Route matched with {action = "Index", controller = "RecurringExpenses"}. Executing controller action with signature System.Threading.Tasks.Task`1[Microsoft.AspNetCore.Mvc.IActionResult] Index() on controller MyDailyExpenseTracker.Controllers.RecurringExpensesController (MyDailyExpenseTracker).
2026-08-31 17:50:29.613 +05:30 [INF] Executed DbCommand (5ms) [Parameters=[@userId='?' (Size = 450)], CommandType='"Text"', CommandTimeout='30']
SELECT [r].[RecurringExpenseId], [r].[Name], [r].[Amount], [r].[Type], [r].[CategoryId], [c].[Name] AS [CategoryName], [r].[PaymentMethodId], [p].[Name] AS [PaymentMethodName], [r].[Frequency], [r].[StartDate], [r].[EndDate], [r].[IsActive], [r].[LastGeneratedDate], [r].[Notes]
FROM [RecurringExpenses] AS [r]
INNER JOIN [Categories] AS [c] ON [r].[CategoryId] = [c].[CategoryId]
LEFT JOIN [PaymentMethods] AS [p] ON [r].[PaymentMethodId] = [p].[PaymentMethodId]
WHERE [r].[UserId] = @userId
ORDER BY [r].[Name]
2026-08-31 17:50:29.615 +05:30 [INF] Executing ViewResult, running view Index.
2026-08-31 17:50:29.629 +05:30 [INF] Executed DbCommand (4ms) [Parameters=[@p='?' (Size = 450)], CommandType='"Text"', CommandTimeout='30']
SELECT TOP(1) [a].[Id], [a].[AccessFailedCount], [a].[ConcurrencyStamp], [a].[CreatedDate], [a].[Currency], [a].[DateFormat], [a].[Email], [a].[EmailConfirmed], [a].[FirstName], [a].[LastName], [a].[LockoutEnabled], [a].[LockoutEnd], [a].[NormalizedEmail], [a].[NormalizedUserName], [a].[PasswordHash], [a].[PhoneNumber], [a].[PhoneNumberConfirmed], [a].[SecurityStamp], [a].[Theme], [a].[TwoFactorEnabled], [a].[UserName]
FROM [AspNetUsers] AS [a]
WHERE [a].[Id] = @p
2026-08-31 17:50:29.631 +05:30 [INF] Executed ViewResult - view Index executed in 16.5723ms.
2026-08-31 17:50:29.631 +05:30 [INF] Executed action MyDailyExpenseTracker.Controllers.RecurringExpensesController.Index (MyDailyExpenseTracker) in 38.8127ms
2026-08-31 17:50:29.631 +05:30 [INF] Executed endpoint 'MyDailyExpenseTracker.Controllers.RecurringExpensesController.Index (MyDailyExpenseTracker)'
2026-08-31 17:50:29.631 +05:30 [INF] Request finished HTTP/1.1 GET http://localhost:5172/RecurringExpenses - 200 null text/html; charset=utf-8 47.4574ms
2026-08-31 17:50:30.504 +05:30 [INF] Request starting HTTP/1.1 GET http://localhost:5172/Reports - null null
2026-08-31 17:50:30.505 +05:30 [INF] Executing endpoint 'MyDailyExpenseTracker.Controllers.ReportsController.Index (MyDailyExpenseTracker)'
2026-08-31 17:50:30.514 +05:30 [INF] Route matched with {action = "Index", controller = "Reports"}. Executing controller action with signature System.Threading.Tasks.Task`1[Microsoft.AspNetCore.Mvc.IActionResult] Index(Int32, Int32) on controller MyDailyExpenseTracker.Controllers.ReportsController (MyDailyExpenseTracker).
2026-08-31 17:50:30.557 +05:30 [INF] Executed DbCommand (9ms) [Parameters=[@userId='?' (Size = 450), @monthStart='?' (DbType = DateTime2), @monthEnd='?' (DbType = DateTime2)], CommandType='"Text"', CommandTimeout='30']
SELECT [t].[TransactionId], [t].[Amount], [t].[CategoryId], [t].[CreatedDate], [t].[Description], [t].[Notes], [t].[PaymentMethodId], [t].[RecurringExpenseId], [t].[TransactionDate], [t].[Type], [t].[UpdatedDate], [t].[UserId], [c].[CategoryId], [c].[Color], [c].[CreatedDate], [c].[Icon], [c].[IsActive], [c].[IsDefault], [c].[Name], [c].[Type], [c].[UserId], [p].[PaymentMethodId], [p].[CreatedDate], [p].[Icon], [p].[IsActive], [p].[IsDefault], [p].[Name], [p].[UserId]
FROM [Transactions] AS [t]
INNER JOIN [Categories] AS [c] ON [t].[CategoryId] = [c].[CategoryId]
LEFT JOIN [PaymentMethods] AS [p] ON [t].[PaymentMethodId] = [p].[PaymentMethodId]
WHERE [t].[UserId] = @userId AND [t].[TransactionDate] >= @monthStart AND [t].[TransactionDate] <= @monthEnd
2026-08-31 17:50:30.586 +05:30 [INF] Executed DbCommand (7ms) [Parameters=[@userId='?' (Size = 450)], CommandType='"Text"', CommandTimeout='30']
SELECT MIN([t].[TransactionDate])
FROM [Transactions] AS [t]
WHERE [t].[UserId] = @userId
2026-08-31 17:50:30.599 +05:30 [INF] Executing ViewResult, running view Index.
2026-08-31 17:50:30.630 +05:30 [INF] Executed DbCommand (5ms) [Parameters=[@p='?' (Size = 450)], CommandType='"Text"', CommandTimeout='30']
SELECT TOP(1) [a].[Id], [a].[AccessFailedCount], [a].[ConcurrencyStamp], [a].[CreatedDate], [a].[Currency], [a].[DateFormat], [a].[Email], [a].[EmailConfirmed], [a].[FirstName], [a].[LastName], [a].[LockoutEnabled], [a].[LockoutEnd], [a].[NormalizedEmail], [a].[NormalizedUserName], [a].[PasswordHash], [a].[PhoneNumber], [a].[PhoneNumberConfirmed], [a].[SecurityStamp], [a].[Theme], [a].[TwoFactorEnabled], [a].[UserName]
FROM [AspNetUsers] AS [a]
WHERE [a].[Id] = @p
2026-08-31 17:50:30.634 +05:30 [INF] Executed ViewResult - view Index executed in 35.9334ms.
2026-08-31 17:50:30.634 +05:30 [INF] Executed action MyDailyExpenseTracker.Controllers.ReportsController.Index (MyDailyExpenseTracker) in 119.1908ms
2026-08-31 17:50:30.634 +05:30 [INF] Executed endpoint 'MyDailyExpenseTracker.Controllers.ReportsController.Index (MyDailyExpenseTracker)'
2026-08-31 17:50:30.634 +05:30 [INF] Request finished HTTP/1.1 GET http://localhost:5172/Reports - 200 null text/html; charset=utf-8 129.7488ms
2026-08-31 17:50:32.267 +05:30 [INF] Request starting HTTP/1.1 GET http://localhost:5172/Profile - null null
2026-08-31 17:50:32.268 +05:30 [INF] Executing endpoint 'MyDailyExpenseTracker.Controllers.ProfileController.Index (MyDailyExpenseTracker)'
2026-08-31 17:50:32.279 +05:30 [INF] Route matched with {action = "Index", controller = "Profile"}. Executing controller action with signature System.Threading.Tasks.Task`1[Microsoft.AspNetCore.Mvc.IActionResult] Index() on controller MyDailyExpenseTracker.Controllers.ProfileController (MyDailyExpenseTracker).
2026-08-31 17:50:32.288 +05:30 [INF] Executed DbCommand (5ms) [Parameters=[@p='?' (Size = 450)], CommandType='"Text"', CommandTimeout='30']
SELECT TOP(1) [a].[Id], [a].[AccessFailedCount], [a].[ConcurrencyStamp], [a].[CreatedDate], [a].[Currency], [a].[DateFormat], [a].[Email], [a].[EmailConfirmed], [a].[FirstName], [a].[LastName], [a].[LockoutEnabled], [a].[LockoutEnd], [a].[NormalizedEmail], [a].[NormalizedUserName], [a].[PasswordHash], [a].[PhoneNumber], [a].[PhoneNumberConfirmed], [a].[SecurityStamp], [a].[Theme], [a].[TwoFactorEnabled], [a].[UserName]
FROM [AspNetUsers] AS [a]
WHERE [a].[Id] = @p
2026-08-31 17:50:32.304 +05:30 [INF] Executed DbCommand (3ms) [Parameters=[@user_Id='?' (Size = 450)], CommandType='"Text"', CommandTimeout='30']
SELECT COUNT(*)
FROM [Transactions] AS [t]
WHERE [t].[UserId] = @user_Id
2026-08-31 17:50:32.307 +05:30 [INF] Executing ViewResult, running view Index.
2026-08-31 17:50:32.371 +05:30 [INF] Executed ViewResult - view Index executed in 64.9346ms.
2026-08-31 17:50:32.371 +05:30 [INF] Executed action MyDailyExpenseTracker.Controllers.ProfileController.Index (MyDailyExpenseTracker) in 92.243ms
2026-08-31 17:50:32.372 +05:30 [INF] Executed endpoint 'MyDailyExpenseTracker.Controllers.ProfileController.Index (MyDailyExpenseTracker)'
2026-08-31 17:50:32.372 +05:30 [INF] Request finished HTTP/1.1 GET http://localhost:5172/Profile - 200 null text/html; charset=utf-8 104.3529ms
2026-08-31 17:50:33.872 +05:30 [INF] Request starting HTTP/1.1 GET http://localhost:5172/ - null null
2026-08-31 17:50:33.873 +05:30 [INF] Executing endpoint 'MyDailyExpenseTracker.Controllers.DashboardController.Index (MyDailyExpenseTracker)'
2026-08-31 17:50:33.874 +05:30 [INF] Route matched with {action = "Index", controller = "Dashboard"}. Executing controller action with signature System.Threading.Tasks.Task`1[Microsoft.AspNetCore.Mvc.IActionResult] Index() on controller MyDailyExpenseTracker.Controllers.DashboardController (MyDailyExpenseTracker).
2026-08-31 17:50:33.885 +05:30 [INF] Executed DbCommand (6ms) [Parameters=[@userId='?' (Size = 450), @today='?' (DbType = DateTime2), @today2='?' (DbType = DateTime2)], CommandType='"Text"', CommandTimeout='30']
SELECT [r].[RecurringExpenseId], [r].[Amount], [r].[CategoryId], [r].[CreatedDate], [r].[EndDate], [r].[Frequency], [r].[IsActive], [r].[LastGeneratedDate], [r].[Name], [r].[Notes], [r].[PaymentMethodId], [r].[StartDate], [r].[Type], [r].[UserId]
FROM [RecurringExpenses] AS [r]
WHERE [r].[UserId] = @userId AND [r].[IsActive] = CAST(1 AS bit) AND [r].[StartDate] <= @today AND ([r].[EndDate] IS NULL OR [r].[EndDate] >= @today2)
2026-08-31 17:50:33.906 +05:30 [INF] Executed DbCommand (19ms) [Parameters=[@userId='?' (Size = 450), @today_Month='?' (DbType = Int32), @today_Year='?' (DbType = Int32)], CommandType='"Text"', CommandTimeout='30']
SELECT [b1].[BudgetId], [b1].[CreatedDate], [b1].[Month], [b1].[Notes], [b1].[TotalBudget], [b1].[UpdatedDate], [b1].[UserId], [b1].[Year], [s].[BudgetCategoryId], [s].[Amount], [s].[BudgetId], [s].[CategoryId], [s].[CategoryId0], [s].[Color], [s].[CreatedDate], [s].[Icon], [s].[IsActive], [s].[IsDefault], [s].[Name], [s].[Type], [s].[UserId]
FROM (
    SELECT TOP(1) [b].[BudgetId], [b].[CreatedDate], [b].[Month], [b].[Notes], [b].[TotalBudget], [b].[UpdatedDate], [b].[UserId], [b].[Year]
    FROM [Budgets] AS [b]
    WHERE [b].[UserId] = @userId AND [b].[Month] = @today_Month AND [b].[Year] = @today_Year
) AS [b1]
LEFT JOIN (
    SELECT [b0].[BudgetCategoryId], [b0].[Amount], [b0].[BudgetId], [b0].[CategoryId], [c].[CategoryId] AS [CategoryId0], [c].[Color], [c].[CreatedDate], [c].[Icon], [c].[IsActive], [c].[IsDefault], [c].[Name], [c].[Type], [c].[UserId]
    FROM [BudgetCategories] AS [b0]
    INNER JOIN [Categories] AS [c] ON [b0].[CategoryId] = [c].[CategoryId]
) AS [s] ON [b1].[BudgetId] = [s].[BudgetId]
ORDER BY [b1].[BudgetId], [s].[BudgetCategoryId]
2026-08-31 17:50:33.918 +05:30 [INF] Executed DbCommand (11ms) [Parameters=[@userId='?' (Size = 450), @today='?' (DbType = DateTime2)], CommandType='"Text"', CommandTimeout='30']
SELECT [t].[Type], COALESCE(SUM([t].[Amount]), 0.0) AS [Total]
FROM [Transactions] AS [t]
WHERE [t].[UserId] = @userId AND CONVERT(date, [t].[TransactionDate]) = @today
GROUP BY [t].[Type]
2026-08-31 17:50:33.929 +05:30 [INF] Executed DbCommand (9ms) [Parameters=[@userId='?' (Size = 450), @monthStart='?' (DbType = DateTime2), @today='?' (DbType = DateTime2)], CommandType='"Text"', CommandTimeout='30']
SELECT [t].[Type], COALESCE(SUM([t].[Amount]), 0.0) AS [Total]
FROM [Transactions] AS [t]
WHERE [t].[UserId] = @userId AND [t].[TransactionDate] >= @monthStart AND [t].[TransactionDate] <= @today
GROUP BY [t].[Type]
2026-08-31 17:50:33.937 +05:30 [INF] Executed DbCommand (7ms) [Parameters=[@userId='?' (Size = 450)], CommandType='"Text"', CommandTimeout='30']
SELECT COALESCE(SUM([t].[Amount]), 0.0)
FROM [Transactions] AS [t]
WHERE [t].[UserId] = @userId AND [t].[Type] = N'Income'
2026-08-31 17:50:33.946 +05:30 [INF] Executed DbCommand (8ms) [Parameters=[@userId='?' (Size = 450)], CommandType='"Text"', CommandTimeout='30']
SELECT COALESCE(SUM([t].[Amount]), 0.0)
FROM [Transactions] AS [t]
WHERE [t].[UserId] = @userId AND [t].[Type] = N'Expense'
2026-08-31 17:50:33.950 +05:30 [INF] Executed DbCommand (3ms) [Parameters=[@userId='?' (Size = 450)], CommandType='"Text"', CommandTimeout='30']
SELECT COUNT(*)
FROM [Transactions] AS [t]
WHERE [t].[UserId] = @userId
2026-08-31 17:50:33.960 +05:30 [INF] Executed DbCommand (9ms) [Parameters=[@userId='?' (Size = 450), @prevStart='?' (DbType = DateTime2), @prevEnd='?' (DbType = DateTime2)], CommandType='"Text"', CommandTimeout='30']
SELECT COALESCE(SUM([t].[Amount]), 0.0)
FROM [Transactions] AS [t]
WHERE [t].[UserId] = @userId AND [t].[Type] = N'Expense' AND [t].[TransactionDate] >= @prevStart AND [t].[TransactionDate] <= @prevEnd
2026-08-31 17:50:33.975 +05:30 [INF] Executed DbCommand (13ms) [Parameters=[@p='?' (DbType = Int32), @userId='?' (Size = 450)], CommandType='"Text"', CommandTimeout='30']
SELECT [t0].[TransactionId], [t0].[TransactionDate], [t0].[Description], [c].[Name] AS [CategoryName], [c].[Icon] AS [CategoryIcon], [c].[Color] AS [CategoryColor], [t0].[Type], [t0].[Amount], [p].[Name] AS [PaymentMethodName]
FROM (
    SELECT TOP(@p) [t].[TransactionId], [t].[Amount], [t].[CategoryId], [t].[CreatedDate], [t].[Description], [t].[PaymentMethodId], [t].[TransactionDate], [t].[Type]
    FROM [Transactions] AS [t]
    WHERE [t].[UserId] = @userId
    ORDER BY [t].[TransactionDate] DESC, [t].[CreatedDate] DESC
) AS [t0]
INNER JOIN [Categories] AS [c] ON [t0].[CategoryId] = [c].[CategoryId]
LEFT JOIN [PaymentMethods] AS [p] ON [t0].[PaymentMethodId] = [p].[PaymentMethodId]
ORDER BY [t0].[TransactionDate] DESC, [t0].[CreatedDate] DESC
2026-08-31 17:50:33.989 +05:30 [INF] Executed DbCommand (13ms) [Parameters=[@userId='?' (Size = 450), @sixMonthsAgo='?' (DbType = DateTime2)], CommandType='"Text"', CommandTimeout='30']
SELECT [t0].[Year], [t0].[Month], COALESCE(SUM([t0].[Amount]), 0.0) AS [Total]
FROM (
    SELECT [t].[Amount], DATEPART(year, [t].[TransactionDate]) AS [Year], DATEPART(month, [t].[TransactionDate]) AS [Month]
    FROM [Transactions] AS [t]
    WHERE [t].[UserId] = @userId AND [t].[Type] = N'Expense' AND [t].[TransactionDate] >= @sixMonthsAgo
) AS [t0]
GROUP BY [t0].[Year], [t0].[Month]
2026-08-31 17:50:34.001 +05:30 [INF] Executed DbCommand (10ms) [Parameters=[@userId='?' (Size = 450), @sixMonthsAgo='?' (DbType = DateTime2)], CommandType='"Text"', CommandTimeout='30']
SELECT [t0].[Year], [t0].[Month], [t0].[Type], COALESCE(SUM([t0].[Amount]), 0.0) AS [Total]
FROM (
    SELECT [t].[Amount], [t].[Type], DATEPART(year, [t].[TransactionDate]) AS [Year], DATEPART(month, [t].[TransactionDate]) AS [Month]
    FROM [Transactions] AS [t]
    WHERE [t].[UserId] = @userId AND [t].[TransactionDate] >= @sixMonthsAgo
) AS [t0]
GROUP BY [t0].[Year], [t0].[Month], [t0].[Type]
2026-08-31 17:50:34.020 +05:30 [INF] Executed DbCommand (18ms) [Parameters=[@p='?' (DbType = Int32), @userId='?' (Size = 450), @monthStart='?' (DbType = DateTime2), @today='?' (DbType = DateTime2)], CommandType='"Text"', CommandTimeout='30']
SELECT TOP(@p) [c].[Name] AS [Category], COALESCE(SUM([t].[Amount]), 0.0) AS [Total]
FROM [Transactions] AS [t]
INNER JOIN [Categories] AS [c] ON [t].[CategoryId] = [c].[CategoryId]
WHERE [t].[UserId] = @userId AND [t].[Type] = N'Expense' AND [t].[TransactionDate] >= @monthStart AND [t].[TransactionDate] <= @today
GROUP BY [c].[Name]
ORDER BY COALESCE(SUM([t].[Amount]), 0.0) DESC
2026-08-31 17:50:34.036 +05:30 [INF] Executed DbCommand (14ms) [Parameters=[@userId='?' (Size = 450), @monthStart='?' (DbType = DateTime2), @today='?' (DbType = DateTime2)], CommandType='"Text"', CommandTimeout='30']
SELECT [t0].[Key] AS [Day], COALESCE(SUM([t0].[Amount]), 0.0) AS [Total]
FROM (
    SELECT [t].[Amount], DATEPART(day, [t].[TransactionDate]) AS [Key]
    FROM [Transactions] AS [t]
    WHERE [t].[UserId] = @userId AND [t].[Type] = N'Expense' AND [t].[TransactionDate] >= @monthStart AND [t].[TransactionDate] <= @today
) AS [t0]
GROUP BY [t0].[Key]
2026-08-31 17:50:34.052 +05:30 [INF] Executed DbCommand (14ms) [Parameters=[@userId='?' (Size = 450), @monthStart='?' (DbType = DateTime2), @today='?' (DbType = DateTime2)], CommandType='"Text"', CommandTimeout='30']
SELECT [p].[Name] AS [Method], COALESCE(SUM([t].[Amount]), 0.0) AS [Total]
FROM [Transactions] AS [t]
LEFT JOIN [PaymentMethods] AS [p] ON [t].[PaymentMethodId] = [p].[PaymentMethodId]
WHERE [t].[UserId] = @userId AND [t].[Type] = N'Expense' AND [t].[TransactionDate] >= @monthStart AND [t].[TransactionDate] <= @today AND [t].[PaymentMethodId] IS NOT NULL
GROUP BY [p].[Name]
2026-08-31 17:50:34.058 +05:30 [INF] Executed DbCommand (6ms) [Parameters=[@userId='?' (Size = 450), @today_Month='?' (DbType = Int32), @today_Year='?' (DbType = Int32)], CommandType='"Text"', CommandTimeout='30']
SELECT TOP(1) [b].[BudgetId], [b].[CreatedDate], [b].[Month], [b].[Notes], [b].[TotalBudget], [b].[UpdatedDate], [b].[UserId], [b].[Year]
FROM [Budgets] AS [b]
WHERE [b].[UserId] = @userId AND [b].[Month] = @today_Month AND [b].[Year] = @today_Year
2026-08-31 17:50:34.066 +05:30 [INF] Executed DbCommand (7ms) [Parameters=[@userId='?' (Size = 450)], CommandType='"Text"', CommandTimeout='30']
SELECT COUNT(*)
FROM [Notifications] AS [n]
WHERE [n].[UserId] = @userId AND [n].[IsRead] = CAST(0 AS bit)
2026-08-31 17:50:34.067 +05:30 [INF] Executing ViewResult, running view Index.
2026-08-31 17:50:34.076 +05:30 [INF] Executed DbCommand (6ms) [Parameters=[@p='?' (Size = 450)], CommandType='"Text"', CommandTimeout='30']
SELECT TOP(1) [a].[Id], [a].[AccessFailedCount], [a].[ConcurrencyStamp], [a].[CreatedDate], [a].[Currency], [a].[DateFormat], [a].[Email], [a].[EmailConfirmed], [a].[FirstName], [a].[LastName], [a].[LockoutEnabled], [a].[LockoutEnd], [a].[NormalizedEmail], [a].[NormalizedUserName], [a].[PasswordHash], [a].[PhoneNumber], [a].[PhoneNumberConfirmed], [a].[SecurityStamp], [a].[Theme], [a].[TwoFactorEnabled], [a].[UserName]
FROM [AspNetUsers] AS [a]
WHERE [a].[Id] = @p
2026-08-31 17:50:34.078 +05:30 [INF] Executed ViewResult - view Index executed in 11.6668ms.
2026-08-31 17:50:34.079 +05:30 [INF] Executed action MyDailyExpenseTracker.Controllers.DashboardController.Index (MyDailyExpenseTracker) in 205.4143ms
2026-08-31 17:50:34.079 +05:30 [INF] Executed endpoint 'MyDailyExpenseTracker.Controllers.DashboardController.Index (MyDailyExpenseTracker)'
2026-08-31 17:50:34.080 +05:30 [INF] Request finished HTTP/1.1 GET http://localhost:5172/ - 200 null text/html; charset=utf-8 207.7701ms
2026-08-31 17:51:50.252 +05:30 [INF] Request starting HTTP/1.1 POST http://localhost:5172/Profile/SetTheme - application/x-www-form-urlencoded 11
2026-08-31 17:51:50.254 +05:30 [INF] Executing endpoint 'MyDailyExpenseTracker.Controllers.ProfileController.SetTheme (MyDailyExpenseTracker)'
2026-08-31 17:51:50.254 +05:30 [INF] Route matched with {action = "SetTheme", controller = "Profile"}. Executing controller action with signature System.Threading.Tasks.Task`1[Microsoft.AspNetCore.Mvc.IActionResult] SetTheme(System.String) on controller MyDailyExpenseTracker.Controllers.ProfileController (MyDailyExpenseTracker).
2026-08-31 17:51:50.260 +05:30 [INF] Executed DbCommand (4ms) [Parameters=[@p='?' (Size = 450)], CommandType='"Text"', CommandTimeout='30']
SELECT TOP(1) [a].[Id], [a].[AccessFailedCount], [a].[ConcurrencyStamp], [a].[CreatedDate], [a].[Currency], [a].[DateFormat], [a].[Email], [a].[EmailConfirmed], [a].[FirstName], [a].[LastName], [a].[LockoutEnabled], [a].[LockoutEnd], [a].[NormalizedEmail], [a].[NormalizedUserName], [a].[PasswordHash], [a].[PhoneNumber], [a].[PhoneNumberConfirmed], [a].[SecurityStamp], [a].[Theme], [a].[TwoFactorEnabled], [a].[UserName]
FROM [AspNetUsers] AS [a]
WHERE [a].[Id] = @p
2026-08-31 17:51:50.264 +05:30 [INF] Executed DbCommand (3ms) [Parameters=[@normalizedUserName='?' (Size = 256)], CommandType='"Text"', CommandTimeout='30']
SELECT TOP(1) [a].[Id], [a].[AccessFailedCount], [a].[ConcurrencyStamp], [a].[CreatedDate], [a].[Currency], [a].[DateFormat], [a].[Email], [a].[EmailConfirmed], [a].[FirstName], [a].[LastName], [a].[LockoutEnabled], [a].[LockoutEnd], [a].[NormalizedEmail], [a].[NormalizedUserName], [a].[PasswordHash], [a].[PhoneNumber], [a].[PhoneNumberConfirmed], [a].[SecurityStamp], [a].[Theme], [a].[TwoFactorEnabled], [a].[UserName]
FROM [AspNetUsers] AS [a]
WHERE [a].[NormalizedUserName] = @normalizedUserName
2026-08-31 17:51:50.268 +05:30 [INF] Executed DbCommand (3ms) [Parameters=[@normalizedEmail='?' (Size = 256)], CommandType='"Text"', CommandTimeout='30']
SELECT TOP(2) [a].[Id], [a].[AccessFailedCount], [a].[ConcurrencyStamp], [a].[CreatedDate], [a].[Currency], [a].[DateFormat], [a].[Email], [a].[EmailConfirmed], [a].[FirstName], [a].[LastName], [a].[LockoutEnabled], [a].[LockoutEnd], [a].[NormalizedEmail], [a].[NormalizedUserName], [a].[PasswordHash], [a].[PhoneNumber], [a].[PhoneNumberConfirmed], [a].[SecurityStamp], [a].[Theme], [a].[TwoFactorEnabled], [a].[UserName]
FROM [AspNetUsers] AS [a]
WHERE [a].[NormalizedEmail] = @normalizedEmail
2026-08-31 17:51:50.276 +05:30 [INF] Executed DbCommand (7ms) [Parameters=[@p20='?' (Size = 450), @p0='?' (DbType = Int32), @p1='?' (Size = 4000), @p21='?' (Size = 4000), @p2='?' (DbType = DateTime2), @p3='?' (Size = 10), @p4='?' (Size = 20), @p5='?' (Size = 256), @p6='?' (DbType = Boolean), @p7='?' (Size = 100), @p8='?' (Size = 100), @p9='?' (DbType = Boolean), @p10='?' (DbType = DateTimeOffset), @p11='?' (Size = 256), @p12='?' (Size = 256), @p13='?' (Size = 4000), @p14='?' (Size = 4000), @p15='?' (DbType = Boolean), @p16='?' (Size = 4000), @p17='?' (Size = 10), @p18='?' (DbType = Boolean), @p19='?' (Size = 256)], CommandType='"Text"', CommandTimeout='30']
SET IMPLICIT_TRANSACTIONS OFF;
SET NOCOUNT ON;
UPDATE [AspNetUsers] SET [AccessFailedCount] = @p0, [ConcurrencyStamp] = @p1, [CreatedDate] = @p2, [Currency] = @p3, [DateFormat] = @p4, [Email] = @p5, [EmailConfirmed] = @p6, [FirstName] = @p7, [LastName] = @p8, [LockoutEnabled] = @p9, [LockoutEnd] = @p10, [NormalizedEmail] = @p11, [NormalizedUserName] = @p12, [PasswordHash] = @p13, [PhoneNumber] = @p14, [PhoneNumberConfirmed] = @p15, [SecurityStamp] = @p16, [Theme] = @p17, [TwoFactorEnabled] = @p18, [UserName] = @p19
OUTPUT 1
WHERE [Id] = @p20 AND [ConcurrencyStamp] = @p21;
2026-08-31 17:51:50.277 +05:30 [INF] Executing StatusCodeResult, setting HTTP status code 200
2026-08-31 17:51:50.277 +05:30 [INF] Executed action MyDailyExpenseTracker.Controllers.ProfileController.SetTheme (MyDailyExpenseTracker) in 23.0301ms
2026-08-31 17:51:50.277 +05:30 [INF] Executed endpoint 'MyDailyExpenseTracker.Controllers.ProfileController.SetTheme (MyDailyExpenseTracker)'
2026-08-31 17:51:50.277 +05:30 [INF] Request finished HTTP/1.1 POST http://localhost:5172/Profile/SetTheme - 200 0 null 25.2981ms
2026-08-31 17:51:52.052 +05:30 [INF] Request starting HTTP/1.1 POST http://localhost:5172/Profile/SetTheme - application/x-www-form-urlencoded 10
2026-08-31 17:51:52.053 +05:30 [INF] Executing endpoint 'MyDailyExpenseTracker.Controllers.ProfileController.SetTheme (MyDailyExpenseTracker)'
2026-08-31 17:51:52.053 +05:30 [INF] Route matched with {action = "SetTheme", controller = "Profile"}. Executing controller action with signature System.Threading.Tasks.Task`1[Microsoft.AspNetCore.Mvc.IActionResult] SetTheme(System.String) on controller MyDailyExpenseTracker.Controllers.ProfileController (MyDailyExpenseTracker).
2026-08-31 17:51:52.058 +05:30 [INF] Executed DbCommand (4ms) [Parameters=[@p='?' (Size = 450)], CommandType='"Text"', CommandTimeout='30']
SELECT TOP(1) [a].[Id], [a].[AccessFailedCount], [a].[ConcurrencyStamp], [a].[CreatedDate], [a].[Currency], [a].[DateFormat], [a].[Email], [a].[EmailConfirmed], [a].[FirstName], [a].[LastName], [a].[LockoutEnabled], [a].[LockoutEnd], [a].[NormalizedEmail], [a].[NormalizedUserName], [a].[PasswordHash], [a].[PhoneNumber], [a].[PhoneNumberConfirmed], [a].[SecurityStamp], [a].[Theme], [a].[TwoFactorEnabled], [a].[UserName]
FROM [AspNetUsers] AS [a]
WHERE [a].[Id] = @p
2026-08-31 17:51:52.063 +05:30 [INF] Executed DbCommand (4ms) [Parameters=[@normalizedUserName='?' (Size = 256)], CommandType='"Text"', CommandTimeout='30']
SELECT TOP(1) [a].[Id], [a].[AccessFailedCount], [a].[ConcurrencyStamp], [a].[CreatedDate], [a].[Currency], [a].[DateFormat], [a].[Email], [a].[EmailConfirmed], [a].[FirstName], [a].[LastName], [a].[LockoutEnabled], [a].[LockoutEnd], [a].[NormalizedEmail], [a].[NormalizedUserName], [a].[PasswordHash], [a].[PhoneNumber], [a].[PhoneNumberConfirmed], [a].[SecurityStamp], [a].[Theme], [a].[TwoFactorEnabled], [a].[UserName]
FROM [AspNetUsers] AS [a]
WHERE [a].[NormalizedUserName] = @normalizedUserName
2026-08-31 17:51:52.069 +05:30 [INF] Executed DbCommand (5ms) [Parameters=[@normalizedEmail='?' (Size = 256)], CommandType='"Text"', CommandTimeout='30']
SELECT TOP(2) [a].[Id], [a].[AccessFailedCount], [a].[ConcurrencyStamp], [a].[CreatedDate], [a].[Currency], [a].[DateFormat], [a].[Email], [a].[EmailConfirmed], [a].[FirstName], [a].[LastName], [a].[LockoutEnabled], [a].[LockoutEnd], [a].[NormalizedEmail], [a].[NormalizedUserName], [a].[PasswordHash], [a].[PhoneNumber], [a].[PhoneNumberConfirmed], [a].[SecurityStamp], [a].[Theme], [a].[TwoFactorEnabled], [a].[UserName]
FROM [AspNetUsers] AS [a]
WHERE [a].[NormalizedEmail] = @normalizedEmail
2026-08-31 17:51:52.086 +05:30 [INF] Executed DbCommand (14ms) [Parameters=[@p20='?' (Size = 450), @p0='?' (DbType = Int32), @p1='?' (Size = 4000), @p21='?' (Size = 4000), @p2='?' (DbType = DateTime2), @p3='?' (Size = 10), @p4='?' (Size = 20), @p5='?' (Size = 256), @p6='?' (DbType = Boolean), @p7='?' (Size = 100), @p8='?' (Size = 100), @p9='?' (DbType = Boolean), @p10='?' (DbType = DateTimeOffset), @p11='?' (Size = 256), @p12='?' (Size = 256), @p13='?' (Size = 4000), @p14='?' (Size = 4000), @p15='?' (DbType = Boolean), @p16='?' (Size = 4000), @p17='?' (Size = 10), @p18='?' (DbType = Boolean), @p19='?' (Size = 256)], CommandType='"Text"', CommandTimeout='30']
SET IMPLICIT_TRANSACTIONS OFF;
SET NOCOUNT ON;
UPDATE [AspNetUsers] SET [AccessFailedCount] = @p0, [ConcurrencyStamp] = @p1, [CreatedDate] = @p2, [Currency] = @p3, [DateFormat] = @p4, [Email] = @p5, [EmailConfirmed] = @p6, [FirstName] = @p7, [LastName] = @p8, [LockoutEnabled] = @p9, [LockoutEnd] = @p10, [NormalizedEmail] = @p11, [NormalizedUserName] = @p12, [PasswordHash] = @p13, [PhoneNumber] = @p14, [PhoneNumberConfirmed] = @p15, [SecurityStamp] = @p16, [Theme] = @p17, [TwoFactorEnabled] = @p18, [UserName] = @p19
OUTPUT 1
WHERE [Id] = @p20 AND [ConcurrencyStamp] = @p21;
2026-08-31 17:51:52.087 +05:30 [INF] Executing StatusCodeResult, setting HTTP status code 200
2026-08-31 17:51:52.087 +05:30 [INF] Executed action MyDailyExpenseTracker.Controllers.ProfileController.SetTheme (MyDailyExpenseTracker) in 33.9976ms
2026-08-31 17:51:52.087 +05:30 [INF] Executed endpoint 'MyDailyExpenseTracker.Controllers.ProfileController.SetTheme (MyDailyExpenseTracker)'
2026-08-31 17:51:52.087 +05:30 [INF] Request finished HTTP/1.1 POST http://localhost:5172/Profile/SetTheme - 200 0 null 35.6084ms
2026-08-31 17:51:56.100 +05:30 [INF] Request starting HTTP/1.1 GET http://localhost:5172/Transactions - null null
2026-08-31 17:51:56.102 +05:30 [INF] Executing endpoint 'MyDailyExpenseTracker.Controllers.TransactionsController.Index (MyDailyExpenseTracker)'
2026-08-31 17:51:56.102 +05:30 [INF] Route matched with {action = "Index", controller = "Transactions"}. Executing controller action with signature System.Threading.Tasks.Task`1[Microsoft.AspNetCore.Mvc.IActionResult] Index(MyDailyExpenseTracker.ViewModels.TransactionFilterViewModel) on controller MyDailyExpenseTracker.Controllers.TransactionsController (MyDailyExpenseTracker).
2026-08-31 17:51:56.107 +05:30 [INF] Executed DbCommand (3ms) [Parameters=[@userId='?' (Size = 450)], CommandType='"Text"', CommandTimeout='30']
SELECT [t].[Type], [t].[Amount]
FROM [Transactions] AS [t]
WHERE [t].[UserId] = @userId
2026-08-31 17:51:56.116 +05:30 [INF] Executed DbCommand (6ms) [Parameters=[@userId='?' (Size = 450), @p='?' (DbType = Int32), @p2='?' (DbType = Int32)], CommandType='"Text"', CommandTimeout='30']
SELECT [t0].[TransactionId], [t0].[TransactionDate], [t0].[Description], [c].[Name] AS [CategoryName], [c].[Icon] AS [CategoryIcon], [c].[Color] AS [CategoryColor], [t0].[Type], [t0].[Amount], [p].[Name] AS [PaymentMethodName]
FROM (
    SELECT [t].[TransactionId], [t].[Amount], [t].[CategoryId], [t].[CreatedDate], [t].[Description], [t].[PaymentMethodId], [t].[TransactionDate], [t].[Type]
    FROM [Transactions] AS [t]
    WHERE [t].[UserId] = @userId
    ORDER BY [t].[TransactionDate] DESC, [t].[CreatedDate] DESC
    OFFSET @p ROWS FETCH NEXT @p2 ROWS ONLY
) AS [t0]
INNER JOIN [Categories] AS [c] ON [t0].[CategoryId] = [c].[CategoryId]
LEFT JOIN [PaymentMethods] AS [p] ON [t0].[PaymentMethodId] = [p].[PaymentMethodId]
ORDER BY [t0].[TransactionDate] DESC, [t0].[CreatedDate] DESC
2026-08-31 17:51:56.122 +05:30 [INF] Executed DbCommand (5ms) [Parameters=[@userId='?' (Size = 450)], CommandType='"Text"', CommandTimeout='30']
SELECT CONVERT(varchar(11), [c].[CategoryId]) AS [Value], [c].[Name] AS [Text]
FROM [Categories] AS [c]
WHERE [c].[IsActive] = CAST(1 AS bit) AND ([c].[UserId] = @userId OR [c].[UserId] IS NULL)
ORDER BY [c].[Name]
2026-08-31 17:51:56.129 +05:30 [INF] Executed DbCommand (6ms) [Parameters=[@userId='?' (Size = 450)], CommandType='"Text"', CommandTimeout='30']
SELECT CONVERT(varchar(11), [p].[PaymentMethodId]) AS [Value], [p].[Name] AS [Text]
FROM [PaymentMethods] AS [p]
WHERE [p].[IsActive] = CAST(1 AS bit) AND ([p].[UserId] = @userId OR [p].[UserId] IS NULL)
ORDER BY [p].[Name]
2026-08-31 17:51:56.129 +05:30 [INF] Executing ViewResult, running view Index.
2026-08-31 17:51:56.135 +05:30 [INF] Executed DbCommand (3ms) [Parameters=[@p='?' (Size = 450)], CommandType='"Text"', CommandTimeout='30']
SELECT TOP(1) [a].[Id], [a].[AccessFailedCount], [a].[ConcurrencyStamp], [a].[CreatedDate], [a].[Currency], [a].[DateFormat], [a].[Email], [a].[EmailConfirmed], [a].[FirstName], [a].[LastName], [a].[LockoutEnabled], [a].[LockoutEnd], [a].[NormalizedEmail], [a].[NormalizedUserName], [a].[PasswordHash], [a].[PhoneNumber], [a].[PhoneNumberConfirmed], [a].[SecurityStamp], [a].[Theme], [a].[TwoFactorEnabled], [a].[UserName]
FROM [AspNetUsers] AS [a]
WHERE [a].[Id] = @p
2026-08-31 17:51:56.136 +05:30 [INF] Executed ViewResult - view Index executed in 6.8289ms.
2026-08-31 17:51:56.136 +05:30 [INF] Executed action MyDailyExpenseTracker.Controllers.TransactionsController.Index (MyDailyExpenseTracker) in 34.5346ms
2026-08-31 17:51:56.136 +05:30 [INF] Executed endpoint 'MyDailyExpenseTracker.Controllers.TransactionsController.Index (MyDailyExpenseTracker)'
2026-08-31 17:51:56.137 +05:30 [INF] Request finished HTTP/1.1 GET http://localhost:5172/Transactions - 200 null text/html; charset=utf-8 36.2539ms
2026-08-31 17:52:04.162 +05:30 [INF] Request starting HTTP/1.1 GET http://localhost:5172/Categories - null null
2026-08-31 17:52:04.163 +05:30 [INF] Executing endpoint 'MyDailyExpenseTracker.Controllers.CategoriesController.Index (MyDailyExpenseTracker)'
2026-08-31 17:52:04.163 +05:30 [INF] Route matched with {action = "Index", controller = "Categories"}. Executing controller action with signature System.Threading.Tasks.Task`1[Microsoft.AspNetCore.Mvc.IActionResult] Index() on controller MyDailyExpenseTracker.Controllers.CategoriesController (MyDailyExpenseTracker).
2026-08-31 17:52:04.171 +05:30 [INF] Executed DbCommand (6ms) [Parameters=[@userId='?' (Size = 450)], CommandType='"Text"', CommandTimeout='30']
SELECT [t].[CategoryId], COUNT(*) AS [Count]
FROM [Transactions] AS [t]
WHERE [t].[UserId] = @userId
GROUP BY [t].[CategoryId]
2026-08-31 17:52:04.176 +05:30 [INF] Executed DbCommand (4ms) [Parameters=[@userId='?' (Size = 450)], CommandType='"Text"', CommandTimeout='30']
SELECT [c].[CategoryId], [c].[Name], [c].[Icon], [c].[Color], [c].[Type], [c].[IsDefault]
FROM [Categories] AS [c]
WHERE [c].[IsActive] = CAST(1 AS bit) AND ([c].[UserId] = @userId OR [c].[UserId] IS NULL)
ORDER BY [c].[Type], [c].[Name]
2026-08-31 17:52:04.177 +05:30 [INF] Executing ViewResult, running view Index.
2026-08-31 17:52:04.182 +05:30 [INF] Executed DbCommand (3ms) [Parameters=[@p='?' (Size = 450)], CommandType='"Text"', CommandTimeout='30']
SELECT TOP(1) [a].[Id], [a].[AccessFailedCount], [a].[ConcurrencyStamp], [a].[CreatedDate], [a].[Currency], [a].[DateFormat], [a].[Email], [a].[EmailConfirmed], [a].[FirstName], [a].[LastName], [a].[LockoutEnabled], [a].[LockoutEnd], [a].[NormalizedEmail], [a].[NormalizedUserName], [a].[PasswordHash], [a].[PhoneNumber], [a].[PhoneNumberConfirmed], [a].[SecurityStamp], [a].[Theme], [a].[TwoFactorEnabled], [a].[UserName]
FROM [AspNetUsers] AS [a]
WHERE [a].[Id] = @p
2026-08-31 17:52:04.184 +05:30 [INF] Executed ViewResult - view Index executed in 6.8493ms.
2026-08-31 17:52:04.184 +05:30 [INF] Executed action MyDailyExpenseTracker.Controllers.CategoriesController.Index (MyDailyExpenseTracker) in 20.3879ms
2026-08-31 17:52:04.184 +05:30 [INF] Executed endpoint 'MyDailyExpenseTracker.Controllers.CategoriesController.Index (MyDailyExpenseTracker)'
2026-08-31 17:52:04.184 +05:30 [INF] Request finished HTTP/1.1 GET http://localhost:5172/Categories - 200 null text/html; charset=utf-8 21.6973ms
2026-08-31 17:52:11.450 +05:30 [INF] Request starting HTTP/1.1 GET http://localhost:5172/PaymentMethods - null null
2026-08-31 17:52:11.451 +05:30 [INF] Executing endpoint 'MyDailyExpenseTracker.Controllers.PaymentMethodsController.Index (MyDailyExpenseTracker)'
2026-08-31 17:52:11.451 +05:30 [INF] Route matched with {action = "Index", controller = "PaymentMethods"}. Executing controller action with signature System.Threading.Tasks.Task`1[Microsoft.AspNetCore.Mvc.IActionResult] Index() on controller MyDailyExpenseTracker.Controllers.PaymentMethodsController (MyDailyExpenseTracker).
2026-08-31 17:52:11.460 +05:30 [INF] Executed DbCommand (7ms) [Parameters=[@userId='?' (Size = 450)], CommandType='"Text"', CommandTimeout='30']
SELECT [t].[PaymentMethodId] AS [MethodId], COUNT(*) AS [Count]
FROM [Transactions] AS [t]
WHERE [t].[UserId] = @userId AND [t].[PaymentMethodId] IS NOT NULL
GROUP BY [t].[PaymentMethodId]
2026-08-31 17:52:11.466 +05:30 [INF] Executed DbCommand (4ms) [Parameters=[@userId='?' (Size = 450)], CommandType='"Text"', CommandTimeout='30']
SELECT [p].[PaymentMethodId], [p].[Name], [p].[Icon], [p].[IsDefault]
FROM [PaymentMethods] AS [p]
WHERE [p].[IsActive] = CAST(1 AS bit) AND ([p].[UserId] = @userId OR [p].[UserId] IS NULL)
ORDER BY [p].[Name]
2026-08-31 17:52:11.466 +05:30 [INF] Executing ViewResult, running view Index.
2026-08-31 17:52:11.472 +05:30 [INF] Executed DbCommand (4ms) [Parameters=[@p='?' (Size = 450)], CommandType='"Text"', CommandTimeout='30']
SELECT TOP(1) [a].[Id], [a].[AccessFailedCount], [a].[ConcurrencyStamp], [a].[CreatedDate], [a].[Currency], [a].[DateFormat], [a].[Email], [a].[EmailConfirmed], [a].[FirstName], [a].[LastName], [a].[LockoutEnabled], [a].[LockoutEnd], [a].[NormalizedEmail], [a].[NormalizedUserName], [a].[PasswordHash], [a].[PhoneNumber], [a].[PhoneNumberConfirmed], [a].[SecurityStamp], [a].[Theme], [a].[TwoFactorEnabled], [a].[UserName]
FROM [AspNetUsers] AS [a]
WHERE [a].[Id] = @p
2026-08-31 17:52:11.474 +05:30 [INF] Executed ViewResult - view Index executed in 7.3886ms.
2026-08-31 17:52:11.474 +05:30 [INF] Executed action MyDailyExpenseTracker.Controllers.PaymentMethodsController.Index (MyDailyExpenseTracker) in 22.2853ms
2026-08-31 17:52:11.474 +05:30 [INF] Executed endpoint 'MyDailyExpenseTracker.Controllers.PaymentMethodsController.Index (MyDailyExpenseTracker)'
2026-08-31 17:52:11.474 +05:30 [INF] Request finished HTTP/1.1 GET http://localhost:5172/PaymentMethods - 200 null text/html; charset=utf-8 23.5771ms
2026-08-31 17:52:15.395 +05:30 [INF] Request starting HTTP/1.1 GET http://localhost:5172/Budget - null null
2026-08-31 17:52:15.396 +05:30 [INF] Executing endpoint 'MyDailyExpenseTracker.Controllers.BudgetController.Index (MyDailyExpenseTracker)'
2026-08-31 17:52:15.397 +05:30 [INF] Route matched with {action = "Index", controller = "Budget"}. Executing controller action with signature System.Threading.Tasks.Task`1[Microsoft.AspNetCore.Mvc.IActionResult] Index(Int32, Int32) on controller MyDailyExpenseTracker.Controllers.BudgetController (MyDailyExpenseTracker).
2026-08-31 17:52:15.408 +05:30 [INF] Executed DbCommand (10ms) [Parameters=[@userId='?' (Size = 450), @month='?' (DbType = Int32), @year='?' (DbType = Int32)], CommandType='"Text"', CommandTimeout='30']
SELECT [b1].[BudgetId], [b1].[CreatedDate], [b1].[Month], [b1].[Notes], [b1].[TotalBudget], [b1].[UpdatedDate], [b1].[UserId], [b1].[Year], [s].[BudgetCategoryId], [s].[Amount], [s].[BudgetId], [s].[CategoryId], [s].[CategoryId0], [s].[Color], [s].[CreatedDate], [s].[Icon], [s].[IsActive], [s].[IsDefault], [s].[Name], [s].[Type], [s].[UserId]
FROM (
    SELECT TOP(1) [b].[BudgetId], [b].[CreatedDate], [b].[Month], [b].[Notes], [b].[TotalBudget], [b].[UpdatedDate], [b].[UserId], [b].[Year]
    FROM [Budgets] AS [b]
    WHERE [b].[UserId] = @userId AND [b].[Month] = @month AND [b].[Year] = @year
) AS [b1]
LEFT JOIN (
    SELECT [b0].[BudgetCategoryId], [b0].[Amount], [b0].[BudgetId], [b0].[CategoryId], [c].[CategoryId] AS [CategoryId0], [c].[Color], [c].[CreatedDate], [c].[Icon], [c].[IsActive], [c].[IsDefault], [c].[Name], [c].[Type], [c].[UserId]
    FROM [BudgetCategories] AS [b0]
    INNER JOIN [Categories] AS [c] ON [b0].[CategoryId] = [c].[CategoryId]
) AS [s] ON [b1].[BudgetId] = [s].[BudgetId]
ORDER BY [b1].[BudgetId], [s].[BudgetCategoryId]
2026-08-31 17:52:15.417 +05:30 [INF] Executed DbCommand (7ms) [Parameters=[@userId='?' (Size = 450)], CommandType='"Text"', CommandTimeout='30']
SELECT [t].[CategoryId], COUNT(*) AS [Count]
FROM [Transactions] AS [t]
WHERE [t].[UserId] = @userId
GROUP BY [t].[CategoryId]
2026-08-31 17:52:15.422 +05:30 [INF] Executed DbCommand (4ms) [Parameters=[@userId='?' (Size = 450)], CommandType='"Text"', CommandTimeout='30']
SELECT [c].[CategoryId], [c].[Name], [c].[Icon], [c].[Color], [c].[Type], [c].[IsDefault]
FROM [Categories] AS [c]
WHERE [c].[IsActive] = CAST(1 AS bit) AND ([c].[UserId] = @userId OR [c].[UserId] IS NULL)
ORDER BY [c].[Type], [c].[Name]
2026-08-31 17:52:15.428 +05:30 [INF] Executed DbCommand (5ms) [Parameters=[@userId='?' (Size = 450), @monthStart='?' (DbType = DateTime2), @monthEnd='?' (DbType = DateTime2)], CommandType='"Text"', CommandTimeout='30']
SELECT [t].[CategoryId], COALESCE(SUM([t].[Amount]), 0.0) AS [Total]
FROM [Transactions] AS [t]
WHERE [t].[UserId] = @userId AND [t].[Type] = N'Expense' AND [t].[TransactionDate] >= @monthStart AND [t].[TransactionDate] <= @monthEnd
GROUP BY [t].[CategoryId]
2026-08-31 17:52:15.429 +05:30 [INF] Executing ViewResult, running view Index.
2026-08-31 17:52:15.437 +05:30 [INF] Executed DbCommand (4ms) [Parameters=[@p='?' (Size = 450)], CommandType='"Text"', CommandTimeout='30']
SELECT TOP(1) [a].[Id], [a].[AccessFailedCount], [a].[ConcurrencyStamp], [a].[CreatedDate], [a].[Currency], [a].[DateFormat], [a].[Email], [a].[EmailConfirmed], [a].[FirstName], [a].[LastName], [a].[LockoutEnabled], [a].[LockoutEnd], [a].[NormalizedEmail], [a].[NormalizedUserName], [a].[PasswordHash], [a].[PhoneNumber], [a].[PhoneNumberConfirmed], [a].[SecurityStamp], [a].[Theme], [a].[TwoFactorEnabled], [a].[UserName]
FROM [AspNetUsers] AS [a]
WHERE [a].[Id] = @p
2026-08-31 17:52:15.438 +05:30 [INF] Executed ViewResult - view Index executed in 8.9981ms.
2026-08-31 17:52:15.438 +05:30 [INF] Executed action MyDailyExpenseTracker.Controllers.BudgetController.Index (MyDailyExpenseTracker) in 41.2218ms
2026-08-31 17:52:15.438 +05:30 [INF] Executed endpoint 'MyDailyExpenseTracker.Controllers.BudgetController.Index (MyDailyExpenseTracker)'
2026-08-31 17:52:15.438 +05:30 [INF] Request finished HTTP/1.1 GET http://localhost:5172/Budget - 200 null text/html; charset=utf-8 42.5785ms
2026-08-31 17:52:19.412 +05:30 [INF] Request starting HTTP/1.1 GET http://localhost:5172/RecurringExpenses - null null
2026-08-31 17:52:19.412 +05:30 [INF] Executing endpoint 'MyDailyExpenseTracker.Controllers.RecurringExpensesController.Index (MyDailyExpenseTracker)'
2026-08-31 17:52:19.413 +05:30 [INF] Route matched with {action = "Index", controller = "RecurringExpenses"}. Executing controller action with signature System.Threading.Tasks.Task`1[Microsoft.AspNetCore.Mvc.IActionResult] Index() on controller MyDailyExpenseTracker.Controllers.RecurringExpensesController (MyDailyExpenseTracker).
2026-08-31 17:52:19.422 +05:30 [INF] Executed DbCommand (8ms) [Parameters=[@userId='?' (Size = 450)], CommandType='"Text"', CommandTimeout='30']
SELECT [r].[RecurringExpenseId], [r].[Name], [r].[Amount], [r].[Type], [r].[CategoryId], [c].[Name] AS [CategoryName], [r].[PaymentMethodId], [p].[Name] AS [PaymentMethodName], [r].[Frequency], [r].[StartDate], [r].[EndDate], [r].[IsActive], [r].[LastGeneratedDate], [r].[Notes]
FROM [RecurringExpenses] AS [r]
INNER JOIN [Categories] AS [c] ON [r].[CategoryId] = [c].[CategoryId]
LEFT JOIN [PaymentMethods] AS [p] ON [r].[PaymentMethodId] = [p].[PaymentMethodId]
WHERE [r].[UserId] = @userId
ORDER BY [r].[Name]
2026-08-31 17:52:19.423 +05:30 [INF] Executing ViewResult, running view Index.
2026-08-31 17:52:19.429 +05:30 [INF] Executed DbCommand (4ms) [Parameters=[@p='?' (Size = 450)], CommandType='"Text"', CommandTimeout='30']
SELECT TOP(1) [a].[Id], [a].[AccessFailedCount], [a].[ConcurrencyStamp], [a].[CreatedDate], [a].[Currency], [a].[DateFormat], [a].[Email], [a].[EmailConfirmed], [a].[FirstName], [a].[LastName], [a].[LockoutEnabled], [a].[LockoutEnd], [a].[NormalizedEmail], [a].[NormalizedUserName], [a].[PasswordHash], [a].[PhoneNumber], [a].[PhoneNumberConfirmed], [a].[SecurityStamp], [a].[Theme], [a].[TwoFactorEnabled], [a].[UserName]
FROM [AspNetUsers] AS [a]
WHERE [a].[Id] = @p
2026-08-31 17:52:19.431 +05:30 [INF] Executed ViewResult - view Index executed in 8.1045ms.
2026-08-31 17:52:19.431 +05:30 [INF] Executed action MyDailyExpenseTracker.Controllers.RecurringExpensesController.Index (MyDailyExpenseTracker) in 18.5908ms
2026-08-31 17:52:19.431 +05:30 [INF] Executed endpoint 'MyDailyExpenseTracker.Controllers.RecurringExpensesController.Index (MyDailyExpenseTracker)'
2026-08-31 17:52:19.432 +05:30 [INF] Request finished HTTP/1.1 GET http://localhost:5172/RecurringExpenses - 200 null text/html; charset=utf-8 20.0611ms
2026-08-31 17:52:21.867 +05:30 [INF] Request starting HTTP/1.1 GET http://localhost:5172/Reports - null null
2026-08-31 17:52:21.868 +05:30 [INF] Executing endpoint 'MyDailyExpenseTracker.Controllers.ReportsController.Index (MyDailyExpenseTracker)'
2026-08-31 17:52:21.868 +05:30 [INF] Route matched with {action = "Index", controller = "Reports"}. Executing controller action with signature System.Threading.Tasks.Task`1[Microsoft.AspNetCore.Mvc.IActionResult] Index(Int32, Int32) on controller MyDailyExpenseTracker.Controllers.ReportsController (MyDailyExpenseTracker).
2026-08-31 17:52:21.878 +05:30 [INF] Executed DbCommand (8ms) [Parameters=[@userId='?' (Size = 450), @monthStart='?' (DbType = DateTime2), @monthEnd='?' (DbType = DateTime2)], CommandType='"Text"', CommandTimeout='30']
SELECT [t].[TransactionId], [t].[Amount], [t].[CategoryId], [t].[CreatedDate], [t].[Description], [t].[Notes], [t].[PaymentMethodId], [t].[RecurringExpenseId], [t].[TransactionDate], [t].[Type], [t].[UpdatedDate], [t].[UserId], [c].[CategoryId], [c].[Color], [c].[CreatedDate], [c].[Icon], [c].[IsActive], [c].[IsDefault], [c].[Name], [c].[Type], [c].[UserId], [p].[PaymentMethodId], [p].[CreatedDate], [p].[Icon], [p].[IsActive], [p].[IsDefault], [p].[Name], [p].[UserId]
FROM [Transactions] AS [t]
INNER JOIN [Categories] AS [c] ON [t].[CategoryId] = [c].[CategoryId]
LEFT JOIN [PaymentMethods] AS [p] ON [t].[PaymentMethodId] = [p].[PaymentMethodId]
WHERE [t].[UserId] = @userId AND [t].[TransactionDate] >= @monthStart AND [t].[TransactionDate] <= @monthEnd
2026-08-31 17:52:21.882 +05:30 [INF] Executed DbCommand (3ms) [Parameters=[@userId='?' (Size = 450)], CommandType='"Text"', CommandTimeout='30']
SELECT MIN([t].[TransactionDate])
FROM [Transactions] AS [t]
WHERE [t].[UserId] = @userId
2026-08-31 17:52:21.883 +05:30 [INF] Executing ViewResult, running view Index.
2026-08-31 17:52:21.886 +05:30 [INF] Executed DbCommand (2ms) [Parameters=[@p='?' (Size = 450)], CommandType='"Text"', CommandTimeout='30']
SELECT TOP(1) [a].[Id], [a].[AccessFailedCount], [a].[ConcurrencyStamp], [a].[CreatedDate], [a].[Currency], [a].[DateFormat], [a].[Email], [a].[EmailConfirmed], [a].[FirstName], [a].[LastName], [a].[LockoutEnabled], [a].[LockoutEnd], [a].[NormalizedEmail], [a].[NormalizedUserName], [a].[PasswordHash], [a].[PhoneNumber], [a].[PhoneNumberConfirmed], [a].[SecurityStamp], [a].[Theme], [a].[TwoFactorEnabled], [a].[UserName]
FROM [AspNetUsers] AS [a]
WHERE [a].[Id] = @p
2026-08-31 17:52:21.888 +05:30 [INF] Executed ViewResult - view Index executed in 5.1295ms.
2026-08-31 17:52:21.888 +05:30 [INF] Executed action MyDailyExpenseTracker.Controllers.ReportsController.Index (MyDailyExpenseTracker) in 19.9182ms
2026-08-31 17:52:21.888 +05:30 [INF] Executed endpoint 'MyDailyExpenseTracker.Controllers.ReportsController.Index (MyDailyExpenseTracker)'
2026-08-31 17:52:21.888 +05:30 [INF] Request finished HTTP/1.1 GET http://localhost:5172/Reports - 200 null text/html; charset=utf-8 21.0656ms
2026-08-31 17:52:24.707 +05:30 [INF] Request starting HTTP/1.1 GET http://localhost:5172/Profile - null null
2026-08-31 17:52:24.708 +05:30 [INF] Executing endpoint 'MyDailyExpenseTracker.Controllers.ProfileController.Index (MyDailyExpenseTracker)'
2026-08-31 17:52:24.708 +05:30 [INF] Route matched with {action = "Index", controller = "Profile"}. Executing controller action with signature System.Threading.Tasks.Task`1[Microsoft.AspNetCore.Mvc.IActionResult] Index() on controller MyDailyExpenseTracker.Controllers.ProfileController (MyDailyExpenseTracker).
2026-08-31 17:52:24.714 +05:30 [INF] Executed DbCommand (4ms) [Parameters=[@p='?' (Size = 450)], CommandType='"Text"', CommandTimeout='30']
SELECT TOP(1) [a].[Id], [a].[AccessFailedCount], [a].[ConcurrencyStamp], [a].[CreatedDate], [a].[Currency], [a].[DateFormat], [a].[Email], [a].[EmailConfirmed], [a].[FirstName], [a].[LastName], [a].[LockoutEnabled], [a].[LockoutEnd], [a].[NormalizedEmail], [a].[NormalizedUserName], [a].[PasswordHash], [a].[PhoneNumber], [a].[PhoneNumberConfirmed], [a].[SecurityStamp], [a].[Theme], [a].[TwoFactorEnabled], [a].[UserName]
FROM [AspNetUsers] AS [a]
WHERE [a].[Id] = @p
2026-08-31 17:52:24.717 +05:30 [INF] Executed DbCommand (3ms) [Parameters=[@user_Id='?' (Size = 450)], CommandType='"Text"', CommandTimeout='30']
SELECT COUNT(*)
FROM [Transactions] AS [t]
WHERE [t].[UserId] = @user_Id
2026-08-31 17:52:24.718 +05:30 [INF] Executing ViewResult, running view Index.
2026-08-31 17:52:24.721 +05:30 [INF] Executed ViewResult - view Index executed in 2.7119ms.
2026-08-31 17:52:24.721 +05:30 [INF] Executed action MyDailyExpenseTracker.Controllers.ProfileController.Index (MyDailyExpenseTracker) in 12.6853ms
2026-08-31 17:52:24.721 +05:30 [INF] Executed endpoint 'MyDailyExpenseTracker.Controllers.ProfileController.Index (MyDailyExpenseTracker)'
2026-08-31 17:52:24.721 +05:30 [INF] Request finished HTTP/1.1 GET http://localhost:5172/Profile - 200 null text/html; charset=utf-8 13.9846ms
2026-08-31 17:52:44.200 +05:30 [INF] Request starting HTTP/1.1 POST http://localhost:5172/Account/Logout - application/x-www-form-urlencoded 225
2026-08-31 17:52:44.201 +05:30 [INF] Executing endpoint 'MyDailyExpenseTracker.Controllers.AccountController.Logout (MyDailyExpenseTracker)'
2026-08-31 17:52:44.208 +05:30 [INF] Route matched with {action = "Logout", controller = "Account"}. Executing controller action with signature System.Threading.Tasks.Task`1[Microsoft.AspNetCore.Mvc.IActionResult] Logout() on controller MyDailyExpenseTracker.Controllers.AccountController (MyDailyExpenseTracker).
2026-08-31 17:52:44.211 +05:30 [INF] AuthenticationScheme: Identity.Application signed out.
2026-08-31 17:52:44.213 +05:30 [INF] AuthenticationScheme: Identity.External signed out.
2026-08-31 17:52:44.213 +05:30 [INF] AuthenticationScheme: Identity.TwoFactorUserId signed out.
2026-08-31 17:52:44.213 +05:30 [INF] Executing RedirectResult, redirecting to /Account/Login.
2026-08-31 17:52:44.213 +05:30 [INF] Executed action MyDailyExpenseTracker.Controllers.AccountController.Logout (MyDailyExpenseTracker) in 5.1016ms
2026-08-31 17:52:44.214 +05:30 [INF] Executed endpoint 'MyDailyExpenseTracker.Controllers.AccountController.Logout (MyDailyExpenseTracker)'
2026-08-31 17:52:44.214 +05:30 [INF] Request finished HTTP/1.1 POST http://localhost:5172/Account/Logout - 302 0 null 13.3891ms
2026-08-31 17:52:44.219 +05:30 [INF] Request starting HTTP/1.1 GET http://localhost:5172/Account/Login - null null
2026-08-31 17:52:44.219 +05:30 [INF] Executing endpoint 'MyDailyExpenseTracker.Controllers.AccountController.Login (MyDailyExpenseTracker)'
2026-08-31 17:52:44.219 +05:30 [INF] Route matched with {action = "Login", controller = "Account"}. Executing controller action with signature Microsoft.AspNetCore.Mvc.IActionResult Login(System.String) on controller MyDailyExpenseTracker.Controllers.AccountController (MyDailyExpenseTracker).
2026-08-31 17:52:44.222 +05:30 [INF] Executing ViewResult, running view Login.
2026-08-31 17:52:44.226 +05:30 [INF] Executed ViewResult - view Login executed in 4.288ms.
2026-08-31 17:52:44.226 +05:30 [INF] Executed action MyDailyExpenseTracker.Controllers.AccountController.Login (MyDailyExpenseTracker) in 7.1188ms
2026-08-31 17:52:44.226 +05:30 [INF] Executed endpoint 'MyDailyExpenseTracker.Controllers.AccountController.Login (MyDailyExpenseTracker)'
2026-08-31 17:52:44.227 +05:30 [INF] Request finished HTTP/1.1 GET http://localhost:5172/Account/Login - 200 null text/html; charset=utf-8 8.0189ms
2026-08-31 17:56:58.630 +05:30 [INF] Request starting HTTP/1.1 POST http://localhost:5172/Account/Login - application/x-www-form-urlencoded 266
2026-08-31 17:56:58.630 +05:30 [INF] Executing endpoint 'MyDailyExpenseTracker.Controllers.AccountController.Login (MyDailyExpenseTracker)'
2026-08-31 17:56:58.645 +05:30 [INF] Route matched with {action = "Login", controller = "Account"}. Executing controller action with signature System.Threading.Tasks.Task`1[Microsoft.AspNetCore.Mvc.IActionResult] Login(MyDailyExpenseTracker.ViewModels.LoginViewModel, System.String) on controller MyDailyExpenseTracker.Controllers.AccountController (MyDailyExpenseTracker).
2026-08-31 17:56:58.667 +05:30 [INF] Executed DbCommand (11ms) [Parameters=[@normalizedUserName='?' (Size = 256)], CommandType='"Text"', CommandTimeout='30']
SELECT TOP(1) [a].[Id], [a].[AccessFailedCount], [a].[ConcurrencyStamp], [a].[CreatedDate], [a].[Currency], [a].[DateFormat], [a].[Email], [a].[EmailConfirmed], [a].[FirstName], [a].[LastName], [a].[LockoutEnabled], [a].[LockoutEnd], [a].[NormalizedEmail], [a].[NormalizedUserName], [a].[PasswordHash], [a].[PhoneNumber], [a].[PhoneNumberConfirmed], [a].[SecurityStamp], [a].[Theme], [a].[TwoFactorEnabled], [a].[UserName]
FROM [AspNetUsers] AS [a]
WHERE [a].[NormalizedUserName] = @normalizedUserName
2026-08-31 17:56:58.803 +05:30 [INF] Executed DbCommand (2ms) [Parameters=[@user_Id='?' (Size = 450)], CommandType='"Text"', CommandTimeout='30']
SELECT [a].[Id], [a].[ClaimType], [a].[ClaimValue], [a].[UserId]
FROM [AspNetUserClaims] AS [a]
WHERE [a].[UserId] = @user_Id
2026-08-31 17:56:58.809 +05:30 [INF] Executed DbCommand (5ms) [Parameters=[@userId='?' (Size = 450)], CommandType='"Text"', CommandTimeout='30']
SELECT [a0].[Name]
FROM [AspNetUserRoles] AS [a]
INNER JOIN [AspNetRoles] AS [a0] ON [a].[RoleId] = [a0].[Id]
WHERE [a].[UserId] = @userId
2026-08-31 17:56:58.815 +05:30 [INF] Executed DbCommand (4ms) [Parameters=[@normalizedName='?' (Size = 256)], CommandType='"Text"', CommandTimeout='30']
SELECT TOP(1) [a].[Id], [a].[ConcurrencyStamp], [a].[Name], [a].[NormalizedName]
FROM [AspNetRoles] AS [a]
WHERE [a].[NormalizedName] = @normalizedName
2026-08-31 17:56:58.819 +05:30 [INF] Executed DbCommand (2ms) [Parameters=[@role_Id='?' (Size = 450)], CommandType='"Text"', CommandTimeout='30']
SELECT [a].[ClaimType], [a].[ClaimValue]
FROM [AspNetRoleClaims] AS [a]
WHERE [a].[RoleId] = @role_Id
2026-08-31 17:56:58.820 +05:30 [INF] AuthenticationScheme: Identity.Application signed in.
2026-08-31 17:56:58.822 +05:30 [INF] User logged in: chavanabhijeet95@gmail.com
2026-08-31 17:56:58.822 +05:30 [INF] Executing RedirectResult, redirecting to /.
2026-08-31 17:56:58.822 +05:30 [INF] Executed action MyDailyExpenseTracker.Controllers.AccountController.Login (MyDailyExpenseTracker) in 176.6199ms
2026-08-31 17:56:58.822 +05:30 [INF] Executed endpoint 'MyDailyExpenseTracker.Controllers.AccountController.Login (MyDailyExpenseTracker)'
2026-08-31 17:56:58.822 +05:30 [INF] Request finished HTTP/1.1 POST http://localhost:5172/Account/Login - 302 0 null 192.8484ms
2026-08-31 17:56:58.828 +05:30 [INF] Request starting HTTP/1.1 GET http://localhost:5172/ - null null
2026-08-31 17:56:58.829 +05:30 [INF] Executing endpoint 'MyDailyExpenseTracker.Controllers.DashboardController.Index (MyDailyExpenseTracker)'
2026-08-31 17:56:58.829 +05:30 [INF] Route matched with {action = "Index", controller = "Dashboard"}. Executing controller action with signature System.Threading.Tasks.Task`1[Microsoft.AspNetCore.Mvc.IActionResult] Index() on controller MyDailyExpenseTracker.Controllers.DashboardController (MyDailyExpenseTracker).
2026-08-31 17:56:58.840 +05:30 [INF] Executed DbCommand (5ms) [Parameters=[@userId='?' (Size = 450), @today='?' (DbType = DateTime2), @today2='?' (DbType = DateTime2)], CommandType='"Text"', CommandTimeout='30']
SELECT [r].[RecurringExpenseId], [r].[Amount], [r].[CategoryId], [r].[CreatedDate], [r].[EndDate], [r].[Frequency], [r].[IsActive], [r].[LastGeneratedDate], [r].[Name], [r].[Notes], [r].[PaymentMethodId], [r].[StartDate], [r].[Type], [r].[UserId]
FROM [RecurringExpenses] AS [r]
WHERE [r].[UserId] = @userId AND [r].[IsActive] = CAST(1 AS bit) AND [r].[StartDate] <= @today AND ([r].[EndDate] IS NULL OR [r].[EndDate] >= @today2)
2026-08-31 17:56:58.854 +05:30 [INF] Executed DbCommand (12ms) [Parameters=[@userId='?' (Size = 450), @today_Month='?' (DbType = Int32), @today_Year='?' (DbType = Int32)], CommandType='"Text"', CommandTimeout='30']
SELECT [b1].[BudgetId], [b1].[CreatedDate], [b1].[Month], [b1].[Notes], [b1].[TotalBudget], [b1].[UpdatedDate], [b1].[UserId], [b1].[Year], [s].[BudgetCategoryId], [s].[Amount], [s].[BudgetId], [s].[CategoryId], [s].[CategoryId0], [s].[Color], [s].[CreatedDate], [s].[Icon], [s].[IsActive], [s].[IsDefault], [s].[Name], [s].[Type], [s].[UserId]
FROM (
    SELECT TOP(1) [b].[BudgetId], [b].[CreatedDate], [b].[Month], [b].[Notes], [b].[TotalBudget], [b].[UpdatedDate], [b].[UserId], [b].[Year]
    FROM [Budgets] AS [b]
    WHERE [b].[UserId] = @userId AND [b].[Month] = @today_Month AND [b].[Year] = @today_Year
) AS [b1]
LEFT JOIN (
    SELECT [b0].[BudgetCategoryId], [b0].[Amount], [b0].[BudgetId], [b0].[CategoryId], [c].[CategoryId] AS [CategoryId0], [c].[Color], [c].[CreatedDate], [c].[Icon], [c].[IsActive], [c].[IsDefault], [c].[Name], [c].[Type], [c].[UserId]
    FROM [BudgetCategories] AS [b0]
    INNER JOIN [Categories] AS [c] ON [b0].[CategoryId] = [c].[CategoryId]
) AS [s] ON [b1].[BudgetId] = [s].[BudgetId]
ORDER BY [b1].[BudgetId], [s].[BudgetCategoryId]
2026-08-31 17:56:58.863 +05:30 [INF] Executed DbCommand (8ms) [Parameters=[@userId='?' (Size = 450), @today='?' (DbType = DateTime2)], CommandType='"Text"', CommandTimeout='30']
SELECT [t].[Type], COALESCE(SUM([t].[Amount]), 0.0) AS [Total]
FROM [Transactions] AS [t]
WHERE [t].[UserId] = @userId AND CONVERT(date, [t].[TransactionDate]) = @today
GROUP BY [t].[Type]
2026-08-31 17:56:58.868 +05:30 [INF] Executed DbCommand (4ms) [Parameters=[@userId='?' (Size = 450), @monthStart='?' (DbType = DateTime2), @today='?' (DbType = DateTime2)], CommandType='"Text"', CommandTimeout='30']
SELECT [t].[Type], COALESCE(SUM([t].[Amount]), 0.0) AS [Total]
FROM [Transactions] AS [t]
WHERE [t].[UserId] = @userId AND [t].[TransactionDate] >= @monthStart AND [t].[TransactionDate] <= @today
GROUP BY [t].[Type]
2026-08-31 17:56:58.873 +05:30 [INF] Executed DbCommand (4ms) [Parameters=[@userId='?' (Size = 450)], CommandType='"Text"', CommandTimeout='30']
SELECT COALESCE(SUM([t].[Amount]), 0.0)
FROM [Transactions] AS [t]
WHERE [t].[UserId] = @userId AND [t].[Type] = N'Income'
2026-08-31 17:56:58.879 +05:30 [INF] Executed DbCommand (5ms) [Parameters=[@userId='?' (Size = 450)], CommandType='"Text"', CommandTimeout='30']
SELECT COALESCE(SUM([t].[Amount]), 0.0)
FROM [Transactions] AS [t]
WHERE [t].[UserId] = @userId AND [t].[Type] = N'Expense'
2026-08-31 17:56:58.883 +05:30 [INF] Executed DbCommand (3ms) [Parameters=[@userId='?' (Size = 450)], CommandType='"Text"', CommandTimeout='30']
SELECT COUNT(*)
FROM [Transactions] AS [t]
WHERE [t].[UserId] = @userId
2026-08-31 17:56:58.889 +05:30 [INF] Executed DbCommand (5ms) [Parameters=[@userId='?' (Size = 450), @prevStart='?' (DbType = DateTime2), @prevEnd='?' (DbType = DateTime2)], CommandType='"Text"', CommandTimeout='30']
SELECT COALESCE(SUM([t].[Amount]), 0.0)
FROM [Transactions] AS [t]
WHERE [t].[UserId] = @userId AND [t].[Type] = N'Expense' AND [t].[TransactionDate] >= @prevStart AND [t].[TransactionDate] <= @prevEnd
2026-08-31 17:56:58.896 +05:30 [INF] Executed DbCommand (6ms) [Parameters=[@p='?' (DbType = Int32), @userId='?' (Size = 450)], CommandType='"Text"', CommandTimeout='30']
SELECT [t0].[TransactionId], [t0].[TransactionDate], [t0].[Description], [c].[Name] AS [CategoryName], [c].[Icon] AS [CategoryIcon], [c].[Color] AS [CategoryColor], [t0].[Type], [t0].[Amount], [p].[Name] AS [PaymentMethodName]
FROM (
    SELECT TOP(@p) [t].[TransactionId], [t].[Amount], [t].[CategoryId], [t].[CreatedDate], [t].[Description], [t].[PaymentMethodId], [t].[TransactionDate], [t].[Type]
    FROM [Transactions] AS [t]
    WHERE [t].[UserId] = @userId
    ORDER BY [t].[TransactionDate] DESC, [t].[CreatedDate] DESC
) AS [t0]
INNER JOIN [Categories] AS [c] ON [t0].[CategoryId] = [c].[CategoryId]
LEFT JOIN [PaymentMethods] AS [p] ON [t0].[PaymentMethodId] = [p].[PaymentMethodId]
ORDER BY [t0].[TransactionDate] DESC, [t0].[CreatedDate] DESC
2026-08-31 17:56:58.904 +05:30 [INF] Executed DbCommand (8ms) [Parameters=[@userId='?' (Size = 450), @sixMonthsAgo='?' (DbType = DateTime2)], CommandType='"Text"', CommandTimeout='30']
SELECT [t0].[Year], [t0].[Month], COALESCE(SUM([t0].[Amount]), 0.0) AS [Total]
FROM (
    SELECT [t].[Amount], DATEPART(year, [t].[TransactionDate]) AS [Year], DATEPART(month, [t].[TransactionDate]) AS [Month]
    FROM [Transactions] AS [t]
    WHERE [t].[UserId] = @userId AND [t].[Type] = N'Expense' AND [t].[TransactionDate] >= @sixMonthsAgo
) AS [t0]
GROUP BY [t0].[Year], [t0].[Month]
2026-08-31 17:56:58.912 +05:30 [INF] Executed DbCommand (7ms) [Parameters=[@userId='?' (Size = 450), @sixMonthsAgo='?' (DbType = DateTime2)], CommandType='"Text"', CommandTimeout='30']
SELECT [t0].[Year], [t0].[Month], [t0].[Type], COALESCE(SUM([t0].[Amount]), 0.0) AS [Total]
FROM (
    SELECT [t].[Amount], [t].[Type], DATEPART(year, [t].[TransactionDate]) AS [Year], DATEPART(month, [t].[TransactionDate]) AS [Month]
    FROM [Transactions] AS [t]
    WHERE [t].[UserId] = @userId AND [t].[TransactionDate] >= @sixMonthsAgo
) AS [t0]
GROUP BY [t0].[Year], [t0].[Month], [t0].[Type]
2026-08-31 17:56:58.922 +05:30 [INF] Executed DbCommand (9ms) [Parameters=[@p='?' (DbType = Int32), @userId='?' (Size = 450), @monthStart='?' (DbType = DateTime2), @today='?' (DbType = DateTime2)], CommandType='"Text"', CommandTimeout='30']
SELECT TOP(@p) [c].[Name] AS [Category], COALESCE(SUM([t].[Amount]), 0.0) AS [Total]
FROM [Transactions] AS [t]
INNER JOIN [Categories] AS [c] ON [t].[CategoryId] = [c].[CategoryId]
WHERE [t].[UserId] = @userId AND [t].[Type] = N'Expense' AND [t].[TransactionDate] >= @monthStart AND [t].[TransactionDate] <= @today
GROUP BY [c].[Name]
ORDER BY COALESCE(SUM([t].[Amount]), 0.0) DESC
2026-08-31 17:56:58.930 +05:30 [INF] Executed DbCommand (7ms) [Parameters=[@userId='?' (Size = 450), @monthStart='?' (DbType = DateTime2), @today='?' (DbType = DateTime2)], CommandType='"Text"', CommandTimeout='30']
SELECT [t0].[Key] AS [Day], COALESCE(SUM([t0].[Amount]), 0.0) AS [Total]
FROM (
    SELECT [t].[Amount], DATEPART(day, [t].[TransactionDate]) AS [Key]
    FROM [Transactions] AS [t]
    WHERE [t].[UserId] = @userId AND [t].[Type] = N'Expense' AND [t].[TransactionDate] >= @monthStart AND [t].[TransactionDate] <= @today
) AS [t0]
GROUP BY [t0].[Key]
2026-08-31 17:56:58.939 +05:30 [INF] Executed DbCommand (8ms) [Parameters=[@userId='?' (Size = 450), @monthStart='?' (DbType = DateTime2), @today='?' (DbType = DateTime2)], CommandType='"Text"', CommandTimeout='30']
SELECT [p].[Name] AS [Method], COALESCE(SUM([t].[Amount]), 0.0) AS [Total]
FROM [Transactions] AS [t]
LEFT JOIN [PaymentMethods] AS [p] ON [t].[PaymentMethodId] = [p].[PaymentMethodId]
WHERE [t].[UserId] = @userId AND [t].[Type] = N'Expense' AND [t].[TransactionDate] >= @monthStart AND [t].[TransactionDate] <= @today AND [t].[PaymentMethodId] IS NOT NULL
GROUP BY [p].[Name]
2026-08-31 17:56:58.945 +05:30 [INF] Executed DbCommand (5ms) [Parameters=[@userId='?' (Size = 450), @today_Month='?' (DbType = Int32), @today_Year='?' (DbType = Int32)], CommandType='"Text"', CommandTimeout='30']
SELECT TOP(1) [b].[BudgetId], [b].[CreatedDate], [b].[Month], [b].[Notes], [b].[TotalBudget], [b].[UpdatedDate], [b].[UserId], [b].[Year]
FROM [Budgets] AS [b]
WHERE [b].[UserId] = @userId AND [b].[Month] = @today_Month AND [b].[Year] = @today_Year
2026-08-31 17:56:58.948 +05:30 [INF] Executed DbCommand (3ms) [Parameters=[@userId='?' (Size = 450)], CommandType='"Text"', CommandTimeout='30']
SELECT COUNT(*)
FROM [Notifications] AS [n]
WHERE [n].[UserId] = @userId AND [n].[IsRead] = CAST(0 AS bit)
2026-08-31 17:56:58.949 +05:30 [INF] Executing ViewResult, running view Index.
2026-08-31 17:56:58.955 +05:30 [INF] Executed DbCommand (4ms) [Parameters=[@p='?' (Size = 450)], CommandType='"Text"', CommandTimeout='30']
SELECT TOP(1) [a].[Id], [a].[AccessFailedCount], [a].[ConcurrencyStamp], [a].[CreatedDate], [a].[Currency], [a].[DateFormat], [a].[Email], [a].[EmailConfirmed], [a].[FirstName], [a].[LastName], [a].[LockoutEnabled], [a].[LockoutEnd], [a].[NormalizedEmail], [a].[NormalizedUserName], [a].[PasswordHash], [a].[PhoneNumber], [a].[PhoneNumberConfirmed], [a].[SecurityStamp], [a].[Theme], [a].[TwoFactorEnabled], [a].[UserName]
FROM [AspNetUsers] AS [a]
WHERE [a].[Id] = @p
2026-08-31 17:56:58.957 +05:30 [INF] Executed ViewResult - view Index executed in 8.1185ms.
2026-08-31 17:56:58.957 +05:30 [INF] Executed action MyDailyExpenseTracker.Controllers.DashboardController.Index (MyDailyExpenseTracker) in 127.7898ms
2026-08-31 17:56:58.957 +05:30 [INF] Executed endpoint 'MyDailyExpenseTracker.Controllers.DashboardController.Index (MyDailyExpenseTracker)'
2026-08-31 17:56:58.957 +05:30 [INF] Request finished HTTP/1.1 GET http://localhost:5172/ - 200 null text/html; charset=utf-8 129.3444ms
2026-08-31 17:57:01.127 +05:30 [INF] Request starting HTTP/1.1 GET http://localhost:5172/Budget - null null
2026-08-31 17:57:01.129 +05:30 [INF] Executing endpoint 'MyDailyExpenseTracker.Controllers.BudgetController.Index (MyDailyExpenseTracker)'
2026-08-31 17:57:01.129 +05:30 [INF] Route matched with {action = "Index", controller = "Budget"}. Executing controller action with signature System.Threading.Tasks.Task`1[Microsoft.AspNetCore.Mvc.IActionResult] Index(Int32, Int32) on controller MyDailyExpenseTracker.Controllers.BudgetController (MyDailyExpenseTracker).
2026-08-31 17:57:01.154 +05:30 [INF] Executed DbCommand (22ms) [Parameters=[@userId='?' (Size = 450), @month='?' (DbType = Int32), @year='?' (DbType = Int32)], CommandType='"Text"', CommandTimeout='30']
SELECT [b1].[BudgetId], [b1].[CreatedDate], [b1].[Month], [b1].[Notes], [b1].[TotalBudget], [b1].[UpdatedDate], [b1].[UserId], [b1].[Year], [s].[BudgetCategoryId], [s].[Amount], [s].[BudgetId], [s].[CategoryId], [s].[CategoryId0], [s].[Color], [s].[CreatedDate], [s].[Icon], [s].[IsActive], [s].[IsDefault], [s].[Name], [s].[Type], [s].[UserId]
FROM (
    SELECT TOP(1) [b].[BudgetId], [b].[CreatedDate], [b].[Month], [b].[Notes], [b].[TotalBudget], [b].[UpdatedDate], [b].[UserId], [b].[Year]
    FROM [Budgets] AS [b]
    WHERE [b].[UserId] = @userId AND [b].[Month] = @month AND [b].[Year] = @year
) AS [b1]
LEFT JOIN (
    SELECT [b0].[BudgetCategoryId], [b0].[Amount], [b0].[BudgetId], [b0].[CategoryId], [c].[CategoryId] AS [CategoryId0], [c].[Color], [c].[CreatedDate], [c].[Icon], [c].[IsActive], [c].[IsDefault], [c].[Name], [c].[Type], [c].[UserId]
    FROM [BudgetCategories] AS [b0]
    INNER JOIN [Categories] AS [c] ON [b0].[CategoryId] = [c].[CategoryId]
) AS [s] ON [b1].[BudgetId] = [s].[BudgetId]
ORDER BY [b1].[BudgetId], [s].[BudgetCategoryId]
2026-08-31 17:57:01.193 +05:30 [INF] Executed DbCommand (7ms) [Parameters=[@userId='?' (Size = 450)], CommandType='"Text"', CommandTimeout='30']
SELECT [t].[CategoryId], COUNT(*) AS [Count]
FROM [Transactions] AS [t]
WHERE [t].[UserId] = @userId
GROUP BY [t].[CategoryId]
2026-08-31 17:57:01.198 +05:30 [INF] Executed DbCommand (4ms) [Parameters=[@userId='?' (Size = 450)], CommandType='"Text"', CommandTimeout='30']
SELECT [c].[CategoryId], [c].[Name], [c].[Icon], [c].[Color], [c].[Type], [c].[IsDefault]
FROM [Categories] AS [c]
WHERE [c].[IsActive] = CAST(1 AS bit) AND ([c].[UserId] = @userId OR [c].[UserId] IS NULL)
ORDER BY [c].[Type], [c].[Name]
2026-08-31 17:57:01.204 +05:30 [INF] Executed DbCommand (6ms) [Parameters=[@userId='?' (Size = 450), @monthStart='?' (DbType = DateTime2), @monthEnd='?' (DbType = DateTime2)], CommandType='"Text"', CommandTimeout='30']
SELECT [t].[CategoryId], COALESCE(SUM([t].[Amount]), 0.0) AS [Total]
FROM [Transactions] AS [t]
WHERE [t].[UserId] = @userId AND [t].[Type] = N'Expense' AND [t].[TransactionDate] >= @monthStart AND [t].[TransactionDate] <= @monthEnd
GROUP BY [t].[CategoryId]
2026-08-31 17:57:01.205 +05:30 [INF] Executing ViewResult, running view Index.
2026-08-31 17:57:01.213 +05:30 [INF] Executed DbCommand (5ms) [Parameters=[@p='?' (Size = 450)], CommandType='"Text"', CommandTimeout='30']
SELECT TOP(1) [a].[Id], [a].[AccessFailedCount], [a].[ConcurrencyStamp], [a].[CreatedDate], [a].[Currency], [a].[DateFormat], [a].[Email], [a].[EmailConfirmed], [a].[FirstName], [a].[LastName], [a].[LockoutEnabled], [a].[LockoutEnd], [a].[NormalizedEmail], [a].[NormalizedUserName], [a].[PasswordHash], [a].[PhoneNumber], [a].[PhoneNumberConfirmed], [a].[SecurityStamp], [a].[Theme], [a].[TwoFactorEnabled], [a].[UserName]
FROM [AspNetUsers] AS [a]
WHERE [a].[Id] = @p
2026-08-31 17:57:01.215 +05:30 [INF] Executed ViewResult - view Index executed in 10.0538ms.
2026-08-31 17:57:01.215 +05:30 [INF] Executed action MyDailyExpenseTracker.Controllers.BudgetController.Index (MyDailyExpenseTracker) in 86.3252ms
2026-08-31 17:57:01.215 +05:30 [INF] Executed endpoint 'MyDailyExpenseTracker.Controllers.BudgetController.Index (MyDailyExpenseTracker)'
2026-08-31 17:57:01.215 +05:30 [INF] Request finished HTTP/1.1 GET http://localhost:5172/Budget - 200 null text/html; charset=utf-8 87.8139ms
2026-08-31 17:57:08.646 +05:30 [INF] Request starting HTTP/1.1 GET http://localhost:5172/Categories - null null
2026-08-31 17:57:08.647 +05:30 [INF] Executing endpoint 'MyDailyExpenseTracker.Controllers.CategoriesController.Index (MyDailyExpenseTracker)'
2026-08-31 17:57:08.647 +05:30 [INF] Route matched with {action = "Index", controller = "Categories"}. Executing controller action with signature System.Threading.Tasks.Task`1[Microsoft.AspNetCore.Mvc.IActionResult] Index() on controller MyDailyExpenseTracker.Controllers.CategoriesController (MyDailyExpenseTracker).
2026-08-31 17:57:08.661 +05:30 [INF] Executed DbCommand (12ms) [Parameters=[@userId='?' (Size = 450)], CommandType='"Text"', CommandTimeout='30']
SELECT [t].[CategoryId], COUNT(*) AS [Count]
FROM [Transactions] AS [t]
WHERE [t].[UserId] = @userId
GROUP BY [t].[CategoryId]
2026-08-31 17:57:08.675 +05:30 [INF] Executed DbCommand (12ms) [Parameters=[@userId='?' (Size = 450)], CommandType='"Text"', CommandTimeout='30']
SELECT [c].[CategoryId], [c].[Name], [c].[Icon], [c].[Color], [c].[Type], [c].[IsDefault]
FROM [Categories] AS [c]
WHERE [c].[IsActive] = CAST(1 AS bit) AND ([c].[UserId] = @userId OR [c].[UserId] IS NULL)
ORDER BY [c].[Type], [c].[Name]
2026-08-31 17:57:08.675 +05:30 [INF] Executing ViewResult, running view Index.
2026-08-31 17:57:08.682 +05:30 [INF] Executed DbCommand (4ms) [Parameters=[@p='?' (Size = 450)], CommandType='"Text"', CommandTimeout='30']
SELECT TOP(1) [a].[Id], [a].[AccessFailedCount], [a].[ConcurrencyStamp], [a].[CreatedDate], [a].[Currency], [a].[DateFormat], [a].[Email], [a].[EmailConfirmed], [a].[FirstName], [a].[LastName], [a].[LockoutEnabled], [a].[LockoutEnd], [a].[NormalizedEmail], [a].[NormalizedUserName], [a].[PasswordHash], [a].[PhoneNumber], [a].[PhoneNumberConfirmed], [a].[SecurityStamp], [a].[Theme], [a].[TwoFactorEnabled], [a].[UserName]
FROM [AspNetUsers] AS [a]
WHERE [a].[Id] = @p
2026-08-31 17:57:08.683 +05:30 [INF] Executed ViewResult - view Index executed in 7.9838ms.
2026-08-31 17:57:08.683 +05:30 [INF] Executed action MyDailyExpenseTracker.Controllers.CategoriesController.Index (MyDailyExpenseTracker) in 36.2162ms
2026-08-31 17:57:08.683 +05:30 [INF] Executed endpoint 'MyDailyExpenseTracker.Controllers.CategoriesController.Index (MyDailyExpenseTracker)'
2026-08-31 17:57:08.684 +05:30 [INF] Request finished HTTP/1.1 GET http://localhost:5172/Categories - 200 null text/html; charset=utf-8 37.8113ms
2026-08-31 17:57:09.788 +05:30 [INF] Request starting HTTP/1.1 GET http://localhost:5172/ - null null
2026-08-31 17:57:09.789 +05:30 [INF] Executing endpoint 'MyDailyExpenseTracker.Controllers.DashboardController.Index (MyDailyExpenseTracker)'
2026-08-31 17:57:09.790 +05:30 [INF] Route matched with {action = "Index", controller = "Dashboard"}. Executing controller action with signature System.Threading.Tasks.Task`1[Microsoft.AspNetCore.Mvc.IActionResult] Index() on controller MyDailyExpenseTracker.Controllers.DashboardController (MyDailyExpenseTracker).
2026-08-31 17:57:09.800 +05:30 [INF] Executed DbCommand (7ms) [Parameters=[@userId='?' (Size = 450), @today='?' (DbType = DateTime2), @today2='?' (DbType = DateTime2)], CommandType='"Text"', CommandTimeout='30']
SELECT [r].[RecurringExpenseId], [r].[Amount], [r].[CategoryId], [r].[CreatedDate], [r].[EndDate], [r].[Frequency], [r].[IsActive], [r].[LastGeneratedDate], [r].[Name], [r].[Notes], [r].[PaymentMethodId], [r].[StartDate], [r].[Type], [r].[UserId]
FROM [RecurringExpenses] AS [r]
WHERE [r].[UserId] = @userId AND [r].[IsActive] = CAST(1 AS bit) AND [r].[StartDate] <= @today AND ([r].[EndDate] IS NULL OR [r].[EndDate] >= @today2)
2026-08-31 17:57:09.819 +05:30 [INF] Executed DbCommand (18ms) [Parameters=[@userId='?' (Size = 450), @today_Month='?' (DbType = Int32), @today_Year='?' (DbType = Int32)], CommandType='"Text"', CommandTimeout='30']
SELECT [b1].[BudgetId], [b1].[CreatedDate], [b1].[Month], [b1].[Notes], [b1].[TotalBudget], [b1].[UpdatedDate], [b1].[UserId], [b1].[Year], [s].[BudgetCategoryId], [s].[Amount], [s].[BudgetId], [s].[CategoryId], [s].[CategoryId0], [s].[Color], [s].[CreatedDate], [s].[Icon], [s].[IsActive], [s].[IsDefault], [s].[Name], [s].[Type], [s].[UserId]
FROM (
    SELECT TOP(1) [b].[BudgetId], [b].[CreatedDate], [b].[Month], [b].[Notes], [b].[TotalBudget], [b].[UpdatedDate], [b].[UserId], [b].[Year]
    FROM [Budgets] AS [b]
    WHERE [b].[UserId] = @userId AND [b].[Month] = @today_Month AND [b].[Year] = @today_Year
) AS [b1]
LEFT JOIN (
    SELECT [b0].[BudgetCategoryId], [b0].[Amount], [b0].[BudgetId], [b0].[CategoryId], [c].[CategoryId] AS [CategoryId0], [c].[Color], [c].[CreatedDate], [c].[Icon], [c].[IsActive], [c].[IsDefault], [c].[Name], [c].[Type], [c].[UserId]
    FROM [BudgetCategories] AS [b0]
    INNER JOIN [Categories] AS [c] ON [b0].[CategoryId] = [c].[CategoryId]
) AS [s] ON [b1].[BudgetId] = [s].[BudgetId]
ORDER BY [b1].[BudgetId], [s].[BudgetCategoryId]
2026-08-31 17:57:09.828 +05:30 [INF] Executed DbCommand (8ms) [Parameters=[@userId='?' (Size = 450), @today='?' (DbType = DateTime2)], CommandType='"Text"', CommandTimeout='30']
SELECT [t].[Type], COALESCE(SUM([t].[Amount]), 0.0) AS [Total]
FROM [Transactions] AS [t]
WHERE [t].[UserId] = @userId AND CONVERT(date, [t].[TransactionDate]) = @today
GROUP BY [t].[Type]
2026-08-31 17:57:09.833 +05:30 [INF] Executed DbCommand (4ms) [Parameters=[@userId='?' (Size = 450), @monthStart='?' (DbType = DateTime2), @today='?' (DbType = DateTime2)], CommandType='"Text"', CommandTimeout='30']
SELECT [t].[Type], COALESCE(SUM([t].[Amount]), 0.0) AS [Total]
FROM [Transactions] AS [t]
WHERE [t].[UserId] = @userId AND [t].[TransactionDate] >= @monthStart AND [t].[TransactionDate] <= @today
GROUP BY [t].[Type]
2026-08-31 17:57:09.838 +05:30 [INF] Executed DbCommand (5ms) [Parameters=[@userId='?' (Size = 450)], CommandType='"Text"', CommandTimeout='30']
SELECT COALESCE(SUM([t].[Amount]), 0.0)
FROM [Transactions] AS [t]
WHERE [t].[UserId] = @userId AND [t].[Type] = N'Income'
2026-08-31 17:57:09.842 +05:30 [INF] Executed DbCommand (3ms) [Parameters=[@userId='?' (Size = 450)], CommandType='"Text"', CommandTimeout='30']
SELECT COALESCE(SUM([t].[Amount]), 0.0)
FROM [Transactions] AS [t]
WHERE [t].[UserId] = @userId AND [t].[Type] = N'Expense'
2026-08-31 17:57:09.844 +05:30 [INF] Executed DbCommand (1ms) [Parameters=[@userId='?' (Size = 450)], CommandType='"Text"', CommandTimeout='30']
SELECT COUNT(*)
FROM [Transactions] AS [t]
WHERE [t].[UserId] = @userId
2026-08-31 17:57:09.848 +05:30 [INF] Executed DbCommand (4ms) [Parameters=[@userId='?' (Size = 450), @prevStart='?' (DbType = DateTime2), @prevEnd='?' (DbType = DateTime2)], CommandType='"Text"', CommandTimeout='30']
SELECT COALESCE(SUM([t].[Amount]), 0.0)
FROM [Transactions] AS [t]
WHERE [t].[UserId] = @userId AND [t].[Type] = N'Expense' AND [t].[TransactionDate] >= @prevStart AND [t].[TransactionDate] <= @prevEnd
2026-08-31 17:57:09.855 +05:30 [INF] Executed DbCommand (7ms) [Parameters=[@p='?' (DbType = Int32), @userId='?' (Size = 450)], CommandType='"Text"', CommandTimeout='30']
SELECT [t0].[TransactionId], [t0].[TransactionDate], [t0].[Description], [c].[Name] AS [CategoryName], [c].[Icon] AS [CategoryIcon], [c].[Color] AS [CategoryColor], [t0].[Type], [t0].[Amount], [p].[Name] AS [PaymentMethodName]
FROM (
    SELECT TOP(@p) [t].[TransactionId], [t].[Amount], [t].[CategoryId], [t].[CreatedDate], [t].[Description], [t].[PaymentMethodId], [t].[TransactionDate], [t].[Type]
    FROM [Transactions] AS [t]
    WHERE [t].[UserId] = @userId
    ORDER BY [t].[TransactionDate] DESC, [t].[CreatedDate] DESC
) AS [t0]
INNER JOIN [Categories] AS [c] ON [t0].[CategoryId] = [c].[CategoryId]
LEFT JOIN [PaymentMethods] AS [p] ON [t0].[PaymentMethodId] = [p].[PaymentMethodId]
ORDER BY [t0].[TransactionDate] DESC, [t0].[CreatedDate] DESC
2026-08-31 17:57:09.863 +05:30 [INF] Executed DbCommand (8ms) [Parameters=[@userId='?' (Size = 450), @sixMonthsAgo='?' (DbType = DateTime2)], CommandType='"Text"', CommandTimeout='30']
SELECT [t0].[Year], [t0].[Month], COALESCE(SUM([t0].[Amount]), 0.0) AS [Total]
FROM (
    SELECT [t].[Amount], DATEPART(year, [t].[TransactionDate]) AS [Year], DATEPART(month, [t].[TransactionDate]) AS [Month]
    FROM [Transactions] AS [t]
    WHERE [t].[UserId] = @userId AND [t].[Type] = N'Expense' AND [t].[TransactionDate] >= @sixMonthsAgo
) AS [t0]
GROUP BY [t0].[Year], [t0].[Month]
2026-08-31 17:57:09.873 +05:30 [INF] Executed DbCommand (9ms) [Parameters=[@userId='?' (Size = 450), @sixMonthsAgo='?' (DbType = DateTime2)], CommandType='"Text"', CommandTimeout='30']
SELECT [t0].[Year], [t0].[Month], [t0].[Type], COALESCE(SUM([t0].[Amount]), 0.0) AS [Total]
FROM (
    SELECT [t].[Amount], [t].[Type], DATEPART(year, [t].[TransactionDate]) AS [Year], DATEPART(month, [t].[TransactionDate]) AS [Month]
    FROM [Transactions] AS [t]
    WHERE [t].[UserId] = @userId AND [t].[TransactionDate] >= @sixMonthsAgo
) AS [t0]
GROUP BY [t0].[Year], [t0].[Month], [t0].[Type]
2026-08-31 17:57:09.887 +05:30 [INF] Executed DbCommand (13ms) [Parameters=[@p='?' (DbType = Int32), @userId='?' (Size = 450), @monthStart='?' (DbType = DateTime2), @today='?' (DbType = DateTime2)], CommandType='"Text"', CommandTimeout='30']
SELECT TOP(@p) [c].[Name] AS [Category], COALESCE(SUM([t].[Amount]), 0.0) AS [Total]
FROM [Transactions] AS [t]
INNER JOIN [Categories] AS [c] ON [t].[CategoryId] = [c].[CategoryId]
WHERE [t].[UserId] = @userId AND [t].[Type] = N'Expense' AND [t].[TransactionDate] >= @monthStart AND [t].[TransactionDate] <= @today
GROUP BY [c].[Name]
ORDER BY COALESCE(SUM([t].[Amount]), 0.0) DESC
2026-08-31 17:57:09.896 +05:30 [INF] Executed DbCommand (8ms) [Parameters=[@userId='?' (Size = 450), @monthStart='?' (DbType = DateTime2), @today='?' (DbType = DateTime2)], CommandType='"Text"', CommandTimeout='30']
SELECT [t0].[Key] AS [Day], COALESCE(SUM([t0].[Amount]), 0.0) AS [Total]
FROM (
    SELECT [t].[Amount], DATEPART(day, [t].[TransactionDate]) AS [Key]
    FROM [Transactions] AS [t]
    WHERE [t].[UserId] = @userId AND [t].[Type] = N'Expense' AND [t].[TransactionDate] >= @monthStart AND [t].[TransactionDate] <= @today
) AS [t0]
GROUP BY [t0].[Key]
2026-08-31 17:57:09.910 +05:30 [INF] Executed DbCommand (12ms) [Parameters=[@userId='?' (Size = 450), @monthStart='?' (DbType = DateTime2), @today='?' (DbType = DateTime2)], CommandType='"Text"', CommandTimeout='30']
SELECT [p].[Name] AS [Method], COALESCE(SUM([t].[Amount]), 0.0) AS [Total]
FROM [Transactions] AS [t]
LEFT JOIN [PaymentMethods] AS [p] ON [t].[PaymentMethodId] = [p].[PaymentMethodId]
WHERE [t].[UserId] = @userId AND [t].[Type] = N'Expense' AND [t].[TransactionDate] >= @monthStart AND [t].[TransactionDate] <= @today AND [t].[PaymentMethodId] IS NOT NULL
GROUP BY [p].[Name]
2026-08-31 17:57:09.915 +05:30 [INF] Executed DbCommand (4ms) [Parameters=[@userId='?' (Size = 450), @today_Month='?' (DbType = Int32), @today_Year='?' (DbType = Int32)], CommandType='"Text"', CommandTimeout='30']
SELECT TOP(1) [b].[BudgetId], [b].[CreatedDate], [b].[Month], [b].[Notes], [b].[TotalBudget], [b].[UpdatedDate], [b].[UserId], [b].[Year]
FROM [Budgets] AS [b]
WHERE [b].[UserId] = @userId AND [b].[Month] = @today_Month AND [b].[Year] = @today_Year
2026-08-31 17:57:09.918 +05:30 [INF] Executed DbCommand (3ms) [Parameters=[@userId='?' (Size = 450)], CommandType='"Text"', CommandTimeout='30']
SELECT COUNT(*)
FROM [Notifications] AS [n]
WHERE [n].[UserId] = @userId AND [n].[IsRead] = CAST(0 AS bit)
2026-08-31 17:57:09.918 +05:30 [INF] Executing ViewResult, running view Index.
2026-08-31 17:57:09.926 +05:30 [INF] Executed DbCommand (6ms) [Parameters=[@p='?' (Size = 450)], CommandType='"Text"', CommandTimeout='30']
SELECT TOP(1) [a].[Id], [a].[AccessFailedCount], [a].[ConcurrencyStamp], [a].[CreatedDate], [a].[Currency], [a].[DateFormat], [a].[Email], [a].[EmailConfirmed], [a].[FirstName], [a].[LastName], [a].[LockoutEnabled], [a].[LockoutEnd], [a].[NormalizedEmail], [a].[NormalizedUserName], [a].[PasswordHash], [a].[PhoneNumber], [a].[PhoneNumberConfirmed], [a].[SecurityStamp], [a].[Theme], [a].[TwoFactorEnabled], [a].[UserName]
FROM [AspNetUsers] AS [a]
WHERE [a].[Id] = @p
2026-08-31 17:57:09.927 +05:30 [INF] Executed ViewResult - view Index executed in 8.9582ms.
2026-08-31 17:57:09.927 +05:30 [INF] Executed action MyDailyExpenseTracker.Controllers.DashboardController.Index (MyDailyExpenseTracker) in 137.8135ms
2026-08-31 17:57:09.928 +05:30 [INF] Executed endpoint 'MyDailyExpenseTracker.Controllers.DashboardController.Index (MyDailyExpenseTracker)'
2026-08-31 17:57:09.928 +05:30 [INF] Request finished HTTP/1.1 GET http://localhost:5172/ - 200 null text/html; charset=utf-8 139.5177ms
2026-08-31 17:57:12.173 +05:30 [INF] Request starting HTTP/1.1 GET http://localhost:5172/Transactions - null null
2026-08-31 17:57:12.174 +05:30 [INF] Executing endpoint 'MyDailyExpenseTracker.Controllers.TransactionsController.Index (MyDailyExpenseTracker)'
2026-08-31 17:57:12.175 +05:30 [INF] Route matched with {action = "Index", controller = "Transactions"}. Executing controller action with signature System.Threading.Tasks.Task`1[Microsoft.AspNetCore.Mvc.IActionResult] Index(MyDailyExpenseTracker.ViewModels.TransactionFilterViewModel) on controller MyDailyExpenseTracker.Controllers.TransactionsController (MyDailyExpenseTracker).
2026-08-31 17:57:12.197 +05:30 [INF] Executed DbCommand (8ms) [Parameters=[@userId='?' (Size = 450)], CommandType='"Text"', CommandTimeout='30']
SELECT [t].[Type], [t].[Amount]
FROM [Transactions] AS [t]
WHERE [t].[UserId] = @userId
2026-08-31 17:57:12.207 +05:30 [INF] Executed DbCommand (9ms) [Parameters=[@userId='?' (Size = 450), @p='?' (DbType = Int32), @p2='?' (DbType = Int32)], CommandType='"Text"', CommandTimeout='30']
SELECT [t0].[TransactionId], [t0].[TransactionDate], [t0].[Description], [c].[Name] AS [CategoryName], [c].[Icon] AS [CategoryIcon], [c].[Color] AS [CategoryColor], [t0].[Type], [t0].[Amount], [p].[Name] AS [PaymentMethodName]
FROM (
    SELECT [t].[TransactionId], [t].[Amount], [t].[CategoryId], [t].[CreatedDate], [t].[Description], [t].[PaymentMethodId], [t].[TransactionDate], [t].[Type]
    FROM [Transactions] AS [t]
    WHERE [t].[UserId] = @userId
    ORDER BY [t].[TransactionDate] DESC, [t].[CreatedDate] DESC
    OFFSET @p ROWS FETCH NEXT @p2 ROWS ONLY
) AS [t0]
INNER JOIN [Categories] AS [c] ON [t0].[CategoryId] = [c].[CategoryId]
LEFT JOIN [PaymentMethods] AS [p] ON [t0].[PaymentMethodId] = [p].[PaymentMethodId]
ORDER BY [t0].[TransactionDate] DESC, [t0].[CreatedDate] DESC
2026-08-31 17:57:12.221 +05:30 [INF] Executed DbCommand (13ms) [Parameters=[@userId='?' (Size = 450)], CommandType='"Text"', CommandTimeout='30']
SELECT CONVERT(varchar(11), [c].[CategoryId]) AS [Value], [c].[Name] AS [Text]
FROM [Categories] AS [c]
WHERE [c].[IsActive] = CAST(1 AS bit) AND ([c].[UserId] = @userId OR [c].[UserId] IS NULL)
ORDER BY [c].[Name]
2026-08-31 17:57:12.227 +05:30 [INF] Executed DbCommand (5ms) [Parameters=[@userId='?' (Size = 450)], CommandType='"Text"', CommandTimeout='30']
SELECT CONVERT(varchar(11), [p].[PaymentMethodId]) AS [Value], [p].[Name] AS [Text]
FROM [PaymentMethods] AS [p]
WHERE [p].[IsActive] = CAST(1 AS bit) AND ([p].[UserId] = @userId OR [p].[UserId] IS NULL)
ORDER BY [p].[Name]
2026-08-31 17:57:12.227 +05:30 [INF] Executing ViewResult, running view Index.
2026-08-31 17:57:12.234 +05:30 [INF] Executed DbCommand (5ms) [Parameters=[@p='?' (Size = 450)], CommandType='"Text"', CommandTimeout='30']
SELECT TOP(1) [a].[Id], [a].[AccessFailedCount], [a].[ConcurrencyStamp], [a].[CreatedDate], [a].[Currency], [a].[DateFormat], [a].[Email], [a].[EmailConfirmed], [a].[FirstName], [a].[LastName], [a].[LockoutEnabled], [a].[LockoutEnd], [a].[NormalizedEmail], [a].[NormalizedUserName], [a].[PasswordHash], [a].[PhoneNumber], [a].[PhoneNumberConfirmed], [a].[SecurityStamp], [a].[Theme], [a].[TwoFactorEnabled], [a].[UserName]
FROM [AspNetUsers] AS [a]
WHERE [a].[Id] = @p
2026-08-31 17:57:12.237 +05:30 [INF] Executed ViewResult - view Index executed in 10.3722ms.
2026-08-31 17:57:12.238 +05:30 [INF] Executed action MyDailyExpenseTracker.Controllers.TransactionsController.Index (MyDailyExpenseTracker) in 62.9361ms
2026-08-31 17:57:12.238 +05:30 [INF] Executed endpoint 'MyDailyExpenseTracker.Controllers.TransactionsController.Index (MyDailyExpenseTracker)'
2026-08-31 17:57:12.238 +05:30 [INF] Request finished HTTP/1.1 GET http://localhost:5172/Transactions - 200 null text/html; charset=utf-8 64.7003ms
2026-08-31 17:57:16.073 +05:30 [INF] Request starting HTTP/1.1 GET http://localhost:5172/Transactions/Create - null null
2026-08-31 17:57:16.074 +05:30 [INF] Executing endpoint 'MyDailyExpenseTracker.Controllers.TransactionsController.Create (MyDailyExpenseTracker)'
2026-08-31 17:57:16.086 +05:30 [INF] Route matched with {action = "Create", controller = "Transactions"}. Executing controller action with signature System.Threading.Tasks.Task`1[Microsoft.AspNetCore.Mvc.IActionResult] Create(System.String) on controller MyDailyExpenseTracker.Controllers.TransactionsController (MyDailyExpenseTracker).
2026-08-31 17:57:16.110 +05:30 [INF] Executed DbCommand (16ms) [Parameters=[@userId='?' (Size = 450), @type='?' (Size = 10)], CommandType='"Text"', CommandTimeout='30']
SELECT CONVERT(varchar(11), [c].[CategoryId]) AS [Value], [c].[Name] AS [Text]
FROM [Categories] AS [c]
WHERE [c].[IsActive] = CAST(1 AS bit) AND ([c].[UserId] = @userId OR [c].[UserId] IS NULL) AND ([c].[Type] = @type OR [c].[Type] = N'Both')
ORDER BY [c].[Name]
2026-08-31 17:57:16.121 +05:30 [INF] Executed DbCommand (9ms) [Parameters=[@userId='?' (Size = 450)], CommandType='"Text"', CommandTimeout='30']
SELECT CONVERT(varchar(11), [p].[PaymentMethodId]) AS [Value], [p].[Name] AS [Text]
FROM [PaymentMethods] AS [p]
WHERE [p].[IsActive] = CAST(1 AS bit) AND ([p].[UserId] = @userId OR [p].[UserId] IS NULL)
ORDER BY [p].[Name]
2026-08-31 17:57:16.122 +05:30 [INF] Executing ViewResult, running view Create.
2026-08-31 17:57:16.188 +05:30 [INF] Executed DbCommand (4ms) [Parameters=[@p='?' (Size = 450)], CommandType='"Text"', CommandTimeout='30']
SELECT TOP(1) [a].[Id], [a].[AccessFailedCount], [a].[ConcurrencyStamp], [a].[CreatedDate], [a].[Currency], [a].[DateFormat], [a].[Email], [a].[EmailConfirmed], [a].[FirstName], [a].[LastName], [a].[LockoutEnabled], [a].[LockoutEnd], [a].[NormalizedEmail], [a].[NormalizedUserName], [a].[PasswordHash], [a].[PhoneNumber], [a].[PhoneNumberConfirmed], [a].[SecurityStamp], [a].[Theme], [a].[TwoFactorEnabled], [a].[UserName]
FROM [AspNetUsers] AS [a]
WHERE [a].[Id] = @p
2026-08-31 17:57:16.189 +05:30 [INF] Executed ViewResult - view Create executed in 68.2848ms.
2026-08-31 17:57:16.190 +05:30 [INF] Executed action MyDailyExpenseTracker.Controllers.TransactionsController.Create (MyDailyExpenseTracker) in 103.7972ms
2026-08-31 17:57:16.190 +05:30 [INF] Executed endpoint 'MyDailyExpenseTracker.Controllers.TransactionsController.Create (MyDailyExpenseTracker)'
2026-08-31 17:57:16.190 +05:30 [INF] Request finished HTTP/1.1 GET http://localhost:5172/Transactions/Create - 200 null text/html; charset=utf-8 116.7863ms
2026-08-31 17:57:22.927 +05:30 [INF] Request starting HTTP/1.1 GET http://localhost:5172/ - null null
2026-08-31 17:57:22.928 +05:30 [INF] Executing endpoint 'MyDailyExpenseTracker.Controllers.DashboardController.Index (MyDailyExpenseTracker)'
2026-08-31 17:57:22.928 +05:30 [INF] Route matched with {action = "Index", controller = "Dashboard"}. Executing controller action with signature System.Threading.Tasks.Task`1[Microsoft.AspNetCore.Mvc.IActionResult] Index() on controller MyDailyExpenseTracker.Controllers.DashboardController (MyDailyExpenseTracker).
2026-08-31 17:57:22.942 +05:30 [INF] Executed DbCommand (11ms) [Parameters=[@userId='?' (Size = 450), @today='?' (DbType = DateTime2), @today2='?' (DbType = DateTime2)], CommandType='"Text"', CommandTimeout='30']
SELECT [r].[RecurringExpenseId], [r].[Amount], [r].[CategoryId], [r].[CreatedDate], [r].[EndDate], [r].[Frequency], [r].[IsActive], [r].[LastGeneratedDate], [r].[Name], [r].[Notes], [r].[PaymentMethodId], [r].[StartDate], [r].[Type], [r].[UserId]
FROM [RecurringExpenses] AS [r]
WHERE [r].[UserId] = @userId AND [r].[IsActive] = CAST(1 AS bit) AND [r].[StartDate] <= @today AND ([r].[EndDate] IS NULL OR [r].[EndDate] >= @today2)
2026-08-31 17:57:22.961 +05:30 [INF] Executed DbCommand (18ms) [Parameters=[@userId='?' (Size = 450), @today_Month='?' (DbType = Int32), @today_Year='?' (DbType = Int32)], CommandType='"Text"', CommandTimeout='30']
SELECT [b1].[BudgetId], [b1].[CreatedDate], [b1].[Month], [b1].[Notes], [b1].[TotalBudget], [b1].[UpdatedDate], [b1].[UserId], [b1].[Year], [s].[BudgetCategoryId], [s].[Amount], [s].[BudgetId], [s].[CategoryId], [s].[CategoryId0], [s].[Color], [s].[CreatedDate], [s].[Icon], [s].[IsActive], [s].[IsDefault], [s].[Name], [s].[Type], [s].[UserId]
FROM (
    SELECT TOP(1) [b].[BudgetId], [b].[CreatedDate], [b].[Month], [b].[Notes], [b].[TotalBudget], [b].[UpdatedDate], [b].[UserId], [b].[Year]
    FROM [Budgets] AS [b]
    WHERE [b].[UserId] = @userId AND [b].[Month] = @today_Month AND [b].[Year] = @today_Year
) AS [b1]
LEFT JOIN (
    SELECT [b0].[BudgetCategoryId], [b0].[Amount], [b0].[BudgetId], [b0].[CategoryId], [c].[CategoryId] AS [CategoryId0], [c].[Color], [c].[CreatedDate], [c].[Icon], [c].[IsActive], [c].[IsDefault], [c].[Name], [c].[Type], [c].[UserId]
    FROM [BudgetCategories] AS [b0]
    INNER JOIN [Categories] AS [c] ON [b0].[CategoryId] = [c].[CategoryId]
) AS [s] ON [b1].[BudgetId] = [s].[BudgetId]
ORDER BY [b1].[BudgetId], [s].[BudgetCategoryId]
2026-08-31 17:57:22.968 +05:30 [INF] Executed DbCommand (7ms) [Parameters=[@userId='?' (Size = 450), @today='?' (DbType = DateTime2)], CommandType='"Text"', CommandTimeout='30']
SELECT [t].[Type], COALESCE(SUM([t].[Amount]), 0.0) AS [Total]
FROM [Transactions] AS [t]
WHERE [t].[UserId] = @userId AND CONVERT(date, [t].[TransactionDate]) = @today
GROUP BY [t].[Type]
2026-08-31 17:57:22.974 +05:30 [INF] Executed DbCommand (5ms) [Parameters=[@userId='?' (Size = 450), @monthStart='?' (DbType = DateTime2), @today='?' (DbType = DateTime2)], CommandType='"Text"', CommandTimeout='30']
SELECT [t].[Type], COALESCE(SUM([t].[Amount]), 0.0) AS [Total]
FROM [Transactions] AS [t]
WHERE [t].[UserId] = @userId AND [t].[TransactionDate] >= @monthStart AND [t].[TransactionDate] <= @today
GROUP BY [t].[Type]
2026-08-31 17:57:22.981 +05:30 [INF] Executed DbCommand (6ms) [Parameters=[@userId='?' (Size = 450)], CommandType='"Text"', CommandTimeout='30']
SELECT COALESCE(SUM([t].[Amount]), 0.0)
FROM [Transactions] AS [t]
WHERE [t].[UserId] = @userId AND [t].[Type] = N'Income'
2026-08-31 17:57:22.986 +05:30 [INF] Executed DbCommand (5ms) [Parameters=[@userId='?' (Size = 450)], CommandType='"Text"', CommandTimeout='30']
SELECT COALESCE(SUM([t].[Amount]), 0.0)
FROM [Transactions] AS [t]
WHERE [t].[UserId] = @userId AND [t].[Type] = N'Expense'
2026-08-31 17:57:22.988 +05:30 [INF] Executed DbCommand (2ms) [Parameters=[@userId='?' (Size = 450)], CommandType='"Text"', CommandTimeout='30']
SELECT COUNT(*)
FROM [Transactions] AS [t]
WHERE [t].[UserId] = @userId
2026-08-31 17:57:22.997 +05:30 [INF] Executed DbCommand (8ms) [Parameters=[@userId='?' (Size = 450), @prevStart='?' (DbType = DateTime2), @prevEnd='?' (DbType = DateTime2)], CommandType='"Text"', CommandTimeout='30']
SELECT COALESCE(SUM([t].[Amount]), 0.0)
FROM [Transactions] AS [t]
WHERE [t].[UserId] = @userId AND [t].[Type] = N'Expense' AND [t].[TransactionDate] >= @prevStart AND [t].[TransactionDate] <= @prevEnd
2026-08-31 17:57:23.005 +05:30 [INF] Executed DbCommand (7ms) [Parameters=[@p='?' (DbType = Int32), @userId='?' (Size = 450)], CommandType='"Text"', CommandTimeout='30']
SELECT [t0].[TransactionId], [t0].[TransactionDate], [t0].[Description], [c].[Name] AS [CategoryName], [c].[Icon] AS [CategoryIcon], [c].[Color] AS [CategoryColor], [t0].[Type], [t0].[Amount], [p].[Name] AS [PaymentMethodName]
FROM (
    SELECT TOP(@p) [t].[TransactionId], [t].[Amount], [t].[CategoryId], [t].[CreatedDate], [t].[Description], [t].[PaymentMethodId], [t].[TransactionDate], [t].[Type]
    FROM [Transactions] AS [t]
    WHERE [t].[UserId] = @userId
    ORDER BY [t].[TransactionDate] DESC, [t].[CreatedDate] DESC
) AS [t0]
INNER JOIN [Categories] AS [c] ON [t0].[CategoryId] = [c].[CategoryId]
LEFT JOIN [PaymentMethods] AS [p] ON [t0].[PaymentMethodId] = [p].[PaymentMethodId]
ORDER BY [t0].[TransactionDate] DESC, [t0].[CreatedDate] DESC
2026-08-31 17:57:23.013 +05:30 [INF] Executed DbCommand (7ms) [Parameters=[@userId='?' (Size = 450), @sixMonthsAgo='?' (DbType = DateTime2)], CommandType='"Text"', CommandTimeout='30']
SELECT [t0].[Year], [t0].[Month], COALESCE(SUM([t0].[Amount]), 0.0) AS [Total]
FROM (
    SELECT [t].[Amount], DATEPART(year, [t].[TransactionDate]) AS [Year], DATEPART(month, [t].[TransactionDate]) AS [Month]
    FROM [Transactions] AS [t]
    WHERE [t].[UserId] = @userId AND [t].[Type] = N'Expense' AND [t].[TransactionDate] >= @sixMonthsAgo
) AS [t0]
GROUP BY [t0].[Year], [t0].[Month]
2026-08-31 17:57:23.023 +05:30 [INF] Executed DbCommand (10ms) [Parameters=[@userId='?' (Size = 450), @sixMonthsAgo='?' (DbType = DateTime2)], CommandType='"Text"', CommandTimeout='30']
SELECT [t0].[Year], [t0].[Month], [t0].[Type], COALESCE(SUM([t0].[Amount]), 0.0) AS [Total]
FROM (
    SELECT [t].[Amount], [t].[Type], DATEPART(year, [t].[TransactionDate]) AS [Year], DATEPART(month, [t].[TransactionDate]) AS [Month]
    FROM [Transactions] AS [t]
    WHERE [t].[UserId] = @userId AND [t].[TransactionDate] >= @sixMonthsAgo
) AS [t0]
GROUP BY [t0].[Year], [t0].[Month], [t0].[Type]
2026-08-31 17:57:23.041 +05:30 [INF] Executed DbCommand (16ms) [Parameters=[@p='?' (DbType = Int32), @userId='?' (Size = 450), @monthStart='?' (DbType = DateTime2), @today='?' (DbType = DateTime2)], CommandType='"Text"', CommandTimeout='30']
SELECT TOP(@p) [c].[Name] AS [Category], COALESCE(SUM([t].[Amount]), 0.0) AS [Total]
FROM [Transactions] AS [t]
INNER JOIN [Categories] AS [c] ON [t].[CategoryId] = [c].[CategoryId]
WHERE [t].[UserId] = @userId AND [t].[Type] = N'Expense' AND [t].[TransactionDate] >= @monthStart AND [t].[TransactionDate] <= @today
GROUP BY [c].[Name]
ORDER BY COALESCE(SUM([t].[Amount]), 0.0) DESC
2026-08-31 17:57:23.053 +05:30 [INF] Executed DbCommand (11ms) [Parameters=[@userId='?' (Size = 450), @monthStart='?' (DbType = DateTime2), @today='?' (DbType = DateTime2)], CommandType='"Text"', CommandTimeout='30']
SELECT [t0].[Key] AS [Day], COALESCE(SUM([t0].[Amount]), 0.0) AS [Total]
FROM (
    SELECT [t].[Amount], DATEPART(day, [t].[TransactionDate]) AS [Key]
    FROM [Transactions] AS [t]
    WHERE [t].[UserId] = @userId AND [t].[Type] = N'Expense' AND [t].[TransactionDate] >= @monthStart AND [t].[TransactionDate] <= @today
) AS [t0]
GROUP BY [t0].[Key]
2026-08-31 17:57:23.060 +05:30 [INF] Executed DbCommand (6ms) [Parameters=[@userId='?' (Size = 450), @monthStart='?' (DbType = DateTime2), @today='?' (DbType = DateTime2)], CommandType='"Text"', CommandTimeout='30']
SELECT [p].[Name] AS [Method], COALESCE(SUM([t].[Amount]), 0.0) AS [Total]
FROM [Transactions] AS [t]
LEFT JOIN [PaymentMethods] AS [p] ON [t].[PaymentMethodId] = [p].[PaymentMethodId]
WHERE [t].[UserId] = @userId AND [t].[Type] = N'Expense' AND [t].[TransactionDate] >= @monthStart AND [t].[TransactionDate] <= @today AND [t].[PaymentMethodId] IS NOT NULL
GROUP BY [p].[Name]
2026-08-31 17:57:23.064 +05:30 [INF] Executed DbCommand (3ms) [Parameters=[@userId='?' (Size = 450), @today_Month='?' (DbType = Int32), @today_Year='?' (DbType = Int32)], CommandType='"Text"', CommandTimeout='30']
SELECT TOP(1) [b].[BudgetId], [b].[CreatedDate], [b].[Month], [b].[Notes], [b].[TotalBudget], [b].[UpdatedDate], [b].[UserId], [b].[Year]
FROM [Budgets] AS [b]
WHERE [b].[UserId] = @userId AND [b].[Month] = @today_Month AND [b].[Year] = @today_Year
2026-08-31 17:57:23.067 +05:30 [INF] Executed DbCommand (3ms) [Parameters=[@userId='?' (Size = 450)], CommandType='"Text"', CommandTimeout='30']
SELECT COUNT(*)
FROM [Notifications] AS [n]
WHERE [n].[UserId] = @userId AND [n].[IsRead] = CAST(0 AS bit)
2026-08-31 17:57:23.067 +05:30 [INF] Executing ViewResult, running view Index.
2026-08-31 17:57:23.072 +05:30 [INF] Executed DbCommand (4ms) [Parameters=[@p='?' (Size = 450)], CommandType='"Text"', CommandTimeout='30']
SELECT TOP(1) [a].[Id], [a].[AccessFailedCount], [a].[ConcurrencyStamp], [a].[CreatedDate], [a].[Currency], [a].[DateFormat], [a].[Email], [a].[EmailConfirmed], [a].[FirstName], [a].[LastName], [a].[LockoutEnabled], [a].[LockoutEnd], [a].[NormalizedEmail], [a].[NormalizedUserName], [a].[PasswordHash], [a].[PhoneNumber], [a].[PhoneNumberConfirmed], [a].[SecurityStamp], [a].[Theme], [a].[TwoFactorEnabled], [a].[UserName]
FROM [AspNetUsers] AS [a]
WHERE [a].[Id] = @p
2026-08-31 17:57:23.074 +05:30 [INF] Executed ViewResult - view Index executed in 6.76ms.
2026-08-31 17:57:23.074 +05:30 [INF] Executed action MyDailyExpenseTracker.Controllers.DashboardController.Index (MyDailyExpenseTracker) in 145.8669ms
2026-08-31 17:57:23.074 +05:30 [INF] Executed endpoint 'MyDailyExpenseTracker.Controllers.DashboardController.Index (MyDailyExpenseTracker)'
2026-08-31 17:57:23.074 +05:30 [INF] Request finished HTTP/1.1 GET http://localhost:5172/ - 200 null text/html; charset=utf-8 147.4626ms
2026-08-31 17:57:27.309 +05:30 [INF] Request starting HTTP/1.1 POST http://localhost:5172/Profile/SetTheme - application/x-www-form-urlencoded 11
2026-08-31 17:57:27.310 +05:30 [INF] Executing endpoint 'MyDailyExpenseTracker.Controllers.ProfileController.SetTheme (MyDailyExpenseTracker)'
2026-08-31 17:57:27.310 +05:30 [INF] Route matched with {action = "SetTheme", controller = "Profile"}. Executing controller action with signature System.Threading.Tasks.Task`1[Microsoft.AspNetCore.Mvc.IActionResult] SetTheme(System.String) on controller MyDailyExpenseTracker.Controllers.ProfileController (MyDailyExpenseTracker).
2026-08-31 17:57:27.324 +05:30 [INF] Executed DbCommand (12ms) [Parameters=[@p='?' (Size = 450)], CommandType='"Text"', CommandTimeout='30']
SELECT TOP(1) [a].[Id], [a].[AccessFailedCount], [a].[ConcurrencyStamp], [a].[CreatedDate], [a].[Currency], [a].[DateFormat], [a].[Email], [a].[EmailConfirmed], [a].[FirstName], [a].[LastName], [a].[LockoutEnabled], [a].[LockoutEnd], [a].[NormalizedEmail], [a].[NormalizedUserName], [a].[PasswordHash], [a].[PhoneNumber], [a].[PhoneNumberConfirmed], [a].[SecurityStamp], [a].[Theme], [a].[TwoFactorEnabled], [a].[UserName]
FROM [AspNetUsers] AS [a]
WHERE [a].[Id] = @p
2026-08-31 17:57:27.336 +05:30 [INF] Executed DbCommand (12ms) [Parameters=[@normalizedUserName='?' (Size = 256)], CommandType='"Text"', CommandTimeout='30']
SELECT TOP(1) [a].[Id], [a].[AccessFailedCount], [a].[ConcurrencyStamp], [a].[CreatedDate], [a].[Currency], [a].[DateFormat], [a].[Email], [a].[EmailConfirmed], [a].[FirstName], [a].[LastName], [a].[LockoutEnabled], [a].[LockoutEnd], [a].[NormalizedEmail], [a].[NormalizedUserName], [a].[PasswordHash], [a].[PhoneNumber], [a].[PhoneNumberConfirmed], [a].[SecurityStamp], [a].[Theme], [a].[TwoFactorEnabled], [a].[UserName]
FROM [AspNetUsers] AS [a]
WHERE [a].[NormalizedUserName] = @normalizedUserName
2026-08-31 17:57:27.340 +05:30 [INF] Executed DbCommand (3ms) [Parameters=[@normalizedEmail='?' (Size = 256)], CommandType='"Text"', CommandTimeout='30']
SELECT TOP(2) [a].[Id], [a].[AccessFailedCount], [a].[ConcurrencyStamp], [a].[CreatedDate], [a].[Currency], [a].[DateFormat], [a].[Email], [a].[EmailConfirmed], [a].[FirstName], [a].[LastName], [a].[LockoutEnabled], [a].[LockoutEnd], [a].[NormalizedEmail], [a].[NormalizedUserName], [a].[PasswordHash], [a].[PhoneNumber], [a].[PhoneNumberConfirmed], [a].[SecurityStamp], [a].[Theme], [a].[TwoFactorEnabled], [a].[UserName]
FROM [AspNetUsers] AS [a]
WHERE [a].[NormalizedEmail] = @normalizedEmail
2026-08-31 17:57:27.349 +05:30 [INF] Executed DbCommand (8ms) [Parameters=[@p20='?' (Size = 450), @p0='?' (DbType = Int32), @p1='?' (Size = 4000), @p21='?' (Size = 4000), @p2='?' (DbType = DateTime2), @p3='?' (Size = 10), @p4='?' (Size = 20), @p5='?' (Size = 256), @p6='?' (DbType = Boolean), @p7='?' (Size = 100), @p8='?' (Size = 100), @p9='?' (DbType = Boolean), @p10='?' (DbType = DateTimeOffset), @p11='?' (Size = 256), @p12='?' (Size = 256), @p13='?' (Size = 4000), @p14='?' (Size = 4000), @p15='?' (DbType = Boolean), @p16='?' (Size = 4000), @p17='?' (Size = 10), @p18='?' (DbType = Boolean), @p19='?' (Size = 256)], CommandType='"Text"', CommandTimeout='30']
SET IMPLICIT_TRANSACTIONS OFF;
SET NOCOUNT ON;
UPDATE [AspNetUsers] SET [AccessFailedCount] = @p0, [ConcurrencyStamp] = @p1, [CreatedDate] = @p2, [Currency] = @p3, [DateFormat] = @p4, [Email] = @p5, [EmailConfirmed] = @p6, [FirstName] = @p7, [LastName] = @p8, [LockoutEnabled] = @p9, [LockoutEnd] = @p10, [NormalizedEmail] = @p11, [NormalizedUserName] = @p12, [PasswordHash] = @p13, [PhoneNumber] = @p14, [PhoneNumberConfirmed] = @p15, [SecurityStamp] = @p16, [Theme] = @p17, [TwoFactorEnabled] = @p18, [UserName] = @p19
OUTPUT 1
WHERE [Id] = @p20 AND [ConcurrencyStamp] = @p21;
2026-08-31 17:57:27.349 +05:30 [INF] Executing StatusCodeResult, setting HTTP status code 200
2026-08-31 17:57:27.350 +05:30 [INF] Executed action MyDailyExpenseTracker.Controllers.ProfileController.SetTheme (MyDailyExpenseTracker) in 39.8062ms
2026-08-31 17:57:27.350 +05:30 [INF] Executed endpoint 'MyDailyExpenseTracker.Controllers.ProfileController.SetTheme (MyDailyExpenseTracker)'
2026-08-31 17:57:27.350 +05:30 [INF] Request finished HTTP/1.1 POST http://localhost:5172/Profile/SetTheme - 200 0 null 41.5489ms
2026-08-31 17:57:29.197 +05:30 [INF] Request starting HTTP/1.1 GET http://localhost:5172/Categories - null null
2026-08-31 17:57:29.197 +05:30 [INF] Executing endpoint 'MyDailyExpenseTracker.Controllers.CategoriesController.Index (MyDailyExpenseTracker)'
2026-08-31 17:57:29.197 +05:30 [INF] Route matched with {action = "Index", controller = "Categories"}. Executing controller action with signature System.Threading.Tasks.Task`1[Microsoft.AspNetCore.Mvc.IActionResult] Index() on controller MyDailyExpenseTracker.Controllers.CategoriesController (MyDailyExpenseTracker).
2026-08-31 17:57:29.227 +05:30 [INF] Executed DbCommand (28ms) [Parameters=[@userId='?' (Size = 450)], CommandType='"Text"', CommandTimeout='30']
SELECT [t].[CategoryId], COUNT(*) AS [Count]
FROM [Transactions] AS [t]
WHERE [t].[UserId] = @userId
GROUP BY [t].[CategoryId]
2026-08-31 17:57:29.235 +05:30 [INF] Executed DbCommand (7ms) [Parameters=[@userId='?' (Size = 450)], CommandType='"Text"', CommandTimeout='30']
SELECT [c].[CategoryId], [c].[Name], [c].[Icon], [c].[Color], [c].[Type], [c].[IsDefault]
FROM [Categories] AS [c]
WHERE [c].[IsActive] = CAST(1 AS bit) AND ([c].[UserId] = @userId OR [c].[UserId] IS NULL)
ORDER BY [c].[Type], [c].[Name]
2026-08-31 17:57:29.235 +05:30 [INF] Executing ViewResult, running view Index.
2026-08-31 17:57:29.241 +05:30 [INF] Executed DbCommand (5ms) [Parameters=[@p='?' (Size = 450)], CommandType='"Text"', CommandTimeout='30']
SELECT TOP(1) [a].[Id], [a].[AccessFailedCount], [a].[ConcurrencyStamp], [a].[CreatedDate], [a].[Currency], [a].[DateFormat], [a].[Email], [a].[EmailConfirmed], [a].[FirstName], [a].[LastName], [a].[LockoutEnabled], [a].[LockoutEnd], [a].[NormalizedEmail], [a].[NormalizedUserName], [a].[PasswordHash], [a].[PhoneNumber], [a].[PhoneNumberConfirmed], [a].[SecurityStamp], [a].[Theme], [a].[TwoFactorEnabled], [a].[UserName]
FROM [AspNetUsers] AS [a]
WHERE [a].[Id] = @p
2026-08-31 17:57:29.244 +05:30 [INF] Executed ViewResult - view Index executed in 8.5854ms.
2026-08-31 17:57:29.244 +05:30 [INF] Executed action MyDailyExpenseTracker.Controllers.CategoriesController.Index (MyDailyExpenseTracker) in 46.2239ms
2026-08-31 17:57:29.244 +05:30 [INF] Executed endpoint 'MyDailyExpenseTracker.Controllers.CategoriesController.Index (MyDailyExpenseTracker)'
2026-08-31 17:57:29.244 +05:30 [INF] Request finished HTTP/1.1 GET http://localhost:5172/Categories - 200 null text/html; charset=utf-8 47.1384ms
2026-08-31 17:57:30.164 +05:30 [INF] Request starting HTTP/1.1 GET http://localhost:5172/PaymentMethods - null null
2026-08-31 17:57:30.165 +05:30 [INF] Executing endpoint 'MyDailyExpenseTracker.Controllers.PaymentMethodsController.Index (MyDailyExpenseTracker)'
2026-08-31 17:57:30.165 +05:30 [INF] Route matched with {action = "Index", controller = "PaymentMethods"}. Executing controller action with signature System.Threading.Tasks.Task`1[Microsoft.AspNetCore.Mvc.IActionResult] Index() on controller MyDailyExpenseTracker.Controllers.PaymentMethodsController (MyDailyExpenseTracker).
2026-08-31 17:57:30.181 +05:30 [INF] Executed DbCommand (14ms) [Parameters=[@userId='?' (Size = 450)], CommandType='"Text"', CommandTimeout='30']
SELECT [t].[PaymentMethodId] AS [MethodId], COUNT(*) AS [Count]
FROM [Transactions] AS [t]
WHERE [t].[UserId] = @userId AND [t].[PaymentMethodId] IS NOT NULL
GROUP BY [t].[PaymentMethodId]
2026-08-31 17:57:30.185 +05:30 [INF] Executed DbCommand (4ms) [Parameters=[@userId='?' (Size = 450)], CommandType='"Text"', CommandTimeout='30']
SELECT [p].[PaymentMethodId], [p].[Name], [p].[Icon], [p].[IsDefault]
FROM [PaymentMethods] AS [p]
WHERE [p].[IsActive] = CAST(1 AS bit) AND ([p].[UserId] = @userId OR [p].[UserId] IS NULL)
ORDER BY [p].[Name]
2026-08-31 17:57:30.186 +05:30 [INF] Executing ViewResult, running view Index.
2026-08-31 17:57:30.193 +05:30 [INF] Executed DbCommand (5ms) [Parameters=[@p='?' (Size = 450)], CommandType='"Text"', CommandTimeout='30']
SELECT TOP(1) [a].[Id], [a].[AccessFailedCount], [a].[ConcurrencyStamp], [a].[CreatedDate], [a].[Currency], [a].[DateFormat], [a].[Email], [a].[EmailConfirmed], [a].[FirstName], [a].[LastName], [a].[LockoutEnabled], [a].[LockoutEnd], [a].[NormalizedEmail], [a].[NormalizedUserName], [a].[PasswordHash], [a].[PhoneNumber], [a].[PhoneNumberConfirmed], [a].[SecurityStamp], [a].[Theme], [a].[TwoFactorEnabled], [a].[UserName]
FROM [AspNetUsers] AS [a]
WHERE [a].[Id] = @p
2026-08-31 17:57:30.194 +05:30 [INF] Executed ViewResult - view Index executed in 8.2138ms.
2026-08-31 17:57:30.194 +05:30 [INF] Executed action MyDailyExpenseTracker.Controllers.PaymentMethodsController.Index (MyDailyExpenseTracker) in 28.596ms
2026-08-31 17:57:30.194 +05:30 [INF] Executed endpoint 'MyDailyExpenseTracker.Controllers.PaymentMethodsController.Index (MyDailyExpenseTracker)'
2026-08-31 17:57:30.194 +05:30 [INF] Request finished HTTP/1.1 GET http://localhost:5172/PaymentMethods - 200 null text/html; charset=utf-8 29.7383ms
2026-08-31 17:57:31.779 +05:30 [INF] Request starting HTTP/1.1 GET http://localhost:5172/ - null null
2026-08-31 17:57:31.781 +05:30 [INF] Executing endpoint 'MyDailyExpenseTracker.Controllers.DashboardController.Index (MyDailyExpenseTracker)'
2026-08-31 17:57:31.781 +05:30 [INF] Route matched with {action = "Index", controller = "Dashboard"}. Executing controller action with signature System.Threading.Tasks.Task`1[Microsoft.AspNetCore.Mvc.IActionResult] Index() on controller MyDailyExpenseTracker.Controllers.DashboardController (MyDailyExpenseTracker).
2026-08-31 17:57:31.796 +05:30 [INF] Executed DbCommand (13ms) [Parameters=[@userId='?' (Size = 450), @today='?' (DbType = DateTime2), @today2='?' (DbType = DateTime2)], CommandType='"Text"', CommandTimeout='30']
SELECT [r].[RecurringExpenseId], [r].[Amount], [r].[CategoryId], [r].[CreatedDate], [r].[EndDate], [r].[Frequency], [r].[IsActive], [r].[LastGeneratedDate], [r].[Name], [r].[Notes], [r].[PaymentMethodId], [r].[StartDate], [r].[Type], [r].[UserId]
FROM [RecurringExpenses] AS [r]
WHERE [r].[UserId] = @userId AND [r].[IsActive] = CAST(1 AS bit) AND [r].[StartDate] <= @today AND ([r].[EndDate] IS NULL OR [r].[EndDate] >= @today2)
2026-08-31 17:57:31.825 +05:30 [INF] Executed DbCommand (29ms) [Parameters=[@userId='?' (Size = 450), @today_Month='?' (DbType = Int32), @today_Year='?' (DbType = Int32)], CommandType='"Text"', CommandTimeout='30']
SELECT [b1].[BudgetId], [b1].[CreatedDate], [b1].[Month], [b1].[Notes], [b1].[TotalBudget], [b1].[UpdatedDate], [b1].[UserId], [b1].[Year], [s].[BudgetCategoryId], [s].[Amount], [s].[BudgetId], [s].[CategoryId], [s].[CategoryId0], [s].[Color], [s].[CreatedDate], [s].[Icon], [s].[IsActive], [s].[IsDefault], [s].[Name], [s].[Type], [s].[UserId]
FROM (
    SELECT TOP(1) [b].[BudgetId], [b].[CreatedDate], [b].[Month], [b].[Notes], [b].[TotalBudget], [b].[UpdatedDate], [b].[UserId], [b].[Year]
    FROM [Budgets] AS [b]
    WHERE [b].[UserId] = @userId AND [b].[Month] = @today_Month AND [b].[Year] = @today_Year
) AS [b1]
LEFT JOIN (
    SELECT [b0].[BudgetCategoryId], [b0].[Amount], [b0].[BudgetId], [b0].[CategoryId], [c].[CategoryId] AS [CategoryId0], [c].[Color], [c].[CreatedDate], [c].[Icon], [c].[IsActive], [c].[IsDefault], [c].[Name], [c].[Type], [c].[UserId]
    FROM [BudgetCategories] AS [b0]
    INNER JOIN [Categories] AS [c] ON [b0].[CategoryId] = [c].[CategoryId]
) AS [s] ON [b1].[BudgetId] = [s].[BudgetId]
ORDER BY [b1].[BudgetId], [s].[BudgetCategoryId]
2026-08-31 17:57:31.834 +05:30 [INF] Executed DbCommand (8ms) [Parameters=[@userId='?' (Size = 450), @today='?' (DbType = DateTime2)], CommandType='"Text"', CommandTimeout='30']
SELECT [t].[Type], COALESCE(SUM([t].[Amount]), 0.0) AS [Total]
FROM [Transactions] AS [t]
WHERE [t].[UserId] = @userId AND CONVERT(date, [t].[TransactionDate]) = @today
GROUP BY [t].[Type]
2026-08-31 17:57:31.843 +05:30 [INF] Executed DbCommand (9ms) [Parameters=[@userId='?' (Size = 450), @monthStart='?' (DbType = DateTime2), @today='?' (DbType = DateTime2)], CommandType='"Text"', CommandTimeout='30']
SELECT [t].[Type], COALESCE(SUM([t].[Amount]), 0.0) AS [Total]
FROM [Transactions] AS [t]
WHERE [t].[UserId] = @userId AND [t].[TransactionDate] >= @monthStart AND [t].[TransactionDate] <= @today
GROUP BY [t].[Type]
2026-08-31 17:57:31.850 +05:30 [INF] Executed DbCommand (6ms) [Parameters=[@userId='?' (Size = 450)], CommandType='"Text"', CommandTimeout='30']
SELECT COALESCE(SUM([t].[Amount]), 0.0)
FROM [Transactions] AS [t]
WHERE [t].[UserId] = @userId AND [t].[Type] = N'Income'
2026-08-31 17:57:31.856 +05:30 [INF] Executed DbCommand (6ms) [Parameters=[@userId='?' (Size = 450)], CommandType='"Text"', CommandTimeout='30']
SELECT COALESCE(SUM([t].[Amount]), 0.0)
FROM [Transactions] AS [t]
WHERE [t].[UserId] = @userId AND [t].[Type] = N'Expense'
2026-08-31 17:57:31.860 +05:30 [INF] Executed DbCommand (4ms) [Parameters=[@userId='?' (Size = 450)], CommandType='"Text"', CommandTimeout='30']
SELECT COUNT(*)
FROM [Transactions] AS [t]
WHERE [t].[UserId] = @userId
2026-08-31 17:57:31.868 +05:30 [INF] Executed DbCommand (7ms) [Parameters=[@userId='?' (Size = 450), @prevStart='?' (DbType = DateTime2), @prevEnd='?' (DbType = DateTime2)], CommandType='"Text"', CommandTimeout='30']
SELECT COALESCE(SUM([t].[Amount]), 0.0)
FROM [Transactions] AS [t]
WHERE [t].[UserId] = @userId AND [t].[Type] = N'Expense' AND [t].[TransactionDate] >= @prevStart AND [t].[TransactionDate] <= @prevEnd
2026-08-31 17:57:31.877 +05:30 [INF] Executed DbCommand (8ms) [Parameters=[@p='?' (DbType = Int32), @userId='?' (Size = 450)], CommandType='"Text"', CommandTimeout='30']
SELECT [t0].[TransactionId], [t0].[TransactionDate], [t0].[Description], [c].[Name] AS [CategoryName], [c].[Icon] AS [CategoryIcon], [c].[Color] AS [CategoryColor], [t0].[Type], [t0].[Amount], [p].[Name] AS [PaymentMethodName]
FROM (
    SELECT TOP(@p) [t].[TransactionId], [t].[Amount], [t].[CategoryId], [t].[CreatedDate], [t].[Description], [t].[PaymentMethodId], [t].[TransactionDate], [t].[Type]
    FROM [Transactions] AS [t]
    WHERE [t].[UserId] = @userId
    ORDER BY [t].[TransactionDate] DESC, [t].[CreatedDate] DESC
) AS [t0]
INNER JOIN [Categories] AS [c] ON [t0].[CategoryId] = [c].[CategoryId]
LEFT JOIN [PaymentMethods] AS [p] ON [t0].[PaymentMethodId] = [p].[PaymentMethodId]
ORDER BY [t0].[TransactionDate] DESC, [t0].[CreatedDate] DESC
2026-08-31 17:57:31.886 +05:30 [INF] Executed DbCommand (8ms) [Parameters=[@userId='?' (Size = 450), @sixMonthsAgo='?' (DbType = DateTime2)], CommandType='"Text"', CommandTimeout='30']
SELECT [t0].[Year], [t0].[Month], COALESCE(SUM([t0].[Amount]), 0.0) AS [Total]
FROM (
    SELECT [t].[Amount], DATEPART(year, [t].[TransactionDate]) AS [Year], DATEPART(month, [t].[TransactionDate]) AS [Month]
    FROM [Transactions] AS [t]
    WHERE [t].[UserId] = @userId AND [t].[Type] = N'Expense' AND [t].[TransactionDate] >= @sixMonthsAgo
) AS [t0]
GROUP BY [t0].[Year], [t0].[Month]
2026-08-31 17:57:31.894 +05:30 [INF] Executed DbCommand (7ms) [Parameters=[@userId='?' (Size = 450), @sixMonthsAgo='?' (DbType = DateTime2)], CommandType='"Text"', CommandTimeout='30']
SELECT [t0].[Year], [t0].[Month], [t0].[Type], COALESCE(SUM([t0].[Amount]), 0.0) AS [Total]
FROM (
    SELECT [t].[Amount], [t].[Type], DATEPART(year, [t].[TransactionDate]) AS [Year], DATEPART(month, [t].[TransactionDate]) AS [Month]
    FROM [Transactions] AS [t]
    WHERE [t].[UserId] = @userId AND [t].[TransactionDate] >= @sixMonthsAgo
) AS [t0]
GROUP BY [t0].[Year], [t0].[Month], [t0].[Type]
2026-08-31 17:57:31.905 +05:30 [INF] Executed DbCommand (10ms) [Parameters=[@p='?' (DbType = Int32), @userId='?' (Size = 450), @monthStart='?' (DbType = DateTime2), @today='?' (DbType = DateTime2)], CommandType='"Text"', CommandTimeout='30']
SELECT TOP(@p) [c].[Name] AS [Category], COALESCE(SUM([t].[Amount]), 0.0) AS [Total]
FROM [Transactions] AS [t]
INNER JOIN [Categories] AS [c] ON [t].[CategoryId] = [c].[CategoryId]
WHERE [t].[UserId] = @userId AND [t].[Type] = N'Expense' AND [t].[TransactionDate] >= @monthStart AND [t].[TransactionDate] <= @today
GROUP BY [c].[Name]
ORDER BY COALESCE(SUM([t].[Amount]), 0.0) DESC
2026-08-31 17:57:31.916 +05:30 [INF] Executed DbCommand (10ms) [Parameters=[@userId='?' (Size = 450), @monthStart='?' (DbType = DateTime2), @today='?' (DbType = DateTime2)], CommandType='"Text"', CommandTimeout='30']
SELECT [t0].[Key] AS [Day], COALESCE(SUM([t0].[Amount]), 0.0) AS [Total]
FROM (
    SELECT [t].[Amount], DATEPART(day, [t].[TransactionDate]) AS [Key]
    FROM [Transactions] AS [t]
    WHERE [t].[UserId] = @userId AND [t].[Type] = N'Expense' AND [t].[TransactionDate] >= @monthStart AND [t].[TransactionDate] <= @today
) AS [t0]
GROUP BY [t0].[Key]
2026-08-31 17:57:31.928 +05:30 [INF] Executed DbCommand (11ms) [Parameters=[@userId='?' (Size = 450), @monthStart='?' (DbType = DateTime2), @today='?' (DbType = DateTime2)], CommandType='"Text"', CommandTimeout='30']
SELECT [p].[Name] AS [Method], COALESCE(SUM([t].[Amount]), 0.0) AS [Total]
FROM [Transactions] AS [t]
LEFT JOIN [PaymentMethods] AS [p] ON [t].[PaymentMethodId] = [p].[PaymentMethodId]
WHERE [t].[UserId] = @userId AND [t].[Type] = N'Expense' AND [t].[TransactionDate] >= @monthStart AND [t].[TransactionDate] <= @today AND [t].[PaymentMethodId] IS NOT NULL
GROUP BY [p].[Name]
2026-08-31 17:57:31.932 +05:30 [INF] Executed DbCommand (4ms) [Parameters=[@userId='?' (Size = 450), @today_Month='?' (DbType = Int32), @today_Year='?' (DbType = Int32)], CommandType='"Text"', CommandTimeout='30']
SELECT TOP(1) [b].[BudgetId], [b].[CreatedDate], [b].[Month], [b].[Notes], [b].[TotalBudget], [b].[UpdatedDate], [b].[UserId], [b].[Year]
FROM [Budgets] AS [b]
WHERE [b].[UserId] = @userId AND [b].[Month] = @today_Month AND [b].[Year] = @today_Year
2026-08-31 17:57:31.936 +05:30 [INF] Executed DbCommand (3ms) [Parameters=[@userId='?' (Size = 450)], CommandType='"Text"', CommandTimeout='30']
SELECT COUNT(*)
FROM [Notifications] AS [n]
WHERE [n].[UserId] = @userId AND [n].[IsRead] = CAST(0 AS bit)
2026-08-31 17:57:31.936 +05:30 [INF] Executing ViewResult, running view Index.
2026-08-31 17:57:31.960 +05:30 [INF] Executed DbCommand (23ms) [Parameters=[@p='?' (Size = 450)], CommandType='"Text"', CommandTimeout='30']
SELECT TOP(1) [a].[Id], [a].[AccessFailedCount], [a].[ConcurrencyStamp], [a].[CreatedDate], [a].[Currency], [a].[DateFormat], [a].[Email], [a].[EmailConfirmed], [a].[FirstName], [a].[LastName], [a].[LockoutEnabled], [a].[LockoutEnd], [a].[NormalizedEmail], [a].[NormalizedUserName], [a].[PasswordHash], [a].[PhoneNumber], [a].[PhoneNumberConfirmed], [a].[SecurityStamp], [a].[Theme], [a].[TwoFactorEnabled], [a].[UserName]
FROM [AspNetUsers] AS [a]
WHERE [a].[Id] = @p
2026-08-31 17:57:31.961 +05:30 [INF] Executed ViewResult - view Index executed in 25.0626ms.
2026-08-31 17:57:31.961 +05:30 [INF] Executed action MyDailyExpenseTracker.Controllers.DashboardController.Index (MyDailyExpenseTracker) in 180.0487ms
2026-08-31 17:57:31.961 +05:30 [INF] Executed endpoint 'MyDailyExpenseTracker.Controllers.DashboardController.Index (MyDailyExpenseTracker)'
2026-08-31 17:57:31.961 +05:30 [INF] Request finished HTTP/1.1 GET http://localhost:5172/ - 200 null text/html; charset=utf-8 182.2528ms
2026-08-31 17:57:33.560 +05:30 [INF] Request starting HTTP/1.1 POST http://localhost:5172/Profile/SetTheme - application/x-www-form-urlencoded 10
2026-08-31 17:57:33.561 +05:30 [INF] Executing endpoint 'MyDailyExpenseTracker.Controllers.ProfileController.SetTheme (MyDailyExpenseTracker)'
2026-08-31 17:57:33.561 +05:30 [INF] Route matched with {action = "SetTheme", controller = "Profile"}. Executing controller action with signature System.Threading.Tasks.Task`1[Microsoft.AspNetCore.Mvc.IActionResult] SetTheme(System.String) on controller MyDailyExpenseTracker.Controllers.ProfileController (MyDailyExpenseTracker).
2026-08-31 17:57:33.604 +05:30 [INF] Executed DbCommand (41ms) [Parameters=[@p='?' (Size = 450)], CommandType='"Text"', CommandTimeout='30']
SELECT TOP(1) [a].[Id], [a].[AccessFailedCount], [a].[ConcurrencyStamp], [a].[CreatedDate], [a].[Currency], [a].[DateFormat], [a].[Email], [a].[EmailConfirmed], [a].[FirstName], [a].[LastName], [a].[LockoutEnabled], [a].[LockoutEnd], [a].[NormalizedEmail], [a].[NormalizedUserName], [a].[PasswordHash], [a].[PhoneNumber], [a].[PhoneNumberConfirmed], [a].[SecurityStamp], [a].[Theme], [a].[TwoFactorEnabled], [a].[UserName]
FROM [AspNetUsers] AS [a]
WHERE [a].[Id] = @p
2026-08-31 17:57:33.613 +05:30 [INF] Executed DbCommand (8ms) [Parameters=[@normalizedUserName='?' (Size = 256)], CommandType='"Text"', CommandTimeout='30']
SELECT TOP(1) [a].[Id], [a].[AccessFailedCount], [a].[ConcurrencyStamp], [a].[CreatedDate], [a].[Currency], [a].[DateFormat], [a].[Email], [a].[EmailConfirmed], [a].[FirstName], [a].[LastName], [a].[LockoutEnabled], [a].[LockoutEnd], [a].[NormalizedEmail], [a].[NormalizedUserName], [a].[PasswordHash], [a].[PhoneNumber], [a].[PhoneNumberConfirmed], [a].[SecurityStamp], [a].[Theme], [a].[TwoFactorEnabled], [a].[UserName]
FROM [AspNetUsers] AS [a]
WHERE [a].[NormalizedUserName] = @normalizedUserName
2026-08-31 17:57:33.622 +05:30 [INF] Executed DbCommand (9ms) [Parameters=[@normalizedEmail='?' (Size = 256)], CommandType='"Text"', CommandTimeout='30']
SELECT TOP(2) [a].[Id], [a].[AccessFailedCount], [a].[ConcurrencyStamp], [a].[CreatedDate], [a].[Currency], [a].[DateFormat], [a].[Email], [a].[EmailConfirmed], [a].[FirstName], [a].[LastName], [a].[LockoutEnabled], [a].[LockoutEnd], [a].[NormalizedEmail], [a].[NormalizedUserName], [a].[PasswordHash], [a].[PhoneNumber], [a].[PhoneNumberConfirmed], [a].[SecurityStamp], [a].[Theme], [a].[TwoFactorEnabled], [a].[UserName]
FROM [AspNetUsers] AS [a]
WHERE [a].[NormalizedEmail] = @normalizedEmail
2026-08-31 17:57:33.643 +05:30 [INF] Executed DbCommand (20ms) [Parameters=[@p20='?' (Size = 450), @p0='?' (DbType = Int32), @p1='?' (Size = 4000), @p21='?' (Size = 4000), @p2='?' (DbType = DateTime2), @p3='?' (Size = 10), @p4='?' (Size = 20), @p5='?' (Size = 256), @p6='?' (DbType = Boolean), @p7='?' (Size = 100), @p8='?' (Size = 100), @p9='?' (DbType = Boolean), @p10='?' (DbType = DateTimeOffset), @p11='?' (Size = 256), @p12='?' (Size = 256), @p13='?' (Size = 4000), @p14='?' (Size = 4000), @p15='?' (DbType = Boolean), @p16='?' (Size = 4000), @p17='?' (Size = 10), @p18='?' (DbType = Boolean), @p19='?' (Size = 256)], CommandType='"Text"', CommandTimeout='30']
SET IMPLICIT_TRANSACTIONS OFF;
SET NOCOUNT ON;
UPDATE [AspNetUsers] SET [AccessFailedCount] = @p0, [ConcurrencyStamp] = @p1, [CreatedDate] = @p2, [Currency] = @p3, [DateFormat] = @p4, [Email] = @p5, [EmailConfirmed] = @p6, [FirstName] = @p7, [LastName] = @p8, [LockoutEnabled] = @p9, [LockoutEnd] = @p10, [NormalizedEmail] = @p11, [NormalizedUserName] = @p12, [PasswordHash] = @p13, [PhoneNumber] = @p14, [PhoneNumberConfirmed] = @p15, [SecurityStamp] = @p16, [Theme] = @p17, [TwoFactorEnabled] = @p18, [UserName] = @p19
OUTPUT 1
WHERE [Id] = @p20 AND [ConcurrencyStamp] = @p21;
2026-08-31 17:57:33.644 +05:30 [INF] Executing StatusCodeResult, setting HTTP status code 200
2026-08-31 17:57:33.644 +05:30 [INF] Executed action MyDailyExpenseTracker.Controllers.ProfileController.SetTheme (MyDailyExpenseTracker) in 82.3431ms
2026-08-31 17:57:33.644 +05:30 [INF] Executed endpoint 'MyDailyExpenseTracker.Controllers.ProfileController.SetTheme (MyDailyExpenseTracker)'
2026-08-31 17:57:33.644 +05:30 [INF] Request finished HTTP/1.1 POST http://localhost:5172/Profile/SetTheme - 200 0 null 83.6757ms
2026-08-31 17:57:48.089 +05:30 [INF] Request starting HTTP/1.1 GET http://localhost:5172/Transactions/Create?type=Income - null null
2026-08-31 17:57:48.092 +05:30 [INF] Executing endpoint 'MyDailyExpenseTracker.Controllers.TransactionsController.Create (MyDailyExpenseTracker)'
2026-08-31 17:57:48.092 +05:30 [INF] Route matched with {action = "Create", controller = "Transactions"}. Executing controller action with signature System.Threading.Tasks.Task`1[Microsoft.AspNetCore.Mvc.IActionResult] Create(System.String) on controller MyDailyExpenseTracker.Controllers.TransactionsController (MyDailyExpenseTracker).
2026-08-31 17:57:48.120 +05:30 [INF] Executed DbCommand (25ms) [Parameters=[@userId='?' (Size = 450), @type='?' (Size = 10)], CommandType='"Text"', CommandTimeout='30']
SELECT CONVERT(varchar(11), [c].[CategoryId]) AS [Value], [c].[Name] AS [Text]
FROM [Categories] AS [c]
WHERE [c].[IsActive] = CAST(1 AS bit) AND ([c].[UserId] = @userId OR [c].[UserId] IS NULL) AND ([c].[Type] = @type OR [c].[Type] = N'Both')
ORDER BY [c].[Name]
2026-08-31 17:57:48.127 +05:30 [INF] Executed DbCommand (7ms) [Parameters=[@userId='?' (Size = 450)], CommandType='"Text"', CommandTimeout='30']
SELECT CONVERT(varchar(11), [p].[PaymentMethodId]) AS [Value], [p].[Name] AS [Text]
FROM [PaymentMethods] AS [p]
WHERE [p].[IsActive] = CAST(1 AS bit) AND ([p].[UserId] = @userId OR [p].[UserId] IS NULL)
ORDER BY [p].[Name]
2026-08-31 17:57:48.128 +05:30 [INF] Executing ViewResult, running view Create.
2026-08-31 17:57:48.138 +05:30 [INF] Executed DbCommand (5ms) [Parameters=[@p='?' (Size = 450)], CommandType='"Text"', CommandTimeout='30']
SELECT TOP(1) [a].[Id], [a].[AccessFailedCount], [a].[ConcurrencyStamp], [a].[CreatedDate], [a].[Currency], [a].[DateFormat], [a].[Email], [a].[EmailConfirmed], [a].[FirstName], [a].[LastName], [a].[LockoutEnabled], [a].[LockoutEnd], [a].[NormalizedEmail], [a].[NormalizedUserName], [a].[PasswordHash], [a].[PhoneNumber], [a].[PhoneNumberConfirmed], [a].[SecurityStamp], [a].[Theme], [a].[TwoFactorEnabled], [a].[UserName]
FROM [AspNetUsers] AS [a]
WHERE [a].[Id] = @p
2026-08-31 17:57:48.140 +05:30 [INF] Executed ViewResult - view Create executed in 12.3181ms.
2026-08-31 17:57:48.140 +05:30 [INF] Executed action MyDailyExpenseTracker.Controllers.TransactionsController.Create (MyDailyExpenseTracker) in 47.9072ms
2026-08-31 17:57:48.140 +05:30 [INF] Executed endpoint 'MyDailyExpenseTracker.Controllers.TransactionsController.Create (MyDailyExpenseTracker)'
2026-08-31 17:57:48.141 +05:30 [INF] Request finished HTTP/1.1 GET http://localhost:5172/Transactions/Create?type=Income - 200 null text/html; charset=utf-8 52.0476ms
2026-08-31 17:59:13.940 +05:30 [INF] Request starting HTTP/1.1 POST http://localhost:5172/Transactions/Create - application/x-www-form-urlencoded 386
2026-08-31 17:59:13.941 +05:30 [INF] Executing endpoint 'MyDailyExpenseTracker.Controllers.TransactionsController.Create (MyDailyExpenseTracker)'
2026-08-31 17:59:13.957 +05:30 [INF] Route matched with {action = "Create", controller = "Transactions"}. Executing controller action with signature System.Threading.Tasks.Task`1[Microsoft.AspNetCore.Mvc.IActionResult] Create(MyDailyExpenseTracker.ViewModels.TransactionViewModel) on controller MyDailyExpenseTracker.Controllers.TransactionsController (MyDailyExpenseTracker).
2026-08-31 17:59:14.077 +05:30 [INF] Executed DbCommand (29ms) [Parameters=[@p0='?' (Precision = 18) (Scale = 2) (DbType = Decimal), @p1='?' (DbType = Int32), @p2='?' (DbType = DateTime2), @p3='?' (Size = 200), @p4='?' (Size = 500), @p5='?' (DbType = Int32), @p6='?' (DbType = Int32), @p7='?' (DbType = DateTime2), @p8='?' (Size = 10), @p9='?' (DbType = DateTime2), @p10='?' (Size = 450)], CommandType='"Text"', CommandTimeout='30']
SET IMPLICIT_TRANSACTIONS OFF;
SET NOCOUNT ON;
INSERT INTO [Transactions] ([Amount], [CategoryId], [CreatedDate], [Description], [Notes], [PaymentMethodId], [RecurringExpenseId], [TransactionDate], [Type], [UpdatedDate], [UserId])
OUTPUT INSERTED.[TransactionId]
VALUES (@p0, @p1, @p2, @p3, @p4, @p5, @p6, @p7, @p8, @p9, @p10);
2026-08-31 17:59:14.085 +05:30 [INF] Executing RedirectResult, redirecting to /Transactions.
2026-08-31 17:59:14.086 +05:30 [INF] Executed action MyDailyExpenseTracker.Controllers.TransactionsController.Create (MyDailyExpenseTracker) in 129.145ms
2026-08-31 17:59:14.086 +05:30 [INF] Executed endpoint 'MyDailyExpenseTracker.Controllers.TransactionsController.Create (MyDailyExpenseTracker)'
2026-08-31 17:59:14.086 +05:30 [INF] Request finished HTTP/1.1 POST http://localhost:5172/Transactions/Create - 302 0 null 145.7112ms
2026-08-31 17:59:14.090 +05:30 [INF] Request starting HTTP/1.1 GET http://localhost:5172/Transactions - null null
2026-08-31 17:59:14.091 +05:30 [INF] Executing endpoint 'MyDailyExpenseTracker.Controllers.TransactionsController.Index (MyDailyExpenseTracker)'
2026-08-31 17:59:14.091 +05:30 [INF] Route matched with {action = "Index", controller = "Transactions"}. Executing controller action with signature System.Threading.Tasks.Task`1[Microsoft.AspNetCore.Mvc.IActionResult] Index(MyDailyExpenseTracker.ViewModels.TransactionFilterViewModel) on controller MyDailyExpenseTracker.Controllers.TransactionsController (MyDailyExpenseTracker).
2026-08-31 17:59:14.098 +05:30 [INF] Executed DbCommand (6ms) [Parameters=[@userId='?' (Size = 450)], CommandType='"Text"', CommandTimeout='30']
SELECT [t].[Type], [t].[Amount]
FROM [Transactions] AS [t]
WHERE [t].[UserId] = @userId
2026-08-31 17:59:14.114 +05:30 [INF] Executed DbCommand (14ms) [Parameters=[@userId='?' (Size = 450), @p='?' (DbType = Int32), @p2='?' (DbType = Int32)], CommandType='"Text"', CommandTimeout='30']
SELECT [t0].[TransactionId], [t0].[TransactionDate], [t0].[Description], [c].[Name] AS [CategoryName], [c].[Icon] AS [CategoryIcon], [c].[Color] AS [CategoryColor], [t0].[Type], [t0].[Amount], [p].[Name] AS [PaymentMethodName]
FROM (
    SELECT [t].[TransactionId], [t].[Amount], [t].[CategoryId], [t].[CreatedDate], [t].[Description], [t].[PaymentMethodId], [t].[TransactionDate], [t].[Type]
    FROM [Transactions] AS [t]
    WHERE [t].[UserId] = @userId
    ORDER BY [t].[TransactionDate] DESC, [t].[CreatedDate] DESC
    OFFSET @p ROWS FETCH NEXT @p2 ROWS ONLY
) AS [t0]
INNER JOIN [Categories] AS [c] ON [t0].[CategoryId] = [c].[CategoryId]
LEFT JOIN [PaymentMethods] AS [p] ON [t0].[PaymentMethodId] = [p].[PaymentMethodId]
ORDER BY [t0].[TransactionDate] DESC, [t0].[CreatedDate] DESC
2026-08-31 17:59:14.121 +05:30 [INF] Executed DbCommand (4ms) [Parameters=[@userId='?' (Size = 450)], CommandType='"Text"', CommandTimeout='30']
SELECT CONVERT(varchar(11), [c].[CategoryId]) AS [Value], [c].[Name] AS [Text]
FROM [Categories] AS [c]
WHERE [c].[IsActive] = CAST(1 AS bit) AND ([c].[UserId] = @userId OR [c].[UserId] IS NULL)
ORDER BY [c].[Name]
2026-08-31 17:59:14.125 +05:30 [INF] Executed DbCommand (4ms) [Parameters=[@userId='?' (Size = 450)], CommandType='"Text"', CommandTimeout='30']
SELECT CONVERT(varchar(11), [p].[PaymentMethodId]) AS [Value], [p].[Name] AS [Text]
FROM [PaymentMethods] AS [p]
WHERE [p].[IsActive] = CAST(1 AS bit) AND ([p].[UserId] = @userId OR [p].[UserId] IS NULL)
ORDER BY [p].[Name]
2026-08-31 17:59:14.125 +05:30 [INF] Executing ViewResult, running view Index.
2026-08-31 17:59:14.135 +05:30 [INF] Executed DbCommand (3ms) [Parameters=[@p='?' (Size = 450)], CommandType='"Text"', CommandTimeout='30']
SELECT TOP(1) [a].[Id], [a].[AccessFailedCount], [a].[ConcurrencyStamp], [a].[CreatedDate], [a].[Currency], [a].[DateFormat], [a].[Email], [a].[EmailConfirmed], [a].[FirstName], [a].[LastName], [a].[LockoutEnabled], [a].[LockoutEnd], [a].[NormalizedEmail], [a].[NormalizedUserName], [a].[PasswordHash], [a].[PhoneNumber], [a].[PhoneNumberConfirmed], [a].[SecurityStamp], [a].[Theme], [a].[TwoFactorEnabled], [a].[UserName]
FROM [AspNetUsers] AS [a]
WHERE [a].[Id] = @p
2026-08-31 17:59:14.137 +05:30 [INF] Executed ViewResult - view Index executed in 12.1733ms.
2026-08-31 17:59:14.137 +05:30 [INF] Executed action MyDailyExpenseTracker.Controllers.TransactionsController.Index (MyDailyExpenseTracker) in 46.1257ms
2026-08-31 17:59:14.137 +05:30 [INF] Executed endpoint 'MyDailyExpenseTracker.Controllers.TransactionsController.Index (MyDailyExpenseTracker)'
2026-08-31 17:59:14.138 +05:30 [INF] Request finished HTTP/1.1 GET http://localhost:5172/Transactions - 200 null text/html; charset=utf-8 47.1256ms
2026-08-31 17:59:28.309 +05:30 [INF] Request starting HTTP/1.1 GET http://localhost:5172/PaymentMethods - null null
2026-08-31 17:59:28.310 +05:30 [INF] Executing endpoint 'MyDailyExpenseTracker.Controllers.PaymentMethodsController.Index (MyDailyExpenseTracker)'
2026-08-31 17:59:28.310 +05:30 [INF] Route matched with {action = "Index", controller = "PaymentMethods"}. Executing controller action with signature System.Threading.Tasks.Task`1[Microsoft.AspNetCore.Mvc.IActionResult] Index() on controller MyDailyExpenseTracker.Controllers.PaymentMethodsController (MyDailyExpenseTracker).
2026-08-31 17:59:28.359 +05:30 [INF] Executed DbCommand (48ms) [Parameters=[@userId='?' (Size = 450)], CommandType='"Text"', CommandTimeout='30']
SELECT [t].[PaymentMethodId] AS [MethodId], COUNT(*) AS [Count]
FROM [Transactions] AS [t]
WHERE [t].[UserId] = @userId AND [t].[PaymentMethodId] IS NOT NULL
GROUP BY [t].[PaymentMethodId]
2026-08-31 17:59:28.366 +05:30 [INF] Executed DbCommand (3ms) [Parameters=[@userId='?' (Size = 450)], CommandType='"Text"', CommandTimeout='30']
SELECT [p].[PaymentMethodId], [p].[Name], [p].[Icon], [p].[IsDefault]
FROM [PaymentMethods] AS [p]
WHERE [p].[IsActive] = CAST(1 AS bit) AND ([p].[UserId] = @userId OR [p].[UserId] IS NULL)
ORDER BY [p].[Name]
2026-08-31 17:59:28.366 +05:30 [INF] Executing ViewResult, running view Index.
2026-08-31 17:59:28.372 +05:30 [INF] Executed DbCommand (5ms) [Parameters=[@p='?' (Size = 450)], CommandType='"Text"', CommandTimeout='30']
SELECT TOP(1) [a].[Id], [a].[AccessFailedCount], [a].[ConcurrencyStamp], [a].[CreatedDate], [a].[Currency], [a].[DateFormat], [a].[Email], [a].[EmailConfirmed], [a].[FirstName], [a].[LastName], [a].[LockoutEnabled], [a].[LockoutEnd], [a].[NormalizedEmail], [a].[NormalizedUserName], [a].[PasswordHash], [a].[PhoneNumber], [a].[PhoneNumberConfirmed], [a].[SecurityStamp], [a].[Theme], [a].[TwoFactorEnabled], [a].[UserName]
FROM [AspNetUsers] AS [a]
WHERE [a].[Id] = @p
2026-08-31 17:59:28.373 +05:30 [INF] Executed ViewResult - view Index executed in 6.6495ms.
2026-08-31 17:59:28.373 +05:30 [INF] Executed action MyDailyExpenseTracker.Controllers.PaymentMethodsController.Index (MyDailyExpenseTracker) in 62.5451ms
2026-08-31 17:59:28.373 +05:30 [INF] Executed endpoint 'MyDailyExpenseTracker.Controllers.PaymentMethodsController.Index (MyDailyExpenseTracker)'
2026-08-31 17:59:28.373 +05:30 [INF] Request finished HTTP/1.1 GET http://localhost:5172/PaymentMethods - 200 null text/html; charset=utf-8 63.6897ms
2026-08-31 17:59:29.547 +05:30 [INF] Request starting HTTP/1.1 GET http://localhost:5172/Budget - null null
2026-08-31 17:59:29.548 +05:30 [INF] Executing endpoint 'MyDailyExpenseTracker.Controllers.BudgetController.Index (MyDailyExpenseTracker)'
2026-08-31 17:59:29.548 +05:30 [INF] Route matched with {action = "Index", controller = "Budget"}. Executing controller action with signature System.Threading.Tasks.Task`1[Microsoft.AspNetCore.Mvc.IActionResult] Index(Int32, Int32) on controller MyDailyExpenseTracker.Controllers.BudgetController (MyDailyExpenseTracker).
2026-08-31 17:59:29.575 +05:30 [INF] Executed DbCommand (26ms) [Parameters=[@userId='?' (Size = 450), @month='?' (DbType = Int32), @year='?' (DbType = Int32)], CommandType='"Text"', CommandTimeout='30']
SELECT [b1].[BudgetId], [b1].[CreatedDate], [b1].[Month], [b1].[Notes], [b1].[TotalBudget], [b1].[UpdatedDate], [b1].[UserId], [b1].[Year], [s].[BudgetCategoryId], [s].[Amount], [s].[BudgetId], [s].[CategoryId], [s].[CategoryId0], [s].[Color], [s].[CreatedDate], [s].[Icon], [s].[IsActive], [s].[IsDefault], [s].[Name], [s].[Type], [s].[UserId]
FROM (
    SELECT TOP(1) [b].[BudgetId], [b].[CreatedDate], [b].[Month], [b].[Notes], [b].[TotalBudget], [b].[UpdatedDate], [b].[UserId], [b].[Year]
    FROM [Budgets] AS [b]
    WHERE [b].[UserId] = @userId AND [b].[Month] = @month AND [b].[Year] = @year
) AS [b1]
LEFT JOIN (
    SELECT [b0].[BudgetCategoryId], [b0].[Amount], [b0].[BudgetId], [b0].[CategoryId], [c].[CategoryId] AS [CategoryId0], [c].[Color], [c].[CreatedDate], [c].[Icon], [c].[IsActive], [c].[IsDefault], [c].[Name], [c].[Type], [c].[UserId]
    FROM [BudgetCategories] AS [b0]
    INNER JOIN [Categories] AS [c] ON [b0].[CategoryId] = [c].[CategoryId]
) AS [s] ON [b1].[BudgetId] = [s].[BudgetId]
ORDER BY [b1].[BudgetId], [s].[BudgetCategoryId]
2026-08-31 17:59:29.583 +05:30 [INF] Executed DbCommand (7ms) [Parameters=[@userId='?' (Size = 450)], CommandType='"Text"', CommandTimeout='30']
SELECT [t].[CategoryId], COUNT(*) AS [Count]
FROM [Transactions] AS [t]
WHERE [t].[UserId] = @userId
GROUP BY [t].[CategoryId]
2026-08-31 17:59:29.590 +05:30 [INF] Executed DbCommand (4ms) [Parameters=[@userId='?' (Size = 450)], CommandType='"Text"', CommandTimeout='30']
SELECT [c].[CategoryId], [c].[Name], [c].[Icon], [c].[Color], [c].[Type], [c].[IsDefault]
FROM [Categories] AS [c]
WHERE [c].[IsActive] = CAST(1 AS bit) AND ([c].[UserId] = @userId OR [c].[UserId] IS NULL)
ORDER BY [c].[Type], [c].[Name]
2026-08-31 17:59:29.616 +05:30 [INF] Executed DbCommand (25ms) [Parameters=[@userId='?' (Size = 450), @monthStart='?' (DbType = DateTime2), @monthEnd='?' (DbType = DateTime2)], CommandType='"Text"', CommandTimeout='30']
SELECT [t].[CategoryId], COALESCE(SUM([t].[Amount]), 0.0) AS [Total]
FROM [Transactions] AS [t]
WHERE [t].[UserId] = @userId AND [t].[Type] = N'Expense' AND [t].[TransactionDate] >= @monthStart AND [t].[TransactionDate] <= @monthEnd
GROUP BY [t].[CategoryId]
2026-08-31 17:59:29.617 +05:30 [INF] Executing ViewResult, running view Index.
2026-08-31 17:59:29.623 +05:30 [INF] Executed DbCommand (3ms) [Parameters=[@p='?' (Size = 450)], CommandType='"Text"', CommandTimeout='30']
SELECT TOP(1) [a].[Id], [a].[AccessFailedCount], [a].[ConcurrencyStamp], [a].[CreatedDate], [a].[Currency], [a].[DateFormat], [a].[Email], [a].[EmailConfirmed], [a].[FirstName], [a].[LastName], [a].[LockoutEnabled], [a].[LockoutEnd], [a].[NormalizedEmail], [a].[NormalizedUserName], [a].[PasswordHash], [a].[PhoneNumber], [a].[PhoneNumberConfirmed], [a].[SecurityStamp], [a].[Theme], [a].[TwoFactorEnabled], [a].[UserName]
FROM [AspNetUsers] AS [a]
WHERE [a].[Id] = @p
2026-08-31 17:59:29.628 +05:30 [INF] Executed ViewResult - view Index executed in 11.2905ms.
2026-08-31 17:59:29.628 +05:30 [INF] Executed action MyDailyExpenseTracker.Controllers.BudgetController.Index (MyDailyExpenseTracker) in 79.91ms
2026-08-31 17:59:29.628 +05:30 [INF] Executed endpoint 'MyDailyExpenseTracker.Controllers.BudgetController.Index (MyDailyExpenseTracker)'
2026-08-31 17:59:29.628 +05:30 [INF] Request finished HTTP/1.1 GET http://localhost:5172/Budget - 200 null text/html; charset=utf-8 80.805ms
2026-08-31 17:59:31.897 +05:30 [INF] Request starting HTTP/1.1 GET http://localhost:5172/Reports - null null
2026-08-31 17:59:31.898 +05:30 [INF] Executing endpoint 'MyDailyExpenseTracker.Controllers.ReportsController.Index (MyDailyExpenseTracker)'
2026-08-31 17:59:31.898 +05:30 [INF] Route matched with {action = "Index", controller = "Reports"}. Executing controller action with signature System.Threading.Tasks.Task`1[Microsoft.AspNetCore.Mvc.IActionResult] Index(Int32, Int32) on controller MyDailyExpenseTracker.Controllers.ReportsController (MyDailyExpenseTracker).
2026-08-31 17:59:31.912 +05:30 [INF] Executed DbCommand (11ms) [Parameters=[@userId='?' (Size = 450), @monthStart='?' (DbType = DateTime2), @monthEnd='?' (DbType = DateTime2)], CommandType='"Text"', CommandTimeout='30']
SELECT [t].[TransactionId], [t].[Amount], [t].[CategoryId], [t].[CreatedDate], [t].[Description], [t].[Notes], [t].[PaymentMethodId], [t].[RecurringExpenseId], [t].[TransactionDate], [t].[Type], [t].[UpdatedDate], [t].[UserId], [c].[CategoryId], [c].[Color], [c].[CreatedDate], [c].[Icon], [c].[IsActive], [c].[IsDefault], [c].[Name], [c].[Type], [c].[UserId], [p].[PaymentMethodId], [p].[CreatedDate], [p].[Icon], [p].[IsActive], [p].[IsDefault], [p].[Name], [p].[UserId]
FROM [Transactions] AS [t]
INNER JOIN [Categories] AS [c] ON [t].[CategoryId] = [c].[CategoryId]
LEFT JOIN [PaymentMethods] AS [p] ON [t].[PaymentMethodId] = [p].[PaymentMethodId]
WHERE [t].[UserId] = @userId AND [t].[TransactionDate] >= @monthStart AND [t].[TransactionDate] <= @monthEnd
2026-08-31 17:59:31.917 +05:30 [INF] Executed DbCommand (4ms) [Parameters=[@userId='?' (Size = 450)], CommandType='"Text"', CommandTimeout='30']
SELECT MIN([t].[TransactionDate])
FROM [Transactions] AS [t]
WHERE [t].[UserId] = @userId
2026-08-31 17:59:31.917 +05:30 [INF] Executing ViewResult, running view Index.
2026-08-31 17:59:31.924 +05:30 [INF] Executed DbCommand (4ms) [Parameters=[@p='?' (Size = 450)], CommandType='"Text"', CommandTimeout='30']
SELECT TOP(1) [a].[Id], [a].[AccessFailedCount], [a].[ConcurrencyStamp], [a].[CreatedDate], [a].[Currency], [a].[DateFormat], [a].[Email], [a].[EmailConfirmed], [a].[FirstName], [a].[LastName], [a].[LockoutEnabled], [a].[LockoutEnd], [a].[NormalizedEmail], [a].[NormalizedUserName], [a].[PasswordHash], [a].[PhoneNumber], [a].[PhoneNumberConfirmed], [a].[SecurityStamp], [a].[Theme], [a].[TwoFactorEnabled], [a].[UserName]
FROM [AspNetUsers] AS [a]
WHERE [a].[Id] = @p
2026-08-31 17:59:31.926 +05:30 [INF] Executed ViewResult - view Index executed in 8.72ms.
2026-08-31 17:59:31.926 +05:30 [INF] Executed action MyDailyExpenseTracker.Controllers.ReportsController.Index (MyDailyExpenseTracker) in 27.8227ms
2026-08-31 17:59:31.926 +05:30 [INF] Executed endpoint 'MyDailyExpenseTracker.Controllers.ReportsController.Index (MyDailyExpenseTracker)'
2026-08-31 17:59:31.926 +05:30 [INF] Request finished HTTP/1.1 GET http://localhost:5172/Reports - 200 null text/html; charset=utf-8 28.6785ms
2026-08-31 17:59:35.202 +05:30 [INF] Request starting HTTP/1.1 GET http://localhost:5172/ - null null
2026-08-31 17:59:35.203 +05:30 [INF] Executing endpoint 'MyDailyExpenseTracker.Controllers.DashboardController.Index (MyDailyExpenseTracker)'
2026-08-31 17:59:35.203 +05:30 [INF] Route matched with {action = "Index", controller = "Dashboard"}. Executing controller action with signature System.Threading.Tasks.Task`1[Microsoft.AspNetCore.Mvc.IActionResult] Index() on controller MyDailyExpenseTracker.Controllers.DashboardController (MyDailyExpenseTracker).
2026-08-31 17:59:35.221 +05:30 [INF] Executed DbCommand (16ms) [Parameters=[@userId='?' (Size = 450), @today='?' (DbType = DateTime2), @today2='?' (DbType = DateTime2)], CommandType='"Text"', CommandTimeout='30']
SELECT [r].[RecurringExpenseId], [r].[Amount], [r].[CategoryId], [r].[CreatedDate], [r].[EndDate], [r].[Frequency], [r].[IsActive], [r].[LastGeneratedDate], [r].[Name], [r].[Notes], [r].[PaymentMethodId], [r].[StartDate], [r].[Type], [r].[UserId]
FROM [RecurringExpenses] AS [r]
WHERE [r].[UserId] = @userId AND [r].[IsActive] = CAST(1 AS bit) AND [r].[StartDate] <= @today AND ([r].[EndDate] IS NULL OR [r].[EndDate] >= @today2)
2026-08-31 17:59:35.237 +05:30 [INF] Executed DbCommand (15ms) [Parameters=[@userId='?' (Size = 450), @today_Month='?' (DbType = Int32), @today_Year='?' (DbType = Int32)], CommandType='"Text"', CommandTimeout='30']
SELECT [b1].[BudgetId], [b1].[CreatedDate], [b1].[Month], [b1].[Notes], [b1].[TotalBudget], [b1].[UpdatedDate], [b1].[UserId], [b1].[Year], [s].[BudgetCategoryId], [s].[Amount], [s].[BudgetId], [s].[CategoryId], [s].[CategoryId0], [s].[Color], [s].[CreatedDate], [s].[Icon], [s].[IsActive], [s].[IsDefault], [s].[Name], [s].[Type], [s].[UserId]
FROM (
    SELECT TOP(1) [b].[BudgetId], [b].[CreatedDate], [b].[Month], [b].[Notes], [b].[TotalBudget], [b].[UpdatedDate], [b].[UserId], [b].[Year]
    FROM [Budgets] AS [b]
    WHERE [b].[UserId] = @userId AND [b].[Month] = @today_Month AND [b].[Year] = @today_Year
) AS [b1]
LEFT JOIN (
    SELECT [b0].[BudgetCategoryId], [b0].[Amount], [b0].[BudgetId], [b0].[CategoryId], [c].[CategoryId] AS [CategoryId0], [c].[Color], [c].[CreatedDate], [c].[Icon], [c].[IsActive], [c].[IsDefault], [c].[Name], [c].[Type], [c].[UserId]
    FROM [BudgetCategories] AS [b0]
    INNER JOIN [Categories] AS [c] ON [b0].[CategoryId] = [c].[CategoryId]
) AS [s] ON [b1].[BudgetId] = [s].[BudgetId]
ORDER BY [b1].[BudgetId], [s].[BudgetCategoryId]
2026-08-31 17:59:35.277 +05:30 [INF] Executed DbCommand (40ms) [Parameters=[@userId='?' (Size = 450), @today='?' (DbType = DateTime2)], CommandType='"Text"', CommandTimeout='30']
SELECT [t].[Type], COALESCE(SUM([t].[Amount]), 0.0) AS [Total]
FROM [Transactions] AS [t]
WHERE [t].[UserId] = @userId AND CONVERT(date, [t].[TransactionDate]) = @today
GROUP BY [t].[Type]
2026-08-31 17:59:35.285 +05:30 [INF] Executed DbCommand (8ms) [Parameters=[@userId='?' (Size = 450), @monthStart='?' (DbType = DateTime2), @today='?' (DbType = DateTime2)], CommandType='"Text"', CommandTimeout='30']
SELECT [t].[Type], COALESCE(SUM([t].[Amount]), 0.0) AS [Total]
FROM [Transactions] AS [t]
WHERE [t].[UserId] = @userId AND [t].[TransactionDate] >= @monthStart AND [t].[TransactionDate] <= @today
GROUP BY [t].[Type]
2026-08-31 17:59:35.290 +05:30 [INF] Executed DbCommand (5ms) [Parameters=[@userId='?' (Size = 450)], CommandType='"Text"', CommandTimeout='30']
SELECT COALESCE(SUM([t].[Amount]), 0.0)
FROM [Transactions] AS [t]
WHERE [t].[UserId] = @userId AND [t].[Type] = N'Income'
2026-08-31 17:59:35.295 +05:30 [INF] Executed DbCommand (4ms) [Parameters=[@userId='?' (Size = 450)], CommandType='"Text"', CommandTimeout='30']
SELECT COALESCE(SUM([t].[Amount]), 0.0)
FROM [Transactions] AS [t]
WHERE [t].[UserId] = @userId AND [t].[Type] = N'Expense'
2026-08-31 17:59:35.300 +05:30 [INF] Executed DbCommand (5ms) [Parameters=[@userId='?' (Size = 450)], CommandType='"Text"', CommandTimeout='30']
SELECT COUNT(*)
FROM [Transactions] AS [t]
WHERE [t].[UserId] = @userId
2026-08-31 17:59:35.305 +05:30 [INF] Executed DbCommand (4ms) [Parameters=[@userId='?' (Size = 450), @prevStart='?' (DbType = DateTime2), @prevEnd='?' (DbType = DateTime2)], CommandType='"Text"', CommandTimeout='30']
SELECT COALESCE(SUM([t].[Amount]), 0.0)
FROM [Transactions] AS [t]
WHERE [t].[UserId] = @userId AND [t].[Type] = N'Expense' AND [t].[TransactionDate] >= @prevStart AND [t].[TransactionDate] <= @prevEnd
2026-08-31 17:59:35.314 +05:30 [INF] Executed DbCommand (9ms) [Parameters=[@p='?' (DbType = Int32), @userId='?' (Size = 450)], CommandType='"Text"', CommandTimeout='30']
SELECT [t0].[TransactionId], [t0].[TransactionDate], [t0].[Description], [c].[Name] AS [CategoryName], [c].[Icon] AS [CategoryIcon], [c].[Color] AS [CategoryColor], [t0].[Type], [t0].[Amount], [p].[Name] AS [PaymentMethodName]
FROM (
    SELECT TOP(@p) [t].[TransactionId], [t].[Amount], [t].[CategoryId], [t].[CreatedDate], [t].[Description], [t].[PaymentMethodId], [t].[TransactionDate], [t].[Type]
    FROM [Transactions] AS [t]
    WHERE [t].[UserId] = @userId
    ORDER BY [t].[TransactionDate] DESC, [t].[CreatedDate] DESC
) AS [t0]
INNER JOIN [Categories] AS [c] ON [t0].[CategoryId] = [c].[CategoryId]
LEFT JOIN [PaymentMethods] AS [p] ON [t0].[PaymentMethodId] = [p].[PaymentMethodId]
ORDER BY [t0].[TransactionDate] DESC, [t0].[CreatedDate] DESC
2026-08-31 17:59:35.327 +05:30 [INF] Executed DbCommand (11ms) [Parameters=[@userId='?' (Size = 450), @sixMonthsAgo='?' (DbType = DateTime2)], CommandType='"Text"', CommandTimeout='30']
SELECT [t0].[Year], [t0].[Month], COALESCE(SUM([t0].[Amount]), 0.0) AS [Total]
FROM (
    SELECT [t].[Amount], DATEPART(year, [t].[TransactionDate]) AS [Year], DATEPART(month, [t].[TransactionDate]) AS [Month]
    FROM [Transactions] AS [t]
    WHERE [t].[UserId] = @userId AND [t].[Type] = N'Expense' AND [t].[TransactionDate] >= @sixMonthsAgo
) AS [t0]
GROUP BY [t0].[Year], [t0].[Month]
2026-08-31 17:59:35.334 +05:30 [INF] Executed DbCommand (7ms) [Parameters=[@userId='?' (Size = 450), @sixMonthsAgo='?' (DbType = DateTime2)], CommandType='"Text"', CommandTimeout='30']
SELECT [t0].[Year], [t0].[Month], [t0].[Type], COALESCE(SUM([t0].[Amount]), 0.0) AS [Total]
FROM (
    SELECT [t].[Amount], [t].[Type], DATEPART(year, [t].[TransactionDate]) AS [Year], DATEPART(month, [t].[TransactionDate]) AS [Month]
    FROM [Transactions] AS [t]
    WHERE [t].[UserId] = @userId AND [t].[TransactionDate] >= @sixMonthsAgo
) AS [t0]
GROUP BY [t0].[Year], [t0].[Month], [t0].[Type]
2026-08-31 17:59:35.347 +05:30 [INF] Executed DbCommand (10ms) [Parameters=[@p='?' (DbType = Int32), @userId='?' (Size = 450), @monthStart='?' (DbType = DateTime2), @today='?' (DbType = DateTime2)], CommandType='"Text"', CommandTimeout='30']
SELECT TOP(@p) [c].[Name] AS [Category], COALESCE(SUM([t].[Amount]), 0.0) AS [Total]
FROM [Transactions] AS [t]
INNER JOIN [Categories] AS [c] ON [t].[CategoryId] = [c].[CategoryId]
WHERE [t].[UserId] = @userId AND [t].[Type] = N'Expense' AND [t].[TransactionDate] >= @monthStart AND [t].[TransactionDate] <= @today
GROUP BY [c].[Name]
ORDER BY COALESCE(SUM([t].[Amount]), 0.0) DESC
2026-08-31 17:59:35.356 +05:30 [INF] Executed DbCommand (8ms) [Parameters=[@userId='?' (Size = 450), @monthStart='?' (DbType = DateTime2), @today='?' (DbType = DateTime2)], CommandType='"Text"', CommandTimeout='30']
SELECT [t0].[Key] AS [Day], COALESCE(SUM([t0].[Amount]), 0.0) AS [Total]
FROM (
    SELECT [t].[Amount], DATEPART(day, [t].[TransactionDate]) AS [Key]
    FROM [Transactions] AS [t]
    WHERE [t].[UserId] = @userId AND [t].[Type] = N'Expense' AND [t].[TransactionDate] >= @monthStart AND [t].[TransactionDate] <= @today
) AS [t0]
GROUP BY [t0].[Key]
2026-08-31 17:59:35.367 +05:30 [INF] Executed DbCommand (10ms) [Parameters=[@userId='?' (Size = 450), @monthStart='?' (DbType = DateTime2), @today='?' (DbType = DateTime2)], CommandType='"Text"', CommandTimeout='30']
SELECT [p].[Name] AS [Method], COALESCE(SUM([t].[Amount]), 0.0) AS [Total]
FROM [Transactions] AS [t]
LEFT JOIN [PaymentMethods] AS [p] ON [t].[PaymentMethodId] = [p].[PaymentMethodId]
WHERE [t].[UserId] = @userId AND [t].[Type] = N'Expense' AND [t].[TransactionDate] >= @monthStart AND [t].[TransactionDate] <= @today AND [t].[PaymentMethodId] IS NOT NULL
GROUP BY [p].[Name]
2026-08-31 17:59:35.372 +05:30 [INF] Executed DbCommand (4ms) [Parameters=[@userId='?' (Size = 450), @today_Month='?' (DbType = Int32), @today_Year='?' (DbType = Int32)], CommandType='"Text"', CommandTimeout='30']
SELECT TOP(1) [b].[BudgetId], [b].[CreatedDate], [b].[Month], [b].[Notes], [b].[TotalBudget], [b].[UpdatedDate], [b].[UserId], [b].[Year]
FROM [Budgets] AS [b]
WHERE [b].[UserId] = @userId AND [b].[Month] = @today_Month AND [b].[Year] = @today_Year
2026-08-31 17:59:35.375 +05:30 [INF] Executed DbCommand (3ms) [Parameters=[@userId='?' (Size = 450)], CommandType='"Text"', CommandTimeout='30']
SELECT COUNT(*)
FROM [Notifications] AS [n]
WHERE [n].[UserId] = @userId AND [n].[IsRead] = CAST(0 AS bit)
2026-08-31 17:59:35.375 +05:30 [INF] Executing ViewResult, running view Index.
2026-08-31 17:59:35.384 +05:30 [INF] Executed DbCommand (5ms) [Parameters=[@p='?' (Size = 450)], CommandType='"Text"', CommandTimeout='30']
SELECT TOP(1) [a].[Id], [a].[AccessFailedCount], [a].[ConcurrencyStamp], [a].[CreatedDate], [a].[Currency], [a].[DateFormat], [a].[Email], [a].[EmailConfirmed], [a].[FirstName], [a].[LastName], [a].[LockoutEnabled], [a].[LockoutEnd], [a].[NormalizedEmail], [a].[NormalizedUserName], [a].[PasswordHash], [a].[PhoneNumber], [a].[PhoneNumberConfirmed], [a].[SecurityStamp], [a].[Theme], [a].[TwoFactorEnabled], [a].[UserName]
FROM [AspNetUsers] AS [a]
WHERE [a].[Id] = @p
2026-08-31 17:59:35.385 +05:30 [INF] Executed ViewResult - view Index executed in 9.7699ms.
2026-08-31 17:59:35.385 +05:30 [INF] Executed action MyDailyExpenseTracker.Controllers.DashboardController.Index (MyDailyExpenseTracker) in 182.1214ms
2026-08-31 17:59:35.385 +05:30 [INF] Executed endpoint 'MyDailyExpenseTracker.Controllers.DashboardController.Index (MyDailyExpenseTracker)'
2026-08-31 17:59:35.385 +05:30 [INF] Request finished HTTP/1.1 GET http://localhost:5172/ - 200 null text/html; charset=utf-8 182.9736ms
2026-08-31 17:59:43.223 +05:30 [INF] Request starting HTTP/1.1 GET http://localhost:5172/Budget - null null
2026-08-31 17:59:43.224 +05:30 [INF] Executing endpoint 'MyDailyExpenseTracker.Controllers.BudgetController.Index (MyDailyExpenseTracker)'
2026-08-31 17:59:43.224 +05:30 [INF] Route matched with {action = "Index", controller = "Budget"}. Executing controller action with signature System.Threading.Tasks.Task`1[Microsoft.AspNetCore.Mvc.IActionResult] Index(Int32, Int32) on controller MyDailyExpenseTracker.Controllers.BudgetController (MyDailyExpenseTracker).
2026-08-31 17:59:43.284 +05:30 [INF] Executed DbCommand (58ms) [Parameters=[@userId='?' (Size = 450), @month='?' (DbType = Int32), @year='?' (DbType = Int32)], CommandType='"Text"', CommandTimeout='30']
SELECT [b1].[BudgetId], [b1].[CreatedDate], [b1].[Month], [b1].[Notes], [b1].[TotalBudget], [b1].[UpdatedDate], [b1].[UserId], [b1].[Year], [s].[BudgetCategoryId], [s].[Amount], [s].[BudgetId], [s].[CategoryId], [s].[CategoryId0], [s].[Color], [s].[CreatedDate], [s].[Icon], [s].[IsActive], [s].[IsDefault], [s].[Name], [s].[Type], [s].[UserId]
FROM (
    SELECT TOP(1) [b].[BudgetId], [b].[CreatedDate], [b].[Month], [b].[Notes], [b].[TotalBudget], [b].[UpdatedDate], [b].[UserId], [b].[Year]
    FROM [Budgets] AS [b]
    WHERE [b].[UserId] = @userId AND [b].[Month] = @month AND [b].[Year] = @year
) AS [b1]
LEFT JOIN (
    SELECT [b0].[BudgetCategoryId], [b0].[Amount], [b0].[BudgetId], [b0].[CategoryId], [c].[CategoryId] AS [CategoryId0], [c].[Color], [c].[CreatedDate], [c].[Icon], [c].[IsActive], [c].[IsDefault], [c].[Name], [c].[Type], [c].[UserId]
    FROM [BudgetCategories] AS [b0]
    INNER JOIN [Categories] AS [c] ON [b0].[CategoryId] = [c].[CategoryId]
) AS [s] ON [b1].[BudgetId] = [s].[BudgetId]
ORDER BY [b1].[BudgetId], [s].[BudgetCategoryId]
2026-08-31 17:59:43.296 +05:30 [INF] Executed DbCommand (11ms) [Parameters=[@userId='?' (Size = 450)], CommandType='"Text"', CommandTimeout='30']
SELECT [t].[CategoryId], COUNT(*) AS [Count]
FROM [Transactions] AS [t]
WHERE [t].[UserId] = @userId
GROUP BY [t].[CategoryId]
2026-08-31 17:59:43.301 +05:30 [INF] Executed DbCommand (4ms) [Parameters=[@userId='?' (Size = 450)], CommandType='"Text"', CommandTimeout='30']
SELECT [c].[CategoryId], [c].[Name], [c].[Icon], [c].[Color], [c].[Type], [c].[IsDefault]
FROM [Categories] AS [c]
WHERE [c].[IsActive] = CAST(1 AS bit) AND ([c].[UserId] = @userId OR [c].[UserId] IS NULL)
ORDER BY [c].[Type], [c].[Name]
2026-08-31 17:59:43.307 +05:30 [INF] Executed DbCommand (5ms) [Parameters=[@userId='?' (Size = 450), @monthStart='?' (DbType = DateTime2), @monthEnd='?' (DbType = DateTime2)], CommandType='"Text"', CommandTimeout='30']
SELECT [t].[CategoryId], COALESCE(SUM([t].[Amount]), 0.0) AS [Total]
FROM [Transactions] AS [t]
WHERE [t].[UserId] = @userId AND [t].[Type] = N'Expense' AND [t].[TransactionDate] >= @monthStart AND [t].[TransactionDate] <= @monthEnd
GROUP BY [t].[CategoryId]
2026-08-31 17:59:43.308 +05:30 [INF] Executing ViewResult, running view Index.
2026-08-31 17:59:43.316 +05:30 [INF] Executed DbCommand (5ms) [Parameters=[@p='?' (Size = 450)], CommandType='"Text"', CommandTimeout='30']
SELECT TOP(1) [a].[Id], [a].[AccessFailedCount], [a].[ConcurrencyStamp], [a].[CreatedDate], [a].[Currency], [a].[DateFormat], [a].[Email], [a].[EmailConfirmed], [a].[FirstName], [a].[LastName], [a].[LockoutEnabled], [a].[LockoutEnd], [a].[NormalizedEmail], [a].[NormalizedUserName], [a].[PasswordHash], [a].[PhoneNumber], [a].[PhoneNumberConfirmed], [a].[SecurityStamp], [a].[Theme], [a].[TwoFactorEnabled], [a].[UserName]
FROM [AspNetUsers] AS [a]
WHERE [a].[Id] = @p
2026-08-31 17:59:43.318 +05:30 [INF] Executed ViewResult - view Index executed in 10.424ms.
2026-08-31 17:59:43.318 +05:30 [INF] Executed action MyDailyExpenseTracker.Controllers.BudgetController.Index (MyDailyExpenseTracker) in 93.8406ms
2026-08-31 17:59:43.318 +05:30 [INF] Executed endpoint 'MyDailyExpenseTracker.Controllers.BudgetController.Index (MyDailyExpenseTracker)'
2026-08-31 17:59:43.318 +05:30 [INF] Request finished HTTP/1.1 GET http://localhost:5172/Budget - 200 null text/html; charset=utf-8 95.0635ms
2026-08-31 17:59:46.023 +05:30 [INF] Request starting HTTP/1.1 GET http://localhost:5172/Transactions - null null
2026-08-31 17:59:46.027 +05:30 [INF] Executing endpoint 'MyDailyExpenseTracker.Controllers.TransactionsController.Index (MyDailyExpenseTracker)'
2026-08-31 17:59:46.027 +05:30 [INF] Route matched with {action = "Index", controller = "Transactions"}. Executing controller action with signature System.Threading.Tasks.Task`1[Microsoft.AspNetCore.Mvc.IActionResult] Index(MyDailyExpenseTracker.ViewModels.TransactionFilterViewModel) on controller MyDailyExpenseTracker.Controllers.TransactionsController (MyDailyExpenseTracker).
2026-08-31 17:59:46.045 +05:30 [INF] Executed DbCommand (16ms) [Parameters=[@userId='?' (Size = 450)], CommandType='"Text"', CommandTimeout='30']
SELECT [t].[Type], [t].[Amount]
FROM [Transactions] AS [t]
WHERE [t].[UserId] = @userId
2026-08-31 17:59:46.056 +05:30 [INF] Executed DbCommand (9ms) [Parameters=[@userId='?' (Size = 450), @p='?' (DbType = Int32), @p2='?' (DbType = Int32)], CommandType='"Text"', CommandTimeout='30']
SELECT [t0].[TransactionId], [t0].[TransactionDate], [t0].[Description], [c].[Name] AS [CategoryName], [c].[Icon] AS [CategoryIcon], [c].[Color] AS [CategoryColor], [t0].[Type], [t0].[Amount], [p].[Name] AS [PaymentMethodName]
FROM (
    SELECT [t].[TransactionId], [t].[Amount], [t].[CategoryId], [t].[CreatedDate], [t].[Description], [t].[PaymentMethodId], [t].[TransactionDate], [t].[Type]
    FROM [Transactions] AS [t]
    WHERE [t].[UserId] = @userId
    ORDER BY [t].[TransactionDate] DESC, [t].[CreatedDate] DESC
    OFFSET @p ROWS FETCH NEXT @p2 ROWS ONLY
) AS [t0]
INNER JOIN [Categories] AS [c] ON [t0].[CategoryId] = [c].[CategoryId]
LEFT JOIN [PaymentMethods] AS [p] ON [t0].[PaymentMethodId] = [p].[PaymentMethodId]
ORDER BY [t0].[TransactionDate] DESC, [t0].[CreatedDate] DESC
2026-08-31 17:59:46.072 +05:30 [INF] Executed DbCommand (16ms) [Parameters=[@userId='?' (Size = 450)], CommandType='"Text"', CommandTimeout='30']
SELECT CONVERT(varchar(11), [c].[CategoryId]) AS [Value], [c].[Name] AS [Text]
FROM [Categories] AS [c]
WHERE [c].[IsActive] = CAST(1 AS bit) AND ([c].[UserId] = @userId OR [c].[UserId] IS NULL)
ORDER BY [c].[Name]
2026-08-31 17:59:46.081 +05:30 [INF] Executed DbCommand (8ms) [Parameters=[@userId='?' (Size = 450)], CommandType='"Text"', CommandTimeout='30']
SELECT CONVERT(varchar(11), [p].[PaymentMethodId]) AS [Value], [p].[Name] AS [Text]
FROM [PaymentMethods] AS [p]
WHERE [p].[IsActive] = CAST(1 AS bit) AND ([p].[UserId] = @userId OR [p].[UserId] IS NULL)
ORDER BY [p].[Name]
2026-08-31 17:59:46.081 +05:30 [INF] Executing ViewResult, running view Index.
2026-08-31 17:59:46.085 +05:30 [INF] Executed DbCommand (3ms) [Parameters=[@p='?' (Size = 450)], CommandType='"Text"', CommandTimeout='30']
SELECT TOP(1) [a].[Id], [a].[AccessFailedCount], [a].[ConcurrencyStamp], [a].[CreatedDate], [a].[Currency], [a].[DateFormat], [a].[Email], [a].[EmailConfirmed], [a].[FirstName], [a].[LastName], [a].[LockoutEnabled], [a].[LockoutEnd], [a].[NormalizedEmail], [a].[NormalizedUserName], [a].[PasswordHash], [a].[PhoneNumber], [a].[PhoneNumberConfirmed], [a].[SecurityStamp], [a].[Theme], [a].[TwoFactorEnabled], [a].[UserName]
FROM [AspNetUsers] AS [a]
WHERE [a].[Id] = @p
2026-08-31 17:59:46.086 +05:30 [INF] Executed ViewResult - view Index executed in 4.6922ms.
2026-08-31 17:59:46.086 +05:30 [INF] Executed action MyDailyExpenseTracker.Controllers.TransactionsController.Index (MyDailyExpenseTracker) in 58.3971ms
2026-08-31 17:59:46.086 +05:30 [INF] Executed endpoint 'MyDailyExpenseTracker.Controllers.TransactionsController.Index (MyDailyExpenseTracker)'
2026-08-31 17:59:46.086 +05:30 [INF] Request finished HTTP/1.1 GET http://localhost:5172/Transactions - 200 null text/html; charset=utf-8 63.014ms
2026-08-31 17:59:56.656 +05:30 [INF] Request starting HTTP/1.1 GET http://localhost:5172/Transactions/Details/1 - null null
2026-08-31 17:59:56.657 +05:30 [INF] Executing endpoint 'MyDailyExpenseTracker.Controllers.TransactionsController.Details (MyDailyExpenseTracker)'
2026-08-31 17:59:56.689 +05:30 [INF] Route matched with {action = "Details", controller = "Transactions"}. Executing controller action with signature System.Threading.Tasks.Task`1[Microsoft.AspNetCore.Mvc.IActionResult] Details(Int32) on controller MyDailyExpenseTracker.Controllers.TransactionsController (MyDailyExpenseTracker).
2026-08-31 17:59:56.722 +05:30 [INF] Executed DbCommand (11ms) [Parameters=[@id='?' (DbType = Int32), @userId='?' (Size = 450)], CommandType='"Text"', CommandTimeout='30']
SELECT TOP(1) [t].[TransactionId], [t].[Amount], [t].[CategoryId], [t].[CreatedDate], [t].[Description], [t].[Notes], [t].[PaymentMethodId], [t].[RecurringExpenseId], [t].[TransactionDate], [t].[Type], [t].[UpdatedDate], [t].[UserId], [c].[CategoryId], [c].[Color], [c].[CreatedDate], [c].[Icon], [c].[IsActive], [c].[IsDefault], [c].[Name], [c].[Type], [c].[UserId], [p].[PaymentMethodId], [p].[CreatedDate], [p].[Icon], [p].[IsActive], [p].[IsDefault], [p].[Name], [p].[UserId]
FROM [Transactions] AS [t]
INNER JOIN [Categories] AS [c] ON [t].[CategoryId] = [c].[CategoryId]
LEFT JOIN [PaymentMethods] AS [p] ON [t].[PaymentMethodId] = [p].[PaymentMethodId]
WHERE [t].[TransactionId] = @id AND [t].[UserId] = @userId
2026-08-31 17:59:56.738 +05:30 [INF] Executed DbCommand (8ms) [Parameters=[@userId='?' (Size = 450), @type='?' (Size = 10)], CommandType='"Text"', CommandTimeout='30']
SELECT CONVERT(varchar(11), [c].[CategoryId]) AS [Value], [c].[Name] AS [Text]
FROM [Categories] AS [c]
WHERE [c].[IsActive] = CAST(1 AS bit) AND ([c].[UserId] = @userId OR [c].[UserId] IS NULL) AND ([c].[Type] = @type OR [c].[Type] = N'Both')
ORDER BY [c].[Name]
2026-08-31 17:59:56.753 +05:30 [INF] Executed DbCommand (15ms) [Parameters=[@userId='?' (Size = 450)], CommandType='"Text"', CommandTimeout='30']
SELECT CONVERT(varchar(11), [p].[PaymentMethodId]) AS [Value], [p].[Name] AS [Text]
FROM [PaymentMethods] AS [p]
WHERE [p].[IsActive] = CAST(1 AS bit) AND ([p].[UserId] = @userId OR [p].[UserId] IS NULL)
ORDER BY [p].[Name]
2026-08-31 17:59:56.755 +05:30 [INF] Executing ViewResult, running view Details.
2026-08-31 17:59:56.776 +05:30 [INF] Executed DbCommand (4ms) [Parameters=[@p='?' (Size = 450)], CommandType='"Text"', CommandTimeout='30']
SELECT TOP(1) [a].[Id], [a].[AccessFailedCount], [a].[ConcurrencyStamp], [a].[CreatedDate], [a].[Currency], [a].[DateFormat], [a].[Email], [a].[EmailConfirmed], [a].[FirstName], [a].[LastName], [a].[LockoutEnabled], [a].[LockoutEnd], [a].[NormalizedEmail], [a].[NormalizedUserName], [a].[PasswordHash], [a].[PhoneNumber], [a].[PhoneNumberConfirmed], [a].[SecurityStamp], [a].[Theme], [a].[TwoFactorEnabled], [a].[UserName]
FROM [AspNetUsers] AS [a]
WHERE [a].[Id] = @p
2026-08-31 17:59:56.777 +05:30 [INF] Executed ViewResult - view Details executed in 23.088ms.
2026-08-31 17:59:56.777 +05:30 [INF] Executed action MyDailyExpenseTracker.Controllers.TransactionsController.Details (MyDailyExpenseTracker) in 87.9594ms
2026-08-31 17:59:56.777 +05:30 [INF] Executed endpoint 'MyDailyExpenseTracker.Controllers.TransactionsController.Details (MyDailyExpenseTracker)'
2026-08-31 17:59:56.777 +05:30 [INF] Request finished HTTP/1.1 GET http://localhost:5172/Transactions/Details/1 - 200 null text/html; charset=utf-8 121.3575ms
2026-08-31 18:00:03.126 +05:30 [INF] Request starting HTTP/1.1 POST http://localhost:5172/Transactions/Delete/1 - application/x-www-form-urlencoded 225
2026-08-31 18:00:03.128 +05:30 [INF] Executing endpoint 'MyDailyExpenseTracker.Controllers.TransactionsController.Delete (MyDailyExpenseTracker)'
2026-08-31 18:00:03.144 +05:30 [INF] Route matched with {action = "Delete", controller = "Transactions"}. Executing controller action with signature System.Threading.Tasks.Task`1[Microsoft.AspNetCore.Mvc.IActionResult] Delete(Int32) on controller MyDailyExpenseTracker.Controllers.TransactionsController (MyDailyExpenseTracker).
2026-08-31 18:00:03.170 +05:30 [INF] Executed DbCommand (8ms) [Parameters=[@id='?' (DbType = Int32), @userId='?' (Size = 450)], CommandType='"Text"', CommandTimeout='30']
SELECT TOP(1) [t].[TransactionId], [t].[Amount], [t].[CategoryId], [t].[CreatedDate], [t].[Description], [t].[Notes], [t].[PaymentMethodId], [t].[RecurringExpenseId], [t].[TransactionDate], [t].[Type], [t].[UpdatedDate], [t].[UserId]
FROM [Transactions] AS [t]
WHERE [t].[TransactionId] = @id AND [t].[UserId] = @userId
2026-08-31 18:00:03.189 +05:30 [INF] Executed DbCommand (6ms) [Parameters=[@p0='?' (DbType = Int32)], CommandType='"Text"', CommandTimeout='30']
SET IMPLICIT_TRANSACTIONS OFF;
SET NOCOUNT ON;
DELETE FROM [Transactions]
OUTPUT 1
WHERE [TransactionId] = @p0;
2026-08-31 18:00:03.194 +05:30 [INF] Executing RedirectResult, redirecting to /Transactions.
2026-08-31 18:00:03.194 +05:30 [INF] Executed action MyDailyExpenseTracker.Controllers.TransactionsController.Delete (MyDailyExpenseTracker) in 50.1302ms
2026-08-31 18:00:03.194 +05:30 [INF] Executed endpoint 'MyDailyExpenseTracker.Controllers.TransactionsController.Delete (MyDailyExpenseTracker)'
2026-08-31 18:00:03.194 +05:30 [INF] Request finished HTTP/1.1 POST http://localhost:5172/Transactions/Delete/1 - 302 0 null 68.0393ms
2026-08-31 18:00:03.200 +05:30 [INF] Request starting HTTP/1.1 GET http://localhost:5172/Transactions - null null
2026-08-31 18:00:03.201 +05:30 [INF] Executing endpoint 'MyDailyExpenseTracker.Controllers.TransactionsController.Index (MyDailyExpenseTracker)'
2026-08-31 18:00:03.201 +05:30 [INF] Route matched with {action = "Index", controller = "Transactions"}. Executing controller action with signature System.Threading.Tasks.Task`1[Microsoft.AspNetCore.Mvc.IActionResult] Index(MyDailyExpenseTracker.ViewModels.TransactionFilterViewModel) on controller MyDailyExpenseTracker.Controllers.TransactionsController (MyDailyExpenseTracker).
2026-08-31 18:00:03.206 +05:30 [INF] Executed DbCommand (3ms) [Parameters=[@userId='?' (Size = 450)], CommandType='"Text"', CommandTimeout='30']
SELECT [t].[Type], [t].[Amount]
FROM [Transactions] AS [t]
WHERE [t].[UserId] = @userId
2026-08-31 18:00:03.211 +05:30 [INF] Executed DbCommand (5ms) [Parameters=[@userId='?' (Size = 450), @p='?' (DbType = Int32), @p2='?' (DbType = Int32)], CommandType='"Text"', CommandTimeout='30']
SELECT [t0].[TransactionId], [t0].[TransactionDate], [t0].[Description], [c].[Name] AS [CategoryName], [c].[Icon] AS [CategoryIcon], [c].[Color] AS [CategoryColor], [t0].[Type], [t0].[Amount], [p].[Name] AS [PaymentMethodName]
FROM (
    SELECT [t].[TransactionId], [t].[Amount], [t].[CategoryId], [t].[CreatedDate], [t].[Description], [t].[PaymentMethodId], [t].[TransactionDate], [t].[Type]
    FROM [Transactions] AS [t]
    WHERE [t].[UserId] = @userId
    ORDER BY [t].[TransactionDate] DESC, [t].[CreatedDate] DESC
    OFFSET @p ROWS FETCH NEXT @p2 ROWS ONLY
) AS [t0]
INNER JOIN [Categories] AS [c] ON [t0].[CategoryId] = [c].[CategoryId]
LEFT JOIN [PaymentMethods] AS [p] ON [t0].[PaymentMethodId] = [p].[PaymentMethodId]
ORDER BY [t0].[TransactionDate] DESC, [t0].[CreatedDate] DESC
2026-08-31 18:00:03.221 +05:30 [INF] Executed DbCommand (9ms) [Parameters=[@userId='?' (Size = 450)], CommandType='"Text"', CommandTimeout='30']
SELECT CONVERT(varchar(11), [c].[CategoryId]) AS [Value], [c].[Name] AS [Text]
FROM [Categories] AS [c]
WHERE [c].[IsActive] = CAST(1 AS bit) AND ([c].[UserId] = @userId OR [c].[UserId] IS NULL)
ORDER BY [c].[Name]
2026-08-31 18:00:03.226 +05:30 [INF] Executed DbCommand (5ms) [Parameters=[@userId='?' (Size = 450)], CommandType='"Text"', CommandTimeout='30']
SELECT CONVERT(varchar(11), [p].[PaymentMethodId]) AS [Value], [p].[Name] AS [Text]
FROM [PaymentMethods] AS [p]
WHERE [p].[IsActive] = CAST(1 AS bit) AND ([p].[UserId] = @userId OR [p].[UserId] IS NULL)
ORDER BY [p].[Name]
2026-08-31 18:00:03.227 +05:30 [INF] Executing ViewResult, running view Index.
2026-08-31 18:00:03.233 +05:30 [INF] Executed DbCommand (5ms) [Parameters=[@p='?' (Size = 450)], CommandType='"Text"', CommandTimeout='30']
SELECT TOP(1) [a].[Id], [a].[AccessFailedCount], [a].[ConcurrencyStamp], [a].[CreatedDate], [a].[Currency], [a].[DateFormat], [a].[Email], [a].[EmailConfirmed], [a].[FirstName], [a].[LastName], [a].[LockoutEnabled], [a].[LockoutEnd], [a].[NormalizedEmail], [a].[NormalizedUserName], [a].[PasswordHash], [a].[PhoneNumber], [a].[PhoneNumberConfirmed], [a].[SecurityStamp], [a].[Theme], [a].[TwoFactorEnabled], [a].[UserName]
FROM [AspNetUsers] AS [a]
WHERE [a].[Id] = @p
2026-08-31 18:00:03.234 +05:30 [INF] Executed ViewResult - view Index executed in 7.0403ms.
2026-08-31 18:00:03.234 +05:30 [INF] Executed action MyDailyExpenseTracker.Controllers.TransactionsController.Index (MyDailyExpenseTracker) in 32.9742ms
2026-08-31 18:00:03.234 +05:30 [INF] Executed endpoint 'MyDailyExpenseTracker.Controllers.TransactionsController.Index (MyDailyExpenseTracker)'
2026-08-31 18:00:03.234 +05:30 [INF] Request finished HTTP/1.1 GET http://localhost:5172/Transactions - 200 null text/html; charset=utf-8 34.1057ms
2026-08-31 18:00:09.971 +05:30 [INF] Request starting HTTP/1.1 GET http://localhost:5172/Notifications/GetUnread - null null
2026-08-31 18:00:09.972 +05:30 [INF] Executing endpoint 'MyDailyExpenseTracker.Controllers.NotificationsController.GetUnread (MyDailyExpenseTracker)'
2026-08-31 18:00:09.984 +05:30 [INF] Route matched with {action = "GetUnread", controller = "Notifications"}. Executing controller action with signature System.Threading.Tasks.Task`1[Microsoft.AspNetCore.Mvc.IActionResult] GetUnread() on controller MyDailyExpenseTracker.Controllers.NotificationsController (MyDailyExpenseTracker).
2026-08-31 18:00:10.011 +05:30 [INF] Executed DbCommand (6ms) [Parameters=[@p='?' (DbType = Int32), @userId='?' (Size = 450)], CommandType='"Text"', CommandTimeout='30']
SELECT TOP(@p) [n].[NotificationId], [n].[CreatedDate], [n].[IsRead], [n].[Message], [n].[Type], [n].[UserId]
FROM [Notifications] AS [n]
WHERE [n].[UserId] = @userId AND [n].[IsRead] = CAST(0 AS bit)
ORDER BY [n].[CreatedDate] DESC
2026-08-31 18:00:10.018 +05:30 [INF] Executing JsonResult, writing value of type 'System.Linq.Enumerable+ListSelectIterator`2[[MyDailyExpenseTracker.Models.Notification, MyDailyExpenseTracker, Version=1.0.0.0, Culture=neutral, PublicKeyToken=null],[<>f__AnonymousType2`4[[System.Int32, System.Private.CoreLib, Version=10.0.0.0, Culture=neutral, PublicKeyToken=7cec85d7bea7798e],[System.String, System.Private.CoreLib, Version=10.0.0.0, Culture=neutral, PublicKeyToken=7cec85d7bea7798e],[System.String, System.Private.CoreLib, Version=10.0.0.0, Culture=neutral, PublicKeyToken=7cec85d7bea7798e],[System.String, System.Private.CoreLib, Version=10.0.0.0, Culture=neutral, PublicKeyToken=7cec85d7bea7798e]], MyDailyExpenseTracker, Version=1.0.0.0, Culture=neutral, PublicKeyToken=null]]'.
2026-08-31 18:00:10.051 +05:30 [INF] Executed action MyDailyExpenseTracker.Controllers.NotificationsController.GetUnread (MyDailyExpenseTracker) in 66.0493ms
2026-08-31 18:00:10.051 +05:30 [INF] Executed endpoint 'MyDailyExpenseTracker.Controllers.NotificationsController.GetUnread (MyDailyExpenseTracker)'
2026-08-31 18:00:10.051 +05:30 [INF] Request finished HTTP/1.1 GET http://localhost:5172/Notifications/GetUnread - 200 null application/json; charset=utf-8 79.8796ms
2026-08-31 18:00:11.035 +05:30 [INF] Request starting HTTP/1.1 GET http://localhost:5172/Notifications/GetUnread - null null
2026-08-31 18:00:11.037 +05:30 [INF] Executing endpoint 'MyDailyExpenseTracker.Controllers.NotificationsController.GetUnread (MyDailyExpenseTracker)'
2026-08-31 18:00:11.038 +05:30 [INF] Route matched with {action = "GetUnread", controller = "Notifications"}. Executing controller action with signature System.Threading.Tasks.Task`1[Microsoft.AspNetCore.Mvc.IActionResult] GetUnread() on controller MyDailyExpenseTracker.Controllers.NotificationsController (MyDailyExpenseTracker).
2026-08-31 18:00:11.046 +05:30 [INF] Executed DbCommand (7ms) [Parameters=[@p='?' (DbType = Int32), @userId='?' (Size = 450)], CommandType='"Text"', CommandTimeout='30']
SELECT TOP(@p) [n].[NotificationId], [n].[CreatedDate], [n].[IsRead], [n].[Message], [n].[Type], [n].[UserId]
FROM [Notifications] AS [n]
WHERE [n].[UserId] = @userId AND [n].[IsRead] = CAST(0 AS bit)
ORDER BY [n].[CreatedDate] DESC
2026-08-31 18:00:11.046 +05:30 [INF] Executing JsonResult, writing value of type 'System.Linq.Enumerable+ListSelectIterator`2[[MyDailyExpenseTracker.Models.Notification, MyDailyExpenseTracker, Version=1.0.0.0, Culture=neutral, PublicKeyToken=null],[<>f__AnonymousType2`4[[System.Int32, System.Private.CoreLib, Version=10.0.0.0, Culture=neutral, PublicKeyToken=7cec85d7bea7798e],[System.String, System.Private.CoreLib, Version=10.0.0.0, Culture=neutral, PublicKeyToken=7cec85d7bea7798e],[System.String, System.Private.CoreLib, Version=10.0.0.0, Culture=neutral, PublicKeyToken=7cec85d7bea7798e],[System.String, System.Private.CoreLib, Version=10.0.0.0, Culture=neutral, PublicKeyToken=7cec85d7bea7798e]], MyDailyExpenseTracker, Version=1.0.0.0, Culture=neutral, PublicKeyToken=null]]'.
2026-08-31 18:00:11.047 +05:30 [INF] Executed action MyDailyExpenseTracker.Controllers.NotificationsController.GetUnread (MyDailyExpenseTracker) in 9.2642ms
2026-08-31 18:00:11.047 +05:30 [INF] Executed endpoint 'MyDailyExpenseTracker.Controllers.NotificationsController.GetUnread (MyDailyExpenseTracker)'
2026-08-31 18:00:11.047 +05:30 [INF] Request finished HTTP/1.1 GET http://localhost:5172/Notifications/GetUnread - 200 null application/json; charset=utf-8 11.9682ms
2026-08-31 18:00:11.538 +05:30 [INF] Request starting HTTP/1.1 GET http://localhost:5172/Notifications/GetUnread - null null
2026-08-31 18:00:11.539 +05:30 [INF] Executing endpoint 'MyDailyExpenseTracker.Controllers.NotificationsController.GetUnread (MyDailyExpenseTracker)'
2026-08-31 18:00:11.539 +05:30 [INF] Route matched with {action = "GetUnread", controller = "Notifications"}. Executing controller action with signature System.Threading.Tasks.Task`1[Microsoft.AspNetCore.Mvc.IActionResult] GetUnread() on controller MyDailyExpenseTracker.Controllers.NotificationsController (MyDailyExpenseTracker).
2026-08-31 18:00:11.546 +05:30 [INF] Executed DbCommand (6ms) [Parameters=[@p='?' (DbType = Int32), @userId='?' (Size = 450)], CommandType='"Text"', CommandTimeout='30']
SELECT TOP(@p) [n].[NotificationId], [n].[CreatedDate], [n].[IsRead], [n].[Message], [n].[Type], [n].[UserId]
FROM [Notifications] AS [n]
WHERE [n].[UserId] = @userId AND [n].[IsRead] = CAST(0 AS bit)
ORDER BY [n].[CreatedDate] DESC
2026-08-31 18:00:11.547 +05:30 [INF] Executing JsonResult, writing value of type 'System.Linq.Enumerable+ListSelectIterator`2[[MyDailyExpenseTracker.Models.Notification, MyDailyExpenseTracker, Version=1.0.0.0, Culture=neutral, PublicKeyToken=null],[<>f__AnonymousType2`4[[System.Int32, System.Private.CoreLib, Version=10.0.0.0, Culture=neutral, PublicKeyToken=7cec85d7bea7798e],[System.String, System.Private.CoreLib, Version=10.0.0.0, Culture=neutral, PublicKeyToken=7cec85d7bea7798e],[System.String, System.Private.CoreLib, Version=10.0.0.0, Culture=neutral, PublicKeyToken=7cec85d7bea7798e],[System.String, System.Private.CoreLib, Version=10.0.0.0, Culture=neutral, PublicKeyToken=7cec85d7bea7798e]], MyDailyExpenseTracker, Version=1.0.0.0, Culture=neutral, PublicKeyToken=null]]'.
2026-08-31 18:00:11.547 +05:30 [INF] Executed action MyDailyExpenseTracker.Controllers.NotificationsController.GetUnread (MyDailyExpenseTracker) in 7.7104ms
2026-08-31 18:00:11.547 +05:30 [INF] Executed endpoint 'MyDailyExpenseTracker.Controllers.NotificationsController.GetUnread (MyDailyExpenseTracker)'
2026-08-31 18:00:11.547 +05:30 [INF] Request finished HTTP/1.1 GET http://localhost:5172/Notifications/GetUnread - 200 null application/json; charset=utf-8 8.6799ms
2026-08-31 18:00:12.163 +05:30 [INF] Request starting HTTP/1.1 GET http://localhost:5172/Notifications/GetUnread - null null
2026-08-31 18:00:12.164 +05:30 [INF] Executing endpoint 'MyDailyExpenseTracker.Controllers.NotificationsController.GetUnread (MyDailyExpenseTracker)'
2026-08-31 18:00:12.164 +05:30 [INF] Route matched with {action = "GetUnread", controller = "Notifications"}. Executing controller action with signature System.Threading.Tasks.Task`1[Microsoft.AspNetCore.Mvc.IActionResult] GetUnread() on controller MyDailyExpenseTracker.Controllers.NotificationsController (MyDailyExpenseTracker).
2026-08-31 18:00:12.171 +05:30 [INF] Executed DbCommand (6ms) [Parameters=[@p='?' (DbType = Int32), @userId='?' (Size = 450)], CommandType='"Text"', CommandTimeout='30']
SELECT TOP(@p) [n].[NotificationId], [n].[CreatedDate], [n].[IsRead], [n].[Message], [n].[Type], [n].[UserId]
FROM [Notifications] AS [n]
WHERE [n].[UserId] = @userId AND [n].[IsRead] = CAST(0 AS bit)
ORDER BY [n].[CreatedDate] DESC
2026-08-31 18:00:12.171 +05:30 [INF] Executing JsonResult, writing value of type 'System.Linq.Enumerable+ListSelectIterator`2[[MyDailyExpenseTracker.Models.Notification, MyDailyExpenseTracker, Version=1.0.0.0, Culture=neutral, PublicKeyToken=null],[<>f__AnonymousType2`4[[System.Int32, System.Private.CoreLib, Version=10.0.0.0, Culture=neutral, PublicKeyToken=7cec85d7bea7798e],[System.String, System.Private.CoreLib, Version=10.0.0.0, Culture=neutral, PublicKeyToken=7cec85d7bea7798e],[System.String, System.Private.CoreLib, Version=10.0.0.0, Culture=neutral, PublicKeyToken=7cec85d7bea7798e],[System.String, System.Private.CoreLib, Version=10.0.0.0, Culture=neutral, PublicKeyToken=7cec85d7bea7798e]], MyDailyExpenseTracker, Version=1.0.0.0, Culture=neutral, PublicKeyToken=null]]'.
2026-08-31 18:00:12.171 +05:30 [INF] Executed action MyDailyExpenseTracker.Controllers.NotificationsController.GetUnread (MyDailyExpenseTracker) in 7.1083ms
2026-08-31 18:00:12.171 +05:30 [INF] Executed endpoint 'MyDailyExpenseTracker.Controllers.NotificationsController.GetUnread (MyDailyExpenseTracker)'
2026-08-31 18:00:12.171 +05:30 [INF] Request finished HTTP/1.1 GET http://localhost:5172/Notifications/GetUnread - 200 null application/json; charset=utf-8 8.4212ms
2026-08-31 18:00:18.578 +05:30 [INF] Request starting HTTP/1.1 GET http://localhost:5172/Transactions/Export?format=csv - null null
2026-08-31 18:00:18.581 +05:30 [INF] Executing endpoint 'MyDailyExpenseTracker.Controllers.TransactionsController.Export (MyDailyExpenseTracker)'
2026-08-31 18:00:18.601 +05:30 [INF] Route matched with {action = "Export", controller = "Transactions"}. Executing controller action with signature System.Threading.Tasks.Task`1[Microsoft.AspNetCore.Mvc.IActionResult] Export(MyDailyExpenseTracker.ViewModels.TransactionFilterViewModel, System.String) on controller MyDailyExpenseTracker.Controllers.TransactionsController (MyDailyExpenseTracker).
2026-08-31 18:00:18.616 +05:30 [INF] Executed DbCommand (4ms) [Parameters=[@userId='?' (Size = 450)], CommandType='"Text"', CommandTimeout='30']
SELECT [t].[Type], [t].[Amount]
FROM [Transactions] AS [t]
WHERE [t].[UserId] = @userId
2026-08-31 18:00:18.627 +05:30 [INF] Executed DbCommand (10ms) [Parameters=[@userId='?' (Size = 450), @p='?' (DbType = Int32), @p2='?' (DbType = Int32)], CommandType='"Text"', CommandTimeout='30']
SELECT [t0].[TransactionId], [t0].[TransactionDate], [t0].[Description], [c].[Name] AS [CategoryName], [c].[Icon] AS [CategoryIcon], [c].[Color] AS [CategoryColor], [t0].[Type], [t0].[Amount], [p].[Name] AS [PaymentMethodName]
FROM (
    SELECT [t].[TransactionId], [t].[Amount], [t].[CategoryId], [t].[CreatedDate], [t].[Description], [t].[PaymentMethodId], [t].[TransactionDate], [t].[Type]
    FROM [Transactions] AS [t]
    WHERE [t].[UserId] = @userId
    ORDER BY [t].[TransactionDate] DESC, [t].[CreatedDate] DESC
    OFFSET @p ROWS FETCH NEXT @p2 ROWS ONLY
) AS [t0]
INNER JOIN [Categories] AS [c] ON [t0].[CategoryId] = [c].[CategoryId]
LEFT JOIN [PaymentMethods] AS [p] ON [t0].[PaymentMethodId] = [p].[PaymentMethodId]
ORDER BY [t0].[TransactionDate] DESC, [t0].[CreatedDate] DESC
2026-08-31 18:00:18.635 +05:30 [INF] Executed DbCommand (7ms) [Parameters=[@userId='?' (Size = 450)], CommandType='"Text"', CommandTimeout='30']
SELECT CONVERT(varchar(11), [c].[CategoryId]) AS [Value], [c].[Name] AS [Text]
FROM [Categories] AS [c]
WHERE [c].[IsActive] = CAST(1 AS bit) AND ([c].[UserId] = @userId OR [c].[UserId] IS NULL)
ORDER BY [c].[Name]
2026-08-31 18:00:18.646 +05:30 [INF] Executed DbCommand (10ms) [Parameters=[@userId='?' (Size = 450)], CommandType='"Text"', CommandTimeout='30']
SELECT CONVERT(varchar(11), [p].[PaymentMethodId]) AS [Value], [p].[Name] AS [Text]
FROM [PaymentMethods] AS [p]
WHERE [p].[IsActive] = CAST(1 AS bit) AND ([p].[UserId] = @userId OR [p].[UserId] IS NULL)
ORDER BY [p].[Name]
2026-08-31 18:00:18.651 +05:30 [INF] Executing FileStreamResult, sending file with download name 'Transactions_20260831.csv' ...
2026-08-31 18:00:18.666 +05:30 [INF] Executed action MyDailyExpenseTracker.Controllers.TransactionsController.Export (MyDailyExpenseTracker) in 65.2947ms
2026-08-31 18:00:18.667 +05:30 [INF] Executed endpoint 'MyDailyExpenseTracker.Controllers.TransactionsController.Export (MyDailyExpenseTracker)'
2026-08-31 18:00:18.667 +05:30 [INF] Request finished HTTP/1.1 GET http://localhost:5172/Transactions/Export?format=csv - 200 54 text/csv 88.321ms
2026-08-31 18:00:32.167 +05:30 [INF] Request starting HTTP/1.1 POST http://localhost:5172/Account/Logout - application/x-www-form-urlencoded 225
2026-08-31 18:00:32.168 +05:30 [INF] Executing endpoint 'MyDailyExpenseTracker.Controllers.AccountController.Logout (MyDailyExpenseTracker)'
2026-08-31 18:00:32.168 +05:30 [INF] Route matched with {action = "Logout", controller = "Account"}. Executing controller action with signature System.Threading.Tasks.Task`1[Microsoft.AspNetCore.Mvc.IActionResult] Logout() on controller MyDailyExpenseTracker.Controllers.AccountController (MyDailyExpenseTracker).
2026-08-31 18:00:32.168 +05:30 [INF] AuthenticationScheme: Identity.Application signed out.
2026-08-31 18:00:32.169 +05:30 [INF] AuthenticationScheme: Identity.External signed out.
2026-08-31 18:00:32.169 +05:30 [INF] AuthenticationScheme: Identity.TwoFactorUserId signed out.
2026-08-31 18:00:32.169 +05:30 [INF] Executing RedirectResult, redirecting to /Account/Login.
2026-08-31 18:00:32.169 +05:30 [INF] Executed action MyDailyExpenseTracker.Controllers.AccountController.Logout (MyDailyExpenseTracker) in 0.8756ms
2026-08-31 18:00:32.169 +05:30 [INF] Executed endpoint 'MyDailyExpenseTracker.Controllers.AccountController.Logout (MyDailyExpenseTracker)'
2026-08-31 18:00:32.169 +05:30 [INF] Request finished HTTP/1.1 POST http://localhost:5172/Account/Logout - 302 0 null 1.6945ms
2026-08-31 18:00:32.176 +05:30 [INF] Request starting HTTP/1.1 GET http://localhost:5172/Account/Login - null null
2026-08-31 18:00:32.176 +05:30 [INF] Executing endpoint 'MyDailyExpenseTracker.Controllers.AccountController.Login (MyDailyExpenseTracker)'
2026-08-31 18:00:32.176 +05:30 [INF] Route matched with {action = "Login", controller = "Account"}. Executing controller action with signature Microsoft.AspNetCore.Mvc.IActionResult Login(System.String) on controller MyDailyExpenseTracker.Controllers.AccountController (MyDailyExpenseTracker).
2026-08-31 18:00:32.177 +05:30 [INF] Executing ViewResult, running view Login.
2026-08-31 18:00:32.179 +05:30 [INF] Executed ViewResult - view Login executed in 2.2186ms.
2026-08-31 18:00:32.180 +05:30 [INF] Executed action MyDailyExpenseTracker.Controllers.AccountController.Login (MyDailyExpenseTracker) in 3.2434ms
2026-08-31 18:00:32.180 +05:30 [INF] Executed endpoint 'MyDailyExpenseTracker.Controllers.AccountController.Login (MyDailyExpenseTracker)'
2026-08-31 18:00:32.180 +05:30 [INF] Request finished HTTP/1.1 GET http://localhost:5172/Account/Login - 200 null text/html; charset=utf-8 3.7458ms
2026-08-31 18:00:41.505 +05:30 [INF] Request starting HTTP/1.1 GET http://localhost:5172/Account/Login?ReturnUrl=%2F - null null
2026-08-31 18:00:41.506 +05:30 [INF] Executing endpoint 'MyDailyExpenseTracker.Controllers.AccountController.Login (MyDailyExpenseTracker)'
2026-08-31 18:00:41.506 +05:30 [INF] Route matched with {action = "Login", controller = "Account"}. Executing controller action with signature Microsoft.AspNetCore.Mvc.IActionResult Login(System.String) on controller MyDailyExpenseTracker.Controllers.AccountController (MyDailyExpenseTracker).
2026-08-31 18:00:41.509 +05:30 [INF] Executing ViewResult, running view Login.
2026-08-31 18:00:41.510 +05:30 [INF] Executed ViewResult - view Login executed in 1.157ms.
2026-08-31 18:00:41.511 +05:30 [INF] Executed action MyDailyExpenseTracker.Controllers.AccountController.Login (MyDailyExpenseTracker) in 4.858ms
2026-08-31 18:00:41.511 +05:30 [INF] Executed endpoint 'MyDailyExpenseTracker.Controllers.AccountController.Login (MyDailyExpenseTracker)'
2026-08-31 18:00:41.511 +05:30 [INF] Request finished HTTP/1.1 GET http://localhost:5172/Account/Login?ReturnUrl=%2F - 200 null text/html; charset=utf-8 5.5155ms
