2026-09-10 10:03:15.199 +05:30 [WRN] As of ""2026-09-09T20:53:25.9394814+00:00"", the heartbeat has been running for ""00:00:02.4083216"" which is longer than ""00:00:01"". This could be caused by thread pool starvation.
2026-09-10 13:50:55.963 +05:30 [INF] Executed DbCommand (45ms) [Parameters=[], CommandType='"Text"', CommandTimeout='30']
SELECT 1
2026-09-10 13:50:56.065 +05:30 [INF] Acquiring an exclusive lock for migration application. See https://aka.ms/efcore-docs-migrations-lock for more information if this takes too long.
2026-09-10 13:50:56.154 +05:30 [INF] Executed DbCommand (78ms) [Parameters=[], CommandType='"Text"', CommandTimeout='30']
DECLARE @result int;
EXEC @result = sp_getapplock @Resource = '__EFMigrationsLock', @LockOwner = 'Session', @LockMode = 'Exclusive';
SELECT @result
2026-09-10 13:50:56.293 +05:30 [INF] Executed DbCommand (9ms) [Parameters=[], CommandType='"Text"', CommandTimeout='30']
IF OBJECT_ID(N'[__EFMigrationsHistory]') IS NULL
BEGIN
    CREATE TABLE [__EFMigrationsHistory] (
        [MigrationId] nvarchar(150) NOT NULL,
        [ProductVersion] nvarchar(32) NOT NULL,
        CONSTRAINT [PK___EFMigrationsHistory] PRIMARY KEY ([MigrationId])
    );
END;
2026-09-10 13:50:56.332 +05:30 [INF] Executed DbCommand (1ms) [Parameters=[], CommandType='"Text"', CommandTimeout='30']
SELECT 1
2026-09-10 13:50:56.340 +05:30 [INF] Executed DbCommand (2ms) [Parameters=[], CommandType='"Text"', CommandTimeout='30']
SELECT OBJECT_ID(N'[__EFMigrationsHistory]');
2026-09-10 13:50:56.391 +05:30 [INF] Executed DbCommand (39ms) [Parameters=[], CommandType='"Text"', CommandTimeout='30']
SELECT [MigrationId], [ProductVersion]
FROM [__EFMigrationsHistory]
ORDER BY [MigrationId];
2026-09-10 13:50:56.413 +05:30 [INF] No migrations were applied. The database is already up to date.
2026-09-10 13:50:56.426 +05:30 [INF] Executed DbCommand (8ms) [Parameters=[], CommandType='"Text"', CommandTimeout='30']
DECLARE @result int;
EXEC @result = sp_releaseapplock @Resource = '__EFMigrationsLock', @LockOwner = 'Session';
SELECT @result
2026-09-10 13:50:56.974 +05:30 [INF] Executed DbCommand (37ms) [Parameters=[@normalizedName='?' (Size = 256)], CommandType='"Text"', CommandTimeout='30']
SELECT TOP(1) [a].[Id], [a].[ConcurrencyStamp], [a].[Name], [a].[NormalizedName]
FROM [AspNetRoles] AS [a]
WHERE [a].[NormalizedName] = @normalizedName
2026-09-10 13:50:57.045 +05:30 [INF] Executed DbCommand (1ms) [Parameters=[@normalizedName='?' (Size = 256)], CommandType='"Text"', CommandTimeout='30']
SELECT TOP(1) [a].[Id], [a].[ConcurrencyStamp], [a].[Name], [a].[NormalizedName]
FROM [AspNetRoles] AS [a]
WHERE [a].[NormalizedName] = @normalizedName
2026-09-10 13:50:57.099 +05:30 [INF] Executed DbCommand (12ms) [Parameters=[@name='?' (Size = 100)], CommandType='"Text"', CommandTimeout='30']
SELECT CASE
    WHEN EXISTS (
        SELECT 1
        FROM [Categories] AS [c]
        WHERE [c].[Name] = @name AND [c].[UserId] IS NULL) THEN CAST(1 AS bit)
    ELSE CAST(0 AS bit)
END
2026-09-10 13:50:57.107 +05:30 [INF] Executed DbCommand (1ms) [Parameters=[@name='?' (Size = 100)], CommandType='"Text"', CommandTimeout='30']
SELECT CASE
    WHEN EXISTS (
        SELECT 1
        FROM [Categories] AS [c]
        WHERE [c].[Name] = @name AND [c].[UserId] IS NULL) THEN CAST(1 AS bit)
    ELSE CAST(0 AS bit)
END
2026-09-10 13:50:57.111 +05:30 [INF] Executed DbCommand (0ms) [Parameters=[@name='?' (Size = 100)], CommandType='"Text"', CommandTimeout='30']
SELECT CASE
    WHEN EXISTS (
        SELECT 1
        FROM [Categories] AS [c]
        WHERE [c].[Name] = @name AND [c].[UserId] IS NULL) THEN CAST(1 AS bit)
    ELSE CAST(0 AS bit)
END
2026-09-10 13:50:57.116 +05:30 [INF] Executed DbCommand (1ms) [Parameters=[@name='?' (Size = 100)], CommandType='"Text"', CommandTimeout='30']
SELECT CASE
    WHEN EXISTS (
        SELECT 1
        FROM [Categories] AS [c]
        WHERE [c].[Name] = @name AND [c].[UserId] IS NULL) THEN CAST(1 AS bit)
    ELSE CAST(0 AS bit)
END
2026-09-10 13:50:57.122 +05:30 [INF] Executed DbCommand (1ms) [Parameters=[@name='?' (Size = 100)], CommandType='"Text"', CommandTimeout='30']
SELECT CASE
    WHEN EXISTS (
        SELECT 1
        FROM [Categories] AS [c]
        WHERE [c].[Name] = @name AND [c].[UserId] IS NULL) THEN CAST(1 AS bit)
    ELSE CAST(0 AS bit)
END
2026-09-10 13:50:57.128 +05:30 [INF] Executed DbCommand (1ms) [Parameters=[@name='?' (Size = 100)], CommandType='"Text"', CommandTimeout='30']
SELECT CASE
    WHEN EXISTS (
        SELECT 1
        FROM [Categories] AS [c]
        WHERE [c].[Name] = @name AND [c].[UserId] IS NULL) THEN CAST(1 AS bit)
    ELSE CAST(0 AS bit)
END
2026-09-10 13:50:57.135 +05:30 [INF] Executed DbCommand (1ms) [Parameters=[@name='?' (Size = 100)], CommandType='"Text"', CommandTimeout='30']
SELECT CASE
    WHEN EXISTS (
        SELECT 1
        FROM [Categories] AS [c]
        WHERE [c].[Name] = @name AND [c].[UserId] IS NULL) THEN CAST(1 AS bit)
    ELSE CAST(0 AS bit)
END
2026-09-10 13:50:57.142 +05:30 [INF] Executed DbCommand (1ms) [Parameters=[@name='?' (Size = 100)], CommandType='"Text"', CommandTimeout='30']
SELECT CASE
    WHEN EXISTS (
        SELECT 1
        FROM [Categories] AS [c]
        WHERE [c].[Name] = @name AND [c].[UserId] IS NULL) THEN CAST(1 AS bit)
    ELSE CAST(0 AS bit)
END
2026-09-10 13:50:57.149 +05:30 [INF] Executed DbCommand (1ms) [Parameters=[@name='?' (Size = 100)], CommandType='"Text"', CommandTimeout='30']
SELECT CASE
    WHEN EXISTS (
        SELECT 1
        FROM [Categories] AS [c]
        WHERE [c].[Name] = @name AND [c].[UserId] IS NULL) THEN CAST(1 AS bit)
    ELSE CAST(0 AS bit)
END
2026-09-10 13:50:57.156 +05:30 [INF] Executed DbCommand (1ms) [Parameters=[@name='?' (Size = 100)], CommandType='"Text"', CommandTimeout='30']
SELECT CASE
    WHEN EXISTS (
        SELECT 1
        FROM [Categories] AS [c]
        WHERE [c].[Name] = @name AND [c].[UserId] IS NULL) THEN CAST(1 AS bit)
    ELSE CAST(0 AS bit)
END
2026-09-10 13:50:57.162 +05:30 [INF] Executed DbCommand (1ms) [Parameters=[@name='?' (Size = 100)], CommandType='"Text"', CommandTimeout='30']
SELECT CASE
    WHEN EXISTS (
        SELECT 1
        FROM [Categories] AS [c]
        WHERE [c].[Name] = @name AND [c].[UserId] IS NULL) THEN CAST(1 AS bit)
    ELSE CAST(0 AS bit)
END
2026-09-10 13:50:57.169 +05:30 [INF] Executed DbCommand (1ms) [Parameters=[@name='?' (Size = 100)], CommandType='"Text"', CommandTimeout='30']
SELECT CASE
    WHEN EXISTS (
        SELECT 1
        FROM [Categories] AS [c]
        WHERE [c].[Name] = @name AND [c].[UserId] IS NULL) THEN CAST(1 AS bit)
    ELSE CAST(0 AS bit)
END
2026-09-10 13:50:57.176 +05:30 [INF] Executed DbCommand (1ms) [Parameters=[@name='?' (Size = 100)], CommandType='"Text"', CommandTimeout='30']
SELECT CASE
    WHEN EXISTS (
        SELECT 1
        FROM [Categories] AS [c]
        WHERE [c].[Name] = @name AND [c].[UserId] IS NULL) THEN CAST(1 AS bit)
    ELSE CAST(0 AS bit)
END
2026-09-10 13:50:57.183 +05:30 [INF] Executed DbCommand (1ms) [Parameters=[@name='?' (Size = 100)], CommandType='"Text"', CommandTimeout='30']
SELECT CASE
    WHEN EXISTS (
        SELECT 1
        FROM [Categories] AS [c]
        WHERE [c].[Name] = @name AND [c].[UserId] IS NULL) THEN CAST(1 AS bit)
    ELSE CAST(0 AS bit)
END
2026-09-10 13:50:57.190 +05:30 [INF] Executed DbCommand (1ms) [Parameters=[@name='?' (Size = 100)], CommandType='"Text"', CommandTimeout='30']
SELECT CASE
    WHEN EXISTS (
        SELECT 1
        FROM [Categories] AS [c]
        WHERE [c].[Name] = @name AND [c].[UserId] IS NULL) THEN CAST(1 AS bit)
    ELSE CAST(0 AS bit)
END
2026-09-10 13:50:57.197 +05:30 [INF] Executed DbCommand (1ms) [Parameters=[@name='?' (Size = 100)], CommandType='"Text"', CommandTimeout='30']
SELECT CASE
    WHEN EXISTS (
        SELECT 1
        FROM [Categories] AS [c]
        WHERE [c].[Name] = @name AND [c].[UserId] IS NULL) THEN CAST(1 AS bit)
    ELSE CAST(0 AS bit)
END
2026-09-10 13:50:57.201 +05:30 [INF] Executed DbCommand (1ms) [Parameters=[@name='?' (Size = 100)], CommandType='"Text"', CommandTimeout='30']
SELECT CASE
    WHEN EXISTS (
        SELECT 1
        FROM [Categories] AS [c]
        WHERE [c].[Name] = @name AND [c].[UserId] IS NULL) THEN CAST(1 AS bit)
    ELSE CAST(0 AS bit)
END
2026-09-10 13:50:57.208 +05:30 [INF] Executed DbCommand (1ms) [Parameters=[@name='?' (Size = 100)], CommandType='"Text"', CommandTimeout='30']
SELECT CASE
    WHEN EXISTS (
        SELECT 1
        FROM [Categories] AS [c]
        WHERE [c].[Name] = @name AND [c].[UserId] IS NULL) THEN CAST(1 AS bit)
    ELSE CAST(0 AS bit)
END
2026-09-10 13:50:57.213 +05:30 [INF] Executed DbCommand (1ms) [Parameters=[@name='?' (Size = 100)], CommandType='"Text"', CommandTimeout='30']
SELECT CASE
    WHEN EXISTS (
        SELECT 1
        FROM [Categories] AS [c]
        WHERE [c].[Name] = @name AND [c].[UserId] IS NULL) THEN CAST(1 AS bit)
    ELSE CAST(0 AS bit)
END
2026-09-10 13:50:57.217 +05:30 [INF] Executed DbCommand (1ms) [Parameters=[@name='?' (Size = 100)], CommandType='"Text"', CommandTimeout='30']
SELECT CASE
    WHEN EXISTS (
        SELECT 1
        FROM [Categories] AS [c]
        WHERE [c].[Name] = @name AND [c].[UserId] IS NULL) THEN CAST(1 AS bit)
    ELSE CAST(0 AS bit)
END
2026-09-10 13:50:57.223 +05:30 [INF] Executed DbCommand (1ms) [Parameters=[@name='?' (Size = 100)], CommandType='"Text"', CommandTimeout='30']
SELECT CASE
    WHEN EXISTS (
        SELECT 1
        FROM [Categories] AS [c]
        WHERE [c].[Name] = @name AND [c].[UserId] IS NULL) THEN CAST(1 AS bit)
    ELSE CAST(0 AS bit)
END
2026-09-10 13:50:57.229 +05:30 [INF] Executed DbCommand (1ms) [Parameters=[@name='?' (Size = 100)], CommandType='"Text"', CommandTimeout='30']
SELECT CASE
    WHEN EXISTS (
        SELECT 1
        FROM [Categories] AS [c]
        WHERE [c].[Name] = @name AND [c].[UserId] IS NULL) THEN CAST(1 AS bit)
    ELSE CAST(0 AS bit)
END
2026-09-10 13:50:57.233 +05:30 [INF] Executed DbCommand (1ms) [Parameters=[@name='?' (Size = 100)], CommandType='"Text"', CommandTimeout='30']
SELECT CASE
    WHEN EXISTS (
        SELECT 1
        FROM [Categories] AS [c]
        WHERE [c].[Name] = @name AND [c].[UserId] IS NULL) THEN CAST(1 AS bit)
    ELSE CAST(0 AS bit)
END
2026-09-10 13:50:57.238 +05:30 [INF] Executed DbCommand (1ms) [Parameters=[@name='?' (Size = 100)], CommandType='"Text"', CommandTimeout='30']
SELECT CASE
    WHEN EXISTS (
        SELECT 1
        FROM [Categories] AS [c]
        WHERE [c].[Name] = @name AND [c].[UserId] IS NULL) THEN CAST(1 AS bit)
    ELSE CAST(0 AS bit)
END
2026-09-10 13:50:57.266 +05:30 [INF] Executed DbCommand (13ms) [Parameters=[@name='?' (Size = 100)], CommandType='"Text"', CommandTimeout='30']
SELECT CASE
    WHEN EXISTS (
        SELECT 1
        FROM [PaymentMethods] AS [p]
        WHERE [p].[Name] = @name AND [p].[UserId] IS NULL) THEN CAST(1 AS bit)
    ELSE CAST(0 AS bit)
END
2026-09-10 13:50:57.274 +05:30 [INF] Executed DbCommand (1ms) [Parameters=[@name='?' (Size = 100)], CommandType='"Text"', CommandTimeout='30']
SELECT CASE
    WHEN EXISTS (
        SELECT 1
        FROM [PaymentMethods] AS [p]
        WHERE [p].[Name] = @name AND [p].[UserId] IS NULL) THEN CAST(1 AS bit)
    ELSE CAST(0 AS bit)
END
2026-09-10 13:50:57.281 +05:30 [INF] Executed DbCommand (1ms) [Parameters=[@name='?' (Size = 100)], CommandType='"Text"', CommandTimeout='30']
SELECT CASE
    WHEN EXISTS (
        SELECT 1
        FROM [PaymentMethods] AS [p]
        WHERE [p].[Name] = @name AND [p].[UserId] IS NULL) THEN CAST(1 AS bit)
    ELSE CAST(0 AS bit)
END
2026-09-10 13:50:57.290 +05:30 [INF] Executed DbCommand (1ms) [Parameters=[@name='?' (Size = 100)], CommandType='"Text"', CommandTimeout='30']
SELECT CASE
    WHEN EXISTS (
        SELECT 1
        FROM [PaymentMethods] AS [p]
        WHERE [p].[Name] = @name AND [p].[UserId] IS NULL) THEN CAST(1 AS bit)
    ELSE CAST(0 AS bit)
END
2026-09-10 13:50:57.297 +05:30 [INF] Executed DbCommand (1ms) [Parameters=[@name='?' (Size = 100)], CommandType='"Text"', CommandTimeout='30']
SELECT CASE
    WHEN EXISTS (
        SELECT 1
        FROM [PaymentMethods] AS [p]
        WHERE [p].[Name] = @name AND [p].[UserId] IS NULL) THEN CAST(1 AS bit)
    ELSE CAST(0 AS bit)
END
2026-09-10 13:50:57.304 +05:30 [INF] Executed DbCommand (2ms) [Parameters=[@name='?' (Size = 100)], CommandType='"Text"', CommandTimeout='30']
SELECT CASE
    WHEN EXISTS (
        SELECT 1
        FROM [PaymentMethods] AS [p]
        WHERE [p].[Name] = @name AND [p].[UserId] IS NULL) THEN CAST(1 AS bit)
    ELSE CAST(0 AS bit)
END
2026-09-10 13:50:57.311 +05:30 [INF] Executed DbCommand (1ms) [Parameters=[@name='?' (Size = 100)], CommandType='"Text"', CommandTimeout='30']
SELECT CASE
    WHEN EXISTS (
        SELECT 1
        FROM [PaymentMethods] AS [p]
        WHERE [p].[Name] = @name AND [p].[UserId] IS NULL) THEN CAST(1 AS bit)
    ELSE CAST(0 AS bit)
END
2026-09-10 13:50:57.442 +05:30 [INF] User profile is available. Using 'C:\Users\ABHI\AppData\Local\ASP.NET\DataProtection-Keys' as key repository and Windows DPAPI to encrypt keys at rest.
2026-09-10 13:50:57.565 +05:30 [INF] Now listening on: http://localhost:5172
2026-09-10 13:50:57.569 +05:30 [INF] Application started. Press Ctrl+C to shut down.
2026-09-10 13:50:57.571 +05:30 [INF] Hosting environment: Development
2026-09-10 13:50:57.572 +05:30 [INF] Content root path: C:\Users\ABHI\Desktop\Expense Tracker\MyDailyExpenseTracker
2026-09-10 13:51:02.700 +05:30 [INF] Request starting HTTP/1.1 GET http://localhost:5172/ - null null
2026-09-10 13:51:02.719 +05:30 [WRN] Failed to determine the https port for redirect.
2026-09-10 13:51:02.841 +05:30 [INF] Authorization failed. These requirements were not met:
DenyAnonymousAuthorizationRequirement: Requires an authenticated user.
2026-09-10 13:51:02.852 +05:30 [INF] AuthenticationScheme: Identity.Application was challenged.
2026-09-10 13:51:02.862 +05:30 [INF] Request finished HTTP/1.1 GET http://localhost:5172/ - 302 0 null 168.1833ms
2026-09-10 13:51:02.880 +05:30 [INF] Request starting HTTP/1.1 GET http://localhost:5172/Account/Login?ReturnUrl=%2F - null null
2026-09-10 13:51:02.898 +05:30 [INF] Executing endpoint 'MyDailyExpenseTracker.Controllers.AccountController.Login (MyDailyExpenseTracker)'
2026-09-10 13:51:02.928 +05:30 [INF] Route matched with {action = "Login", controller = "Account"}. Executing controller action with signature Microsoft.AspNetCore.Mvc.IActionResult Login(System.String) on controller MyDailyExpenseTracker.Controllers.AccountController (MyDailyExpenseTracker).
2026-09-10 13:51:03.078 +05:30 [INF] Executing ViewResult, running view Login.
2026-09-10 13:51:03.348 +05:30 [INF] Executed ViewResult - view Login executed in 274.6589ms.
2026-09-10 13:51:03.350 +05:30 [INF] Executed action MyDailyExpenseTracker.Controllers.AccountController.Login (MyDailyExpenseTracker) in 416.7095ms
2026-09-10 13:51:03.352 +05:30 [INF] Executed endpoint 'MyDailyExpenseTracker.Controllers.AccountController.Login (MyDailyExpenseTracker)'
2026-09-10 13:51:03.356 +05:30 [INF] Request finished HTTP/1.1 GET http://localhost:5172/Account/Login?ReturnUrl=%2F - 200 null text/html; charset=utf-8 475.9171ms
2026-09-10 13:51:03.491 +05:30 [INF] Request starting HTTP/1.1 GET http://localhost:5172/js/site.js?v=XvixfUlZZbVs8ay4ybLVvOPCyYDYC6oeGZmLTMieI_8 - null null
2026-09-10 13:51:03.491 +05:30 [INF] Request starting HTTP/1.1 GET http://localhost:5172/css/site.css?v=dO_17b_qym34jtiwMMKdDDP9XGvfyHLzd4AUaHU1PR8 - null null
2026-09-10 13:51:03.509 +05:30 [INF] The file /css/site.css was not modified
2026-09-10 13:51:03.509 +05:30 [INF] The file /js/site.js was not modified
2026-09-10 13:51:03.513 +05:30 [INF] Request finished HTTP/1.1 GET http://localhost:5172/css/site.css?v=dO_17b_qym34jtiwMMKdDDP9XGvfyHLzd4AUaHU1PR8 - 304 null text/css 20.9346ms
2026-09-10 13:51:03.513 +05:30 [INF] Request finished HTTP/1.1 GET http://localhost:5172/js/site.js?v=XvixfUlZZbVs8ay4ybLVvOPCyYDYC6oeGZmLTMieI_8 - 304 null text/javascript 21.6831ms
2026-09-10 13:51:08.931 +05:30 [INF] Request starting HTTP/1.1 POST http://localhost:5172/Account/Login - application/x-www-form-urlencoded 269
2026-09-10 13:51:08.942 +05:30 [INF] Executing endpoint 'MyDailyExpenseTracker.Controllers.AccountController.Login (MyDailyExpenseTracker)'
2026-09-10 13:51:08.960 +05:30 [INF] Route matched with {action = "Login", controller = "Account"}. Executing controller action with signature System.Threading.Tasks.Task`1[Microsoft.AspNetCore.Mvc.IActionResult] Login(MyDailyExpenseTracker.ViewModels.LoginViewModel, System.String) on controller MyDailyExpenseTracker.Controllers.AccountController (MyDailyExpenseTracker).
2026-09-10 13:51:09.130 +05:30 [INF] Executed DbCommand (9ms) [Parameters=[@normalizedUserName='?' (Size = 256)], CommandType='"Text"', CommandTimeout='30']
SELECT TOP(1) [a].[Id], [a].[AccessFailedCount], [a].[ConcurrencyStamp], [a].[CreatedDate], [a].[Currency], [a].[DateFormat], [a].[Email], [a].[EmailConfirmed], [a].[FirstName], [a].[LastName], [a].[LockoutEnabled], [a].[LockoutEnd], [a].[NormalizedEmail], [a].[NormalizedUserName], [a].[PasswordHash], [a].[PhoneNumber], [a].[PhoneNumberConfirmed], [a].[SecurityStamp], [a].[Theme], [a].[TwoFactorEnabled], [a].[UserName]
FROM [AspNetUsers] AS [a]
WHERE [a].[NormalizedUserName] = @normalizedUserName
2026-09-10 13:51:09.392 +05:30 [INF] Executed DbCommand (6ms) [Parameters=[@user_Id='?' (Size = 450)], CommandType='"Text"', CommandTimeout='30']
SELECT [a].[Id], [a].[ClaimType], [a].[ClaimValue], [a].[UserId]
FROM [AspNetUserClaims] AS [a]
WHERE [a].[UserId] = @user_Id
2026-09-10 13:51:09.452 +05:30 [INF] Executed DbCommand (13ms) [Parameters=[@userId='?' (Size = 450)], CommandType='"Text"', CommandTimeout='30']
SELECT [a0].[Name]
FROM [AspNetUserRoles] AS [a]
INNER JOIN [AspNetRoles] AS [a0] ON [a].[RoleId] = [a0].[Id]
WHERE [a].[UserId] = @userId
2026-09-10 13:51:09.466 +05:30 [INF] Executed DbCommand (7ms) [Parameters=[@normalizedName='?' (Size = 256)], CommandType='"Text"', CommandTimeout='30']
SELECT TOP(1) [a].[Id], [a].[ConcurrencyStamp], [a].[Name], [a].[NormalizedName]
FROM [AspNetRoles] AS [a]
WHERE [a].[NormalizedName] = @normalizedName
2026-09-10 13:51:09.487 +05:30 [INF] Executed DbCommand (4ms) [Parameters=[@role_Id='?' (Size = 450)], CommandType='"Text"', CommandTimeout='30']
SELECT [a].[ClaimType], [a].[ClaimValue]
FROM [AspNetRoleClaims] AS [a]
WHERE [a].[RoleId] = @role_Id
2026-09-10 13:51:09.500 +05:30 [INF] AuthenticationScheme: Identity.Application signed in.
2026-09-10 13:51:09.506 +05:30 [INF] User logged in: chavanabhijeet95@gmail.com
2026-09-10 13:51:09.514 +05:30 [INF] Executing RedirectResult, redirecting to /.
2026-09-10 13:51:09.518 +05:30 [INF] Executed action MyDailyExpenseTracker.Controllers.AccountController.Login (MyDailyExpenseTracker) in 554.6195ms
2026-09-10 13:51:09.521 +05:30 [INF] Executed endpoint 'MyDailyExpenseTracker.Controllers.AccountController.Login (MyDailyExpenseTracker)'
2026-09-10 13:51:09.532 +05:30 [INF] Request finished HTTP/1.1 POST http://localhost:5172/Account/Login - 302 0 null 600.662ms
2026-09-10 13:51:09.538 +05:30 [INF] Request starting HTTP/1.1 GET http://localhost:5172/ - null null
2026-09-10 13:51:09.558 +05:30 [INF] Executing endpoint 'MyDailyExpenseTracker.Controllers.DashboardController.Index (MyDailyExpenseTracker)'
2026-09-10 13:51:09.569 +05:30 [INF] Route matched with {action = "Index", controller = "Dashboard"}. Executing controller action with signature System.Threading.Tasks.Task`1[Microsoft.AspNetCore.Mvc.IActionResult] Index() on controller MyDailyExpenseTracker.Controllers.DashboardController (MyDailyExpenseTracker).
2026-09-10 13:51:09.612 +05:30 [INF] Executed DbCommand (14ms) [Parameters=[@userId='?' (Size = 450), @today='?' (DbType = DateTime2), @today2='?' (DbType = DateTime2)], CommandType='"Text"', CommandTimeout='30']
SELECT [r].[RecurringExpenseId], [r].[Amount], [r].[CategoryId], [r].[CreatedDate], [r].[EndDate], [r].[Frequency], [r].[IsActive], [r].[LastGeneratedDate], [r].[Name], [r].[Notes], [r].[PaymentMethodId], [r].[StartDate], [r].[Type], [r].[UserId]
FROM [RecurringExpenses] AS [r]
WHERE [r].[UserId] = @userId AND [r].[IsActive] = CAST(1 AS bit) AND [r].[StartDate] <= @today AND ([r].[EndDate] IS NULL OR [r].[EndDate] >= @today2)
2026-09-10 13:51:09.824 +05:30 [INF] Executed DbCommand (41ms) [Parameters=[@userId='?' (Size = 450), @today_Month='?' (DbType = Int32), @today_Year='?' (DbType = Int32)], CommandType='"Text"', CommandTimeout='30']
SELECT [b1].[BudgetId], [b1].[CreatedDate], [b1].[Month], [b1].[Notes], [b1].[TotalBudget], [b1].[UpdatedDate], [b1].[UserId], [b1].[Year], [s].[BudgetCategoryId], [s].[Amount], [s].[BudgetId], [s].[CategoryId], [s].[CategoryId0], [s].[Color], [s].[CreatedDate], [s].[Icon], [s].[IsActive], [s].[IsDefault], [s].[Name], [s].[Type], [s].[UserId]
FROM (
    SELECT TOP(1) [b].[BudgetId], [b].[CreatedDate], [b].[Month], [b].[Notes], [b].[TotalBudget], [b].[UpdatedDate], [b].[UserId], [b].[Year]
    FROM [Budgets] AS [b]
    WHERE [b].[UserId] = @userId AND [b].[Month] = @today_Month AND [b].[Year] = @today_Year
) AS [b1]
LEFT JOIN (
    SELECT [b0].[BudgetCategoryId], [b0].[Amount], [b0].[BudgetId], [b0].[CategoryId], [c].[CategoryId] AS [CategoryId0], [c].[Color], [c].[CreatedDate], [c].[Icon], [c].[IsActive], [c].[IsDefault], [c].[Name], [c].[Type], [c].[UserId]
    FROM [BudgetCategories] AS [b0]
    INNER JOIN [Categories] AS [c] ON [b0].[CategoryId] = [c].[CategoryId]
) AS [s] ON [b1].[BudgetId] = [s].[BudgetId]
ORDER BY [b1].[BudgetId], [s].[BudgetCategoryId]
2026-09-10 13:51:09.944 +05:30 [INF] Executed DbCommand (16ms) [Parameters=[@userId='?' (Size = 450), @monthStart='?' (DbType = DateTime2)], CommandType='"Text"', CommandTimeout='30']
SELECT COALESCE(SUM([t].[Amount]), 0.0)
FROM [Transactions] AS [t]
WHERE [t].[UserId] = @userId AND [t].[Type] = N'Expense' AND [t].[TransactionDate] >= @monthStart
2026-09-10 13:51:10.081 +05:30 [INF] Executed DbCommand (14ms) [Parameters=[@userId='?' (Size = 450), @today='?' (DbType = DateTime2)], CommandType='"Text"', CommandTimeout='30']
SELECT [t].[Type], COALESCE(SUM([t].[Amount]), 0.0) AS [Total]
FROM [Transactions] AS [t]
WHERE [t].[UserId] = @userId AND CONVERT(date, [t].[TransactionDate]) = @today
GROUP BY [t].[Type]
2026-09-10 13:51:10.102 +05:30 [INF] Executed DbCommand (7ms) [Parameters=[@userId='?' (Size = 450), @monthStart='?' (DbType = DateTime2), @today='?' (DbType = DateTime2)], CommandType='"Text"', CommandTimeout='30']
SELECT [t].[Type], COALESCE(SUM([t].[Amount]), 0.0) AS [Total]
FROM [Transactions] AS [t]
WHERE [t].[UserId] = @userId AND [t].[TransactionDate] >= @monthStart AND [t].[TransactionDate] <= @today
GROUP BY [t].[Type]
2026-09-10 13:51:10.122 +05:30 [INF] Executed DbCommand (7ms) [Parameters=[@userId='?' (Size = 450)], CommandType='"Text"', CommandTimeout='30']
SELECT COALESCE(SUM([t].[Amount]), 0.0)
FROM [Transactions] AS [t]
WHERE [t].[UserId] = @userId AND [t].[Type] = N'Income'
2026-09-10 13:51:10.145 +05:30 [INF] Executed DbCommand (9ms) [Parameters=[@userId='?' (Size = 450)], CommandType='"Text"', CommandTimeout='30']
SELECT COALESCE(SUM([t].[Amount]), 0.0)
FROM [Transactions] AS [t]
WHERE [t].[UserId] = @userId AND [t].[Type] = N'Expense'
2026-09-10 13:51:10.183 +05:30 [INF] Executed DbCommand (7ms) [Parameters=[@userId='?' (Size = 450)], CommandType='"Text"', CommandTimeout='30']
SELECT COUNT(*)
FROM [Transactions] AS [t]
WHERE [t].[UserId] = @userId
2026-09-10 13:51:10.211 +05:30 [INF] Executed DbCommand (11ms) [Parameters=[@userId='?' (Size = 450), @prevStart='?' (DbType = DateTime2), @prevEnd='?' (DbType = DateTime2)], CommandType='"Text"', CommandTimeout='30']
SELECT COALESCE(SUM([t].[Amount]), 0.0)
FROM [Transactions] AS [t]
WHERE [t].[UserId] = @userId AND [t].[Type] = N'Expense' AND [t].[TransactionDate] >= @prevStart AND [t].[TransactionDate] <= @prevEnd
2026-09-10 13:51:10.271 +05:30 [INF] Executed DbCommand (14ms) [Parameters=[@p='?' (DbType = Int32), @userId='?' (Size = 450)], CommandType='"Text"', CommandTimeout='30']
SELECT [t0].[TransactionId], [t0].[TransactionDate], [t0].[Description], [c].[Name] AS [CategoryName], [c].[Icon] AS [CategoryIcon], [c].[Color] AS [CategoryColor], [t0].[Type], [t0].[Amount], [p].[Name] AS [PaymentMethodName]
FROM (
    SELECT TOP(@p) [t].[TransactionId], [t].[Amount], [t].[CategoryId], [t].[CreatedDate], [t].[Description], [t].[PaymentMethodId], [t].[TransactionDate], [t].[Type]
    FROM [Transactions] AS [t]
    WHERE [t].[UserId] = @userId
    ORDER BY [t].[TransactionDate] DESC, [t].[CreatedDate] DESC
) AS [t0]
INNER JOIN [Categories] AS [c] ON [t0].[CategoryId] = [c].[CategoryId]
LEFT JOIN [PaymentMethods] AS [p] ON [t0].[PaymentMethodId] = [p].[PaymentMethodId]
ORDER BY [t0].[TransactionDate] DESC, [t0].[CreatedDate] DESC
2026-09-10 13:51:10.303 +05:30 [INF] Executed DbCommand (13ms) [Parameters=[@userId='?' (Size = 450), @sixMonthsAgo='?' (DbType = DateTime2)], CommandType='"Text"', CommandTimeout='30']
SELECT [t0].[Year], [t0].[Month], COALESCE(SUM([t0].[Amount]), 0.0) AS [Total]
FROM (
    SELECT [t].[Amount], DATEPART(year, [t].[TransactionDate]) AS [Year], DATEPART(month, [t].[TransactionDate]) AS [Month]
    FROM [Transactions] AS [t]
    WHERE [t].[UserId] = @userId AND [t].[Type] = N'Expense' AND [t].[TransactionDate] >= @sixMonthsAgo
) AS [t0]
GROUP BY [t0].[Year], [t0].[Month]
2026-09-10 13:51:10.350 +05:30 [INF] Executed DbCommand (12ms) [Parameters=[@userId='?' (Size = 450), @sixMonthsAgo='?' (DbType = DateTime2)], CommandType='"Text"', CommandTimeout='30']
SELECT [t0].[Year], [t0].[Month], [t0].[Type], COALESCE(SUM([t0].[Amount]), 0.0) AS [Total]
FROM (
    SELECT [t].[Amount], [t].[Type], DATEPART(year, [t].[TransactionDate]) AS [Year], DATEPART(month, [t].[TransactionDate]) AS [Month]
    FROM [Transactions] AS [t]
    WHERE [t].[UserId] = @userId AND [t].[TransactionDate] >= @sixMonthsAgo
) AS [t0]
GROUP BY [t0].[Year], [t0].[Month], [t0].[Type]
2026-09-10 13:51:10.394 +05:30 [INF] Executed DbCommand (19ms) [Parameters=[@p='?' (DbType = Int32), @userId='?' (Size = 450), @monthStart='?' (DbType = DateTime2), @today='?' (DbType = DateTime2)], CommandType='"Text"', CommandTimeout='30']
SELECT TOP(@p) [c].[Name] AS [Category], COALESCE(SUM([t].[Amount]), 0.0) AS [Total]
FROM [Transactions] AS [t]
INNER JOIN [Categories] AS [c] ON [t].[CategoryId] = [c].[CategoryId]
WHERE [t].[UserId] = @userId AND [t].[Type] = N'Expense' AND [t].[TransactionDate] >= @monthStart AND [t].[TransactionDate] <= @today
GROUP BY [c].[Name]
ORDER BY COALESCE(SUM([t].[Amount]), 0.0) DESC
2026-09-10 13:51:10.421 +05:30 [INF] Executed DbCommand (10ms) [Parameters=[@userId='?' (Size = 450), @monthStart='?' (DbType = DateTime2), @today='?' (DbType = DateTime2)], CommandType='"Text"', CommandTimeout='30']
SELECT [t0].[Key] AS [Day], COALESCE(SUM([t0].[Amount]), 0.0) AS [Total]
FROM (
    SELECT [t].[Amount], DATEPART(day, [t].[TransactionDate]) AS [Key]
    FROM [Transactions] AS [t]
    WHERE [t].[UserId] = @userId AND [t].[Type] = N'Expense' AND [t].[TransactionDate] >= @monthStart AND [t].[TransactionDate] <= @today
) AS [t0]
GROUP BY [t0].[Key]
2026-09-10 13:51:10.456 +05:30 [INF] Executed DbCommand (17ms) [Parameters=[@userId='?' (Size = 450), @monthStart='?' (DbType = DateTime2), @today='?' (DbType = DateTime2)], CommandType='"Text"', CommandTimeout='30']
SELECT [p].[Name] AS [Method], COALESCE(SUM([t].[Amount]), 0.0) AS [Total]
FROM [Transactions] AS [t]
LEFT JOIN [PaymentMethods] AS [p] ON [t].[PaymentMethodId] = [p].[PaymentMethodId]
WHERE [t].[UserId] = @userId AND [t].[Type] = N'Expense' AND [t].[TransactionDate] >= @monthStart AND [t].[TransactionDate] <= @today AND [t].[PaymentMethodId] IS NOT NULL
GROUP BY [p].[Name]
2026-09-10 13:51:10.485 +05:30 [INF] Executed DbCommand (6ms) [Parameters=[@userId='?' (Size = 450), @today_Month='?' (DbType = Int32), @today_Year='?' (DbType = Int32)], CommandType='"Text"', CommandTimeout='30']
SELECT TOP(1) [b].[BudgetId], [b].[CreatedDate], [b].[Month], [b].[Notes], [b].[TotalBudget], [b].[UpdatedDate], [b].[UserId], [b].[Year]
FROM [Budgets] AS [b]
WHERE [b].[UserId] = @userId AND [b].[Month] = @today_Month AND [b].[Year] = @today_Year
2026-09-10 13:51:10.506 +05:30 [INF] Executed DbCommand (6ms) [Parameters=[@userId='?' (Size = 450)], CommandType='"Text"', CommandTimeout='30']
SELECT COUNT(*)
FROM [Notifications] AS [n]
WHERE [n].[UserId] = @userId AND [n].[IsRead] = CAST(0 AS bit)
2026-09-10 13:51:10.516 +05:30 [INF] Executing ViewResult, running view Index.
2026-09-10 13:51:10.619 +05:30 [INF] Executed DbCommand (5ms) [Parameters=[@p='?' (Size = 450)], CommandType='"Text"', CommandTimeout='30']
SELECT TOP(1) [a].[Id], [a].[AccessFailedCount], [a].[ConcurrencyStamp], [a].[CreatedDate], [a].[Currency], [a].[DateFormat], [a].[Email], [a].[EmailConfirmed], [a].[FirstName], [a].[LastName], [a].[LockoutEnabled], [a].[LockoutEnd], [a].[NormalizedEmail], [a].[NormalizedUserName], [a].[PasswordHash], [a].[PhoneNumber], [a].[PhoneNumberConfirmed], [a].[SecurityStamp], [a].[Theme], [a].[TwoFactorEnabled], [a].[UserName]
FROM [AspNetUsers] AS [a]
WHERE [a].[Id] = @p
2026-09-10 13:51:10.755 +05:30 [INF] Executed ViewResult - view Index executed in 240.0887ms.
2026-09-10 13:51:10.761 +05:30 [INF] Executed action MyDailyExpenseTracker.Controllers.DashboardController.Index (MyDailyExpenseTracker) in 1187.5148ms
2026-09-10 13:51:10.765 +05:30 [INF] Executed endpoint 'MyDailyExpenseTracker.Controllers.DashboardController.Index (MyDailyExpenseTracker)'
2026-09-10 13:51:10.768 +05:30 [INF] Request finished HTTP/1.1 GET http://localhost:5172/ - 200 null text/html; charset=utf-8 1230.0801ms
2026-09-10 13:51:19.273 +05:30 [INF] Request starting HTTP/1.1 GET http://localhost:5172/Transactions - null null
2026-09-10 13:51:19.282 +05:30 [INF] Executing endpoint 'MyDailyExpenseTracker.Controllers.TransactionsController.Index (MyDailyExpenseTracker)'
2026-09-10 13:51:19.315 +05:30 [INF] Route matched with {action = "Index", controller = "Transactions"}. Executing controller action with signature System.Threading.Tasks.Task`1[Microsoft.AspNetCore.Mvc.IActionResult] Index(MyDailyExpenseTracker.ViewModels.TransactionFilterViewModel) on controller MyDailyExpenseTracker.Controllers.TransactionsController (MyDailyExpenseTracker).
2026-09-10 13:51:19.387 +05:30 [INF] Executed DbCommand (8ms) [Parameters=[@userId='?' (Size = 450)], CommandType='"Text"', CommandTimeout='30']
SELECT [t].[Type], [t].[Amount]
FROM [Transactions] AS [t]
WHERE [t].[UserId] = @userId
2026-09-10 13:51:19.445 +05:30 [INF] Executed DbCommand (23ms) [Parameters=[@userId='?' (Size = 450), @p='?' (DbType = Int32), @p2='?' (DbType = Int32)], CommandType='"Text"', CommandTimeout='30']
SELECT [t0].[TransactionId], [t0].[TransactionDate], [t0].[Description], [c].[Name] AS [CategoryName], [c].[Icon] AS [CategoryIcon], [c].[Color] AS [CategoryColor], [t0].[Type], [t0].[Amount], [p].[Name] AS [PaymentMethodName]
FROM (
    SELECT [t].[TransactionId], [t].[Amount], [t].[CategoryId], [t].[CreatedDate], [t].[Description], [t].[PaymentMethodId], [t].[TransactionDate], [t].[Type]
    FROM [Transactions] AS [t]
    WHERE [t].[UserId] = @userId
    ORDER BY [t].[TransactionDate] DESC, [t].[CreatedDate] DESC
    OFFSET @p ROWS FETCH NEXT @p2 ROWS ONLY
) AS [t0]
INNER JOIN [Categories] AS [c] ON [t0].[CategoryId] = [c].[CategoryId]
LEFT JOIN [PaymentMethods] AS [p] ON [t0].[PaymentMethodId] = [p].[PaymentMethodId]
ORDER BY [t0].[TransactionDate] DESC, [t0].[CreatedDate] DESC
2026-09-10 13:51:19.500 +05:30 [INF] Executed DbCommand (10ms) [Parameters=[@userId='?' (Size = 450)], CommandType='"Text"', CommandTimeout='30']
SELECT CONVERT(varchar(11), [c].[CategoryId]) AS [Value], [c].[Name] AS [Text]
FROM [Categories] AS [c]
WHERE [c].[IsActive] = CAST(1 AS bit) AND ([c].[UserId] = @userId OR [c].[UserId] IS NULL)
ORDER BY [c].[Name]
2026-09-10 13:51:19.527 +05:30 [INF] Executed DbCommand (7ms) [Parameters=[@userId='?' (Size = 450)], CommandType='"Text"', CommandTimeout='30']
SELECT CONVERT(varchar(11), [p].[PaymentMethodId]) AS [Value], [p].[Name] AS [Text]
FROM [PaymentMethods] AS [p]
WHERE [p].[IsActive] = CAST(1 AS bit) AND ([p].[UserId] = @userId OR [p].[UserId] IS NULL)
ORDER BY [p].[Name]
2026-09-10 13:51:19.535 +05:30 [INF] Executing ViewResult, running view Index.
2026-09-10 13:51:19.614 +05:30 [INF] Executed DbCommand (8ms) [Parameters=[@p='?' (Size = 450)], CommandType='"Text"', CommandTimeout='30']
SELECT TOP(1) [a].[Id], [a].[AccessFailedCount], [a].[ConcurrencyStamp], [a].[CreatedDate], [a].[Currency], [a].[DateFormat], [a].[Email], [a].[EmailConfirmed], [a].[FirstName], [a].[LastName], [a].[LockoutEnabled], [a].[LockoutEnd], [a].[NormalizedEmail], [a].[NormalizedUserName], [a].[PasswordHash], [a].[PhoneNumber], [a].[PhoneNumberConfirmed], [a].[SecurityStamp], [a].[Theme], [a].[TwoFactorEnabled], [a].[UserName]
FROM [AspNetUsers] AS [a]
WHERE [a].[Id] = @p
2026-09-10 13:51:19.626 +05:30 [INF] Executed ViewResult - view Index executed in 92.6526ms.
2026-09-10 13:51:19.630 +05:30 [INF] Executed action MyDailyExpenseTracker.Controllers.TransactionsController.Index (MyDailyExpenseTracker) in 309.9168ms
2026-09-10 13:51:19.634 +05:30 [INF] Executed endpoint 'MyDailyExpenseTracker.Controllers.TransactionsController.Index (MyDailyExpenseTracker)'
2026-09-10 13:51:19.639 +05:30 [INF] Request finished HTTP/1.1 GET http://localhost:5172/Transactions - 200 null text/html; charset=utf-8 365.745ms
2026-09-10 13:51:21.328 +05:30 [INF] Request starting HTTP/1.1 GET http://localhost:5172/ - null null
2026-09-10 13:51:21.367 +05:30 [INF] Executing endpoint 'MyDailyExpenseTracker.Controllers.DashboardController.Index (MyDailyExpenseTracker)'
2026-09-10 13:51:21.370 +05:30 [INF] Route matched with {action = "Index", controller = "Dashboard"}. Executing controller action with signature System.Threading.Tasks.Task`1[Microsoft.AspNetCore.Mvc.IActionResult] Index() on controller MyDailyExpenseTracker.Controllers.DashboardController (MyDailyExpenseTracker).
2026-09-10 13:51:21.385 +05:30 [INF] Executed DbCommand (7ms) [Parameters=[@userId='?' (Size = 450), @today='?' (DbType = DateTime2), @today2='?' (DbType = DateTime2)], CommandType='"Text"', CommandTimeout='30']
SELECT [r].[RecurringExpenseId], [r].[Amount], [r].[CategoryId], [r].[CreatedDate], [r].[EndDate], [r].[Frequency], [r].[IsActive], [r].[LastGeneratedDate], [r].[Name], [r].[Notes], [r].[PaymentMethodId], [r].[StartDate], [r].[Type], [r].[UserId]
FROM [RecurringExpenses] AS [r]
WHERE [r].[UserId] = @userId AND [r].[IsActive] = CAST(1 AS bit) AND [r].[StartDate] <= @today AND ([r].[EndDate] IS NULL OR [r].[EndDate] >= @today2)
2026-09-10 13:51:21.412 +05:30 [INF] Executed DbCommand (22ms) [Parameters=[@userId='?' (Size = 450), @today_Month='?' (DbType = Int32), @today_Year='?' (DbType = Int32)], CommandType='"Text"', CommandTimeout='30']
SELECT [b1].[BudgetId], [b1].[CreatedDate], [b1].[Month], [b1].[Notes], [b1].[TotalBudget], [b1].[UpdatedDate], [b1].[UserId], [b1].[Year], [s].[BudgetCategoryId], [s].[Amount], [s].[BudgetId], [s].[CategoryId], [s].[CategoryId0], [s].[Color], [s].[CreatedDate], [s].[Icon], [s].[IsActive], [s].[IsDefault], [s].[Name], [s].[Type], [s].[UserId]
FROM (
    SELECT TOP(1) [b].[BudgetId], [b].[CreatedDate], [b].[Month], [b].[Notes], [b].[TotalBudget], [b].[UpdatedDate], [b].[UserId], [b].[Year]
    FROM [Budgets] AS [b]
    WHERE [b].[UserId] = @userId AND [b].[Month] = @today_Month AND [b].[Year] = @today_Year
) AS [b1]
LEFT JOIN (
    SELECT [b0].[BudgetCategoryId], [b0].[Amount], [b0].[BudgetId], [b0].[CategoryId], [c].[CategoryId] AS [CategoryId0], [c].[Color], [c].[CreatedDate], [c].[Icon], [c].[IsActive], [c].[IsDefault], [c].[Name], [c].[Type], [c].[UserId]
    FROM [BudgetCategories] AS [b0]
    INNER JOIN [Categories] AS [c] ON [b0].[CategoryId] = [c].[CategoryId]
) AS [s] ON [b1].[BudgetId] = [s].[BudgetId]
ORDER BY [b1].[BudgetId], [s].[BudgetCategoryId]
2026-09-10 13:51:21.435 +05:30 [INF] Executed DbCommand (12ms) [Parameters=[@userId='?' (Size = 450), @monthStart='?' (DbType = DateTime2)], CommandType='"Text"', CommandTimeout='30']
SELECT COALESCE(SUM([t].[Amount]), 0.0)
FROM [Transactions] AS [t]
WHERE [t].[UserId] = @userId AND [t].[Type] = N'Expense' AND [t].[TransactionDate] >= @monthStart
2026-09-10 13:51:21.457 +05:30 [INF] Executed DbCommand (13ms) [Parameters=[@userId='?' (Size = 450), @today='?' (DbType = DateTime2)], CommandType='"Text"', CommandTimeout='30']
SELECT [t].[Type], COALESCE(SUM([t].[Amount]), 0.0) AS [Total]
FROM [Transactions] AS [t]
WHERE [t].[UserId] = @userId AND CONVERT(date, [t].[TransactionDate]) = @today
GROUP BY [t].[Type]
2026-09-10 13:51:21.476 +05:30 [INF] Executed DbCommand (13ms) [Parameters=[@userId='?' (Size = 450), @monthStart='?' (DbType = DateTime2), @today='?' (DbType = DateTime2)], CommandType='"Text"', CommandTimeout='30']
SELECT [t].[Type], COALESCE(SUM([t].[Amount]), 0.0) AS [Total]
FROM [Transactions] AS [t]
WHERE [t].[UserId] = @userId AND [t].[TransactionDate] >= @monthStart AND [t].[TransactionDate] <= @today
GROUP BY [t].[Type]
2026-09-10 13:51:21.497 +05:30 [INF] Executed DbCommand (12ms) [Parameters=[@userId='?' (Size = 450)], CommandType='"Text"', CommandTimeout='30']
SELECT COALESCE(SUM([t].[Amount]), 0.0)
FROM [Transactions] AS [t]
WHERE [t].[UserId] = @userId AND [t].[Type] = N'Income'
2026-09-10 13:51:21.517 +05:30 [INF] Executed DbCommand (11ms) [Parameters=[@userId='?' (Size = 450)], CommandType='"Text"', CommandTimeout='30']
SELECT COALESCE(SUM([t].[Amount]), 0.0)
FROM [Transactions] AS [t]
WHERE [t].[UserId] = @userId AND [t].[Type] = N'Expense'
2026-09-10 13:51:21.530 +05:30 [INF] Executed DbCommand (5ms) [Parameters=[@userId='?' (Size = 450)], CommandType='"Text"', CommandTimeout='30']
SELECT COUNT(*)
FROM [Transactions] AS [t]
WHERE [t].[UserId] = @userId
2026-09-10 13:51:21.551 +05:30 [INF] Executed DbCommand (13ms) [Parameters=[@userId='?' (Size = 450), @prevStart='?' (DbType = DateTime2), @prevEnd='?' (DbType = DateTime2)], CommandType='"Text"', CommandTimeout='30']
SELECT COALESCE(SUM([t].[Amount]), 0.0)
FROM [Transactions] AS [t]
WHERE [t].[UserId] = @userId AND [t].[Type] = N'Expense' AND [t].[TransactionDate] >= @prevStart AND [t].[TransactionDate] <= @prevEnd
2026-09-10 13:51:21.588 +05:30 [INF] Executed DbCommand (25ms) [Parameters=[@p='?' (DbType = Int32), @userId='?' (Size = 450)], CommandType='"Text"', CommandTimeout='30']
SELECT [t0].[TransactionId], [t0].[TransactionDate], [t0].[Description], [c].[Name] AS [CategoryName], [c].[Icon] AS [CategoryIcon], [c].[Color] AS [CategoryColor], [t0].[Type], [t0].[Amount], [p].[Name] AS [PaymentMethodName]
FROM (
    SELECT TOP(@p) [t].[TransactionId], [t].[Amount], [t].[CategoryId], [t].[CreatedDate], [t].[Description], [t].[PaymentMethodId], [t].[TransactionDate], [t].[Type]
    FROM [Transactions] AS [t]
    WHERE [t].[UserId] = @userId
    ORDER BY [t].[TransactionDate] DESC, [t].[CreatedDate] DESC
) AS [t0]
INNER JOIN [Categories] AS [c] ON [t0].[CategoryId] = [c].[CategoryId]
LEFT JOIN [PaymentMethods] AS [p] ON [t0].[PaymentMethodId] = [p].[PaymentMethodId]
ORDER BY [t0].[TransactionDate] DESC, [t0].[CreatedDate] DESC
2026-09-10 13:51:21.632 +05:30 [INF] Executed DbCommand (34ms) [Parameters=[@userId='?' (Size = 450), @sixMonthsAgo='?' (DbType = DateTime2)], CommandType='"Text"', CommandTimeout='30']
SELECT [t0].[Year], [t0].[Month], COALESCE(SUM([t0].[Amount]), 0.0) AS [Total]
FROM (
    SELECT [t].[Amount], DATEPART(year, [t].[TransactionDate]) AS [Year], DATEPART(month, [t].[TransactionDate]) AS [Month]
    FROM [Transactions] AS [t]
    WHERE [t].[UserId] = @userId AND [t].[Type] = N'Expense' AND [t].[TransactionDate] >= @sixMonthsAgo
) AS [t0]
GROUP BY [t0].[Year], [t0].[Month]
2026-09-10 13:51:21.648 +05:30 [INF] Executed DbCommand (8ms) [Parameters=[@userId='?' (Size = 450), @sixMonthsAgo='?' (DbType = DateTime2)], CommandType='"Text"', CommandTimeout='30']
SELECT [t0].[Year], [t0].[Month], [t0].[Type], COALESCE(SUM([t0].[Amount]), 0.0) AS [Total]
FROM (
    SELECT [t].[Amount], [t].[Type], DATEPART(year, [t].[TransactionDate]) AS [Year], DATEPART(month, [t].[TransactionDate]) AS [Month]
    FROM [Transactions] AS [t]
    WHERE [t].[UserId] = @userId AND [t].[TransactionDate] >= @sixMonthsAgo
) AS [t0]
GROUP BY [t0].[Year], [t0].[Month], [t0].[Type]
2026-09-10 13:51:21.667 +05:30 [INF] Executed DbCommand (13ms) [Parameters=[@p='?' (DbType = Int32), @userId='?' (Size = 450), @monthStart='?' (DbType = DateTime2), @today='?' (DbType = DateTime2)], CommandType='"Text"', CommandTimeout='30']
SELECT TOP(@p) [c].[Name] AS [Category], COALESCE(SUM([t].[Amount]), 0.0) AS [Total]
FROM [Transactions] AS [t]
INNER JOIN [Categories] AS [c] ON [t].[CategoryId] = [c].[CategoryId]
WHERE [t].[UserId] = @userId AND [t].[Type] = N'Expense' AND [t].[TransactionDate] >= @monthStart AND [t].[TransactionDate] <= @today
GROUP BY [c].[Name]
ORDER BY COALESCE(SUM([t].[Amount]), 0.0) DESC
2026-09-10 13:51:21.685 +05:30 [INF] Executed DbCommand (11ms) [Parameters=[@userId='?' (Size = 450), @monthStart='?' (DbType = DateTime2), @today='?' (DbType = DateTime2)], CommandType='"Text"', CommandTimeout='30']
SELECT [t0].[Key] AS [Day], COALESCE(SUM([t0].[Amount]), 0.0) AS [Total]
FROM (
    SELECT [t].[Amount], DATEPART(day, [t].[TransactionDate]) AS [Key]
    FROM [Transactions] AS [t]
    WHERE [t].[UserId] = @userId AND [t].[Type] = N'Expense' AND [t].[TransactionDate] >= @monthStart AND [t].[TransactionDate] <= @today
) AS [t0]
GROUP BY [t0].[Key]
2026-09-10 13:51:21.710 +05:30 [INF] Executed DbCommand (17ms) [Parameters=[@userId='?' (Size = 450), @monthStart='?' (DbType = DateTime2), @today='?' (DbType = DateTime2)], CommandType='"Text"', CommandTimeout='30']
SELECT [p].[Name] AS [Method], COALESCE(SUM([t].[Amount]), 0.0) AS [Total]
FROM [Transactions] AS [t]
LEFT JOIN [PaymentMethods] AS [p] ON [t].[PaymentMethodId] = [p].[PaymentMethodId]
WHERE [t].[UserId] = @userId AND [t].[Type] = N'Expense' AND [t].[TransactionDate] >= @monthStart AND [t].[TransactionDate] <= @today AND [t].[PaymentMethodId] IS NOT NULL
GROUP BY [p].[Name]
2026-09-10 13:51:21.724 +05:30 [INF] Executed DbCommand (7ms) [Parameters=[@userId='?' (Size = 450), @today_Month='?' (DbType = Int32), @today_Year='?' (DbType = Int32)], CommandType='"Text"', CommandTimeout='30']
SELECT TOP(1) [b].[BudgetId], [b].[CreatedDate], [b].[Month], [b].[Notes], [b].[TotalBudget], [b].[UpdatedDate], [b].[UserId], [b].[Year]
FROM [Budgets] AS [b]
WHERE [b].[UserId] = @userId AND [b].[Month] = @today_Month AND [b].[Year] = @today_Year
2026-09-10 13:51:21.739 +05:30 [INF] Executed DbCommand (8ms) [Parameters=[@userId='?' (Size = 450)], CommandType='"Text"', CommandTimeout='30']
SELECT COUNT(*)
FROM [Notifications] AS [n]
WHERE [n].[UserId] = @userId AND [n].[IsRead] = CAST(0 AS bit)
2026-09-10 13:51:21.747 +05:30 [INF] Executing ViewResult, running view Index.
2026-09-10 13:51:21.764 +05:30 [INF] Executed DbCommand (7ms) [Parameters=[@p='?' (Size = 450)], CommandType='"Text"', CommandTimeout='30']
SELECT TOP(1) [a].[Id], [a].[AccessFailedCount], [a].[ConcurrencyStamp], [a].[CreatedDate], [a].[Currency], [a].[DateFormat], [a].[Email], [a].[EmailConfirmed], [a].[FirstName], [a].[LastName], [a].[LockoutEnabled], [a].[LockoutEnd], [a].[NormalizedEmail], [a].[NormalizedUserName], [a].[PasswordHash], [a].[PhoneNumber], [a].[PhoneNumberConfirmed], [a].[SecurityStamp], [a].[Theme], [a].[TwoFactorEnabled], [a].[UserName]
FROM [AspNetUsers] AS [a]
WHERE [a].[Id] = @p
2026-09-10 13:51:21.774 +05:30 [INF] Executed ViewResult - view Index executed in 27.9956ms.
2026-09-10 13:51:21.779 +05:30 [INF] Executed action MyDailyExpenseTracker.Controllers.DashboardController.Index (MyDailyExpenseTracker) in 405.1333ms
2026-09-10 13:51:21.784 +05:30 [INF] Executed endpoint 'MyDailyExpenseTracker.Controllers.DashboardController.Index (MyDailyExpenseTracker)'
2026-09-10 13:51:21.788 +05:30 [INF] Request finished HTTP/1.1 GET http://localhost:5172/ - 200 null text/html; charset=utf-8 459.8839ms
2026-09-10 13:51:29.822 +05:30 [INF] Request starting HTTP/1.1 GET http://localhost:5172/Transactions/Create?type=Expense - null null
2026-09-10 13:51:29.831 +05:30 [INF] Executing endpoint 'MyDailyExpenseTracker.Controllers.TransactionsController.Create (MyDailyExpenseTracker)'
2026-09-10 13:51:29.853 +05:30 [INF] Route matched with {action = "Create", controller = "Transactions"}. Executing controller action with signature System.Threading.Tasks.Task`1[Microsoft.AspNetCore.Mvc.IActionResult] Create(System.String) on controller MyDailyExpenseTracker.Controllers.TransactionsController (MyDailyExpenseTracker).
2026-09-10 13:51:29.890 +05:30 [INF] Executed DbCommand (16ms) [Parameters=[@userId='?' (Size = 450), @type='?' (Size = 10)], CommandType='"Text"', CommandTimeout='30']
SELECT CONVERT(varchar(11), [c].[CategoryId]) AS [Value], [c].[Name] AS [Text]
FROM [Categories] AS [c]
WHERE [c].[IsActive] = CAST(1 AS bit) AND ([c].[UserId] = @userId OR [c].[UserId] IS NULL) AND ([c].[Type] = @type OR [c].[Type] = N'Both')
ORDER BY [c].[Name]
2026-09-10 13:51:29.911 +05:30 [INF] Executed DbCommand (11ms) [Parameters=[@userId='?' (Size = 450)], CommandType='"Text"', CommandTimeout='30']
SELECT CONVERT(varchar(11), [p].[PaymentMethodId]) AS [Value], [p].[Name] AS [Text]
FROM [PaymentMethods] AS [p]
WHERE [p].[IsActive] = CAST(1 AS bit) AND ([p].[UserId] = @userId OR [p].[UserId] IS NULL)
ORDER BY [p].[Name]
2026-09-10 13:51:29.922 +05:30 [INF] Executing ViewResult, running view Create.
2026-09-10 13:51:30.043 +05:30 [INF] Executed DbCommand (5ms) [Parameters=[@p='?' (Size = 450)], CommandType='"Text"', CommandTimeout='30']
SELECT TOP(1) [a].[Id], [a].[AccessFailedCount], [a].[ConcurrencyStamp], [a].[CreatedDate], [a].[Currency], [a].[DateFormat], [a].[Email], [a].[EmailConfirmed], [a].[FirstName], [a].[LastName], [a].[LockoutEnabled], [a].[LockoutEnd], [a].[NormalizedEmail], [a].[NormalizedUserName], [a].[PasswordHash], [a].[PhoneNumber], [a].[PhoneNumberConfirmed], [a].[SecurityStamp], [a].[Theme], [a].[TwoFactorEnabled], [a].[UserName]
FROM [AspNetUsers] AS [a]
WHERE [a].[Id] = @p
2026-09-10 13:51:30.049 +05:30 [INF] Executed ViewResult - view Create executed in 129.2244ms.
2026-09-10 13:51:30.052 +05:30 [INF] Executed action MyDailyExpenseTracker.Controllers.TransactionsController.Create (MyDailyExpenseTracker) in 194.0719ms
2026-09-10 13:51:30.054 +05:30 [INF] Executed endpoint 'MyDailyExpenseTracker.Controllers.TransactionsController.Create (MyDailyExpenseTracker)'
2026-09-10 13:51:30.057 +05:30 [INF] Request finished HTTP/1.1 GET http://localhost:5172/Transactions/Create?type=Expense - 200 null text/html; charset=utf-8 235.142ms
2026-09-10 13:51:34.041 +05:30 [INF] Request starting HTTP/1.1 GET http://localhost:5172/Transactions/GetCategoriesByType?type=Expense - null null
2026-09-10 13:51:34.046 +05:30 [INF] Executing endpoint 'MyDailyExpenseTracker.Controllers.TransactionsController.GetCategoriesByType (MyDailyExpenseTracker)'
2026-09-10 13:51:34.057 +05:30 [INF] Route matched with {action = "GetCategoriesByType", controller = "Transactions"}. Executing controller action with signature System.Threading.Tasks.Task`1[Microsoft.AspNetCore.Mvc.IActionResult] GetCategoriesByType(System.String) on controller MyDailyExpenseTracker.Controllers.TransactionsController (MyDailyExpenseTracker).
2026-09-10 13:51:34.076 +05:30 [INF] Executed DbCommand (11ms) [Parameters=[@userId='?' (Size = 450), @type='?' (Size = 10)], CommandType='"Text"', CommandTimeout='30']
SELECT CONVERT(varchar(11), [c].[CategoryId]) AS [Value], [c].[Name] AS [Text]
FROM [Categories] AS [c]
WHERE [c].[IsActive] = CAST(1 AS bit) AND ([c].[UserId] = @userId OR [c].[UserId] IS NULL) AND ([c].[Type] = @type OR [c].[Type] = N'Both')
ORDER BY [c].[Name]
2026-09-10 13:51:34.085 +05:30 [INF] Executing JsonResult, writing value of type 'System.Linq.Enumerable+ListSelectIterator`2[[Microsoft.AspNetCore.Mvc.Rendering.SelectListItem, Microsoft.AspNetCore.Mvc.ViewFeatures, Version=10.0.0.0, Culture=neutral, PublicKeyToken=adb9793829ddae60],[<>f__AnonymousType3`2[[System.String, System.Private.CoreLib, Version=10.0.0.0, Culture=neutral, PublicKeyToken=7cec85d7bea7798e],[System.String, System.Private.CoreLib, Version=10.0.0.0, Culture=neutral, PublicKeyToken=7cec85d7bea7798e]], MyDailyExpenseTracker, Version=1.0.0.0, Culture=neutral, PublicKeyToken=null]]'.
2026-09-10 13:51:34.111 +05:30 [INF] Executed action MyDailyExpenseTracker.Controllers.TransactionsController.GetCategoriesByType (MyDailyExpenseTracker) in 51.2856ms
2026-09-10 13:51:34.113 +05:30 [INF] Executed endpoint 'MyDailyExpenseTracker.Controllers.TransactionsController.GetCategoriesByType (MyDailyExpenseTracker)'
2026-09-10 13:51:34.116 +05:30 [INF] Request finished HTTP/1.1 GET http://localhost:5172/Transactions/GetCategoriesByType?type=Expense - 200 null application/json; charset=utf-8 74.8367ms
2026-09-10 13:52:35.741 +05:30 [INF] Request starting HTTP/1.1 POST http://localhost:5172/Transactions/Create - application/x-www-form-urlencoded 397
2026-09-10 13:52:35.745 +05:30 [INF] Executing endpoint 'MyDailyExpenseTracker.Controllers.TransactionsController.Create (MyDailyExpenseTracker)'
2026-09-10 13:52:35.766 +05:30 [INF] Route matched with {action = "Create", controller = "Transactions"}. Executing controller action with signature System.Threading.Tasks.Task`1[Microsoft.AspNetCore.Mvc.IActionResult] Create(MyDailyExpenseTracker.ViewModels.TransactionViewModel) on controller MyDailyExpenseTracker.Controllers.TransactionsController (MyDailyExpenseTracker).
2026-09-10 13:52:36.142 +05:30 [INF] Executed DbCommand (34ms) [Parameters=[@p0='?' (Precision = 18) (Scale = 2) (DbType = Decimal), @p1='?' (DbType = Int32), @p2='?' (DbType = DateTime2), @p3='?' (Size = 200), @p4='?' (Size = 500), @p5='?' (DbType = Int32), @p6='?' (DbType = Int32), @p7='?' (DbType = DateTime2), @p8='?' (Size = 10), @p9='?' (DbType = DateTime2), @p10='?' (Size = 450)], CommandType='"Text"', CommandTimeout='30']
SET IMPLICIT_TRANSACTIONS OFF;
SET NOCOUNT ON;
INSERT INTO [Transactions] ([Amount], [CategoryId], [CreatedDate], [Description], [Notes], [PaymentMethodId], [RecurringExpenseId], [TransactionDate], [Type], [UpdatedDate], [UserId])
OUTPUT INSERTED.[TransactionId]
VALUES (@p0, @p1, @p2, @p3, @p4, @p5, @p6, @p7, @p8, @p9, @p10);
2026-09-10 13:52:36.195 +05:30 [INF] Executing RedirectResult, redirecting to /Transactions.
2026-09-10 13:52:36.199 +05:30 [INF] Executed action MyDailyExpenseTracker.Controllers.TransactionsController.Create (MyDailyExpenseTracker) in 429.5697ms
2026-09-10 13:52:36.201 +05:30 [INF] Executed endpoint 'MyDailyExpenseTracker.Controllers.TransactionsController.Create (MyDailyExpenseTracker)'
2026-09-10 13:52:36.203 +05:30 [INF] Request finished HTTP/1.1 POST http://localhost:5172/Transactions/Create - 302 0 null 462.4431ms
2026-09-10 13:52:36.208 +05:30 [INF] Request starting HTTP/1.1 GET http://localhost:5172/Transactions - null null
2026-09-10 13:52:36.213 +05:30 [INF] Executing endpoint 'MyDailyExpenseTracker.Controllers.TransactionsController.Index (MyDailyExpenseTracker)'
2026-09-10 13:52:36.215 +05:30 [INF] Route matched with {action = "Index", controller = "Transactions"}. Executing controller action with signature System.Threading.Tasks.Task`1[Microsoft.AspNetCore.Mvc.IActionResult] Index(MyDailyExpenseTracker.ViewModels.TransactionFilterViewModel) on controller MyDailyExpenseTracker.Controllers.TransactionsController (MyDailyExpenseTracker).
2026-09-10 13:52:36.227 +05:30 [INF] Executed DbCommand (5ms) [Parameters=[@userId='?' (Size = 450)], CommandType='"Text"', CommandTimeout='30']
SELECT [t].[Type], [t].[Amount]
FROM [Transactions] AS [t]
WHERE [t].[UserId] = @userId
2026-09-10 13:52:36.244 +05:30 [INF] Executed DbCommand (12ms) [Parameters=[@userId='?' (Size = 450), @p='?' (DbType = Int32), @p2='?' (DbType = Int32)], CommandType='"Text"', CommandTimeout='30']
SELECT [t0].[TransactionId], [t0].[TransactionDate], [t0].[Description], [c].[Name] AS [CategoryName], [c].[Icon] AS [CategoryIcon], [c].[Color] AS [CategoryColor], [t0].[Type], [t0].[Amount], [p].[Name] AS [PaymentMethodName]
FROM (
    SELECT [t].[TransactionId], [t].[Amount], [t].[CategoryId], [t].[CreatedDate], [t].[Description], [t].[PaymentMethodId], [t].[TransactionDate], [t].[Type]
    FROM [Transactions] AS [t]
    WHERE [t].[UserId] = @userId
    ORDER BY [t].[TransactionDate] DESC, [t].[CreatedDate] DESC
    OFFSET @p ROWS FETCH NEXT @p2 ROWS ONLY
) AS [t0]
INNER JOIN [Categories] AS [c] ON [t0].[CategoryId] = [c].[CategoryId]
LEFT JOIN [PaymentMethods] AS [p] ON [t0].[PaymentMethodId] = [p].[PaymentMethodId]
ORDER BY [t0].[TransactionDate] DESC, [t0].[CreatedDate] DESC
2026-09-10 13:52:36.257 +05:30 [INF] Executed DbCommand (7ms) [Parameters=[@userId='?' (Size = 450)], CommandType='"Text"', CommandTimeout='30']
SELECT CONVERT(varchar(11), [c].[CategoryId]) AS [Value], [c].[Name] AS [Text]
FROM [Categories] AS [c]
WHERE [c].[IsActive] = CAST(1 AS bit) AND ([c].[UserId] = @userId OR [c].[UserId] IS NULL)
ORDER BY [c].[Name]
2026-09-10 13:52:36.272 +05:30 [INF] Executed DbCommand (8ms) [Parameters=[@userId='?' (Size = 450)], CommandType='"Text"', CommandTimeout='30']
SELECT CONVERT(varchar(11), [p].[PaymentMethodId]) AS [Value], [p].[Name] AS [Text]
FROM [PaymentMethods] AS [p]
WHERE [p].[IsActive] = CAST(1 AS bit) AND ([p].[UserId] = @userId OR [p].[UserId] IS NULL)
ORDER BY [p].[Name]
2026-09-10 13:52:36.276 +05:30 [INF] Executing ViewResult, running view Index.
2026-09-10 13:52:36.289 +05:30 [INF] Executed DbCommand (7ms) [Parameters=[@p='?' (Size = 450)], CommandType='"Text"', CommandTimeout='30']
SELECT TOP(1) [a].[Id], [a].[AccessFailedCount], [a].[ConcurrencyStamp], [a].[CreatedDate], [a].[Currency], [a].[DateFormat], [a].[Email], [a].[EmailConfirmed], [a].[FirstName], [a].[LastName], [a].[LockoutEnabled], [a].[LockoutEnd], [a].[NormalizedEmail], [a].[NormalizedUserName], [a].[PasswordHash], [a].[PhoneNumber], [a].[PhoneNumberConfirmed], [a].[SecurityStamp], [a].[Theme], [a].[TwoFactorEnabled], [a].[UserName]
FROM [AspNetUsers] AS [a]
WHERE [a].[Id] = @p
2026-09-10 13:52:36.296 +05:30 [INF] Executed ViewResult - view Index executed in 19.7077ms.
2026-09-10 13:52:36.298 +05:30 [INF] Executed action MyDailyExpenseTracker.Controllers.TransactionsController.Index (MyDailyExpenseTracker) in 80.5742ms
2026-09-10 13:52:36.301 +05:30 [INF] Executed endpoint 'MyDailyExpenseTracker.Controllers.TransactionsController.Index (MyDailyExpenseTracker)'
2026-09-10 13:52:36.304 +05:30 [INF] Request finished HTTP/1.1 GET http://localhost:5172/Transactions - 200 null text/html; charset=utf-8 96.1084ms
2026-09-10 13:52:43.590 +05:30 [INF] Request starting HTTP/1.1 GET http://localhost:5172/ - null null
2026-09-10 13:52:43.597 +05:30 [INF] Executing endpoint 'MyDailyExpenseTracker.Controllers.DashboardController.Index (MyDailyExpenseTracker)'
2026-09-10 13:52:43.600 +05:30 [INF] Route matched with {action = "Index", controller = "Dashboard"}. Executing controller action with signature System.Threading.Tasks.Task`1[Microsoft.AspNetCore.Mvc.IActionResult] Index() on controller MyDailyExpenseTracker.Controllers.DashboardController (MyDailyExpenseTracker).
2026-09-10 13:52:43.624 +05:30 [INF] Executed DbCommand (10ms) [Parameters=[@userId='?' (Size = 450), @today='?' (DbType = DateTime2), @today2='?' (DbType = DateTime2)], CommandType='"Text"', CommandTimeout='30']
SELECT [r].[RecurringExpenseId], [r].[Amount], [r].[CategoryId], [r].[CreatedDate], [r].[EndDate], [r].[Frequency], [r].[IsActive], [r].[LastGeneratedDate], [r].[Name], [r].[Notes], [r].[PaymentMethodId], [r].[StartDate], [r].[Type], [r].[UserId]
FROM [RecurringExpenses] AS [r]
WHERE [r].[UserId] = @userId AND [r].[IsActive] = CAST(1 AS bit) AND [r].[StartDate] <= @today AND ([r].[EndDate] IS NULL OR [r].[EndDate] >= @today2)
2026-09-10 13:52:43.664 +05:30 [INF] Executed DbCommand (33ms) [Parameters=[@userId='?' (Size = 450), @today_Month='?' (DbType = Int32), @today_Year='?' (DbType = Int32)], CommandType='"Text"', CommandTimeout='30']
SELECT [b1].[BudgetId], [b1].[CreatedDate], [b1].[Month], [b1].[Notes], [b1].[TotalBudget], [b1].[UpdatedDate], [b1].[UserId], [b1].[Year], [s].[BudgetCategoryId], [s].[Amount], [s].[BudgetId], [s].[CategoryId], [s].[CategoryId0], [s].[Color], [s].[CreatedDate], [s].[Icon], [s].[IsActive], [s].[IsDefault], [s].[Name], [s].[Type], [s].[UserId]
FROM (
    SELECT TOP(1) [b].[BudgetId], [b].[CreatedDate], [b].[Month], [b].[Notes], [b].[TotalBudget], [b].[UpdatedDate], [b].[UserId], [b].[Year]
    FROM [Budgets] AS [b]
    WHERE [b].[UserId] = @userId AND [b].[Month] = @today_Month AND [b].[Year] = @today_Year
) AS [b1]
LEFT JOIN (
    SELECT [b0].[BudgetCategoryId], [b0].[Amount], [b0].[BudgetId], [b0].[CategoryId], [c].[CategoryId] AS [CategoryId0], [c].[Color], [c].[CreatedDate], [c].[Icon], [c].[IsActive], [c].[IsDefault], [c].[Name], [c].[Type], [c].[UserId]
    FROM [BudgetCategories] AS [b0]
    INNER JOIN [Categories] AS [c] ON [b0].[CategoryId] = [c].[CategoryId]
) AS [s] ON [b1].[BudgetId] = [s].[BudgetId]
ORDER BY [b1].[BudgetId], [s].[BudgetCategoryId]
2026-09-10 13:52:43.685 +05:30 [INF] Executed DbCommand (11ms) [Parameters=[@userId='?' (Size = 450), @monthStart='?' (DbType = DateTime2)], CommandType='"Text"', CommandTimeout='30']
SELECT COALESCE(SUM([t].[Amount]), 0.0)
FROM [Transactions] AS [t]
WHERE [t].[UserId] = @userId AND [t].[Type] = N'Expense' AND [t].[TransactionDate] >= @monthStart
2026-09-10 13:52:43.707 +05:30 [INF] Executed DbCommand (13ms) [Parameters=[@userId='?' (Size = 450), @today='?' (DbType = DateTime2)], CommandType='"Text"', CommandTimeout='30']
SELECT [t].[Type], COALESCE(SUM([t].[Amount]), 0.0) AS [Total]
FROM [Transactions] AS [t]
WHERE [t].[UserId] = @userId AND CONVERT(date, [t].[TransactionDate]) = @today
GROUP BY [t].[Type]
2026-09-10 13:52:43.726 +05:30 [INF] Executed DbCommand (11ms) [Parameters=[@userId='?' (Size = 450), @monthStart='?' (DbType = DateTime2), @today='?' (DbType = DateTime2)], CommandType='"Text"', CommandTimeout='30']
SELECT [t].[Type], COALESCE(SUM([t].[Amount]), 0.0) AS [Total]
FROM [Transactions] AS [t]
WHERE [t].[UserId] = @userId AND [t].[TransactionDate] >= @monthStart AND [t].[TransactionDate] <= @today
GROUP BY [t].[Type]
2026-09-10 13:52:43.744 +05:30 [INF] Executed DbCommand (10ms) [Parameters=[@userId='?' (Size = 450)], CommandType='"Text"', CommandTimeout='30']
SELECT COALESCE(SUM([t].[Amount]), 0.0)
FROM [Transactions] AS [t]
WHERE [t].[UserId] = @userId AND [t].[Type] = N'Income'
2026-09-10 13:52:43.762 +05:30 [INF] Executed DbCommand (11ms) [Parameters=[@userId='?' (Size = 450)], CommandType='"Text"', CommandTimeout='30']
SELECT COALESCE(SUM([t].[Amount]), 0.0)
FROM [Transactions] AS [t]
WHERE [t].[UserId] = @userId AND [t].[Type] = N'Expense'
2026-09-10 13:52:43.775 +05:30 [INF] Executed DbCommand (5ms) [Parameters=[@userId='?' (Size = 450)], CommandType='"Text"', CommandTimeout='30']
SELECT COUNT(*)
FROM [Transactions] AS [t]
WHERE [t].[UserId] = @userId
2026-09-10 13:52:43.798 +05:30 [INF] Executed DbCommand (15ms) [Parameters=[@userId='?' (Size = 450), @prevStart='?' (DbType = DateTime2), @prevEnd='?' (DbType = DateTime2)], CommandType='"Text"', CommandTimeout='30']
SELECT COALESCE(SUM([t].[Amount]), 0.0)
FROM [Transactions] AS [t]
WHERE [t].[UserId] = @userId AND [t].[Type] = N'Expense' AND [t].[TransactionDate] >= @prevStart AND [t].[TransactionDate] <= @prevEnd
2026-09-10 13:52:43.827 +05:30 [INF] Executed DbCommand (18ms) [Parameters=[@p='?' (DbType = Int32), @userId='?' (Size = 450)], CommandType='"Text"', CommandTimeout='30']
SELECT [t0].[TransactionId], [t0].[TransactionDate], [t0].[Description], [c].[Name] AS [CategoryName], [c].[Icon] AS [CategoryIcon], [c].[Color] AS [CategoryColor], [t0].[Type], [t0].[Amount], [p].[Name] AS [PaymentMethodName]
FROM (
    SELECT TOP(@p) [t].[TransactionId], [t].[Amount], [t].[CategoryId], [t].[CreatedDate], [t].[Description], [t].[PaymentMethodId], [t].[TransactionDate], [t].[Type]
    FROM [Transactions] AS [t]
    WHERE [t].[UserId] = @userId
    ORDER BY [t].[TransactionDate] DESC, [t].[CreatedDate] DESC
) AS [t0]
INNER JOIN [Categories] AS [c] ON [t0].[CategoryId] = [c].[CategoryId]
LEFT JOIN [PaymentMethods] AS [p] ON [t0].[PaymentMethodId] = [p].[PaymentMethodId]
ORDER BY [t0].[TransactionDate] DESC, [t0].[CreatedDate] DESC
2026-09-10 13:52:43.852 +05:30 [INF] Executed DbCommand (16ms) [Parameters=[@userId='?' (Size = 450), @sixMonthsAgo='?' (DbType = DateTime2)], CommandType='"Text"', CommandTimeout='30']
SELECT [t0].[Year], [t0].[Month], COALESCE(SUM([t0].[Amount]), 0.0) AS [Total]
FROM (
    SELECT [t].[Amount], DATEPART(year, [t].[TransactionDate]) AS [Year], DATEPART(month, [t].[TransactionDate]) AS [Month]
    FROM [Transactions] AS [t]
    WHERE [t].[UserId] = @userId AND [t].[Type] = N'Expense' AND [t].[TransactionDate] >= @sixMonthsAgo
) AS [t0]
GROUP BY [t0].[Year], [t0].[Month]
2026-09-10 13:52:43.873 +05:30 [INF] Executed DbCommand (12ms) [Parameters=[@userId='?' (Size = 450), @sixMonthsAgo='?' (DbType = DateTime2)], CommandType='"Text"', CommandTimeout='30']
SELECT [t0].[Year], [t0].[Month], [t0].[Type], COALESCE(SUM([t0].[Amount]), 0.0) AS [Total]
FROM (
    SELECT [t].[Amount], [t].[Type], DATEPART(year, [t].[TransactionDate]) AS [Year], DATEPART(month, [t].[TransactionDate]) AS [Month]
    FROM [Transactions] AS [t]
    WHERE [t].[UserId] = @userId AND [t].[TransactionDate] >= @sixMonthsAgo
) AS [t0]
GROUP BY [t0].[Year], [t0].[Month], [t0].[Type]
2026-09-10 13:52:43.901 +05:30 [INF] Executed DbCommand (20ms) [Parameters=[@p='?' (DbType = Int32), @userId='?' (Size = 450), @monthStart='?' (DbType = DateTime2), @today='?' (DbType = DateTime2)], CommandType='"Text"', CommandTimeout='30']
SELECT TOP(@p) [c].[Name] AS [Category], COALESCE(SUM([t].[Amount]), 0.0) AS [Total]
FROM [Transactions] AS [t]
INNER JOIN [Categories] AS [c] ON [t].[CategoryId] = [c].[CategoryId]
WHERE [t].[UserId] = @userId AND [t].[Type] = N'Expense' AND [t].[TransactionDate] >= @monthStart AND [t].[TransactionDate] <= @today
GROUP BY [c].[Name]
ORDER BY COALESCE(SUM([t].[Amount]), 0.0) DESC
2026-09-10 13:52:43.926 +05:30 [INF] Executed DbCommand (16ms) [Parameters=[@userId='?' (Size = 450), @monthStart='?' (DbType = DateTime2), @today='?' (DbType = DateTime2)], CommandType='"Text"', CommandTimeout='30']
SELECT [t0].[Key] AS [Day], COALESCE(SUM([t0].[Amount]), 0.0) AS [Total]
FROM (
    SELECT [t].[Amount], DATEPART(day, [t].[TransactionDate]) AS [Key]
    FROM [Transactions] AS [t]
    WHERE [t].[UserId] = @userId AND [t].[Type] = N'Expense' AND [t].[TransactionDate] >= @monthStart AND [t].[TransactionDate] <= @today
) AS [t0]
GROUP BY [t0].[Key]
2026-09-10 13:52:43.951 +05:30 [INF] Executed DbCommand (17ms) [Parameters=[@userId='?' (Size = 450), @monthStart='?' (DbType = DateTime2), @today='?' (DbType = DateTime2)], CommandType='"Text"', CommandTimeout='30']
SELECT [p].[Name] AS [Method], COALESCE(SUM([t].[Amount]), 0.0) AS [Total]
FROM [Transactions] AS [t]
LEFT JOIN [PaymentMethods] AS [p] ON [t].[PaymentMethodId] = [p].[PaymentMethodId]
WHERE [t].[UserId] = @userId AND [t].[Type] = N'Expense' AND [t].[TransactionDate] >= @monthStart AND [t].[TransactionDate] <= @today AND [t].[PaymentMethodId] IS NOT NULL
GROUP BY [p].[Name]
2026-09-10 13:52:43.967 +05:30 [INF] Executed DbCommand (7ms) [Parameters=[@userId='?' (Size = 450), @today_Month='?' (DbType = Int32), @today_Year='?' (DbType = Int32)], CommandType='"Text"', CommandTimeout='30']
SELECT TOP(1) [b].[BudgetId], [b].[CreatedDate], [b].[Month], [b].[Notes], [b].[TotalBudget], [b].[UpdatedDate], [b].[UserId], [b].[Year]
FROM [Budgets] AS [b]
WHERE [b].[UserId] = @userId AND [b].[Month] = @today_Month AND [b].[Year] = @today_Year
2026-09-10 13:52:43.982 +05:30 [INF] Executed DbCommand (6ms) [Parameters=[@userId='?' (Size = 450)], CommandType='"Text"', CommandTimeout='30']
SELECT COUNT(*)
FROM [Notifications] AS [n]
WHERE [n].[UserId] = @userId AND [n].[IsRead] = CAST(0 AS bit)
2026-09-10 13:52:43.990 +05:30 [INF] Executing ViewResult, running view Index.
2026-09-10 13:52:44.008 +05:30 [INF] Executed DbCommand (8ms) [Parameters=[@p='?' (Size = 450)], CommandType='"Text"', CommandTimeout='30']
SELECT TOP(1) [a].[Id], [a].[AccessFailedCount], [a].[ConcurrencyStamp], [a].[CreatedDate], [a].[Currency], [a].[DateFormat], [a].[Email], [a].[EmailConfirmed], [a].[FirstName], [a].[LastName], [a].[LockoutEnabled], [a].[LockoutEnd], [a].[NormalizedEmail], [a].[NormalizedUserName], [a].[PasswordHash], [a].[PhoneNumber], [a].[PhoneNumberConfirmed], [a].[SecurityStamp], [a].[Theme], [a].[TwoFactorEnabled], [a].[UserName]
FROM [AspNetUsers] AS [a]
WHERE [a].[Id] = @p
2026-09-10 13:52:44.019 +05:30 [INF] Executed ViewResult - view Index executed in 29.2868ms.
2026-09-10 13:52:44.023 +05:30 [INF] Executed action MyDailyExpenseTracker.Controllers.DashboardController.Index (MyDailyExpenseTracker) in 419.7131ms
2026-09-10 13:52:44.027 +05:30 [INF] Executed endpoint 'MyDailyExpenseTracker.Controllers.DashboardController.Index (MyDailyExpenseTracker)'
2026-09-10 13:52:44.031 +05:30 [INF] Request finished HTTP/1.1 GET http://localhost:5172/ - 200 null text/html; charset=utf-8 440.2985ms
2026-09-10 13:52:58.441 +05:30 [INF] Request starting HTTP/1.1 GET http://localhost:5172/Categories - null null
2026-09-10 13:52:58.447 +05:30 [INF] Executing endpoint 'MyDailyExpenseTracker.Controllers.CategoriesController.Index (MyDailyExpenseTracker)'
2026-09-10 13:52:58.467 +05:30 [INF] Route matched with {action = "Index", controller = "Categories"}. Executing controller action with signature System.Threading.Tasks.Task`1[Microsoft.AspNetCore.Mvc.IActionResult] Index() on controller MyDailyExpenseTracker.Controllers.CategoriesController (MyDailyExpenseTracker).
2026-09-10 13:52:58.512 +05:30 [INF] Executed DbCommand (14ms) [Parameters=[@userId='?' (Size = 450)], CommandType='"Text"', CommandTimeout='30']
SELECT [t].[CategoryId], COUNT(*) AS [Count]
FROM [Transactions] AS [t]
WHERE [t].[UserId] = @userId
GROUP BY [t].[CategoryId]
2026-09-10 13:52:58.539 +05:30 [INF] Executed DbCommand (8ms) [Parameters=[@userId='?' (Size = 450)], CommandType='"Text"', CommandTimeout='30']
SELECT [c].[CategoryId], [c].[Name], [c].[Icon], [c].[Color], [c].[Type], [c].[IsDefault]
FROM [Categories] AS [c]
WHERE [c].[IsActive] = CAST(1 AS bit) AND ([c].[UserId] = @userId OR [c].[UserId] IS NULL)
ORDER BY [c].[Type], [c].[Name]
2026-09-10 13:52:58.547 +05:30 [INF] Executing ViewResult, running view Index.
2026-09-10 13:52:58.577 +05:30 [INF] Executed DbCommand (5ms) [Parameters=[@p='?' (Size = 450)], CommandType='"Text"', CommandTimeout='30']
SELECT TOP(1) [a].[Id], [a].[AccessFailedCount], [a].[ConcurrencyStamp], [a].[CreatedDate], [a].[Currency], [a].[DateFormat], [a].[Email], [a].[EmailConfirmed], [a].[FirstName], [a].[LastName], [a].[LockoutEnabled], [a].[LockoutEnd], [a].[NormalizedEmail], [a].[NormalizedUserName], [a].[PasswordHash], [a].[PhoneNumber], [a].[PhoneNumberConfirmed], [a].[SecurityStamp], [a].[Theme], [a].[TwoFactorEnabled], [a].[UserName]
FROM [AspNetUsers] AS [a]
WHERE [a].[Id] = @p
2026-09-10 13:52:58.584 +05:30 [INF] Executed ViewResult - view Index executed in 38.5895ms.
2026-09-10 13:52:58.587 +05:30 [INF] Executed action MyDailyExpenseTracker.Controllers.CategoriesController.Index (MyDailyExpenseTracker) in 116.36ms
2026-09-10 13:52:58.590 +05:30 [INF] Executed endpoint 'MyDailyExpenseTracker.Controllers.CategoriesController.Index (MyDailyExpenseTracker)'
2026-09-10 13:52:58.593 +05:30 [INF] Request finished HTTP/1.1 GET http://localhost:5172/Categories - 200 null text/html; charset=utf-8 151.1111ms
2026-09-10 13:53:00.386 +05:30 [INF] Request starting HTTP/1.1 GET http://localhost:5172/PaymentMethods - null null
2026-09-10 13:53:00.390 +05:30 [INF] Executing endpoint 'MyDailyExpenseTracker.Controllers.PaymentMethodsController.Index (MyDailyExpenseTracker)'
2026-09-10 13:53:00.404 +05:30 [INF] Route matched with {action = "Index", controller = "PaymentMethods"}. Executing controller action with signature System.Threading.Tasks.Task`1[Microsoft.AspNetCore.Mvc.IActionResult] Index() on controller MyDailyExpenseTracker.Controllers.PaymentMethodsController (MyDailyExpenseTracker).
2026-09-10 13:53:00.433 +05:30 [INF] Executed DbCommand (14ms) [Parameters=[@userId='?' (Size = 450)], CommandType='"Text"', CommandTimeout='30']
SELECT [t].[PaymentMethodId] AS [MethodId], COUNT(*) AS [Count]
FROM [Transactions] AS [t]
WHERE [t].[UserId] = @userId AND [t].[PaymentMethodId] IS NOT NULL
GROUP BY [t].[PaymentMethodId]
2026-09-10 13:53:00.493 +05:30 [INF] Executed DbCommand (6ms) [Parameters=[@userId='?' (Size = 450)], CommandType='"Text"', CommandTimeout='30']
SELECT [p].[PaymentMethodId], [p].[Name], [p].[Icon], [p].[IsDefault]
FROM [PaymentMethods] AS [p]
WHERE [p].[IsActive] = CAST(1 AS bit) AND ([p].[UserId] = @userId OR [p].[UserId] IS NULL)
ORDER BY [p].[Name]
2026-09-10 13:53:00.502 +05:30 [INF] Executing ViewResult, running view Index.
2026-09-10 13:53:00.526 +05:30 [INF] Executed DbCommand (7ms) [Parameters=[@p='?' (Size = 450)], CommandType='"Text"', CommandTimeout='30']
SELECT TOP(1) [a].[Id], [a].[AccessFailedCount], [a].[ConcurrencyStamp], [a].[CreatedDate], [a].[Currency], [a].[DateFormat], [a].[Email], [a].[EmailConfirmed], [a].[FirstName], [a].[LastName], [a].[LockoutEnabled], [a].[LockoutEnd], [a].[NormalizedEmail], [a].[NormalizedUserName], [a].[PasswordHash], [a].[PhoneNumber], [a].[PhoneNumberConfirmed], [a].[SecurityStamp], [a].[Theme], [a].[TwoFactorEnabled], [a].[UserName]
FROM [AspNetUsers] AS [a]
WHERE [a].[Id] = @p
2026-09-10 13:53:00.533 +05:30 [INF] Executed ViewResult - view Index executed in 32.7866ms.
2026-09-10 13:53:00.537 +05:30 [INF] Executed action MyDailyExpenseTracker.Controllers.PaymentMethodsController.Index (MyDailyExpenseTracker) in 130.2144ms
2026-09-10 13:53:00.540 +05:30 [INF] Executed endpoint 'MyDailyExpenseTracker.Controllers.PaymentMethodsController.Index (MyDailyExpenseTracker)'
2026-09-10 13:53:00.543 +05:30 [INF] Request finished HTTP/1.1 GET http://localhost:5172/PaymentMethods - 200 null text/html; charset=utf-8 157.4752ms
2026-09-10 13:53:02.399 +05:30 [INF] Request starting HTTP/1.1 GET http://localhost:5172/Categories - null null
2026-09-10 13:53:02.404 +05:30 [INF] Executing endpoint 'MyDailyExpenseTracker.Controllers.CategoriesController.Index (MyDailyExpenseTracker)'
2026-09-10 13:53:02.406 +05:30 [INF] Route matched with {action = "Index", controller = "Categories"}. Executing controller action with signature System.Threading.Tasks.Task`1[Microsoft.AspNetCore.Mvc.IActionResult] Index() on controller MyDailyExpenseTracker.Controllers.CategoriesController (MyDailyExpenseTracker).
2026-09-10 13:53:02.423 +05:30 [INF] Executed DbCommand (11ms) [Parameters=[@userId='?' (Size = 450)], CommandType='"Text"', CommandTimeout='30']
SELECT [t].[CategoryId], COUNT(*) AS [Count]
FROM [Transactions] AS [t]
WHERE [t].[UserId] = @userId
GROUP BY [t].[CategoryId]
2026-09-10 13:53:02.437 +05:30 [INF] Executed DbCommand (8ms) [Parameters=[@userId='?' (Size = 450)], CommandType='"Text"', CommandTimeout='30']
SELECT [c].[CategoryId], [c].[Name], [c].[Icon], [c].[Color], [c].[Type], [c].[IsDefault]
FROM [Categories] AS [c]
WHERE [c].[IsActive] = CAST(1 AS bit) AND ([c].[UserId] = @userId OR [c].[UserId] IS NULL)
ORDER BY [c].[Type], [c].[Name]
2026-09-10 13:53:02.443 +05:30 [INF] Executing ViewResult, running view Index.
2026-09-10 13:53:02.456 +05:30 [INF] Executed DbCommand (7ms) [Parameters=[@p='?' (Size = 450)], CommandType='"Text"', CommandTimeout='30']
SELECT TOP(1) [a].[Id], [a].[AccessFailedCount], [a].[ConcurrencyStamp], [a].[CreatedDate], [a].[Currency], [a].[DateFormat], [a].[Email], [a].[EmailConfirmed], [a].[FirstName], [a].[LastName], [a].[LockoutEnabled], [a].[LockoutEnd], [a].[NormalizedEmail], [a].[NormalizedUserName], [a].[PasswordHash], [a].[PhoneNumber], [a].[PhoneNumberConfirmed], [a].[SecurityStamp], [a].[Theme], [a].[TwoFactorEnabled], [a].[UserName]
FROM [AspNetUsers] AS [a]
WHERE [a].[Id] = @p
2026-09-10 13:53:02.463 +05:30 [INF] Executed ViewResult - view Index executed in 20.8385ms.
2026-09-10 13:53:02.468 +05:30 [INF] Executed action MyDailyExpenseTracker.Controllers.CategoriesController.Index (MyDailyExpenseTracker) in 57.7585ms
2026-09-10 13:53:02.472 +05:30 [INF] Executed endpoint 'MyDailyExpenseTracker.Controllers.CategoriesController.Index (MyDailyExpenseTracker)'
2026-09-10 13:53:02.476 +05:30 [INF] Request finished HTTP/1.1 GET http://localhost:5172/Categories - 200 null text/html; charset=utf-8 76.3126ms
2026-09-10 13:53:11.468 +05:30 [INF] Request starting HTTP/1.1 GET http://localhost:5172/PaymentMethods - null null
2026-09-10 13:53:11.473 +05:30 [INF] Executing endpoint 'MyDailyExpenseTracker.Controllers.PaymentMethodsController.Index (MyDailyExpenseTracker)'
2026-09-10 13:53:11.475 +05:30 [INF] Route matched with {action = "Index", controller = "PaymentMethods"}. Executing controller action with signature System.Threading.Tasks.Task`1[Microsoft.AspNetCore.Mvc.IActionResult] Index() on controller MyDailyExpenseTracker.Controllers.PaymentMethodsController (MyDailyExpenseTracker).
2026-09-10 13:53:11.490 +05:30 [INF] Executed DbCommand (10ms) [Parameters=[@userId='?' (Size = 450)], CommandType='"Text"', CommandTimeout='30']
SELECT [t].[PaymentMethodId] AS [MethodId], COUNT(*) AS [Count]
FROM [Transactions] AS [t]
WHERE [t].[UserId] = @userId AND [t].[PaymentMethodId] IS NOT NULL
GROUP BY [t].[PaymentMethodId]
2026-09-10 13:53:11.502 +05:30 [INF] Executed DbCommand (8ms) [Parameters=[@userId='?' (Size = 450)], CommandType='"Text"', CommandTimeout='30']
SELECT [p].[PaymentMethodId], [p].[Name], [p].[Icon], [p].[IsDefault]
FROM [PaymentMethods] AS [p]
WHERE [p].[IsActive] = CAST(1 AS bit) AND ([p].[UserId] = @userId OR [p].[UserId] IS NULL)
ORDER BY [p].[Name]
2026-09-10 13:53:11.506 +05:30 [INF] Executing ViewResult, running view Index.
2026-09-10 13:53:11.520 +05:30 [INF] Executed DbCommand (8ms) [Parameters=[@p='?' (Size = 450)], CommandType='"Text"', CommandTimeout='30']
SELECT TOP(1) [a].[Id], [a].[AccessFailedCount], [a].[ConcurrencyStamp], [a].[CreatedDate], [a].[Currency], [a].[DateFormat], [a].[Email], [a].[EmailConfirmed], [a].[FirstName], [a].[LastName], [a].[LockoutEnabled], [a].[LockoutEnd], [a].[NormalizedEmail], [a].[NormalizedUserName], [a].[PasswordHash], [a].[PhoneNumber], [a].[PhoneNumberConfirmed], [a].[SecurityStamp], [a].[Theme], [a].[TwoFactorEnabled], [a].[UserName]
FROM [AspNetUsers] AS [a]
WHERE [a].[Id] = @p
2026-09-10 13:53:11.530 +05:30 [INF] Executed ViewResult - view Index executed in 24.2506ms.
2026-09-10 13:53:11.534 +05:30 [INF] Executed action MyDailyExpenseTracker.Controllers.PaymentMethodsController.Index (MyDailyExpenseTracker) in 56.2748ms
2026-09-10 13:53:11.540 +05:30 [INF] Executed endpoint 'MyDailyExpenseTracker.Controllers.PaymentMethodsController.Index (MyDailyExpenseTracker)'
2026-09-10 13:53:11.545 +05:30 [INF] Request finished HTTP/1.1 GET http://localhost:5172/PaymentMethods - 200 null text/html; charset=utf-8 76.7896ms
2026-09-10 13:53:17.451 +05:30 [INF] Request starting HTTP/1.1 GET http://localhost:5172/Budget - null null
2026-09-10 13:53:17.456 +05:30 [INF] Executing endpoint 'MyDailyExpenseTracker.Controllers.BudgetController.Index (MyDailyExpenseTracker)'
2026-09-10 13:53:17.467 +05:30 [INF] Route matched with {action = "Index", controller = "Budget"}. Executing controller action with signature System.Threading.Tasks.Task`1[Microsoft.AspNetCore.Mvc.IActionResult] Index(Int32, Int32) on controller MyDailyExpenseTracker.Controllers.BudgetController (MyDailyExpenseTracker).
2026-09-10 13:53:17.567 +05:30 [INF] Executed DbCommand (33ms) [Parameters=[@userId='?' (Size = 450), @month='?' (DbType = Int32), @year='?' (DbType = Int32)], CommandType='"Text"', CommandTimeout='30']
SELECT [b1].[BudgetId], [b1].[CreatedDate], [b1].[Month], [b1].[Notes], [b1].[TotalBudget], [b1].[UpdatedDate], [b1].[UserId], [b1].[Year], [s].[BudgetCategoryId], [s].[Amount], [s].[BudgetId], [s].[CategoryId], [s].[CategoryId0], [s].[Color], [s].[CreatedDate], [s].[Icon], [s].[IsActive], [s].[IsDefault], [s].[Name], [s].[Type], [s].[UserId]
FROM (
    SELECT TOP(1) [b].[BudgetId], [b].[CreatedDate], [b].[Month], [b].[Notes], [b].[TotalBudget], [b].[UpdatedDate], [b].[UserId], [b].[Year]
    FROM [Budgets] AS [b]
    WHERE [b].[UserId] = @userId AND [b].[Month] = @month AND [b].[Year] = @year
) AS [b1]
LEFT JOIN (
    SELECT [b0].[BudgetCategoryId], [b0].[Amount], [b0].[BudgetId], [b0].[CategoryId], [c].[CategoryId] AS [CategoryId0], [c].[Color], [c].[CreatedDate], [c].[Icon], [c].[IsActive], [c].[IsDefault], [c].[Name], [c].[Type], [c].[UserId]
    FROM [BudgetCategories] AS [b0]
    INNER JOIN [Categories] AS [c] ON [b0].[CategoryId] = [c].[CategoryId]
) AS [s] ON [b1].[BudgetId] = [s].[BudgetId]
ORDER BY [b1].[BudgetId], [s].[BudgetCategoryId]
2026-09-10 13:53:17.594 +05:30 [INF] Executed DbCommand (11ms) [Parameters=[@userId='?' (Size = 450)], CommandType='"Text"', CommandTimeout='30']
SELECT [t].[CategoryId], COUNT(*) AS [Count]
FROM [Transactions] AS [t]
WHERE [t].[UserId] = @userId
GROUP BY [t].[CategoryId]
2026-09-10 13:53:17.607 +05:30 [INF] Executed DbCommand (8ms) [Parameters=[@userId='?' (Size = 450)], CommandType='"Text"', CommandTimeout='30']
SELECT [c].[CategoryId], [c].[Name], [c].[Icon], [c].[Color], [c].[Type], [c].[IsDefault]
FROM [Categories] AS [c]
WHERE [c].[IsActive] = CAST(1 AS bit) AND ([c].[UserId] = @userId OR [c].[UserId] IS NULL)
ORDER BY [c].[Type], [c].[Name]
2026-09-10 13:53:17.638 +05:30 [INF] Executed DbCommand (8ms) [Parameters=[@userId='?' (Size = 450), @monthStart='?' (DbType = DateTime2), @monthEnd='?' (DbType = DateTime2)], CommandType='"Text"', CommandTimeout='30']
SELECT [t].[CategoryId], COALESCE(SUM([t].[Amount]), 0.0) AS [Total]
FROM [Transactions] AS [t]
WHERE [t].[UserId] = @userId AND [t].[Type] = N'Expense' AND [t].[TransactionDate] >= @monthStart AND [t].[TransactionDate] <= @monthEnd
GROUP BY [t].[CategoryId]
2026-09-10 13:53:17.663 +05:30 [INF] Executing ViewResult, running view Index.
2026-09-10 13:53:17.753 +05:30 [INF] Executed DbCommand (7ms) [Parameters=[@p='?' (Size = 450)], CommandType='"Text"', CommandTimeout='30']
SELECT TOP(1) [a].[Id], [a].[AccessFailedCount], [a].[ConcurrencyStamp], [a].[CreatedDate], [a].[Currency], [a].[DateFormat], [a].[Email], [a].[EmailConfirmed], [a].[FirstName], [a].[LastName], [a].[LockoutEnabled], [a].[LockoutEnd], [a].[NormalizedEmail], [a].[NormalizedUserName], [a].[PasswordHash], [a].[PhoneNumber], [a].[PhoneNumberConfirmed], [a].[SecurityStamp], [a].[Theme], [a].[TwoFactorEnabled], [a].[UserName]
FROM [AspNetUsers] AS [a]
WHERE [a].[Id] = @p
2026-09-10 13:53:17.791 +05:30 [INF] Executed ViewResult - view Index executed in 129.902ms.
2026-09-10 13:53:17.794 +05:30 [INF] Executed action MyDailyExpenseTracker.Controllers.BudgetController.Index (MyDailyExpenseTracker) in 321.967ms
2026-09-10 13:53:17.797 +05:30 [INF] Executed endpoint 'MyDailyExpenseTracker.Controllers.BudgetController.Index (MyDailyExpenseTracker)'
2026-09-10 13:53:17.801 +05:30 [INF] Request finished HTTP/1.1 GET http://localhost:5172/Budget - 200 null text/html; charset=utf-8 350.3457ms
2026-09-10 14:00:02.039 +05:30 [INF] Request starting HTTP/1.1 GET http://localhost:5172/PaymentMethods - null null
2026-09-10 14:00:02.044 +05:30 [INF] Executing endpoint 'MyDailyExpenseTracker.Controllers.PaymentMethodsController.Index (MyDailyExpenseTracker)'
2026-09-10 14:00:02.046 +05:30 [INF] Route matched with {action = "Index", controller = "PaymentMethods"}. Executing controller action with signature System.Threading.Tasks.Task`1[Microsoft.AspNetCore.Mvc.IActionResult] Index() on controller MyDailyExpenseTracker.Controllers.PaymentMethodsController (MyDailyExpenseTracker).
2026-09-10 14:00:02.222 +05:30 [INF] Executed DbCommand (40ms) [Parameters=[@userId='?' (Size = 450)], CommandType='"Text"', CommandTimeout='30']
SELECT [t].[PaymentMethodId] AS [MethodId], COUNT(*) AS [Count]
FROM [Transactions] AS [t]
WHERE [t].[UserId] = @userId AND [t].[PaymentMethodId] IS NOT NULL
GROUP BY [t].[PaymentMethodId]
2026-09-10 14:00:02.237 +05:30 [INF] Executed DbCommand (9ms) [Parameters=[@userId='?' (Size = 450)], CommandType='"Text"', CommandTimeout='30']
SELECT [p].[PaymentMethodId], [p].[Name], [p].[Icon], [p].[IsDefault]
FROM [PaymentMethods] AS [p]
WHERE [p].[IsActive] = CAST(1 AS bit) AND ([p].[UserId] = @userId OR [p].[UserId] IS NULL)
ORDER BY [p].[Name]
2026-09-10 14:00:02.243 +05:30 [INF] Executing ViewResult, running view Index.
2026-09-10 14:00:02.260 +05:30 [INF] Executed DbCommand (11ms) [Parameters=[@p='?' (Size = 450)], CommandType='"Text"', CommandTimeout='30']
SELECT TOP(1) [a].[Id], [a].[AccessFailedCount], [a].[ConcurrencyStamp], [a].[CreatedDate], [a].[Currency], [a].[DateFormat], [a].[Email], [a].[EmailConfirmed], [a].[FirstName], [a].[LastName], [a].[LockoutEnabled], [a].[LockoutEnd], [a].[NormalizedEmail], [a].[NormalizedUserName], [a].[PasswordHash], [a].[PhoneNumber], [a].[PhoneNumberConfirmed], [a].[SecurityStamp], [a].[Theme], [a].[TwoFactorEnabled], [a].[UserName]
FROM [AspNetUsers] AS [a]
WHERE [a].[Id] = @p
2026-09-10 14:00:02.267 +05:30 [INF] Executed ViewResult - view Index executed in 23.928ms.
2026-09-10 14:00:02.270 +05:30 [INF] Executed action MyDailyExpenseTracker.Controllers.PaymentMethodsController.Index (MyDailyExpenseTracker) in 221.4472ms
2026-09-10 14:00:02.274 +05:30 [INF] Executed endpoint 'MyDailyExpenseTracker.Controllers.PaymentMethodsController.Index (MyDailyExpenseTracker)'
2026-09-10 14:00:02.277 +05:30 [INF] Request finished HTTP/1.1 GET http://localhost:5172/PaymentMethods - 200 null text/html; charset=utf-8 238.2925ms
2026-09-10 14:00:05.399 +05:30 [INF] Request starting HTTP/1.1 GET http://localhost:5172/Categories - null null
2026-09-10 14:00:05.402 +05:30 [INF] Executing endpoint 'MyDailyExpenseTracker.Controllers.CategoriesController.Index (MyDailyExpenseTracker)'
2026-09-10 14:00:05.403 +05:30 [INF] Route matched with {action = "Index", controller = "Categories"}. Executing controller action with signature System.Threading.Tasks.Task`1[Microsoft.AspNetCore.Mvc.IActionResult] Index() on controller MyDailyExpenseTracker.Controllers.CategoriesController (MyDailyExpenseTracker).
2026-09-10 14:00:05.413 +05:30 [INF] Executed DbCommand (7ms) [Parameters=[@userId='?' (Size = 450)], CommandType='"Text"', CommandTimeout='30']
SELECT [t].[CategoryId], COUNT(*) AS [Count]
FROM [Transactions] AS [t]
WHERE [t].[UserId] = @userId
GROUP BY [t].[CategoryId]
2026-09-10 14:00:05.426 +05:30 [INF] Executed DbCommand (10ms) [Parameters=[@userId='?' (Size = 450)], CommandType='"Text"', CommandTimeout='30']
SELECT [c].[CategoryId], [c].[Name], [c].[Icon], [c].[Color], [c].[Type], [c].[IsDefault]
FROM [Categories] AS [c]
WHERE [c].[IsActive] = CAST(1 AS bit) AND ([c].[UserId] = @userId OR [c].[UserId] IS NULL)
ORDER BY [c].[Type], [c].[Name]
2026-09-10 14:00:05.430 +05:30 [INF] Executing ViewResult, running view Index.
2026-09-10 14:00:05.440 +05:30 [INF] Executed DbCommand (5ms) [Parameters=[@p='?' (Size = 450)], CommandType='"Text"', CommandTimeout='30']
SELECT TOP(1) [a].[Id], [a].[AccessFailedCount], [a].[ConcurrencyStamp], [a].[CreatedDate], [a].[Currency], [a].[DateFormat], [a].[Email], [a].[EmailConfirmed], [a].[FirstName], [a].[LastName], [a].[LockoutEnabled], [a].[LockoutEnd], [a].[NormalizedEmail], [a].[NormalizedUserName], [a].[PasswordHash], [a].[PhoneNumber], [a].[PhoneNumberConfirmed], [a].[SecurityStamp], [a].[Theme], [a].[TwoFactorEnabled], [a].[UserName]
FROM [AspNetUsers] AS [a]
WHERE [a].[Id] = @p
2026-09-10 14:00:05.446 +05:30 [INF] Executed ViewResult - view Index executed in 16.4304ms.
2026-09-10 14:00:05.449 +05:30 [INF] Executed action MyDailyExpenseTracker.Controllers.CategoriesController.Index (MyDailyExpenseTracker) in 44.8439ms
2026-09-10 14:00:05.451 +05:30 [INF] Executed endpoint 'MyDailyExpenseTracker.Controllers.CategoriesController.Index (MyDailyExpenseTracker)'
2026-09-10 14:00:05.454 +05:30 [INF] Request finished HTTP/1.1 GET http://localhost:5172/Categories - 200 null text/html; charset=utf-8 55.3922ms
2026-09-10 14:00:39.760 +05:30 [INF] Request starting HTTP/1.1 GET http://localhost:5172/PaymentMethods - null null
2026-09-10 14:00:39.763 +05:30 [INF] Executing endpoint 'MyDailyExpenseTracker.Controllers.PaymentMethodsController.Index (MyDailyExpenseTracker)'
2026-09-10 14:00:39.764 +05:30 [INF] Route matched with {action = "Index", controller = "PaymentMethods"}. Executing controller action with signature System.Threading.Tasks.Task`1[Microsoft.AspNetCore.Mvc.IActionResult] Index() on controller MyDailyExpenseTracker.Controllers.PaymentMethodsController (MyDailyExpenseTracker).
2026-09-10 14:00:39.774 +05:30 [INF] Executed DbCommand (7ms) [Parameters=[@userId='?' (Size = 450)], CommandType='"Text"', CommandTimeout='30']
SELECT [t].[PaymentMethodId] AS [MethodId], COUNT(*) AS [Count]
FROM [Transactions] AS [t]
WHERE [t].[UserId] = @userId AND [t].[PaymentMethodId] IS NOT NULL
GROUP BY [t].[PaymentMethodId]
2026-09-10 14:00:39.783 +05:30 [INF] Executed DbCommand (6ms) [Parameters=[@userId='?' (Size = 450)], CommandType='"Text"', CommandTimeout='30']
SELECT [p].[PaymentMethodId], [p].[Name], [p].[Icon], [p].[IsDefault]
FROM [PaymentMethods] AS [p]
WHERE [p].[IsActive] = CAST(1 AS bit) AND ([p].[UserId] = @userId OR [p].[UserId] IS NULL)
ORDER BY [p].[Name]
2026-09-10 14:00:39.787 +05:30 [INF] Executing ViewResult, running view Index.
2026-09-10 14:00:39.792 +05:30 [INF] Executed DbCommand (1ms) [Parameters=[@p='?' (Size = 450)], CommandType='"Text"', CommandTimeout='30']
SELECT TOP(1) [a].[Id], [a].[AccessFailedCount], [a].[ConcurrencyStamp], [a].[CreatedDate], [a].[Currency], [a].[DateFormat], [a].[Email], [a].[EmailConfirmed], [a].[FirstName], [a].[LastName], [a].[LockoutEnabled], [a].[LockoutEnd], [a].[NormalizedEmail], [a].[NormalizedUserName], [a].[PasswordHash], [a].[PhoneNumber], [a].[PhoneNumberConfirmed], [a].[SecurityStamp], [a].[Theme], [a].[TwoFactorEnabled], [a].[UserName]
FROM [AspNetUsers] AS [a]
WHERE [a].[Id] = @p
2026-09-10 14:00:39.797 +05:30 [INF] Executed ViewResult - view Index executed in 10.0031ms.
2026-09-10 14:00:39.799 +05:30 [INF] Executed action MyDailyExpenseTracker.Controllers.PaymentMethodsController.Index (MyDailyExpenseTracker) in 33.7316ms
2026-09-10 14:00:39.802 +05:30 [INF] Executed endpoint 'MyDailyExpenseTracker.Controllers.PaymentMethodsController.Index (MyDailyExpenseTracker)'
2026-09-10 14:00:39.805 +05:30 [INF] Request finished HTTP/1.1 GET http://localhost:5172/PaymentMethods - 200 null text/html; charset=utf-8 45.0543ms
2026-09-10 14:00:42.959 +05:30 [INF] Request starting HTTP/1.1 GET http://localhost:5172/Budget - null null
2026-09-10 14:00:42.963 +05:30 [INF] Executing endpoint 'MyDailyExpenseTracker.Controllers.BudgetController.Index (MyDailyExpenseTracker)'
2026-09-10 14:00:42.964 +05:30 [INF] Route matched with {action = "Index", controller = "Budget"}. Executing controller action with signature System.Threading.Tasks.Task`1[Microsoft.AspNetCore.Mvc.IActionResult] Index(Int32, Int32) on controller MyDailyExpenseTracker.Controllers.BudgetController (MyDailyExpenseTracker).
2026-09-10 14:00:42.985 +05:30 [INF] Executed DbCommand (17ms) [Parameters=[@userId='?' (Size = 450), @month='?' (DbType = Int32), @year='?' (DbType = Int32)], CommandType='"Text"', CommandTimeout='30']
SELECT [b1].[BudgetId], [b1].[CreatedDate], [b1].[Month], [b1].[Notes], [b1].[TotalBudget], [b1].[UpdatedDate], [b1].[UserId], [b1].[Year], [s].[BudgetCategoryId], [s].[Amount], [s].[BudgetId], [s].[CategoryId], [s].[CategoryId0], [s].[Color], [s].[CreatedDate], [s].[Icon], [s].[IsActive], [s].[IsDefault], [s].[Name], [s].[Type], [s].[UserId]
FROM (
    SELECT TOP(1) [b].[BudgetId], [b].[CreatedDate], [b].[Month], [b].[Notes], [b].[TotalBudget], [b].[UpdatedDate], [b].[UserId], [b].[Year]
    FROM [Budgets] AS [b]
    WHERE [b].[UserId] = @userId AND [b].[Month] = @month AND [b].[Year] = @year
) AS [b1]
LEFT JOIN (
    SELECT [b0].[BudgetCategoryId], [b0].[Amount], [b0].[BudgetId], [b0].[CategoryId], [c].[CategoryId] AS [CategoryId0], [c].[Color], [c].[CreatedDate], [c].[Icon], [c].[IsActive], [c].[IsDefault], [c].[Name], [c].[Type], [c].[UserId]
    FROM [BudgetCategories] AS [b0]
    INNER JOIN [Categories] AS [c] ON [b0].[CategoryId] = [c].[CategoryId]
) AS [s] ON [b1].[BudgetId] = [s].[BudgetId]
ORDER BY [b1].[BudgetId], [s].[BudgetCategoryId]
2026-09-10 14:00:42.992 +05:30 [INF] Executed DbCommand (1ms) [Parameters=[@userId='?' (Size = 450)], CommandType='"Text"', CommandTimeout='30']
SELECT [t].[CategoryId], COUNT(*) AS [Count]
FROM [Transactions] AS [t]
WHERE [t].[UserId] = @userId
GROUP BY [t].[CategoryId]
2026-09-10 14:00:42.999 +05:30 [INF] Executed DbCommand (2ms) [Parameters=[@userId='?' (Size = 450)], CommandType='"Text"', CommandTimeout='30']
SELECT [c].[CategoryId], [c].[Name], [c].[Icon], [c].[Color], [c].[Type], [c].[IsDefault]
FROM [Categories] AS [c]
WHERE [c].[IsActive] = CAST(1 AS bit) AND ([c].[UserId] = @userId OR [c].[UserId] IS NULL)
ORDER BY [c].[Type], [c].[Name]
2026-09-10 14:00:43.015 +05:30 [INF] Executed DbCommand (10ms) [Parameters=[@userId='?' (Size = 450), @monthStart='?' (DbType = DateTime2), @monthEnd='?' (DbType = DateTime2)], CommandType='"Text"', CommandTimeout='30']
SELECT [t].[CategoryId], COALESCE(SUM([t].[Amount]), 0.0) AS [Total]
FROM [Transactions] AS [t]
WHERE [t].[UserId] = @userId AND [t].[Type] = N'Expense' AND [t].[TransactionDate] >= @monthStart AND [t].[TransactionDate] <= @monthEnd
GROUP BY [t].[CategoryId]
2026-09-10 14:00:43.021 +05:30 [INF] Executing ViewResult, running view Index.
2026-09-10 14:00:43.028 +05:30 [INF] Executed DbCommand (1ms) [Parameters=[@p='?' (Size = 450)], CommandType='"Text"', CommandTimeout='30']
SELECT TOP(1) [a].[Id], [a].[AccessFailedCount], [a].[ConcurrencyStamp], [a].[CreatedDate], [a].[Currency], [a].[DateFormat], [a].[Email], [a].[EmailConfirmed], [a].[FirstName], [a].[LastName], [a].[LockoutEnabled], [a].[LockoutEnd], [a].[NormalizedEmail], [a].[NormalizedUserName], [a].[PasswordHash], [a].[PhoneNumber], [a].[PhoneNumberConfirmed], [a].[SecurityStamp], [a].[Theme], [a].[TwoFactorEnabled], [a].[UserName]
FROM [AspNetUsers] AS [a]
WHERE [a].[Id] = @p
2026-09-10 14:00:43.053 +05:30 [INF] Executed ViewResult - view Index executed in 32.236ms.
2026-09-10 14:00:43.057 +05:30 [INF] Executed action MyDailyExpenseTracker.Controllers.BudgetController.Index (MyDailyExpenseTracker) in 91.4236ms
2026-09-10 14:00:43.061 +05:30 [INF] Executed endpoint 'MyDailyExpenseTracker.Controllers.BudgetController.Index (MyDailyExpenseTracker)'
2026-09-10 14:00:43.065 +05:30 [INF] Request finished HTTP/1.1 GET http://localhost:5172/Budget - 200 null text/html; charset=utf-8 106.5049ms
2026-09-10 14:00:46.208 +05:30 [INF] Request starting HTTP/1.1 GET http://localhost:5172/RecurringExpenses - null null
2026-09-10 14:00:46.212 +05:30 [INF] Executing endpoint 'MyDailyExpenseTracker.Controllers.RecurringExpensesController.Index (MyDailyExpenseTracker)'
2026-09-10 14:00:46.223 +05:30 [INF] Route matched with {action = "Index", controller = "RecurringExpenses"}. Executing controller action with signature System.Threading.Tasks.Task`1[Microsoft.AspNetCore.Mvc.IActionResult] Index() on controller MyDailyExpenseTracker.Controllers.RecurringExpensesController (MyDailyExpenseTracker).
2026-09-10 14:00:46.267 +05:30 [INF] Executed DbCommand (13ms) [Parameters=[@userId='?' (Size = 450)], CommandType='"Text"', CommandTimeout='30']
SELECT [r].[RecurringExpenseId], [r].[Name], [r].[Amount], [r].[Type], [r].[CategoryId], [c].[Name] AS [CategoryName], [r].[PaymentMethodId], [p].[Name] AS [PaymentMethodName], [r].[Frequency], [r].[StartDate], [r].[EndDate], [r].[IsActive], [r].[LastGeneratedDate], [r].[Notes]
FROM [RecurringExpenses] AS [r]
INNER JOIN [Categories] AS [c] ON [r].[CategoryId] = [c].[CategoryId]
LEFT JOIN [PaymentMethods] AS [p] ON [r].[PaymentMethodId] = [p].[PaymentMethodId]
WHERE [r].[UserId] = @userId
ORDER BY [r].[Name]
2026-09-10 14:00:46.274 +05:30 [INF] Executing ViewResult, running view Index.
2026-09-10 14:00:46.308 +05:30 [INF] Executed DbCommand (1ms) [Parameters=[@p='?' (Size = 450)], CommandType='"Text"', CommandTimeout='30']
SELECT TOP(1) [a].[Id], [a].[AccessFailedCount], [a].[ConcurrencyStamp], [a].[CreatedDate], [a].[Currency], [a].[DateFormat], [a].[Email], [a].[EmailConfirmed], [a].[FirstName], [a].[LastName], [a].[LockoutEnabled], [a].[LockoutEnd], [a].[NormalizedEmail], [a].[NormalizedUserName], [a].[PasswordHash], [a].[PhoneNumber], [a].[PhoneNumberConfirmed], [a].[SecurityStamp], [a].[Theme], [a].[TwoFactorEnabled], [a].[UserName]
FROM [AspNetUsers] AS [a]
WHERE [a].[Id] = @p
2026-09-10 14:00:46.315 +05:30 [INF] Executed ViewResult - view Index executed in 42.8251ms.
2026-09-10 14:00:46.319 +05:30 [INF] Executed action MyDailyExpenseTracker.Controllers.RecurringExpensesController.Index (MyDailyExpenseTracker) in 92.3043ms
2026-09-10 14:00:46.322 +05:30 [INF] Executed endpoint 'MyDailyExpenseTracker.Controllers.RecurringExpensesController.Index (MyDailyExpenseTracker)'
2026-09-10 14:00:46.325 +05:30 [INF] Request finished HTTP/1.1 GET http://localhost:5172/RecurringExpenses - 200 null text/html; charset=utf-8 117.5863ms
2026-09-10 14:00:48.049 +05:30 [INF] Request starting HTTP/1.1 GET http://localhost:5172/Reports - null null
2026-09-10 14:00:48.053 +05:30 [INF] Executing endpoint 'MyDailyExpenseTracker.Controllers.ReportsController.Index (MyDailyExpenseTracker)'
2026-09-10 14:00:48.063 +05:30 [INF] Route matched with {action = "Index", controller = "Reports"}. Executing controller action with signature System.Threading.Tasks.Task`1[Microsoft.AspNetCore.Mvc.IActionResult] Index(Int32, Int32) on controller MyDailyExpenseTracker.Controllers.ReportsController (MyDailyExpenseTracker).
2026-09-10 14:00:48.114 +05:30 [INF] Executed DbCommand (8ms) [Parameters=[@userId='?' (Size = 450), @monthStart='?' (DbType = DateTime2), @monthEnd='?' (DbType = DateTime2)], CommandType='"Text"', CommandTimeout='30']
SELECT [t].[TransactionId], [t].[Amount], [t].[CategoryId], [t].[CreatedDate], [t].[Description], [t].[Notes], [t].[PaymentMethodId], [t].[RecurringExpenseId], [t].[TransactionDate], [t].[Type], [t].[UpdatedDate], [t].[UserId], [c].[CategoryId], [c].[Color], [c].[CreatedDate], [c].[Icon], [c].[IsActive], [c].[IsDefault], [c].[Name], [c].[Type], [c].[UserId], [p].[PaymentMethodId], [p].[CreatedDate], [p].[Icon], [p].[IsActive], [p].[IsDefault], [p].[Name], [p].[UserId]
FROM [Transactions] AS [t]
INNER JOIN [Categories] AS [c] ON [t].[CategoryId] = [c].[CategoryId]
LEFT JOIN [PaymentMethods] AS [p] ON [t].[PaymentMethodId] = [p].[PaymentMethodId]
WHERE [t].[UserId] = @userId AND [t].[TransactionDate] >= @monthStart AND [t].[TransactionDate] <= @monthEnd
2026-09-10 14:00:48.155 +05:30 [INF] Executed DbCommand (6ms) [Parameters=[@userId='?' (Size = 450)], CommandType='"Text"', CommandTimeout='30']
SELECT MIN([t].[TransactionDate])
FROM [Transactions] AS [t]
WHERE [t].[UserId] = @userId
2026-09-10 14:00:48.171 +05:30 [INF] Executing ViewResult, running view Index.
2026-09-10 14:00:48.199 +05:30 [INF] Executed DbCommand (1ms) [Parameters=[@p='?' (Size = 450)], CommandType='"Text"', CommandTimeout='30']
SELECT TOP(1) [a].[Id], [a].[AccessFailedCount], [a].[ConcurrencyStamp], [a].[CreatedDate], [a].[Currency], [a].[DateFormat], [a].[Email], [a].[EmailConfirmed], [a].[FirstName], [a].[LastName], [a].[LockoutEnabled], [a].[LockoutEnd], [a].[NormalizedEmail], [a].[NormalizedUserName], [a].[PasswordHash], [a].[PhoneNumber], [a].[PhoneNumberConfirmed], [a].[SecurityStamp], [a].[Theme], [a].[TwoFactorEnabled], [a].[UserName]
FROM [AspNetUsers] AS [a]
WHERE [a].[Id] = @p
2026-09-10 14:00:48.204 +05:30 [INF] Executed ViewResult - view Index executed in 34.4004ms.
2026-09-10 14:00:48.206 +05:30 [INF] Executed action MyDailyExpenseTracker.Controllers.ReportsController.Index (MyDailyExpenseTracker) in 141.0867ms
2026-09-10 14:00:48.209 +05:30 [INF] Executed endpoint 'MyDailyExpenseTracker.Controllers.ReportsController.Index (MyDailyExpenseTracker)'
2026-09-10 14:00:48.211 +05:30 [INF] Request finished HTTP/1.1 GET http://localhost:5172/Reports - 200 null text/html; charset=utf-8 162.0581ms
2026-09-10 14:00:57.752 +05:30 [INF] Request starting HTTP/1.1 GET http://localhost:5172/Profile - null null
2026-09-10 14:00:57.762 +05:30 [INF] Executing endpoint 'MyDailyExpenseTracker.Controllers.ProfileController.Index (MyDailyExpenseTracker)'
2026-09-10 14:00:57.779 +05:30 [INF] Route matched with {action = "Index", controller = "Profile"}. Executing controller action with signature System.Threading.Tasks.Task`1[Microsoft.AspNetCore.Mvc.IActionResult] Index() on controller MyDailyExpenseTracker.Controllers.ProfileController (MyDailyExpenseTracker).
2026-09-10 14:00:57.789 +05:30 [INF] Executed DbCommand (1ms) [Parameters=[@p='?' (Size = 450)], CommandType='"Text"', CommandTimeout='30']
SELECT TOP(1) [a].[Id], [a].[AccessFailedCount], [a].[ConcurrencyStamp], [a].[CreatedDate], [a].[Currency], [a].[DateFormat], [a].[Email], [a].[EmailConfirmed], [a].[FirstName], [a].[LastName], [a].[LockoutEnabled], [a].[LockoutEnd], [a].[NormalizedEmail], [a].[NormalizedUserName], [a].[PasswordHash], [a].[PhoneNumber], [a].[PhoneNumberConfirmed], [a].[SecurityStamp], [a].[Theme], [a].[TwoFactorEnabled], [a].[UserName]
FROM [AspNetUsers] AS [a]
WHERE [a].[Id] = @p
2026-09-10 14:00:57.812 +05:30 [INF] Executed DbCommand (3ms) [Parameters=[@user_Id='?' (Size = 450)], CommandType='"Text"', CommandTimeout='30']
SELECT COUNT(*)
FROM [Transactions] AS [t]
WHERE [t].[UserId] = @user_Id
2026-09-10 14:00:57.819 +05:30 [INF] Executing ViewResult, running view Index.
2026-09-10 14:00:57.879 +05:30 [INF] Executed ViewResult - view Index executed in 61.3686ms.
2026-09-10 14:00:57.881 +05:30 [INF] Executed action MyDailyExpenseTracker.Controllers.ProfileController.Index (MyDailyExpenseTracker) in 97.8755ms
2026-09-10 14:00:57.883 +05:30 [INF] Executed endpoint 'MyDailyExpenseTracker.Controllers.ProfileController.Index (MyDailyExpenseTracker)'
2026-09-10 14:00:57.885 +05:30 [INF] Request finished HTTP/1.1 GET http://localhost:5172/Profile - 200 null text/html; charset=utf-8 132.4121ms
2026-09-10 14:01:02.108 +05:30 [INF] Request starting HTTP/1.1 GET http://localhost:5172/ - null null
2026-09-10 14:01:02.111 +05:30 [INF] Executing endpoint 'MyDailyExpenseTracker.Controllers.DashboardController.Index (MyDailyExpenseTracker)'
2026-09-10 14:01:02.112 +05:30 [INF] Route matched with {action = "Index", controller = "Dashboard"}. Executing controller action with signature System.Threading.Tasks.Task`1[Microsoft.AspNetCore.Mvc.IActionResult] Index() on controller MyDailyExpenseTracker.Controllers.DashboardController (MyDailyExpenseTracker).
2026-09-10 14:01:02.123 +05:30 [INF] Executed DbCommand (8ms) [Parameters=[@userId='?' (Size = 450), @today='?' (DbType = DateTime2), @today2='?' (DbType = DateTime2)], CommandType='"Text"', CommandTimeout='30']
SELECT [r].[RecurringExpenseId], [r].[Amount], [r].[CategoryId], [r].[CreatedDate], [r].[EndDate], [r].[Frequency], [r].[IsActive], [r].[LastGeneratedDate], [r].[Name], [r].[Notes], [r].[PaymentMethodId], [r].[StartDate], [r].[Type], [r].[UserId]
FROM [RecurringExpenses] AS [r]
WHERE [r].[UserId] = @userId AND [r].[IsActive] = CAST(1 AS bit) AND [r].[StartDate] <= @today AND ([r].[EndDate] IS NULL OR [r].[EndDate] >= @today2)
2026-09-10 14:01:02.139 +05:30 [INF] Executed DbCommand (12ms) [Parameters=[@userId='?' (Size = 450), @today_Month='?' (DbType = Int32), @today_Year='?' (DbType = Int32)], CommandType='"Text"', CommandTimeout='30']
SELECT [b1].[BudgetId], [b1].[CreatedDate], [b1].[Month], [b1].[Notes], [b1].[TotalBudget], [b1].[UpdatedDate], [b1].[UserId], [b1].[Year], [s].[BudgetCategoryId], [s].[Amount], [s].[BudgetId], [s].[CategoryId], [s].[CategoryId0], [s].[Color], [s].[CreatedDate], [s].[Icon], [s].[IsActive], [s].[IsDefault], [s].[Name], [s].[Type], [s].[UserId]
FROM (
    SELECT TOP(1) [b].[BudgetId], [b].[CreatedDate], [b].[Month], [b].[Notes], [b].[TotalBudget], [b].[UpdatedDate], [b].[UserId], [b].[Year]
    FROM [Budgets] AS [b]
    WHERE [b].[UserId] = @userId AND [b].[Month] = @today_Month AND [b].[Year] = @today_Year
) AS [b1]
LEFT JOIN (
    SELECT [b0].[BudgetCategoryId], [b0].[Amount], [b0].[BudgetId], [b0].[CategoryId], [c].[CategoryId] AS [CategoryId0], [c].[Color], [c].[CreatedDate], [c].[Icon], [c].[IsActive], [c].[IsDefault], [c].[Name], [c].[Type], [c].[UserId]
    FROM [BudgetCategories] AS [b0]
    INNER JOIN [Categories] AS [c] ON [b0].[CategoryId] = [c].[CategoryId]
) AS [s] ON [b1].[BudgetId] = [s].[BudgetId]
ORDER BY [b1].[BudgetId], [s].[BudgetCategoryId]
2026-09-10 14:01:02.148 +05:30 [INF] Executed DbCommand (5ms) [Parameters=[@userId='?' (Size = 450), @monthStart='?' (DbType = DateTime2)], CommandType='"Text"', CommandTimeout='30']
SELECT COALESCE(SUM([t].[Amount]), 0.0)
FROM [Transactions] AS [t]
WHERE [t].[UserId] = @userId AND [t].[Type] = N'Expense' AND [t].[TransactionDate] >= @monthStart
2026-09-10 14:01:02.160 +05:30 [INF] Executed DbCommand (7ms) [Parameters=[@userId='?' (Size = 450), @today='?' (DbType = DateTime2)], CommandType='"Text"', CommandTimeout='30']
SELECT [t].[Type], COALESCE(SUM([t].[Amount]), 0.0) AS [Total]
FROM [Transactions] AS [t]
WHERE [t].[UserId] = @userId AND CONVERT(date, [t].[TransactionDate]) = @today
GROUP BY [t].[Type]
2026-09-10 14:01:02.169 +05:30 [INF] Executed DbCommand (6ms) [Parameters=[@userId='?' (Size = 450), @monthStart='?' (DbType = DateTime2), @today='?' (DbType = DateTime2)], CommandType='"Text"', CommandTimeout='30']
SELECT [t].[Type], COALESCE(SUM([t].[Amount]), 0.0) AS [Total]
FROM [Transactions] AS [t]
WHERE [t].[UserId] = @userId AND [t].[TransactionDate] >= @monthStart AND [t].[TransactionDate] <= @today
GROUP BY [t].[Type]
2026-09-10 14:01:02.179 +05:30 [INF] Executed DbCommand (5ms) [Parameters=[@userId='?' (Size = 450)], CommandType='"Text"', CommandTimeout='30']
SELECT COALESCE(SUM([t].[Amount]), 0.0)
FROM [Transactions] AS [t]
WHERE [t].[UserId] = @userId AND [t].[Type] = N'Income'
2026-09-10 14:01:02.190 +05:30 [INF] Executed DbCommand (8ms) [Parameters=[@userId='?' (Size = 450)], CommandType='"Text"', CommandTimeout='30']
SELECT COALESCE(SUM([t].[Amount]), 0.0)
FROM [Transactions] AS [t]
WHERE [t].[UserId] = @userId AND [t].[Type] = N'Expense'
2026-09-10 14:01:02.198 +05:30 [INF] Executed DbCommand (3ms) [Parameters=[@userId='?' (Size = 450)], CommandType='"Text"', CommandTimeout='30']
SELECT COUNT(*)
FROM [Transactions] AS [t]
WHERE [t].[UserId] = @userId
2026-09-10 14:01:02.212 +05:30 [INF] Executed DbCommand (8ms) [Parameters=[@userId='?' (Size = 450), @prevStart='?' (DbType = DateTime2), @prevEnd='?' (DbType = DateTime2)], CommandType='"Text"', CommandTimeout='30']
SELECT COALESCE(SUM([t].[Amount]), 0.0)
FROM [Transactions] AS [t]
WHERE [t].[UserId] = @userId AND [t].[Type] = N'Expense' AND [t].[TransactionDate] >= @prevStart AND [t].[TransactionDate] <= @prevEnd
2026-09-10 14:01:02.227 +05:30 [INF] Executed DbCommand (9ms) [Parameters=[@p='?' (DbType = Int32), @userId='?' (Size = 450)], CommandType='"Text"', CommandTimeout='30']
SELECT [t0].[TransactionId], [t0].[TransactionDate], [t0].[Description], [c].[Name] AS [CategoryName], [c].[Icon] AS [CategoryIcon], [c].[Color] AS [CategoryColor], [t0].[Type], [t0].[Amount], [p].[Name] AS [PaymentMethodName]
FROM (
    SELECT TOP(@p) [t].[TransactionId], [t].[Amount], [t].[CategoryId], [t].[CreatedDate], [t].[Description], [t].[PaymentMethodId], [t].[TransactionDate], [t].[Type]
    FROM [Transactions] AS [t]
    WHERE [t].[UserId] = @userId
    ORDER BY [t].[TransactionDate] DESC, [t].[CreatedDate] DESC
) AS [t0]
INNER JOIN [Categories] AS [c] ON [t0].[CategoryId] = [c].[CategoryId]
LEFT JOIN [PaymentMethods] AS [p] ON [t0].[PaymentMethodId] = [p].[PaymentMethodId]
ORDER BY [t0].[TransactionDate] DESC, [t0].[CreatedDate] DESC
2026-09-10 14:01:02.245 +05:30 [INF] Executed DbCommand (13ms) [Parameters=[@userId='?' (Size = 450), @sixMonthsAgo='?' (DbType = DateTime2)], CommandType='"Text"', CommandTimeout='30']
SELECT [t0].[Year], [t0].[Month], COALESCE(SUM([t0].[Amount]), 0.0) AS [Total]
FROM (
    SELECT [t].[Amount], DATEPART(year, [t].[TransactionDate]) AS [Year], DATEPART(month, [t].[TransactionDate]) AS [Month]
    FROM [Transactions] AS [t]
    WHERE [t].[UserId] = @userId AND [t].[Type] = N'Expense' AND [t].[TransactionDate] >= @sixMonthsAgo
) AS [t0]
GROUP BY [t0].[Year], [t0].[Month]
2026-09-10 14:01:02.259 +05:30 [INF] Executed DbCommand (8ms) [Parameters=[@userId='?' (Size = 450), @sixMonthsAgo='?' (DbType = DateTime2)], CommandType='"Text"', CommandTimeout='30']
SELECT [t0].[Year], [t0].[Month], [t0].[Type], COALESCE(SUM([t0].[Amount]), 0.0) AS [Total]
FROM (
    SELECT [t].[Amount], [t].[Type], DATEPART(year, [t].[TransactionDate]) AS [Year], DATEPART(month, [t].[TransactionDate]) AS [Month]
    FROM [Transactions] AS [t]
    WHERE [t].[UserId] = @userId AND [t].[TransactionDate] >= @sixMonthsAgo
) AS [t0]
GROUP BY [t0].[Year], [t0].[Month], [t0].[Type]
2026-09-10 14:01:02.278 +05:30 [INF] Executed DbCommand (14ms) [Parameters=[@p='?' (DbType = Int32), @userId='?' (Size = 450), @monthStart='?' (DbType = DateTime2), @today='?' (DbType = DateTime2)], CommandType='"Text"', CommandTimeout='30']
SELECT TOP(@p) [c].[Name] AS [Category], COALESCE(SUM([t].[Amount]), 0.0) AS [Total]
FROM [Transactions] AS [t]
INNER JOIN [Categories] AS [c] ON [t].[CategoryId] = [c].[CategoryId]
WHERE [t].[UserId] = @userId AND [t].[Type] = N'Expense' AND [t].[TransactionDate] >= @monthStart AND [t].[TransactionDate] <= @today
GROUP BY [c].[Name]
ORDER BY COALESCE(SUM([t].[Amount]), 0.0) DESC
2026-09-10 14:01:02.292 +05:30 [INF] Executed DbCommand (10ms) [Parameters=[@userId='?' (Size = 450), @monthStart='?' (DbType = DateTime2), @today='?' (DbType = DateTime2)], CommandType='"Text"', CommandTimeout='30']
SELECT [t0].[Key] AS [Day], COALESCE(SUM([t0].[Amount]), 0.0) AS [Total]
FROM (
    SELECT [t].[Amount], DATEPART(day, [t].[TransactionDate]) AS [Key]
    FROM [Transactions] AS [t]
    WHERE [t].[UserId] = @userId AND [t].[Type] = N'Expense' AND [t].[TransactionDate] >= @monthStart AND [t].[TransactionDate] <= @today
) AS [t0]
GROUP BY [t0].[Key]
2026-09-10 14:01:02.306 +05:30 [INF] Executed DbCommand (9ms) [Parameters=[@userId='?' (Size = 450), @monthStart='?' (DbType = DateTime2), @today='?' (DbType = DateTime2)], CommandType='"Text"', CommandTimeout='30']
SELECT [p].[Name] AS [Method], COALESCE(SUM([t].[Amount]), 0.0) AS [Total]
FROM [Transactions] AS [t]
LEFT JOIN [PaymentMethods] AS [p] ON [t].[PaymentMethodId] = [p].[PaymentMethodId]
WHERE [t].[UserId] = @userId AND [t].[Type] = N'Expense' AND [t].[TransactionDate] >= @monthStart AND [t].[TransactionDate] <= @today AND [t].[PaymentMethodId] IS NOT NULL
GROUP BY [p].[Name]
2026-09-10 14:01:02.313 +05:30 [INF] Executed DbCommand (3ms) [Parameters=[@userId='?' (Size = 450), @today_Month='?' (DbType = Int32), @today_Year='?' (DbType = Int32)], CommandType='"Text"', CommandTimeout='30']
SELECT TOP(1) [b].[BudgetId], [b].[CreatedDate], [b].[Month], [b].[Notes], [b].[TotalBudget], [b].[UpdatedDate], [b].[UserId], [b].[Year]
FROM [Budgets] AS [b]
WHERE [b].[UserId] = @userId AND [b].[Month] = @today_Month AND [b].[Year] = @today_Year
2026-09-10 14:01:02.322 +05:30 [INF] Executed DbCommand (5ms) [Parameters=[@userId='?' (Size = 450)], CommandType='"Text"', CommandTimeout='30']
SELECT COUNT(*)
FROM [Notifications] AS [n]
WHERE [n].[UserId] = @userId AND [n].[IsRead] = CAST(0 AS bit)
2026-09-10 14:01:02.326 +05:30 [INF] Executing ViewResult, running view Index.
2026-09-10 14:01:02.330 +05:30 [INF] Executed DbCommand (1ms) [Parameters=[@p='?' (Size = 450)], CommandType='"Text"', CommandTimeout='30']
SELECT TOP(1) [a].[Id], [a].[AccessFailedCount], [a].[ConcurrencyStamp], [a].[CreatedDate], [a].[Currency], [a].[DateFormat], [a].[Email], [a].[EmailConfirmed], [a].[FirstName], [a].[LastName], [a].[LockoutEnabled], [a].[LockoutEnd], [a].[NormalizedEmail], [a].[NormalizedUserName], [a].[PasswordHash], [a].[PhoneNumber], [a].[PhoneNumberConfirmed], [a].[SecurityStamp], [a].[Theme], [a].[TwoFactorEnabled], [a].[UserName]
FROM [AspNetUsers] AS [a]
WHERE [a].[Id] = @p
2026-09-10 14:01:02.335 +05:30 [INF] Executed ViewResult - view Index executed in 8.5295ms.
2026-09-10 14:01:02.338 +05:30 [INF] Executed action MyDailyExpenseTracker.Controllers.DashboardController.Index (MyDailyExpenseTracker) in 224.2757ms
2026-09-10 14:01:02.340 +05:30 [INF] Executed endpoint 'MyDailyExpenseTracker.Controllers.DashboardController.Index (MyDailyExpenseTracker)'
2026-09-10 14:01:02.342 +05:30 [INF] Request finished HTTP/1.1 GET http://localhost:5172/ - 200 null text/html; charset=utf-8 234.4181ms
2026-09-10 14:01:23.035 +05:30 [INF] Request starting HTTP/1.1 POST http://localhost:5172/Profile/SetTheme - application/x-www-form-urlencoded 11
2026-09-10 14:01:23.038 +05:30 [INF] Executing endpoint 'MyDailyExpenseTracker.Controllers.ProfileController.SetTheme (MyDailyExpenseTracker)'
2026-09-10 14:01:23.047 +05:30 [INF] Route matched with {action = "SetTheme", controller = "Profile"}. Executing controller action with signature System.Threading.Tasks.Task`1[Microsoft.AspNetCore.Mvc.IActionResult] SetTheme(System.String) on controller MyDailyExpenseTracker.Controllers.ProfileController (MyDailyExpenseTracker).
2026-09-10 14:01:23.053 +05:30 [INF] Executed DbCommand (1ms) [Parameters=[@p='?' (Size = 450)], CommandType='"Text"', CommandTimeout='30']
SELECT TOP(1) [a].[Id], [a].[AccessFailedCount], [a].[ConcurrencyStamp], [a].[CreatedDate], [a].[Currency], [a].[DateFormat], [a].[Email], [a].[EmailConfirmed], [a].[FirstName], [a].[LastName], [a].[LockoutEnabled], [a].[LockoutEnd], [a].[NormalizedEmail], [a].[NormalizedUserName], [a].[PasswordHash], [a].[PhoneNumber], [a].[PhoneNumberConfirmed], [a].[SecurityStamp], [a].[Theme], [a].[TwoFactorEnabled], [a].[UserName]
FROM [AspNetUsers] AS [a]
WHERE [a].[Id] = @p
2026-09-10 14:01:23.069 +05:30 [INF] Executed DbCommand (5ms) [Parameters=[@normalizedUserName='?' (Size = 256)], CommandType='"Text"', CommandTimeout='30']
SELECT TOP(1) [a].[Id], [a].[AccessFailedCount], [a].[ConcurrencyStamp], [a].[CreatedDate], [a].[Currency], [a].[DateFormat], [a].[Email], [a].[EmailConfirmed], [a].[FirstName], [a].[LastName], [a].[LockoutEnabled], [a].[LockoutEnd], [a].[NormalizedEmail], [a].[NormalizedUserName], [a].[PasswordHash], [a].[PhoneNumber], [a].[PhoneNumberConfirmed], [a].[SecurityStamp], [a].[Theme], [a].[TwoFactorEnabled], [a].[UserName]
FROM [AspNetUsers] AS [a]
WHERE [a].[NormalizedUserName] = @normalizedUserName
2026-09-10 14:01:23.094 +05:30 [INF] Executed DbCommand (5ms) [Parameters=[@normalizedEmail='?' (Size = 256)], CommandType='"Text"', CommandTimeout='30']
SELECT TOP(2) [a].[Id], [a].[AccessFailedCount], [a].[ConcurrencyStamp], [a].[CreatedDate], [a].[Currency], [a].[DateFormat], [a].[Email], [a].[EmailConfirmed], [a].[FirstName], [a].[LastName], [a].[LockoutEnabled], [a].[LockoutEnd], [a].[NormalizedEmail], [a].[NormalizedUserName], [a].[PasswordHash], [a].[PhoneNumber], [a].[PhoneNumberConfirmed], [a].[SecurityStamp], [a].[Theme], [a].[TwoFactorEnabled], [a].[UserName]
FROM [AspNetUsers] AS [a]
WHERE [a].[NormalizedEmail] = @normalizedEmail
2026-09-10 14:01:23.200 +05:30 [INF] Executed DbCommand (26ms) [Parameters=[@p20='?' (Size = 450), @p0='?' (DbType = Int32), @p1='?' (Size = 4000), @p21='?' (Size = 4000), @p2='?' (DbType = DateTime2), @p3='?' (Size = 10), @p4='?' (Size = 20), @p5='?' (Size = 256), @p6='?' (DbType = Boolean), @p7='?' (Size = 100), @p8='?' (Size = 100), @p9='?' (DbType = Boolean), @p10='?' (DbType = DateTimeOffset), @p11='?' (Size = 256), @p12='?' (Size = 256), @p13='?' (Size = 4000), @p14='?' (Size = 4000), @p15='?' (DbType = Boolean), @p16='?' (Size = 4000), @p17='?' (Size = 10), @p18='?' (DbType = Boolean), @p19='?' (Size = 256)], CommandType='"Text"', CommandTimeout='30']
SET IMPLICIT_TRANSACTIONS OFF;
SET NOCOUNT ON;
UPDATE [AspNetUsers] SET [AccessFailedCount] = @p0, [ConcurrencyStamp] = @p1, [CreatedDate] = @p2, [Currency] = @p3, [DateFormat] = @p4, [Email] = @p5, [EmailConfirmed] = @p6, [FirstName] = @p7, [LastName] = @p8, [LockoutEnabled] = @p9, [LockoutEnd] = @p10, [NormalizedEmail] = @p11, [NormalizedUserName] = @p12, [PasswordHash] = @p13, [PhoneNumber] = @p14, [PhoneNumberConfirmed] = @p15, [SecurityStamp] = @p16, [Theme] = @p17, [TwoFactorEnabled] = @p18, [UserName] = @p19
OUTPUT 1
WHERE [Id] = @p20 AND [ConcurrencyStamp] = @p21;
2026-09-10 14:01:23.222 +05:30 [INF] Executing StatusCodeResult, setting HTTP status code 200
2026-09-10 14:01:23.225 +05:30 [INF] Executed action MyDailyExpenseTracker.Controllers.ProfileController.SetTheme (MyDailyExpenseTracker) in 176.1858ms
2026-09-10 14:01:23.229 +05:30 [INF] Executed endpoint 'MyDailyExpenseTracker.Controllers.ProfileController.SetTheme (MyDailyExpenseTracker)'
2026-09-10 14:01:23.231 +05:30 [INF] Request finished HTTP/1.1 POST http://localhost:5172/Profile/SetTheme - 200 0 null 196.5541ms
2026-09-10 14:01:33.862 +05:30 [INF] Request starting HTTP/1.1 GET http://localhost:5172/.well-known/appspecific/com.chrome.devtools.json - null null
2026-09-10 14:01:33.870 +05:30 [INF] Request finished HTTP/1.1 GET http://localhost:5172/.well-known/appspecific/com.chrome.devtools.json - 404 0 null 7.4789ms
2026-09-10 14:01:33.877 +05:30 [INF] Request reached the end of the middleware pipeline without being handled by application code. Request path: GET http://localhost:5172/.well-known/appspecific/com.chrome.devtools.json, Response status code: 404
2026-09-10 14:01:56.866 +05:30 [INF] Request starting HTTP/1.1 GET http://localhost:5172/Categories - null null
2026-09-10 14:01:56.870 +05:30 [INF] Executing endpoint 'MyDailyExpenseTracker.Controllers.CategoriesController.Index (MyDailyExpenseTracker)'
2026-09-10 14:01:56.871 +05:30 [INF] Route matched with {action = "Index", controller = "Categories"}. Executing controller action with signature System.Threading.Tasks.Task`1[Microsoft.AspNetCore.Mvc.IActionResult] Index() on controller MyDailyExpenseTracker.Controllers.CategoriesController (MyDailyExpenseTracker).
2026-09-10 14:01:56.887 +05:30 [INF] Executed DbCommand (11ms) [Parameters=[@userId='?' (Size = 450)], CommandType='"Text"', CommandTimeout='30']
SELECT [t].[CategoryId], COUNT(*) AS [Count]
FROM [Transactions] AS [t]
WHERE [t].[UserId] = @userId
GROUP BY [t].[CategoryId]
2026-09-10 14:01:56.901 +05:30 [INF] Executed DbCommand (10ms) [Parameters=[@userId='?' (Size = 450)], CommandType='"Text"', CommandTimeout='30']
SELECT [c].[CategoryId], [c].[Name], [c].[Icon], [c].[Color], [c].[Type], [c].[IsDefault]
FROM [Categories] AS [c]
WHERE [c].[IsActive] = CAST(1 AS bit) AND ([c].[UserId] = @userId OR [c].[UserId] IS NULL)
ORDER BY [c].[Type], [c].[Name]
2026-09-10 14:01:56.905 +05:30 [INF] Executing ViewResult, running view Index.
2026-09-10 14:01:56.915 +05:30 [INF] Executed DbCommand (6ms) [Parameters=[@p='?' (Size = 450)], CommandType='"Text"', CommandTimeout='30']
SELECT TOP(1) [a].[Id], [a].[AccessFailedCount], [a].[ConcurrencyStamp], [a].[CreatedDate], [a].[Currency], [a].[DateFormat], [a].[Email], [a].[EmailConfirmed], [a].[FirstName], [a].[LastName], [a].[LockoutEnabled], [a].[LockoutEnd], [a].[NormalizedEmail], [a].[NormalizedUserName], [a].[PasswordHash], [a].[PhoneNumber], [a].[PhoneNumberConfirmed], [a].[SecurityStamp], [a].[Theme], [a].[TwoFactorEnabled], [a].[UserName]
FROM [AspNetUsers] AS [a]
WHERE [a].[Id] = @p
2026-09-10 14:01:56.922 +05:30 [INF] Executed ViewResult - view Index executed in 16.3692ms.
2026-09-10 14:01:56.925 +05:30 [INF] Executed action MyDailyExpenseTracker.Controllers.CategoriesController.Index (MyDailyExpenseTracker) in 51.264ms
2026-09-10 14:01:56.929 +05:30 [INF] Executed endpoint 'MyDailyExpenseTracker.Controllers.CategoriesController.Index (MyDailyExpenseTracker)'
2026-09-10 14:01:56.933 +05:30 [INF] Request finished HTTP/1.1 GET http://localhost:5172/Categories - 200 null text/html; charset=utf-8 66.6699ms
2026-09-10 14:01:57.931 +05:30 [INF] Request starting HTTP/1.1 GET http://localhost:5172/Transactions - null null
2026-09-10 14:01:57.934 +05:30 [INF] Executing endpoint 'MyDailyExpenseTracker.Controllers.TransactionsController.Index (MyDailyExpenseTracker)'
2026-09-10 14:01:57.935 +05:30 [INF] Route matched with {action = "Index", controller = "Transactions"}. Executing controller action with signature System.Threading.Tasks.Task`1[Microsoft.AspNetCore.Mvc.IActionResult] Index(MyDailyExpenseTracker.ViewModels.TransactionFilterViewModel) on controller MyDailyExpenseTracker.Controllers.TransactionsController (MyDailyExpenseTracker).
2026-09-10 14:01:57.942 +05:30 [INF] Executed DbCommand (2ms) [Parameters=[@userId='?' (Size = 450)], CommandType='"Text"', CommandTimeout='30']
SELECT [t].[Type], [t].[Amount]
FROM [Transactions] AS [t]
WHERE [t].[UserId] = @userId
2026-09-10 14:01:57.949 +05:30 [INF] Executed DbCommand (5ms) [Parameters=[@userId='?' (Size = 450), @p='?' (DbType = Int32), @p2='?' (DbType = Int32)], CommandType='"Text"', CommandTimeout='30']
SELECT [t0].[TransactionId], [t0].[TransactionDate], [t0].[Description], [c].[Name] AS [CategoryName], [c].[Icon] AS [CategoryIcon], [c].[Color] AS [CategoryColor], [t0].[Type], [t0].[Amount], [p].[Name] AS [PaymentMethodName]
FROM (
    SELECT [t].[TransactionId], [t].[Amount], [t].[CategoryId], [t].[CreatedDate], [t].[Description], [t].[PaymentMethodId], [t].[TransactionDate], [t].[Type]
    FROM [Transactions] AS [t]
    WHERE [t].[UserId] = @userId
    ORDER BY [t].[TransactionDate] DESC, [t].[CreatedDate] DESC
    OFFSET @p ROWS FETCH NEXT @p2 ROWS ONLY
) AS [t0]
INNER JOIN [Categories] AS [c] ON [t0].[CategoryId] = [c].[CategoryId]
LEFT JOIN [PaymentMethods] AS [p] ON [t0].[PaymentMethodId] = [p].[PaymentMethodId]
ORDER BY [t0].[TransactionDate] DESC, [t0].[CreatedDate] DESC
2026-09-10 14:01:57.959 +05:30 [INF] Executed DbCommand (5ms) [Parameters=[@userId='?' (Size = 450)], CommandType='"Text"', CommandTimeout='30']
SELECT CONVERT(varchar(11), [c].[CategoryId]) AS [Value], [c].[Name] AS [Text]
FROM [Categories] AS [c]
WHERE [c].[IsActive] = CAST(1 AS bit) AND ([c].[UserId] = @userId OR [c].[UserId] IS NULL)
ORDER BY [c].[Name]
2026-09-10 14:01:57.966 +05:30 [INF] Executed DbCommand (4ms) [Parameters=[@userId='?' (Size = 450)], CommandType='"Text"', CommandTimeout='30']
SELECT CONVERT(varchar(11), [p].[PaymentMethodId]) AS [Value], [p].[Name] AS [Text]
FROM [PaymentMethods] AS [p]
WHERE [p].[IsActive] = CAST(1 AS bit) AND ([p].[UserId] = @userId OR [p].[UserId] IS NULL)
ORDER BY [p].[Name]
2026-09-10 14:01:57.969 +05:30 [INF] Executing ViewResult, running view Index.
2026-09-10 14:01:57.975 +05:30 [INF] Executed DbCommand (1ms) [Parameters=[@p='?' (Size = 450)], CommandType='"Text"', CommandTimeout='30']
SELECT TOP(1) [a].[Id], [a].[AccessFailedCount], [a].[ConcurrencyStamp], [a].[CreatedDate], [a].[Currency], [a].[DateFormat], [a].[Email], [a].[EmailConfirmed], [a].[FirstName], [a].[LastName], [a].[LockoutEnabled], [a].[LockoutEnd], [a].[NormalizedEmail], [a].[NormalizedUserName], [a].[PasswordHash], [a].[PhoneNumber], [a].[PhoneNumberConfirmed], [a].[SecurityStamp], [a].[Theme], [a].[TwoFactorEnabled], [a].[UserName]
FROM [AspNetUsers] AS [a]
WHERE [a].[Id] = @p
2026-09-10 14:01:57.979 +05:30 [INF] Executed ViewResult - view Index executed in 10.2904ms.
2026-09-10 14:01:57.982 +05:30 [INF] Executed action MyDailyExpenseTracker.Controllers.TransactionsController.Index (MyDailyExpenseTracker) in 43.7896ms
2026-09-10 14:01:57.984 +05:30 [INF] Executed endpoint 'MyDailyExpenseTracker.Controllers.TransactionsController.Index (MyDailyExpenseTracker)'
2026-09-10 14:01:57.986 +05:30 [INF] Request finished HTTP/1.1 GET http://localhost:5172/Transactions - 200 null text/html; charset=utf-8 55.6169ms
2026-09-10 14:02:02.567 +05:30 [INF] Request starting HTTP/1.1 GET http://localhost:5172/PaymentMethods - null null
2026-09-10 14:02:02.574 +05:30 [INF] Executing endpoint 'MyDailyExpenseTracker.Controllers.PaymentMethodsController.Index (MyDailyExpenseTracker)'
2026-09-10 14:02:02.576 +05:30 [INF] Route matched with {action = "Index", controller = "PaymentMethods"}. Executing controller action with signature System.Threading.Tasks.Task`1[Microsoft.AspNetCore.Mvc.IActionResult] Index() on controller MyDailyExpenseTracker.Controllers.PaymentMethodsController (MyDailyExpenseTracker).
2026-09-10 14:02:02.603 +05:30 [INF] Executed DbCommand (17ms) [Parameters=[@userId='?' (Size = 450)], CommandType='"Text"', CommandTimeout='30']
SELECT [t].[PaymentMethodId] AS [MethodId], COUNT(*) AS [Count]
FROM [Transactions] AS [t]
WHERE [t].[UserId] = @userId AND [t].[PaymentMethodId] IS NOT NULL
GROUP BY [t].[PaymentMethodId]
2026-09-10 14:02:02.620 +05:30 [INF] Executed DbCommand (9ms) [Parameters=[@userId='?' (Size = 450)], CommandType='"Text"', CommandTimeout='30']
SELECT [p].[PaymentMethodId], [p].[Name], [p].[Icon], [p].[IsDefault]
FROM [PaymentMethods] AS [p]
WHERE [p].[IsActive] = CAST(1 AS bit) AND ([p].[UserId] = @userId OR [p].[UserId] IS NULL)
ORDER BY [p].[Name]
2026-09-10 14:02:02.627 +05:30 [INF] Executing ViewResult, running view Index.
2026-09-10 14:02:02.632 +05:30 [INF] Executed DbCommand (1ms) [Parameters=[@p='?' (Size = 450)], CommandType='"Text"', CommandTimeout='30']
SELECT TOP(1) [a].[Id], [a].[AccessFailedCount], [a].[ConcurrencyStamp], [a].[CreatedDate], [a].[Currency], [a].[DateFormat], [a].[Email], [a].[EmailConfirmed], [a].[FirstName], [a].[LastName], [a].[LockoutEnabled], [a].[LockoutEnd], [a].[NormalizedEmail], [a].[NormalizedUserName], [a].[PasswordHash], [a].[PhoneNumber], [a].[PhoneNumberConfirmed], [a].[SecurityStamp], [a].[Theme], [a].[TwoFactorEnabled], [a].[UserName]
FROM [AspNetUsers] AS [a]
WHERE [a].[Id] = @p
2026-09-10 14:02:02.642 +05:30 [INF] Executed ViewResult - view Index executed in 14.9693ms.
2026-09-10 14:02:02.646 +05:30 [INF] Executed action MyDailyExpenseTracker.Controllers.PaymentMethodsController.Index (MyDailyExpenseTracker) in 64.2382ms
2026-09-10 14:02:02.652 +05:30 [INF] Executed endpoint 'MyDailyExpenseTracker.Controllers.PaymentMethodsController.Index (MyDailyExpenseTracker)'
2026-09-10 14:02:02.656 +05:30 [INF] Request finished HTTP/1.1 GET http://localhost:5172/PaymentMethods - 200 null text/html; charset=utf-8 88.8529ms
2026-09-10 14:02:03.397 +05:30 [INF] Request starting HTTP/1.1 GET http://localhost:5172/Budget - null null
2026-09-10 14:02:03.401 +05:30 [INF] Executing endpoint 'MyDailyExpenseTracker.Controllers.BudgetController.Index (MyDailyExpenseTracker)'
2026-09-10 14:02:03.402 +05:30 [INF] Route matched with {action = "Index", controller = "Budget"}. Executing controller action with signature System.Threading.Tasks.Task`1[Microsoft.AspNetCore.Mvc.IActionResult] Index(Int32, Int32) on controller MyDailyExpenseTracker.Controllers.BudgetController (MyDailyExpenseTracker).
2026-09-10 14:02:03.425 +05:30 [INF] Executed DbCommand (17ms) [Parameters=[@userId='?' (Size = 450), @month='?' (DbType = Int32), @year='?' (DbType = Int32)], CommandType='"Text"', CommandTimeout='30']
SELECT [b1].[BudgetId], [b1].[CreatedDate], [b1].[Month], [b1].[Notes], [b1].[TotalBudget], [b1].[UpdatedDate], [b1].[UserId], [b1].[Year], [s].[BudgetCategoryId], [s].[Amount], [s].[BudgetId], [s].[CategoryId], [s].[CategoryId0], [s].[Color], [s].[CreatedDate], [s].[Icon], [s].[IsActive], [s].[IsDefault], [s].[Name], [s].[Type], [s].[UserId]
FROM (
    SELECT TOP(1) [b].[BudgetId], [b].[CreatedDate], [b].[Month], [b].[Notes], [b].[TotalBudget], [b].[UpdatedDate], [b].[UserId], [b].[Year]
    FROM [Budgets] AS [b]
    WHERE [b].[UserId] = @userId AND [b].[Month] = @month AND [b].[Year] = @year
) AS [b1]
LEFT JOIN (
    SELECT [b0].[BudgetCategoryId], [b0].[Amount], [b0].[BudgetId], [b0].[CategoryId], [c].[CategoryId] AS [CategoryId0], [c].[Color], [c].[CreatedDate], [c].[Icon], [c].[IsActive], [c].[IsDefault], [c].[Name], [c].[Type], [c].[UserId]
    FROM [BudgetCategories] AS [b0]
    INNER JOIN [Categories] AS [c] ON [b0].[CategoryId] = [c].[CategoryId]
) AS [s] ON [b1].[BudgetId] = [s].[BudgetId]
ORDER BY [b1].[BudgetId], [s].[BudgetCategoryId]
2026-09-10 14:02:03.433 +05:30 [INF] Executed DbCommand (3ms) [Parameters=[@userId='?' (Size = 450)], CommandType='"Text"', CommandTimeout='30']
SELECT [t].[CategoryId], COUNT(*) AS [Count]
FROM [Transactions] AS [t]
WHERE [t].[UserId] = @userId
GROUP BY [t].[CategoryId]
2026-09-10 14:02:03.441 +05:30 [INF] Executed DbCommand (2ms) [Parameters=[@userId='?' (Size = 450)], CommandType='"Text"', CommandTimeout='30']
SELECT [c].[CategoryId], [c].[Name], [c].[Icon], [c].[Color], [c].[Type], [c].[IsDefault]
FROM [Categories] AS [c]
WHERE [c].[IsActive] = CAST(1 AS bit) AND ([c].[UserId] = @userId OR [c].[UserId] IS NULL)
ORDER BY [c].[Type], [c].[Name]
2026-09-10 14:02:03.461 +05:30 [INF] Executed DbCommand (15ms) [Parameters=[@userId='?' (Size = 450), @monthStart='?' (DbType = DateTime2), @monthEnd='?' (DbType = DateTime2)], CommandType='"Text"', CommandTimeout='30']
SELECT [t].[CategoryId], COALESCE(SUM([t].[Amount]), 0.0) AS [Total]
FROM [Transactions] AS [t]
WHERE [t].[UserId] = @userId AND [t].[Type] = N'Expense' AND [t].[TransactionDate] >= @monthStart AND [t].[TransactionDate] <= @monthEnd
GROUP BY [t].[CategoryId]
2026-09-10 14:02:03.467 +05:30 [INF] Executing ViewResult, running view Index.
2026-09-10 14:02:03.484 +05:30 [INF] Executed DbCommand (9ms) [Parameters=[@p='?' (Size = 450)], CommandType='"Text"', CommandTimeout='30']
SELECT TOP(1) [a].[Id], [a].[AccessFailedCount], [a].[ConcurrencyStamp], [a].[CreatedDate], [a].[Currency], [a].[DateFormat], [a].[Email], [a].[EmailConfirmed], [a].[FirstName], [a].[LastName], [a].[LockoutEnabled], [a].[LockoutEnd], [a].[NormalizedEmail], [a].[NormalizedUserName], [a].[PasswordHash], [a].[PhoneNumber], [a].[PhoneNumberConfirmed], [a].[SecurityStamp], [a].[Theme], [a].[TwoFactorEnabled], [a].[UserName]
FROM [AspNetUsers] AS [a]
WHERE [a].[Id] = @p
2026-09-10 14:02:03.495 +05:30 [INF] Executed ViewResult - view Index executed in 27.915ms.
2026-09-10 14:02:03.503 +05:30 [INF] Executed action MyDailyExpenseTracker.Controllers.BudgetController.Index (MyDailyExpenseTracker) in 98.4325ms
2026-09-10 14:02:03.509 +05:30 [INF] Executed endpoint 'MyDailyExpenseTracker.Controllers.BudgetController.Index (MyDailyExpenseTracker)'
2026-09-10 14:02:03.514 +05:30 [INF] Request finished HTTP/1.1 GET http://localhost:5172/Budget - 200 null text/html; charset=utf-8 116.4814ms
2026-09-10 14:02:12.294 +05:30 [INF] Request starting HTTP/1.1 GET http://localhost:5172/RecurringExpenses - null null
2026-09-10 14:02:12.298 +05:30 [INF] Executing endpoint 'MyDailyExpenseTracker.Controllers.RecurringExpensesController.Index (MyDailyExpenseTracker)'
2026-09-10 14:02:12.300 +05:30 [INF] Route matched with {action = "Index", controller = "RecurringExpenses"}. Executing controller action with signature System.Threading.Tasks.Task`1[Microsoft.AspNetCore.Mvc.IActionResult] Index() on controller MyDailyExpenseTracker.Controllers.RecurringExpensesController (MyDailyExpenseTracker).
2026-09-10 14:02:12.319 +05:30 [INF] Executed DbCommand (14ms) [Parameters=[@userId='?' (Size = 450)], CommandType='"Text"', CommandTimeout='30']
SELECT [r].[RecurringExpenseId], [r].[Name], [r].[Amount], [r].[Type], [r].[CategoryId], [c].[Name] AS [CategoryName], [r].[PaymentMethodId], [p].[Name] AS [PaymentMethodName], [r].[Frequency], [r].[StartDate], [r].[EndDate], [r].[IsActive], [r].[LastGeneratedDate], [r].[Notes]
FROM [RecurringExpenses] AS [r]
INNER JOIN [Categories] AS [c] ON [r].[CategoryId] = [c].[CategoryId]
LEFT JOIN [PaymentMethods] AS [p] ON [r].[PaymentMethodId] = [p].[PaymentMethodId]
WHERE [r].[UserId] = @userId
ORDER BY [r].[Name]
2026-09-10 14:02:12.325 +05:30 [INF] Executing ViewResult, running view Index.
2026-09-10 14:02:12.338 +05:30 [INF] Executed DbCommand (9ms) [Parameters=[@p='?' (Size = 450)], CommandType='"Text"', CommandTimeout='30']
SELECT TOP(1) [a].[Id], [a].[AccessFailedCount], [a].[ConcurrencyStamp], [a].[CreatedDate], [a].[Currency], [a].[DateFormat], [a].[Email], [a].[EmailConfirmed], [a].[FirstName], [a].[LastName], [a].[LockoutEnabled], [a].[LockoutEnd], [a].[NormalizedEmail], [a].[NormalizedUserName], [a].[PasswordHash], [a].[PhoneNumber], [a].[PhoneNumberConfirmed], [a].[SecurityStamp], [a].[Theme], [a].[TwoFactorEnabled], [a].[UserName]
FROM [AspNetUsers] AS [a]
WHERE [a].[Id] = @p
2026-09-10 14:02:12.346 +05:30 [INF] Executed ViewResult - view Index executed in 21.9199ms.
2026-09-10 14:02:12.351 +05:30 [INF] Executed action MyDailyExpenseTracker.Controllers.RecurringExpensesController.Index (MyDailyExpenseTracker) in 48.8393ms
2026-09-10 14:02:12.355 +05:30 [INF] Executed endpoint 'MyDailyExpenseTracker.Controllers.RecurringExpensesController.Index (MyDailyExpenseTracker)'
2026-09-10 14:02:12.359 +05:30 [INF] Request finished HTTP/1.1 GET http://localhost:5172/RecurringExpenses - 200 null text/html; charset=utf-8 65.2135ms
2026-09-10 14:02:14.406 +05:30 [INF] Request starting HTTP/1.1 GET http://localhost:5172/Reports - null null
2026-09-10 14:02:14.410 +05:30 [INF] Executing endpoint 'MyDailyExpenseTracker.Controllers.ReportsController.Index (MyDailyExpenseTracker)'
2026-09-10 14:02:14.412 +05:30 [INF] Route matched with {action = "Index", controller = "Reports"}. Executing controller action with signature System.Threading.Tasks.Task`1[Microsoft.AspNetCore.Mvc.IActionResult] Index(Int32, Int32) on controller MyDailyExpenseTracker.Controllers.ReportsController (MyDailyExpenseTracker).
2026-09-10 14:02:14.434 +05:30 [INF] Executed DbCommand (18ms) [Parameters=[@userId='?' (Size = 450), @monthStart='?' (DbType = DateTime2), @monthEnd='?' (DbType = DateTime2)], CommandType='"Text"', CommandTimeout='30']
SELECT [t].[TransactionId], [t].[Amount], [t].[CategoryId], [t].[CreatedDate], [t].[Description], [t].[Notes], [t].[PaymentMethodId], [t].[RecurringExpenseId], [t].[TransactionDate], [t].[Type], [t].[UpdatedDate], [t].[UserId], [c].[CategoryId], [c].[Color], [c].[CreatedDate], [c].[Icon], [c].[IsActive], [c].[IsDefault], [c].[Name], [c].[Type], [c].[UserId], [p].[PaymentMethodId], [p].[CreatedDate], [p].[Icon], [p].[IsActive], [p].[IsDefault], [p].[Name], [p].[UserId]
FROM [Transactions] AS [t]
INNER JOIN [Categories] AS [c] ON [t].[CategoryId] = [c].[CategoryId]
LEFT JOIN [PaymentMethods] AS [p] ON [t].[PaymentMethodId] = [p].[PaymentMethodId]
WHERE [t].[UserId] = @userId AND [t].[TransactionDate] >= @monthStart AND [t].[TransactionDate] <= @monthEnd
2026-09-10 14:02:14.449 +05:30 [INF] Executed DbCommand (8ms) [Parameters=[@userId='?' (Size = 450)], CommandType='"Text"', CommandTimeout='30']
SELECT MIN([t].[TransactionDate])
FROM [Transactions] AS [t]
WHERE [t].[UserId] = @userId
2026-09-10 14:02:14.455 +05:30 [INF] Executing ViewResult, running view Index.
2026-09-10 14:02:14.468 +05:30 [INF] Executed DbCommand (7ms) [Parameters=[@p='?' (Size = 450)], CommandType='"Text"', CommandTimeout='30']
SELECT TOP(1) [a].[Id], [a].[AccessFailedCount], [a].[ConcurrencyStamp], [a].[CreatedDate], [a].[Currency], [a].[DateFormat], [a].[Email], [a].[EmailConfirmed], [a].[FirstName], [a].[LastName], [a].[LockoutEnabled], [a].[LockoutEnd], [a].[NormalizedEmail], [a].[NormalizedUserName], [a].[PasswordHash], [a].[PhoneNumber], [a].[PhoneNumberConfirmed], [a].[SecurityStamp], [a].[Theme], [a].[TwoFactorEnabled], [a].[UserName]
FROM [AspNetUsers] AS [a]
WHERE [a].[Id] = @p
2026-09-10 14:02:14.475 +05:30 [INF] Executed ViewResult - view Index executed in 20.3352ms.
2026-09-10 14:02:14.478 +05:30 [INF] Executed action MyDailyExpenseTracker.Controllers.ReportsController.Index (MyDailyExpenseTracker) in 63.8722ms
2026-09-10 14:02:14.482 +05:30 [INF] Executed endpoint 'MyDailyExpenseTracker.Controllers.ReportsController.Index (MyDailyExpenseTracker)'
2026-09-10 14:02:14.485 +05:30 [INF] Request finished HTTP/1.1 GET http://localhost:5172/Reports - 200 null text/html; charset=utf-8 79.5179ms
2026-09-10 14:02:25.309 +05:30 [INF] Request starting HTTP/1.1 GET http://localhost:5172/RecurringExpenses - null null
2026-09-10 14:02:25.313 +05:30 [INF] Executing endpoint 'MyDailyExpenseTracker.Controllers.RecurringExpensesController.Index (MyDailyExpenseTracker)'
2026-09-10 14:02:25.314 +05:30 [INF] Route matched with {action = "Index", controller = "RecurringExpenses"}. Executing controller action with signature System.Threading.Tasks.Task`1[Microsoft.AspNetCore.Mvc.IActionResult] Index() on controller MyDailyExpenseTracker.Controllers.RecurringExpensesController (MyDailyExpenseTracker).
2026-09-10 14:02:25.329 +05:30 [INF] Executed DbCommand (9ms) [Parameters=[@userId='?' (Size = 450)], CommandType='"Text"', CommandTimeout='30']
SELECT [r].[RecurringExpenseId], [r].[Name], [r].[Amount], [r].[Type], [r].[CategoryId], [c].[Name] AS [CategoryName], [r].[PaymentMethodId], [p].[Name] AS [PaymentMethodName], [r].[Frequency], [r].[StartDate], [r].[EndDate], [r].[IsActive], [r].[LastGeneratedDate], [r].[Notes]
FROM [RecurringExpenses] AS [r]
INNER JOIN [Categories] AS [c] ON [r].[CategoryId] = [c].[CategoryId]
LEFT JOIN [PaymentMethods] AS [p] ON [r].[PaymentMethodId] = [p].[PaymentMethodId]
WHERE [r].[UserId] = @userId
ORDER BY [r].[Name]
2026-09-10 14:02:25.333 +05:30 [INF] Executing ViewResult, running view Index.
2026-09-10 14:02:25.342 +05:30 [INF] Executed DbCommand (4ms) [Parameters=[@p='?' (Size = 450)], CommandType='"Text"', CommandTimeout='30']
SELECT TOP(1) [a].[Id], [a].[AccessFailedCount], [a].[ConcurrencyStamp], [a].[CreatedDate], [a].[Currency], [a].[DateFormat], [a].[Email], [a].[EmailConfirmed], [a].[FirstName], [a].[LastName], [a].[LockoutEnabled], [a].[LockoutEnd], [a].[NormalizedEmail], [a].[NormalizedUserName], [a].[PasswordHash], [a].[PhoneNumber], [a].[PhoneNumberConfirmed], [a].[SecurityStamp], [a].[Theme], [a].[TwoFactorEnabled], [a].[UserName]
FROM [AspNetUsers] AS [a]
WHERE [a].[Id] = @p
2026-09-10 14:02:25.347 +05:30 [INF] Executed ViewResult - view Index executed in 14.1444ms.
2026-09-10 14:02:25.350 +05:30 [INF] Executed action MyDailyExpenseTracker.Controllers.RecurringExpensesController.Index (MyDailyExpenseTracker) in 33.2826ms
2026-09-10 14:02:25.352 +05:30 [INF] Executed endpoint 'MyDailyExpenseTracker.Controllers.RecurringExpensesController.Index (MyDailyExpenseTracker)'
2026-09-10 14:02:25.355 +05:30 [INF] Request finished HTTP/1.1 GET http://localhost:5172/RecurringExpenses - 200 null text/html; charset=utf-8 45.4791ms
2026-09-10 14:02:26.482 +05:30 [INF] Request starting HTTP/1.1 GET http://localhost:5172/Categories - null null
2026-09-10 14:02:26.486 +05:30 [INF] Executing endpoint 'MyDailyExpenseTracker.Controllers.CategoriesController.Index (MyDailyExpenseTracker)'
2026-09-10 14:02:26.488 +05:30 [INF] Route matched with {action = "Index", controller = "Categories"}. Executing controller action with signature System.Threading.Tasks.Task`1[Microsoft.AspNetCore.Mvc.IActionResult] Index() on controller MyDailyExpenseTracker.Controllers.CategoriesController (MyDailyExpenseTracker).
2026-09-10 14:02:26.496 +05:30 [INF] Executed DbCommand (5ms) [Parameters=[@userId='?' (Size = 450)], CommandType='"Text"', CommandTimeout='30']
SELECT [t].[CategoryId], COUNT(*) AS [Count]
FROM [Transactions] AS [t]
WHERE [t].[UserId] = @userId
GROUP BY [t].[CategoryId]
2026-09-10 14:02:26.506 +05:30 [INF] Executed DbCommand (7ms) [Parameters=[@userId='?' (Size = 450)], CommandType='"Text"', CommandTimeout='30']
SELECT [c].[CategoryId], [c].[Name], [c].[Icon], [c].[Color], [c].[Type], [c].[IsDefault]
FROM [Categories] AS [c]
WHERE [c].[IsActive] = CAST(1 AS bit) AND ([c].[UserId] = @userId OR [c].[UserId] IS NULL)
ORDER BY [c].[Type], [c].[Name]
2026-09-10 14:02:26.509 +05:30 [INF] Executing ViewResult, running view Index.
2026-09-10 14:02:26.513 +05:30 [INF] Executed DbCommand (2ms) [Parameters=[@p='?' (Size = 450)], CommandType='"Text"', CommandTimeout='30']
SELECT TOP(1) [a].[Id], [a].[AccessFailedCount], [a].[ConcurrencyStamp], [a].[CreatedDate], [a].[Currency], [a].[DateFormat], [a].[Email], [a].[EmailConfirmed], [a].[FirstName], [a].[LastName], [a].[LockoutEnabled], [a].[LockoutEnd], [a].[NormalizedEmail], [a].[NormalizedUserName], [a].[PasswordHash], [a].[PhoneNumber], [a].[PhoneNumberConfirmed], [a].[SecurityStamp], [a].[Theme], [a].[TwoFactorEnabled], [a].[UserName]
FROM [AspNetUsers] AS [a]
WHERE [a].[Id] = @p
2026-09-10 14:02:26.517 +05:30 [INF] Executed ViewResult - view Index executed in 8.736ms.
2026-09-10 14:02:26.519 +05:30 [INF] Executed action MyDailyExpenseTracker.Controllers.CategoriesController.Index (MyDailyExpenseTracker) in 29.512ms
2026-09-10 14:02:26.520 +05:30 [INF] Executed endpoint 'MyDailyExpenseTracker.Controllers.CategoriesController.Index (MyDailyExpenseTracker)'
2026-09-10 14:02:26.522 +05:30 [INF] Request finished HTTP/1.1 GET http://localhost:5172/Categories - 200 null text/html; charset=utf-8 39.5895ms
2026-09-10 14:02:29.943 +05:30 [INF] Request starting HTTP/1.1 GET http://localhost:5172/ - null null
2026-09-10 14:02:29.946 +05:30 [INF] Executing endpoint 'MyDailyExpenseTracker.Controllers.DashboardController.Index (MyDailyExpenseTracker)'
2026-09-10 14:02:29.947 +05:30 [INF] Route matched with {action = "Index", controller = "Dashboard"}. Executing controller action with signature System.Threading.Tasks.Task`1[Microsoft.AspNetCore.Mvc.IActionResult] Index() on controller MyDailyExpenseTracker.Controllers.DashboardController (MyDailyExpenseTracker).
2026-09-10 14:02:29.955 +05:30 [INF] Executed DbCommand (6ms) [Parameters=[@userId='?' (Size = 450), @today='?' (DbType = DateTime2), @today2='?' (DbType = DateTime2)], CommandType='"Text"', CommandTimeout='30']
SELECT [r].[RecurringExpenseId], [r].[Amount], [r].[CategoryId], [r].[CreatedDate], [r].[EndDate], [r].[Frequency], [r].[IsActive], [r].[LastGeneratedDate], [r].[Name], [r].[Notes], [r].[PaymentMethodId], [r].[StartDate], [r].[Type], [r].[UserId]
FROM [RecurringExpenses] AS [r]
WHERE [r].[UserId] = @userId AND [r].[IsActive] = CAST(1 AS bit) AND [r].[StartDate] <= @today AND ([r].[EndDate] IS NULL OR [r].[EndDate] >= @today2)
2026-09-10 14:02:29.967 +05:30 [INF] Executed DbCommand (9ms) [Parameters=[@userId='?' (Size = 450), @today_Month='?' (DbType = Int32), @today_Year='?' (DbType = Int32)], CommandType='"Text"', CommandTimeout='30']
SELECT [b1].[BudgetId], [b1].[CreatedDate], [b1].[Month], [b1].[Notes], [b1].[TotalBudget], [b1].[UpdatedDate], [b1].[UserId], [b1].[Year], [s].[BudgetCategoryId], [s].[Amount], [s].[BudgetId], [s].[CategoryId], [s].[CategoryId0], [s].[Color], [s].[CreatedDate], [s].[Icon], [s].[IsActive], [s].[IsDefault], [s].[Name], [s].[Type], [s].[UserId]
FROM (
    SELECT TOP(1) [b].[BudgetId], [b].[CreatedDate], [b].[Month], [b].[Notes], [b].[TotalBudget], [b].[UpdatedDate], [b].[UserId], [b].[Year]
    FROM [Budgets] AS [b]
    WHERE [b].[UserId] = @userId AND [b].[Month] = @today_Month AND [b].[Year] = @today_Year
) AS [b1]
LEFT JOIN (
    SELECT [b0].[BudgetCategoryId], [b0].[Amount], [b0].[BudgetId], [b0].[CategoryId], [c].[CategoryId] AS [CategoryId0], [c].[Color], [c].[CreatedDate], [c].[Icon], [c].[IsActive], [c].[IsDefault], [c].[Name], [c].[Type], [c].[UserId]
    FROM [BudgetCategories] AS [b0]
    INNER JOIN [Categories] AS [c] ON [b0].[CategoryId] = [c].[CategoryId]
) AS [s] ON [b1].[BudgetId] = [s].[BudgetId]
ORDER BY [b1].[BudgetId], [s].[BudgetCategoryId]
2026-09-10 14:02:29.974 +05:30 [INF] Executed DbCommand (4ms) [Parameters=[@userId='?' (Size = 450), @monthStart='?' (DbType = DateTime2)], CommandType='"Text"', CommandTimeout='30']
SELECT COALESCE(SUM([t].[Amount]), 0.0)
FROM [Transactions] AS [t]
WHERE [t].[UserId] = @userId AND [t].[Type] = N'Expense' AND [t].[TransactionDate] >= @monthStart
2026-09-10 14:02:29.982 +05:30 [INF] Executed DbCommand (5ms) [Parameters=[@userId='?' (Size = 450), @today='?' (DbType = DateTime2)], CommandType='"Text"', CommandTimeout='30']
SELECT [t].[Type], COALESCE(SUM([t].[Amount]), 0.0) AS [Total]
FROM [Transactions] AS [t]
WHERE [t].[UserId] = @userId AND CONVERT(date, [t].[TransactionDate]) = @today
GROUP BY [t].[Type]
2026-09-10 14:02:29.990 +05:30 [INF] Executed DbCommand (5ms) [Parameters=[@userId='?' (Size = 450), @monthStart='?' (DbType = DateTime2), @today='?' (DbType = DateTime2)], CommandType='"Text"', CommandTimeout='30']
SELECT [t].[Type], COALESCE(SUM([t].[Amount]), 0.0) AS [Total]
FROM [Transactions] AS [t]
WHERE [t].[UserId] = @userId AND [t].[TransactionDate] >= @monthStart AND [t].[TransactionDate] <= @today
GROUP BY [t].[Type]
2026-09-10 14:02:29.999 +05:30 [INF] Executed DbCommand (6ms) [Parameters=[@userId='?' (Size = 450)], CommandType='"Text"', CommandTimeout='30']
SELECT COALESCE(SUM([t].[Amount]), 0.0)
FROM [Transactions] AS [t]
WHERE [t].[UserId] = @userId AND [t].[Type] = N'Income'
2026-09-10 14:02:30.008 +05:30 [INF] Executed DbCommand (5ms) [Parameters=[@userId='?' (Size = 450)], CommandType='"Text"', CommandTimeout='30']
SELECT COALESCE(SUM([t].[Amount]), 0.0)
FROM [Transactions] AS [t]
WHERE [t].[UserId] = @userId AND [t].[Type] = N'Expense'
2026-09-10 14:02:30.014 +05:30 [INF] Executed DbCommand (2ms) [Parameters=[@userId='?' (Size = 450)], CommandType='"Text"', CommandTimeout='30']
SELECT COUNT(*)
FROM [Transactions] AS [t]
WHERE [t].[UserId] = @userId
2026-09-10 14:02:30.025 +05:30 [INF] Executed DbCommand (7ms) [Parameters=[@userId='?' (Size = 450), @prevStart='?' (DbType = DateTime2), @prevEnd='?' (DbType = DateTime2)], CommandType='"Text"', CommandTimeout='30']
SELECT COALESCE(SUM([t].[Amount]), 0.0)
FROM [Transactions] AS [t]
WHERE [t].[UserId] = @userId AND [t].[Type] = N'Expense' AND [t].[TransactionDate] >= @prevStart AND [t].[TransactionDate] <= @prevEnd
2026-09-10 14:02:30.039 +05:30 [INF] Executed DbCommand (10ms) [Parameters=[@p='?' (DbType = Int32), @userId='?' (Size = 450)], CommandType='"Text"', CommandTimeout='30']
SELECT [t0].[TransactionId], [t0].[TransactionDate], [t0].[Description], [c].[Name] AS [CategoryName], [c].[Icon] AS [CategoryIcon], [c].[Color] AS [CategoryColor], [t0].[Type], [t0].[Amount], [p].[Name] AS [PaymentMethodName]
FROM (
    SELECT TOP(@p) [t].[TransactionId], [t].[Amount], [t].[CategoryId], [t].[CreatedDate], [t].[Description], [t].[PaymentMethodId], [t].[TransactionDate], [t].[Type]
    FROM [Transactions] AS [t]
    WHERE [t].[UserId] = @userId
    ORDER BY [t].[TransactionDate] DESC, [t].[CreatedDate] DESC
) AS [t0]
INNER JOIN [Categories] AS [c] ON [t0].[CategoryId] = [c].[CategoryId]
LEFT JOIN [PaymentMethods] AS [p] ON [t0].[PaymentMethodId] = [p].[PaymentMethodId]
ORDER BY [t0].[TransactionDate] DESC, [t0].[CreatedDate] DESC
2026-09-10 14:02:30.053 +05:30 [INF] Executed DbCommand (9ms) [Parameters=[@userId='?' (Size = 450), @sixMonthsAgo='?' (DbType = DateTime2)], CommandType='"Text"', CommandTimeout='30']
SELECT [t0].[Year], [t0].[Month], COALESCE(SUM([t0].[Amount]), 0.0) AS [Total]
FROM (
    SELECT [t].[Amount], DATEPART(year, [t].[TransactionDate]) AS [Year], DATEPART(month, [t].[TransactionDate]) AS [Month]
    FROM [Transactions] AS [t]
    WHERE [t].[UserId] = @userId AND [t].[Type] = N'Expense' AND [t].[TransactionDate] >= @sixMonthsAgo
) AS [t0]
GROUP BY [t0].[Year], [t0].[Month]
2026-09-10 14:02:30.064 +05:30 [INF] Executed DbCommand (7ms) [Parameters=[@userId='?' (Size = 450), @sixMonthsAgo='?' (DbType = DateTime2)], CommandType='"Text"', CommandTimeout='30']
SELECT [t0].[Year], [t0].[Month], [t0].[Type], COALESCE(SUM([t0].[Amount]), 0.0) AS [Total]
FROM (
    SELECT [t].[Amount], [t].[Type], DATEPART(year, [t].[TransactionDate]) AS [Year], DATEPART(month, [t].[TransactionDate]) AS [Month]
    FROM [Transactions] AS [t]
    WHERE [t].[UserId] = @userId AND [t].[TransactionDate] >= @sixMonthsAgo
) AS [t0]
GROUP BY [t0].[Year], [t0].[Month], [t0].[Type]
2026-09-10 14:02:30.079 +05:30 [INF] Executed DbCommand (12ms) [Parameters=[@p='?' (DbType = Int32), @userId='?' (Size = 450), @monthStart='?' (DbType = DateTime2), @today='?' (DbType = DateTime2)], CommandType='"Text"', CommandTimeout='30']
SELECT TOP(@p) [c].[Name] AS [Category], COALESCE(SUM([t].[Amount]), 0.0) AS [Total]
FROM [Transactions] AS [t]
INNER JOIN [Categories] AS [c] ON [t].[CategoryId] = [c].[CategoryId]
WHERE [t].[UserId] = @userId AND [t].[Type] = N'Expense' AND [t].[TransactionDate] >= @monthStart AND [t].[TransactionDate] <= @today
GROUP BY [c].[Name]
ORDER BY COALESCE(SUM([t].[Amount]), 0.0) DESC
2026-09-10 14:02:30.093 +05:30 [INF] Executed DbCommand (9ms) [Parameters=[@userId='?' (Size = 450), @monthStart='?' (DbType = DateTime2), @today='?' (DbType = DateTime2)], CommandType='"Text"', CommandTimeout='30']
SELECT [t0].[Key] AS [Day], COALESCE(SUM([t0].[Amount]), 0.0) AS [Total]
FROM (
    SELECT [t].[Amount], DATEPART(day, [t].[TransactionDate]) AS [Key]
    FROM [Transactions] AS [t]
    WHERE [t].[UserId] = @userId AND [t].[Type] = N'Expense' AND [t].[TransactionDate] >= @monthStart AND [t].[TransactionDate] <= @today
) AS [t0]
GROUP BY [t0].[Key]
2026-09-10 14:02:30.107 +05:30 [INF] Executed DbCommand (10ms) [Parameters=[@userId='?' (Size = 450), @monthStart='?' (DbType = DateTime2), @today='?' (DbType = DateTime2)], CommandType='"Text"', CommandTimeout='30']
SELECT [p].[Name] AS [Method], COALESCE(SUM([t].[Amount]), 0.0) AS [Total]
FROM [Transactions] AS [t]
LEFT JOIN [PaymentMethods] AS [p] ON [t].[PaymentMethodId] = [p].[PaymentMethodId]
WHERE [t].[UserId] = @userId AND [t].[Type] = N'Expense' AND [t].[TransactionDate] >= @monthStart AND [t].[TransactionDate] <= @today AND [t].[PaymentMethodId] IS NOT NULL
GROUP BY [p].[Name]
2026-09-10 14:02:30.115 +05:30 [INF] Executed DbCommand (4ms) [Parameters=[@userId='?' (Size = 450), @today_Month='?' (DbType = Int32), @today_Year='?' (DbType = Int32)], CommandType='"Text"', CommandTimeout='30']
SELECT TOP(1) [b].[BudgetId], [b].[CreatedDate], [b].[Month], [b].[Notes], [b].[TotalBudget], [b].[UpdatedDate], [b].[UserId], [b].[Year]
FROM [Budgets] AS [b]
WHERE [b].[UserId] = @userId AND [b].[Month] = @today_Month AND [b].[Year] = @today_Year
2026-09-10 14:02:30.123 +05:30 [INF] Executed DbCommand (3ms) [Parameters=[@userId='?' (Size = 450)], CommandType='"Text"', CommandTimeout='30']
SELECT COUNT(*)
FROM [Notifications] AS [n]
WHERE [n].[UserId] = @userId AND [n].[IsRead] = CAST(0 AS bit)
2026-09-10 14:02:30.126 +05:30 [INF] Executing ViewResult, running view Index.
2026-09-10 14:02:30.133 +05:30 [INF] Executed DbCommand (4ms) [Parameters=[@p='?' (Size = 450)], CommandType='"Text"', CommandTimeout='30']
SELECT TOP(1) [a].[Id], [a].[AccessFailedCount], [a].[ConcurrencyStamp], [a].[CreatedDate], [a].[Currency], [a].[DateFormat], [a].[Email], [a].[EmailConfirmed], [a].[FirstName], [a].[LastName], [a].[LockoutEnabled], [a].[LockoutEnd], [a].[NormalizedEmail], [a].[NormalizedUserName], [a].[PasswordHash], [a].[PhoneNumber], [a].[PhoneNumberConfirmed], [a].[SecurityStamp], [a].[Theme], [a].[TwoFactorEnabled], [a].[UserName]
FROM [AspNetUsers] AS [a]
WHERE [a].[Id] = @p
2026-09-10 14:02:30.137 +05:30 [INF] Executed ViewResult - view Index executed in 10.6406ms.
2026-09-10 14:02:30.140 +05:30 [INF] Executed action MyDailyExpenseTracker.Controllers.DashboardController.Index (MyDailyExpenseTracker) in 191.3937ms
2026-09-10 14:02:30.142 +05:30 [INF] Executed endpoint 'MyDailyExpenseTracker.Controllers.DashboardController.Index (MyDailyExpenseTracker)'
2026-09-10 14:02:30.144 +05:30 [INF] Request finished HTTP/1.1 GET http://localhost:5172/ - 200 null text/html; charset=utf-8 201.1125ms
2026-09-10 14:02:31.612 +05:30 [INF] Request starting HTTP/1.1 POST http://localhost:5172/Profile/SetTheme - application/x-www-form-urlencoded 10
2026-09-10 14:02:31.617 +05:30 [INF] Executing endpoint 'MyDailyExpenseTracker.Controllers.ProfileController.SetTheme (MyDailyExpenseTracker)'
2026-09-10 14:02:31.618 +05:30 [INF] Route matched with {action = "SetTheme", controller = "Profile"}. Executing controller action with signature System.Threading.Tasks.Task`1[Microsoft.AspNetCore.Mvc.IActionResult] SetTheme(System.String) on controller MyDailyExpenseTracker.Controllers.ProfileController (MyDailyExpenseTracker).
2026-09-10 14:02:31.626 +05:30 [INF] Executed DbCommand (4ms) [Parameters=[@p='?' (Size = 450)], CommandType='"Text"', CommandTimeout='30']
SELECT TOP(1) [a].[Id], [a].[AccessFailedCount], [a].[ConcurrencyStamp], [a].[CreatedDate], [a].[Currency], [a].[DateFormat], [a].[Email], [a].[EmailConfirmed], [a].[FirstName], [a].[LastName], [a].[LockoutEnabled], [a].[LockoutEnd], [a].[NormalizedEmail], [a].[NormalizedUserName], [a].[PasswordHash], [a].[PhoneNumber], [a].[PhoneNumberConfirmed], [a].[SecurityStamp], [a].[Theme], [a].[TwoFactorEnabled], [a].[UserName]
FROM [AspNetUsers] AS [a]
WHERE [a].[Id] = @p
2026-09-10 14:02:31.636 +05:30 [INF] Executed DbCommand (5ms) [Parameters=[@normalizedUserName='?' (Size = 256)], CommandType='"Text"', CommandTimeout='30']
SELECT TOP(1) [a].[Id], [a].[AccessFailedCount], [a].[ConcurrencyStamp], [a].[CreatedDate], [a].[Currency], [a].[DateFormat], [a].[Email], [a].[EmailConfirmed], [a].[FirstName], [a].[LastName], [a].[LockoutEnabled], [a].[LockoutEnd], [a].[NormalizedEmail], [a].[NormalizedUserName], [a].[PasswordHash], [a].[PhoneNumber], [a].[PhoneNumberConfirmed], [a].[SecurityStamp], [a].[Theme], [a].[TwoFactorEnabled], [a].[UserName]
FROM [AspNetUsers] AS [a]
WHERE [a].[NormalizedUserName] = @normalizedUserName
2026-09-10 14:02:31.645 +05:30 [INF] Executed DbCommand (5ms) [Parameters=[@normalizedEmail='?' (Size = 256)], CommandType='"Text"', CommandTimeout='30']
SELECT TOP(2) [a].[Id], [a].[AccessFailedCount], [a].[ConcurrencyStamp], [a].[CreatedDate], [a].[Currency], [a].[DateFormat], [a].[Email], [a].[EmailConfirmed], [a].[FirstName], [a].[LastName], [a].[LockoutEnabled], [a].[LockoutEnd], [a].[NormalizedEmail], [a].[NormalizedUserName], [a].[PasswordHash], [a].[PhoneNumber], [a].[PhoneNumberConfirmed], [a].[SecurityStamp], [a].[Theme], [a].[TwoFactorEnabled], [a].[UserName]
FROM [AspNetUsers] AS [a]
WHERE [a].[NormalizedEmail] = @normalizedEmail
2026-09-10 14:02:31.664 +05:30 [INF] Executed DbCommand (14ms) [Parameters=[@p20='?' (Size = 450), @p0='?' (DbType = Int32), @p1='?' (Size = 4000), @p21='?' (Size = 4000), @p2='?' (DbType = DateTime2), @p3='?' (Size = 10), @p4='?' (Size = 20), @p5='?' (Size = 256), @p6='?' (DbType = Boolean), @p7='?' (Size = 100), @p8='?' (Size = 100), @p9='?' (DbType = Boolean), @p10='?' (DbType = DateTimeOffset), @p11='?' (Size = 256), @p12='?' (Size = 256), @p13='?' (Size = 4000), @p14='?' (Size = 4000), @p15='?' (DbType = Boolean), @p16='?' (Size = 4000), @p17='?' (Size = 10), @p18='?' (DbType = Boolean), @p19='?' (Size = 256)], CommandType='"Text"', CommandTimeout='30']
SET IMPLICIT_TRANSACTIONS OFF;
SET NOCOUNT ON;
UPDATE [AspNetUsers] SET [AccessFailedCount] = @p0, [ConcurrencyStamp] = @p1, [CreatedDate] = @p2, [Currency] = @p3, [DateFormat] = @p4, [Email] = @p5, [EmailConfirmed] = @p6, [FirstName] = @p7, [LastName] = @p8, [LockoutEnabled] = @p9, [LockoutEnd] = @p10, [NormalizedEmail] = @p11, [NormalizedUserName] = @p12, [PasswordHash] = @p13, [PhoneNumber] = @p14, [PhoneNumberConfirmed] = @p15, [SecurityStamp] = @p16, [Theme] = @p17, [TwoFactorEnabled] = @p18, [UserName] = @p19
OUTPUT 1
WHERE [Id] = @p20 AND [ConcurrencyStamp] = @p21;
2026-09-10 14:02:31.670 +05:30 [INF] Executing StatusCodeResult, setting HTTP status code 200
2026-09-10 14:02:31.672 +05:30 [INF] Executed action MyDailyExpenseTracker.Controllers.ProfileController.SetTheme (MyDailyExpenseTracker) in 52.5726ms
2026-09-10 14:02:31.675 +05:30 [INF] Executed endpoint 'MyDailyExpenseTracker.Controllers.ProfileController.SetTheme (MyDailyExpenseTracker)'
2026-09-10 14:02:31.678 +05:30 [INF] Request finished HTTP/1.1 POST http://localhost:5172/Profile/SetTheme - 200 0 null 66.4485ms
2026-09-10 15:32:55.717 +05:30 [INF] Request starting HTTP/1.1 GET http://localhost:5172/ - null null
2026-09-10 15:32:57.483 +05:30 [INF] Executed DbCommand (20ms) [Parameters=[@p='?' (Size = 450)], CommandType='"Text"', CommandTimeout='30']
SELECT TOP(1) [a].[Id], [a].[AccessFailedCount], [a].[ConcurrencyStamp], [a].[CreatedDate], [a].[Currency], [a].[DateFormat], [a].[Email], [a].[EmailConfirmed], [a].[FirstName], [a].[LastName], [a].[LockoutEnabled], [a].[LockoutEnd], [a].[NormalizedEmail], [a].[NormalizedUserName], [a].[PasswordHash], [a].[PhoneNumber], [a].[PhoneNumberConfirmed], [a].[SecurityStamp], [a].[Theme], [a].[TwoFactorEnabled], [a].[UserName]
FROM [AspNetUsers] AS [a]
WHERE [a].[Id] = @p
2026-09-10 15:32:57.577 +05:30 [INF] Executed DbCommand (7ms) [Parameters=[@user_Id='?' (Size = 450)], CommandType='"Text"', CommandTimeout='30']
SELECT [a].[Id], [a].[ClaimType], [a].[ClaimValue], [a].[UserId]
FROM [AspNetUserClaims] AS [a]
WHERE [a].[UserId] = @user_Id
2026-09-10 15:32:57.597 +05:30 [INF] Executed DbCommand (6ms) [Parameters=[@userId='?' (Size = 450)], CommandType='"Text"', CommandTimeout='30']
SELECT [a0].[Name]
FROM [AspNetUserRoles] AS [a]
INNER JOIN [AspNetRoles] AS [a0] ON [a].[RoleId] = [a0].[Id]
WHERE [a].[UserId] = @userId
2026-09-10 15:32:57.609 +05:30 [INF] Executed DbCommand (5ms) [Parameters=[@normalizedName='?' (Size = 256)], CommandType='"Text"', CommandTimeout='30']
SELECT TOP(1) [a].[Id], [a].[ConcurrencyStamp], [a].[Name], [a].[NormalizedName]
FROM [AspNetRoles] AS [a]
WHERE [a].[NormalizedName] = @normalizedName
2026-09-10 15:32:57.624 +05:30 [INF] Executed DbCommand (5ms) [Parameters=[@role_Id='?' (Size = 450)], CommandType='"Text"', CommandTimeout='30']
SELECT [a].[ClaimType], [a].[ClaimValue]
FROM [AspNetRoleClaims] AS [a]
WHERE [a].[RoleId] = @role_Id
2026-09-10 15:32:57.653 +05:30 [INF] Executing endpoint 'MyDailyExpenseTracker.Controllers.DashboardController.Index (MyDailyExpenseTracker)'
2026-09-10 15:32:57.664 +05:30 [INF] Route matched with {action = "Index", controller = "Dashboard"}. Executing controller action with signature System.Threading.Tasks.Task`1[Microsoft.AspNetCore.Mvc.IActionResult] Index() on controller MyDailyExpenseTracker.Controllers.DashboardController (MyDailyExpenseTracker).
2026-09-10 15:32:57.696 +05:30 [INF] Executed DbCommand (13ms) [Parameters=[@userId='?' (Size = 450), @today='?' (DbType = DateTime2), @today2='?' (DbType = DateTime2)], CommandType='"Text"', CommandTimeout='30']
SELECT [r].[RecurringExpenseId], [r].[Amount], [r].[CategoryId], [r].[CreatedDate], [r].[EndDate], [r].[Frequency], [r].[IsActive], [r].[LastGeneratedDate], [r].[Name], [r].[Notes], [r].[PaymentMethodId], [r].[StartDate], [r].[Type], [r].[UserId]
FROM [RecurringExpenses] AS [r]
WHERE [r].[UserId] = @userId AND [r].[IsActive] = CAST(1 AS bit) AND [r].[StartDate] <= @today AND ([r].[EndDate] IS NULL OR [r].[EndDate] >= @today2)
2026-09-10 15:32:57.772 +05:30 [INF] Executed DbCommand (28ms) [Parameters=[@userId='?' (Size = 450), @today_Month='?' (DbType = Int32), @today_Year='?' (DbType = Int32)], CommandType='"Text"', CommandTimeout='30']
SELECT [b1].[BudgetId], [b1].[CreatedDate], [b1].[Month], [b1].[Notes], [b1].[TotalBudget], [b1].[UpdatedDate], [b1].[UserId], [b1].[Year], [s].[BudgetCategoryId], [s].[Amount], [s].[BudgetId], [s].[CategoryId], [s].[CategoryId0], [s].[Color], [s].[CreatedDate], [s].[Icon], [s].[IsActive], [s].[IsDefault], [s].[Name], [s].[Type], [s].[UserId]
FROM (
    SELECT TOP(1) [b].[BudgetId], [b].[CreatedDate], [b].[Month], [b].[Notes], [b].[TotalBudget], [b].[UpdatedDate], [b].[UserId], [b].[Year]
    FROM [Budgets] AS [b]
    WHERE [b].[UserId] = @userId AND [b].[Month] = @today_Month AND [b].[Year] = @today_Year
) AS [b1]
LEFT JOIN (
    SELECT [b0].[BudgetCategoryId], [b0].[Amount], [b0].[BudgetId], [b0].[CategoryId], [c].[CategoryId] AS [CategoryId0], [c].[Color], [c].[CreatedDate], [c].[Icon], [c].[IsActive], [c].[IsDefault], [c].[Name], [c].[Type], [c].[UserId]
    FROM [BudgetCategories] AS [b0]
    INNER JOIN [Categories] AS [c] ON [b0].[CategoryId] = [c].[CategoryId]
) AS [s] ON [b1].[BudgetId] = [s].[BudgetId]
ORDER BY [b1].[BudgetId], [s].[BudgetCategoryId]
2026-09-10 15:32:57.808 +05:30 [INF] Executed DbCommand (11ms) [Parameters=[@userId='?' (Size = 450), @monthStart='?' (DbType = DateTime2)], CommandType='"Text"', CommandTimeout='30']
SELECT COALESCE(SUM([t].[Amount]), 0.0)
FROM [Transactions] AS [t]
WHERE [t].[UserId] = @userId AND [t].[Type] = N'Expense' AND [t].[TransactionDate] >= @monthStart
2026-09-10 15:32:57.825 +05:30 [INF] Executed DbCommand (7ms) [Parameters=[@userId='?' (Size = 450), @today='?' (DbType = DateTime2)], CommandType='"Text"', CommandTimeout='30']
SELECT [t].[Type], COALESCE(SUM([t].[Amount]), 0.0) AS [Total]
FROM [Transactions] AS [t]
WHERE [t].[UserId] = @userId AND CONVERT(date, [t].[TransactionDate]) = @today
GROUP BY [t].[Type]
2026-09-10 15:32:57.833 +05:30 [INF] Executed DbCommand (5ms) [Parameters=[@userId='?' (Size = 450), @monthStart='?' (DbType = DateTime2), @today='?' (DbType = DateTime2)], CommandType='"Text"', CommandTimeout='30']
SELECT [t].[Type], COALESCE(SUM([t].[Amount]), 0.0) AS [Total]
FROM [Transactions] AS [t]
WHERE [t].[UserId] = @userId AND [t].[TransactionDate] >= @monthStart AND [t].[TransactionDate] <= @today
GROUP BY [t].[Type]
2026-09-10 15:32:57.843 +05:30 [INF] Executed DbCommand (5ms) [Parameters=[@userId='?' (Size = 450)], CommandType='"Text"', CommandTimeout='30']
SELECT COALESCE(SUM([t].[Amount]), 0.0)
FROM [Transactions] AS [t]
WHERE [t].[UserId] = @userId AND [t].[Type] = N'Income'
2026-09-10 15:32:57.854 +05:30 [INF] Executed DbCommand (7ms) [Parameters=[@userId='?' (Size = 450)], CommandType='"Text"', CommandTimeout='30']
SELECT COALESCE(SUM([t].[Amount]), 0.0)
FROM [Transactions] AS [t]
WHERE [t].[UserId] = @userId AND [t].[Type] = N'Expense'
2026-09-10 15:32:57.861 +05:30 [INF] Executed DbCommand (2ms) [Parameters=[@userId='?' (Size = 450)], CommandType='"Text"', CommandTimeout='30']
SELECT COUNT(*)
FROM [Transactions] AS [t]
WHERE [t].[UserId] = @userId
2026-09-10 15:32:57.873 +05:30 [INF] Executed DbCommand (8ms) [Parameters=[@userId='?' (Size = 450), @prevStart='?' (DbType = DateTime2), @prevEnd='?' (DbType = DateTime2)], CommandType='"Text"', CommandTimeout='30']
SELECT COALESCE(SUM([t].[Amount]), 0.0)
FROM [Transactions] AS [t]
WHERE [t].[UserId] = @userId AND [t].[Type] = N'Expense' AND [t].[TransactionDate] >= @prevStart AND [t].[TransactionDate] <= @prevEnd
2026-09-10 15:32:57.901 +05:30 [INF] Executed DbCommand (15ms) [Parameters=[@p='?' (DbType = Int32), @userId='?' (Size = 450)], CommandType='"Text"', CommandTimeout='30']
SELECT [t0].[TransactionId], [t0].[TransactionDate], [t0].[Description], [c].[Name] AS [CategoryName], [c].[Icon] AS [CategoryIcon], [c].[Color] AS [CategoryColor], [t0].[Type], [t0].[Amount], [p].[Name] AS [PaymentMethodName]
FROM (
    SELECT TOP(@p) [t].[TransactionId], [t].[Amount], [t].[CategoryId], [t].[CreatedDate], [t].[Description], [t].[PaymentMethodId], [t].[TransactionDate], [t].[Type]
    FROM [Transactions] AS [t]
    WHERE [t].[UserId] = @userId
    ORDER BY [t].[TransactionDate] DESC, [t].[CreatedDate] DESC
) AS [t0]
INNER JOIN [Categories] AS [c] ON [t0].[CategoryId] = [c].[CategoryId]
LEFT JOIN [PaymentMethods] AS [p] ON [t0].[PaymentMethodId] = [p].[PaymentMethodId]
ORDER BY [t0].[TransactionDate] DESC, [t0].[CreatedDate] DESC
2026-09-10 15:32:57.927 +05:30 [INF] Executed DbCommand (18ms) [Parameters=[@userId='?' (Size = 450), @sixMonthsAgo='?' (DbType = DateTime2)], CommandType='"Text"', CommandTimeout='30']
SELECT [t0].[Year], [t0].[Month], COALESCE(SUM([t0].[Amount]), 0.0) AS [Total]
FROM (
    SELECT [t].[Amount], DATEPART(year, [t].[TransactionDate]) AS [Year], DATEPART(month, [t].[TransactionDate]) AS [Month]
    FROM [Transactions] AS [t]
    WHERE [t].[UserId] = @userId AND [t].[Type] = N'Expense' AND [t].[TransactionDate] >= @sixMonthsAgo
) AS [t0]
GROUP BY [t0].[Year], [t0].[Month]
2026-09-10 15:32:57.953 +05:30 [INF] Executed DbCommand (17ms) [Parameters=[@userId='?' (Size = 450), @sixMonthsAgo='?' (DbType = DateTime2)], CommandType='"Text"', CommandTimeout='30']
SELECT [t0].[Year], [t0].[Month], [t0].[Type], COALESCE(SUM([t0].[Amount]), 0.0) AS [Total]
FROM (
    SELECT [t].[Amount], [t].[Type], DATEPART(year, [t].[TransactionDate]) AS [Year], DATEPART(month, [t].[TransactionDate]) AS [Month]
    FROM [Transactions] AS [t]
    WHERE [t].[UserId] = @userId AND [t].[TransactionDate] >= @sixMonthsAgo
) AS [t0]
GROUP BY [t0].[Year], [t0].[Month], [t0].[Type]
2026-09-10 15:32:57.982 +05:30 [INF] Executed DbCommand (20ms) [Parameters=[@p='?' (DbType = Int32), @userId='?' (Size = 450), @monthStart='?' (DbType = DateTime2), @today='?' (DbType = DateTime2)], CommandType='"Text"', CommandTimeout='30']
SELECT TOP(@p) [c].[Name] AS [Category], COALESCE(SUM([t].[Amount]), 0.0) AS [Total]
FROM [Transactions] AS [t]
INNER JOIN [Categories] AS [c] ON [t].[CategoryId] = [c].[CategoryId]
WHERE [t].[UserId] = @userId AND [t].[Type] = N'Expense' AND [t].[TransactionDate] >= @monthStart AND [t].[TransactionDate] <= @today
GROUP BY [c].[Name]
ORDER BY COALESCE(SUM([t].[Amount]), 0.0) DESC
2026-09-10 15:32:58.006 +05:30 [INF] Executed DbCommand (14ms) [Parameters=[@userId='?' (Size = 450), @monthStart='?' (DbType = DateTime2), @today='?' (DbType = DateTime2)], CommandType='"Text"', CommandTimeout='30']
SELECT [t0].[Key] AS [Day], COALESCE(SUM([t0].[Amount]), 0.0) AS [Total]
FROM (
    SELECT [t].[Amount], DATEPART(day, [t].[TransactionDate]) AS [Key]
    FROM [Transactions] AS [t]
    WHERE [t].[UserId] = @userId AND [t].[Type] = N'Expense' AND [t].[TransactionDate] >= @monthStart AND [t].[TransactionDate] <= @today
) AS [t0]
GROUP BY [t0].[Key]
2026-09-10 15:32:58.030 +05:30 [INF] Executed DbCommand (16ms) [Parameters=[@userId='?' (Size = 450), @monthStart='?' (DbType = DateTime2), @today='?' (DbType = DateTime2)], CommandType='"Text"', CommandTimeout='30']
SELECT [p].[Name] AS [Method], COALESCE(SUM([t].[Amount]), 0.0) AS [Total]
FROM [Transactions] AS [t]
LEFT JOIN [PaymentMethods] AS [p] ON [t].[PaymentMethodId] = [p].[PaymentMethodId]
WHERE [t].[UserId] = @userId AND [t].[Type] = N'Expense' AND [t].[TransactionDate] >= @monthStart AND [t].[TransactionDate] <= @today AND [t].[PaymentMethodId] IS NOT NULL
GROUP BY [p].[Name]
2026-09-10 15:32:58.045 +05:30 [INF] Executed DbCommand (6ms) [Parameters=[@userId='?' (Size = 450), @today_Month='?' (DbType = Int32), @today_Year='?' (DbType = Int32)], CommandType='"Text"', CommandTimeout='30']
SELECT TOP(1) [b].[BudgetId], [b].[CreatedDate], [b].[Month], [b].[Notes], [b].[TotalBudget], [b].[UpdatedDate], [b].[UserId], [b].[Year]
FROM [Budgets] AS [b]
WHERE [b].[UserId] = @userId AND [b].[Month] = @today_Month AND [b].[Year] = @today_Year
2026-09-10 15:32:58.080 +05:30 [INF] Executed DbCommand (23ms) [Parameters=[@userId='?' (Size = 450)], CommandType='"Text"', CommandTimeout='30']
SELECT COUNT(*)
FROM [Notifications] AS [n]
WHERE [n].[UserId] = @userId AND [n].[IsRead] = CAST(0 AS bit)
2026-09-10 15:32:58.143 +05:30 [INF] Executing ViewResult, running view Index.
2026-09-10 15:32:58.213 +05:30 [INF] Executed ViewResult - view Index executed in 91.391ms.
2026-09-10 15:32:58.217 +05:30 [INF] Executed action MyDailyExpenseTracker.Controllers.DashboardController.Index (MyDailyExpenseTracker) in 549.1373ms
2026-09-10 15:32:58.221 +05:30 [INF] Executed endpoint 'MyDailyExpenseTracker.Controllers.DashboardController.Index (MyDailyExpenseTracker)'
2026-09-10 15:32:58.226 +05:30 [INF] Request finished HTTP/1.1 GET http://localhost:5172/ - 200 null text/html; charset=utf-8 2511.0319ms
2026-09-10 16:45:37.305 +05:30 [INF] Request starting HTTP/1.1 GET http://localhost:5172/ - null null
2026-09-10 16:45:39.708 +05:30 [INF] Executed DbCommand (102ms) [Parameters=[@p='?' (Size = 450)], CommandType='"Text"', CommandTimeout='30']
SELECT TOP(1) [a].[Id], [a].[AccessFailedCount], [a].[ConcurrencyStamp], [a].[CreatedDate], [a].[Currency], [a].[DateFormat], [a].[Email], [a].[EmailConfirmed], [a].[FirstName], [a].[LastName], [a].[LockoutEnabled], [a].[LockoutEnd], [a].[NormalizedEmail], [a].[NormalizedUserName], [a].[PasswordHash], [a].[PhoneNumber], [a].[PhoneNumberConfirmed], [a].[SecurityStamp], [a].[Theme], [a].[TwoFactorEnabled], [a].[UserName]
FROM [AspNetUsers] AS [a]
WHERE [a].[Id] = @p
2026-09-10 16:45:39.774 +05:30 [INF] Executed DbCommand (23ms) [Parameters=[@user_Id='?' (Size = 450)], CommandType='"Text"', CommandTimeout='30']
SELECT [a].[Id], [a].[ClaimType], [a].[ClaimValue], [a].[UserId]
FROM [AspNetUserClaims] AS [a]
WHERE [a].[UserId] = @user_Id
2026-09-10 16:45:39.803 +05:30 [INF] Executed DbCommand (16ms) [Parameters=[@userId='?' (Size = 450)], CommandType='"Text"', CommandTimeout='30']
SELECT [a0].[Name]
FROM [AspNetUserRoles] AS [a]
INNER JOIN [AspNetRoles] AS [a0] ON [a].[RoleId] = [a0].[Id]
WHERE [a].[UserId] = @userId
2026-09-10 16:45:39.820 +05:30 [INF] Executed DbCommand (10ms) [Parameters=[@normalizedName='?' (Size = 256)], CommandType='"Text"', CommandTimeout='30']
SELECT TOP(1) [a].[Id], [a].[ConcurrencyStamp], [a].[Name], [a].[NormalizedName]
FROM [AspNetRoles] AS [a]
WHERE [a].[NormalizedName] = @normalizedName
2026-09-10 16:45:39.832 +05:30 [INF] Executed DbCommand (5ms) [Parameters=[@role_Id='?' (Size = 450)], CommandType='"Text"', CommandTimeout='30']
SELECT [a].[ClaimType], [a].[ClaimValue]
FROM [AspNetRoleClaims] AS [a]
WHERE [a].[RoleId] = @role_Id
2026-09-10 16:45:39.848 +05:30 [INF] Executing endpoint 'MyDailyExpenseTracker.Controllers.DashboardController.Index (MyDailyExpenseTracker)'
2026-09-10 16:45:39.858 +05:30 [INF] Route matched with {action = "Index", controller = "Dashboard"}. Executing controller action with signature System.Threading.Tasks.Task`1[Microsoft.AspNetCore.Mvc.IActionResult] Index() on controller MyDailyExpenseTracker.Controllers.DashboardController (MyDailyExpenseTracker).
2026-09-10 16:45:39.902 +05:30 [INF] Executed DbCommand (25ms) [Parameters=[@userId='?' (Size = 450), @today='?' (DbType = DateTime2), @today2='?' (DbType = DateTime2)], CommandType='"Text"', CommandTimeout='30']
SELECT [r].[RecurringExpenseId], [r].[Amount], [r].[CategoryId], [r].[CreatedDate], [r].[EndDate], [r].[Frequency], [r].[IsActive], [r].[LastGeneratedDate], [r].[Name], [r].[Notes], [r].[PaymentMethodId], [r].[StartDate], [r].[Type], [r].[UserId]
FROM [RecurringExpenses] AS [r]
WHERE [r].[UserId] = @userId AND [r].[IsActive] = CAST(1 AS bit) AND [r].[StartDate] <= @today AND ([r].[EndDate] IS NULL OR [r].[EndDate] >= @today2)
2026-09-10 16:45:39.982 +05:30 [INF] Executed DbCommand (54ms) [Parameters=[@userId='?' (Size = 450), @today_Month='?' (DbType = Int32), @today_Year='?' (DbType = Int32)], CommandType='"Text"', CommandTimeout='30']
SELECT [b1].[BudgetId], [b1].[CreatedDate], [b1].[Month], [b1].[Notes], [b1].[TotalBudget], [b1].[UpdatedDate], [b1].[UserId], [b1].[Year], [s].[BudgetCategoryId], [s].[Amount], [s].[BudgetId], [s].[CategoryId], [s].[CategoryId0], [s].[Color], [s].[CreatedDate], [s].[Icon], [s].[IsActive], [s].[IsDefault], [s].[Name], [s].[Type], [s].[UserId]
FROM (
    SELECT TOP(1) [b].[BudgetId], [b].[CreatedDate], [b].[Month], [b].[Notes], [b].[TotalBudget], [b].[UpdatedDate], [b].[UserId], [b].[Year]
    FROM [Budgets] AS [b]
    WHERE [b].[UserId] = @userId AND [b].[Month] = @today_Month AND [b].[Year] = @today_Year
) AS [b1]
LEFT JOIN (
    SELECT [b0].[BudgetCategoryId], [b0].[Amount], [b0].[BudgetId], [b0].[CategoryId], [c].[CategoryId] AS [CategoryId0], [c].[Color], [c].[CreatedDate], [c].[Icon], [c].[IsActive], [c].[IsDefault], [c].[Name], [c].[Type], [c].[UserId]
    FROM [BudgetCategories] AS [b0]
    INNER JOIN [Categories] AS [c] ON [b0].[CategoryId] = [c].[CategoryId]
) AS [s] ON [b1].[BudgetId] = [s].[BudgetId]
ORDER BY [b1].[BudgetId], [s].[BudgetCategoryId]
2026-09-10 16:45:40.036 +05:30 [INF] Executed DbCommand (30ms) [Parameters=[@userId='?' (Size = 450), @monthStart='?' (DbType = DateTime2)], CommandType='"Text"', CommandTimeout='30']
SELECT COALESCE(SUM([t].[Amount]), 0.0)
FROM [Transactions] AS [t]
WHERE [t].[UserId] = @userId AND [t].[Type] = N'Expense' AND [t].[TransactionDate] >= @monthStart
2026-09-10 16:45:40.068 +05:30 [INF] Executed DbCommand (17ms) [Parameters=[@userId='?' (Size = 450), @today='?' (DbType = DateTime2)], CommandType='"Text"', CommandTimeout='30']
SELECT [t].[Type], COALESCE(SUM([t].[Amount]), 0.0) AS [Total]
FROM [Transactions] AS [t]
WHERE [t].[UserId] = @userId AND CONVERT(date, [t].[TransactionDate]) = @today
GROUP BY [t].[Type]
2026-09-10 16:45:40.082 +05:30 [INF] Executed DbCommand (8ms) [Parameters=[@userId='?' (Size = 450), @monthStart='?' (DbType = DateTime2), @today='?' (DbType = DateTime2)], CommandType='"Text"', CommandTimeout='30']
SELECT [t].[Type], COALESCE(SUM([t].[Amount]), 0.0) AS [Total]
FROM [Transactions] AS [t]
WHERE [t].[UserId] = @userId AND [t].[TransactionDate] >= @monthStart AND [t].[TransactionDate] <= @today
GROUP BY [t].[Type]
2026-09-10 16:45:40.095 +05:30 [INF] Executed DbCommand (9ms) [Parameters=[@userId='?' (Size = 450)], CommandType='"Text"', CommandTimeout='30']
SELECT COALESCE(SUM([t].[Amount]), 0.0)
FROM [Transactions] AS [t]
WHERE [t].[UserId] = @userId AND [t].[Type] = N'Income'
2026-09-10 16:45:40.110 +05:30 [INF] Executed DbCommand (7ms) [Parameters=[@userId='?' (Size = 450)], CommandType='"Text"', CommandTimeout='30']
SELECT COALESCE(SUM([t].[Amount]), 0.0)
FROM [Transactions] AS [t]
WHERE [t].[UserId] = @userId AND [t].[Type] = N'Expense'
2026-09-10 16:45:40.119 +05:30 [INF] Executed DbCommand (3ms) [Parameters=[@userId='?' (Size = 450)], CommandType='"Text"', CommandTimeout='30']
SELECT COUNT(*)
FROM [Transactions] AS [t]
WHERE [t].[UserId] = @userId
2026-09-10 16:45:40.130 +05:30 [INF] Executed DbCommand (7ms) [Parameters=[@userId='?' (Size = 450), @prevStart='?' (DbType = DateTime2), @prevEnd='?' (DbType = DateTime2)], CommandType='"Text"', CommandTimeout='30']
SELECT COALESCE(SUM([t].[Amount]), 0.0)
FROM [Transactions] AS [t]
WHERE [t].[UserId] = @userId AND [t].[Type] = N'Expense' AND [t].[TransactionDate] >= @prevStart AND [t].[TransactionDate] <= @prevEnd
2026-09-10 16:45:40.161 +05:30 [INF] Executed DbCommand (22ms) [Parameters=[@p='?' (DbType = Int32), @userId='?' (Size = 450)], CommandType='"Text"', CommandTimeout='30']
SELECT [t0].[TransactionId], [t0].[TransactionDate], [t0].[Description], [c].[Name] AS [CategoryName], [c].[Icon] AS [CategoryIcon], [c].[Color] AS [CategoryColor], [t0].[Type], [t0].[Amount], [p].[Name] AS [PaymentMethodName]
FROM (
    SELECT TOP(@p) [t].[TransactionId], [t].[Amount], [t].[CategoryId], [t].[CreatedDate], [t].[Description], [t].[PaymentMethodId], [t].[TransactionDate], [t].[Type]
    FROM [Transactions] AS [t]
    WHERE [t].[UserId] = @userId
    ORDER BY [t].[TransactionDate] DESC, [t].[CreatedDate] DESC
) AS [t0]
INNER JOIN [Categories] AS [c] ON [t0].[CategoryId] = [c].[CategoryId]
LEFT JOIN [PaymentMethods] AS [p] ON [t0].[PaymentMethodId] = [p].[PaymentMethodId]
ORDER BY [t0].[TransactionDate] DESC, [t0].[CreatedDate] DESC
2026-09-10 16:45:40.191 +05:30 [INF] Executed DbCommand (21ms) [Parameters=[@userId='?' (Size = 450), @sixMonthsAgo='?' (DbType = DateTime2)], CommandType='"Text"', CommandTimeout='30']
SELECT [t0].[Year], [t0].[Month], COALESCE(SUM([t0].[Amount]), 0.0) AS [Total]
FROM (
    SELECT [t].[Amount], DATEPART(year, [t].[TransactionDate]) AS [Year], DATEPART(month, [t].[TransactionDate]) AS [Month]
    FROM [Transactions] AS [t]
    WHERE [t].[UserId] = @userId AND [t].[Type] = N'Expense' AND [t].[TransactionDate] >= @sixMonthsAgo
) AS [t0]
GROUP BY [t0].[Year], [t0].[Month]
2026-09-10 16:45:40.211 +05:30 [INF] Executed DbCommand (12ms) [Parameters=[@userId='?' (Size = 450), @sixMonthsAgo='?' (DbType = DateTime2)], CommandType='"Text"', CommandTimeout='30']
SELECT [t0].[Year], [t0].[Month], [t0].[Type], COALESCE(SUM([t0].[Amount]), 0.0) AS [Total]
FROM (
    SELECT [t].[Amount], [t].[Type], DATEPART(year, [t].[TransactionDate]) AS [Year], DATEPART(month, [t].[TransactionDate]) AS [Month]
    FROM [Transactions] AS [t]
    WHERE [t].[UserId] = @userId AND [t].[TransactionDate] >= @sixMonthsAgo
) AS [t0]
GROUP BY [t0].[Year], [t0].[Month], [t0].[Type]
2026-09-10 16:45:40.237 +05:30 [INF] Executed DbCommand (20ms) [Parameters=[@p='?' (DbType = Int32), @userId='?' (Size = 450), @monthStart='?' (DbType = DateTime2), @today='?' (DbType = DateTime2)], CommandType='"Text"', CommandTimeout='30']
SELECT TOP(@p) [c].[Name] AS [Category], COALESCE(SUM([t].[Amount]), 0.0) AS [Total]
FROM [Transactions] AS [t]
INNER JOIN [Categories] AS [c] ON [t].[CategoryId] = [c].[CategoryId]
WHERE [t].[UserId] = @userId AND [t].[Type] = N'Expense' AND [t].[TransactionDate] >= @monthStart AND [t].[TransactionDate] <= @today
GROUP BY [c].[Name]
ORDER BY COALESCE(SUM([t].[Amount]), 0.0) DESC
2026-09-10 16:45:40.259 +05:30 [INF] Executed DbCommand (14ms) [Parameters=[@userId='?' (Size = 450), @monthStart='?' (DbType = DateTime2), @today='?' (DbType = DateTime2)], CommandType='"Text"', CommandTimeout='30']
SELECT [t0].[Key] AS [Day], COALESCE(SUM([t0].[Amount]), 0.0) AS [Total]
FROM (
    SELECT [t].[Amount], DATEPART(day, [t].[TransactionDate]) AS [Key]
    FROM [Transactions] AS [t]
    WHERE [t].[UserId] = @userId AND [t].[Type] = N'Expense' AND [t].[TransactionDate] >= @monthStart AND [t].[TransactionDate] <= @today
) AS [t0]
GROUP BY [t0].[Key]
2026-09-10 16:45:40.280 +05:30 [INF] Executed DbCommand (16ms) [Parameters=[@userId='?' (Size = 450), @monthStart='?' (DbType = DateTime2), @today='?' (DbType = DateTime2)], CommandType='"Text"', CommandTimeout='30']
SELECT [p].[Name] AS [Method], COALESCE(SUM([t].[Amount]), 0.0) AS [Total]
FROM [Transactions] AS [t]
LEFT JOIN [PaymentMethods] AS [p] ON [t].[PaymentMethodId] = [p].[PaymentMethodId]
WHERE [t].[UserId] = @userId AND [t].[Type] = N'Expense' AND [t].[TransactionDate] >= @monthStart AND [t].[TransactionDate] <= @today AND [t].[PaymentMethodId] IS NOT NULL
GROUP BY [p].[Name]
2026-09-10 16:45:40.289 +05:30 [INF] Executed DbCommand (4ms) [Parameters=[@userId='?' (Size = 450), @today_Month='?' (DbType = Int32), @today_Year='?' (DbType = Int32)], CommandType='"Text"', CommandTimeout='30']
SELECT TOP(1) [b].[BudgetId], [b].[CreatedDate], [b].[Month], [b].[Notes], [b].[TotalBudget], [b].[UpdatedDate], [b].[UserId], [b].[Year]
FROM [Budgets] AS [b]
WHERE [b].[UserId] = @userId AND [b].[Month] = @today_Month AND [b].[Year] = @today_Year
2026-09-10 16:45:40.300 +05:30 [INF] Executed DbCommand (4ms) [Parameters=[@userId='?' (Size = 450)], CommandType='"Text"', CommandTimeout='30']
SELECT COUNT(*)
FROM [Notifications] AS [n]
WHERE [n].[UserId] = @userId AND [n].[IsRead] = CAST(0 AS bit)
2026-09-10 16:45:40.325 +05:30 [INF] Executing ViewResult, running view Index.
2026-09-10 16:45:40.372 +05:30 [INF] Executed ViewResult - view Index executed in 58.7456ms.
2026-09-10 16:45:40.375 +05:30 [INF] Executed action MyDailyExpenseTracker.Controllers.DashboardController.Index (MyDailyExpenseTracker) in 512.8707ms
2026-09-10 16:45:40.377 +05:30 [INF] Executed endpoint 'MyDailyExpenseTracker.Controllers.DashboardController.Index (MyDailyExpenseTracker)'
2026-09-10 16:45:40.384 +05:30 [INF] Request finished HTTP/1.1 GET http://localhost:5172/ - 200 null text/html; charset=utf-8 3082.3557ms
2026-09-10 17:39:03.937 +05:30 [INF] Request starting HTTP/1.1 GET http://localhost:5172/ - null null
2026-09-10 17:39:06.225 +05:30 [INF] Executed DbCommand (68ms) [Parameters=[@p='?' (Size = 450)], CommandType='"Text"', CommandTimeout='30']
SELECT TOP(1) [a].[Id], [a].[AccessFailedCount], [a].[ConcurrencyStamp], [a].[CreatedDate], [a].[Currency], [a].[DateFormat], [a].[Email], [a].[EmailConfirmed], [a].[FirstName], [a].[LastName], [a].[LockoutEnabled], [a].[LockoutEnd], [a].[NormalizedEmail], [a].[NormalizedUserName], [a].[PasswordHash], [a].[PhoneNumber], [a].[PhoneNumberConfirmed], [a].[SecurityStamp], [a].[Theme], [a].[TwoFactorEnabled], [a].[UserName]
FROM [AspNetUsers] AS [a]
WHERE [a].[Id] = @p
2026-09-10 17:39:06.258 +05:30 [INF] Executed DbCommand (9ms) [Parameters=[@user_Id='?' (Size = 450)], CommandType='"Text"', CommandTimeout='30']
SELECT [a].[Id], [a].[ClaimType], [a].[ClaimValue], [a].[UserId]
FROM [AspNetUserClaims] AS [a]
WHERE [a].[UserId] = @user_Id
2026-09-10 17:39:06.275 +05:30 [INF] Executed DbCommand (11ms) [Parameters=[@userId='?' (Size = 450)], CommandType='"Text"', CommandTimeout='30']
SELECT [a0].[Name]
FROM [AspNetUserRoles] AS [a]
INNER JOIN [AspNetRoles] AS [a0] ON [a].[RoleId] = [a0].[Id]
WHERE [a].[UserId] = @userId
2026-09-10 17:39:06.288 +05:30 [INF] Executed DbCommand (7ms) [Parameters=[@normalizedName='?' (Size = 256)], CommandType='"Text"', CommandTimeout='30']
SELECT TOP(1) [a].[Id], [a].[ConcurrencyStamp], [a].[Name], [a].[NormalizedName]
FROM [AspNetRoles] AS [a]
WHERE [a].[NormalizedName] = @normalizedName
2026-09-10 17:39:06.300 +05:30 [INF] Executed DbCommand (5ms) [Parameters=[@role_Id='?' (Size = 450)], CommandType='"Text"', CommandTimeout='30']
SELECT [a].[ClaimType], [a].[ClaimValue]
FROM [AspNetRoleClaims] AS [a]
WHERE [a].[RoleId] = @role_Id
2026-09-10 17:39:06.309 +05:30 [INF] Executing endpoint 'MyDailyExpenseTracker.Controllers.DashboardController.Index (MyDailyExpenseTracker)'
2026-09-10 17:39:06.315 +05:30 [INF] Route matched with {action = "Index", controller = "Dashboard"}. Executing controller action with signature System.Threading.Tasks.Task`1[Microsoft.AspNetCore.Mvc.IActionResult] Index() on controller MyDailyExpenseTracker.Controllers.DashboardController (MyDailyExpenseTracker).
2026-09-10 17:39:06.336 +05:30 [INF] Executed DbCommand (12ms) [Parameters=[@userId='?' (Size = 450), @today='?' (DbType = DateTime2), @today2='?' (DbType = DateTime2)], CommandType='"Text"', CommandTimeout='30']
SELECT [r].[RecurringExpenseId], [r].[Amount], [r].[CategoryId], [r].[CreatedDate], [r].[EndDate], [r].[Frequency], [r].[IsActive], [r].[LastGeneratedDate], [r].[Name], [r].[Notes], [r].[PaymentMethodId], [r].[StartDate], [r].[Type], [r].[UserId]
FROM [RecurringExpenses] AS [r]
WHERE [r].[UserId] = @userId AND [r].[IsActive] = CAST(1 AS bit) AND [r].[StartDate] <= @today AND ([r].[EndDate] IS NULL OR [r].[EndDate] >= @today2)
2026-09-10 17:39:06.372 +05:30 [INF] Executed DbCommand (23ms) [Parameters=[@userId='?' (Size = 450), @today_Month='?' (DbType = Int32), @today_Year='?' (DbType = Int32)], CommandType='"Text"', CommandTimeout='30']
SELECT [b1].[BudgetId], [b1].[CreatedDate], [b1].[Month], [b1].[Notes], [b1].[TotalBudget], [b1].[UpdatedDate], [b1].[UserId], [b1].[Year], [s].[BudgetCategoryId], [s].[Amount], [s].[BudgetId], [s].[CategoryId], [s].[CategoryId0], [s].[Color], [s].[CreatedDate], [s].[Icon], [s].[IsActive], [s].[IsDefault], [s].[Name], [s].[Type], [s].[UserId]
FROM (
    SELECT TOP(1) [b].[BudgetId], [b].[CreatedDate], [b].[Month], [b].[Notes], [b].[TotalBudget], [b].[UpdatedDate], [b].[UserId], [b].[Year]
    FROM [Budgets] AS [b]
    WHERE [b].[UserId] = @userId AND [b].[Month] = @today_Month AND [b].[Year] = @today_Year
) AS [b1]
LEFT JOIN (
    SELECT [b0].[BudgetCategoryId], [b0].[Amount], [b0].[BudgetId], [b0].[CategoryId], [c].[CategoryId] AS [CategoryId0], [c].[Color], [c].[CreatedDate], [c].[Icon], [c].[IsActive], [c].[IsDefault], [c].[Name], [c].[Type], [c].[UserId]
    FROM [BudgetCategories] AS [b0]
    INNER JOIN [Categories] AS [c] ON [b0].[CategoryId] = [c].[CategoryId]
) AS [s] ON [b1].[BudgetId] = [s].[BudgetId]
ORDER BY [b1].[BudgetId], [s].[BudgetCategoryId]
2026-09-10 17:39:06.396 +05:30 [INF] Executed DbCommand (15ms) [Parameters=[@userId='?' (Size = 450), @monthStart='?' (DbType = DateTime2)], CommandType='"Text"', CommandTimeout='30']
SELECT COALESCE(SUM([t].[Amount]), 0.0)
FROM [Transactions] AS [t]
WHERE [t].[UserId] = @userId AND [t].[Type] = N'Expense' AND [t].[TransactionDate] >= @monthStart
2026-09-10 17:39:06.417 +05:30 [INF] Executed DbCommand (13ms) [Parameters=[@userId='?' (Size = 450), @today='?' (DbType = DateTime2)], CommandType='"Text"', CommandTimeout='30']
SELECT [t].[Type], COALESCE(SUM([t].[Amount]), 0.0) AS [Total]
FROM [Transactions] AS [t]
WHERE [t].[UserId] = @userId AND CONVERT(date, [t].[TransactionDate]) = @today
GROUP BY [t].[Type]
2026-09-10 17:39:06.429 +05:30 [INF] Executed DbCommand (6ms) [Parameters=[@userId='?' (Size = 450), @monthStart='?' (DbType = DateTime2), @today='?' (DbType = DateTime2)], CommandType='"Text"', CommandTimeout='30']
SELECT [t].[Type], COALESCE(SUM([t].[Amount]), 0.0) AS [Total]
FROM [Transactions] AS [t]
WHERE [t].[UserId] = @userId AND [t].[TransactionDate] >= @monthStart AND [t].[TransactionDate] <= @today
GROUP BY [t].[Type]
2026-09-10 17:39:06.440 +05:30 [INF] Executed DbCommand (6ms) [Parameters=[@userId='?' (Size = 450)], CommandType='"Text"', CommandTimeout='30']
SELECT COALESCE(SUM([t].[Amount]), 0.0)
FROM [Transactions] AS [t]
WHERE [t].[UserId] = @userId AND [t].[Type] = N'Income'
2026-09-10 17:39:06.452 +05:30 [INF] Executed DbCommand (6ms) [Parameters=[@userId='?' (Size = 450)], CommandType='"Text"', CommandTimeout='30']
SELECT COALESCE(SUM([t].[Amount]), 0.0)
FROM [Transactions] AS [t]
WHERE [t].[UserId] = @userId AND [t].[Type] = N'Expense'
2026-09-10 17:39:06.459 +05:30 [INF] Executed DbCommand (3ms) [Parameters=[@userId='?' (Size = 450)], CommandType='"Text"', CommandTimeout='30']
SELECT COUNT(*)
FROM [Transactions] AS [t]
WHERE [t].[UserId] = @userId
2026-09-10 17:39:06.469 +05:30 [INF] Executed DbCommand (6ms) [Parameters=[@userId='?' (Size = 450), @prevStart='?' (DbType = DateTime2), @prevEnd='?' (DbType = DateTime2)], CommandType='"Text"', CommandTimeout='30']
SELECT COALESCE(SUM([t].[Amount]), 0.0)
FROM [Transactions] AS [t]
WHERE [t].[UserId] = @userId AND [t].[Type] = N'Expense' AND [t].[TransactionDate] >= @prevStart AND [t].[TransactionDate] <= @prevEnd
2026-09-10 17:39:06.492 +05:30 [INF] Executed DbCommand (16ms) [Parameters=[@p='?' (DbType = Int32), @userId='?' (Size = 450)], CommandType='"Text"', CommandTimeout='30']
SELECT [t0].[TransactionId], [t0].[TransactionDate], [t0].[Description], [c].[Name] AS [CategoryName], [c].[Icon] AS [CategoryIcon], [c].[Color] AS [CategoryColor], [t0].[Type], [t0].[Amount], [p].[Name] AS [PaymentMethodName]
FROM (
    SELECT TOP(@p) [t].[TransactionId], [t].[Amount], [t].[CategoryId], [t].[CreatedDate], [t].[Description], [t].[PaymentMethodId], [t].[TransactionDate], [t].[Type]
    FROM [Transactions] AS [t]
    WHERE [t].[UserId] = @userId
    ORDER BY [t].[TransactionDate] DESC, [t].[CreatedDate] DESC
) AS [t0]
INNER JOIN [Categories] AS [c] ON [t0].[CategoryId] = [c].[CategoryId]
LEFT JOIN [PaymentMethods] AS [p] ON [t0].[PaymentMethodId] = [p].[PaymentMethodId]
ORDER BY [t0].[TransactionDate] DESC, [t0].[CreatedDate] DESC
2026-09-10 17:39:06.508 +05:30 [INF] Executed DbCommand (11ms) [Parameters=[@userId='?' (Size = 450), @sixMonthsAgo='?' (DbType = DateTime2)], CommandType='"Text"', CommandTimeout='30']
SELECT [t0].[Year], [t0].[Month], COALESCE(SUM([t0].[Amount]), 0.0) AS [Total]
FROM (
    SELECT [t].[Amount], DATEPART(year, [t].[TransactionDate]) AS [Year], DATEPART(month, [t].[TransactionDate]) AS [Month]
    FROM [Transactions] AS [t]
    WHERE [t].[UserId] = @userId AND [t].[Type] = N'Expense' AND [t].[TransactionDate] >= @sixMonthsAgo
) AS [t0]
GROUP BY [t0].[Year], [t0].[Month]
2026-09-10 17:39:06.523 +05:30 [INF] Executed DbCommand (9ms) [Parameters=[@userId='?' (Size = 450), @sixMonthsAgo='?' (DbType = DateTime2)], CommandType='"Text"', CommandTimeout='30']
SELECT [t0].[Year], [t0].[Month], [t0].[Type], COALESCE(SUM([t0].[Amount]), 0.0) AS [Total]
FROM (
    SELECT [t].[Amount], [t].[Type], DATEPART(year, [t].[TransactionDate]) AS [Year], DATEPART(month, [t].[TransactionDate]) AS [Month]
    FROM [Transactions] AS [t]
    WHERE [t].[UserId] = @userId AND [t].[TransactionDate] >= @sixMonthsAgo
) AS [t0]
GROUP BY [t0].[Year], [t0].[Month], [t0].[Type]
2026-09-10 17:39:06.539 +05:30 [INF] Executed DbCommand (11ms) [Parameters=[@p='?' (DbType = Int32), @userId='?' (Size = 450), @monthStart='?' (DbType = DateTime2), @today='?' (DbType = DateTime2)], CommandType='"Text"', CommandTimeout='30']
SELECT TOP(@p) [c].[Name] AS [Category], COALESCE(SUM([t].[Amount]), 0.0) AS [Total]
FROM [Transactions] AS [t]
INNER JOIN [Categories] AS [c] ON [t].[CategoryId] = [c].[CategoryId]
WHERE [t].[UserId] = @userId AND [t].[Type] = N'Expense' AND [t].[TransactionDate] >= @monthStart AND [t].[TransactionDate] <= @today
GROUP BY [c].[Name]
ORDER BY COALESCE(SUM([t].[Amount]), 0.0) DESC
2026-09-10 17:39:06.556 +05:30 [INF] Executed DbCommand (8ms) [Parameters=[@userId='?' (Size = 450), @monthStart='?' (DbType = DateTime2), @today='?' (DbType = DateTime2)], CommandType='"Text"', CommandTimeout='30']
SELECT [t0].[Key] AS [Day], COALESCE(SUM([t0].[Amount]), 0.0) AS [Total]
FROM (
    SELECT [t].[Amount], DATEPART(day, [t].[TransactionDate]) AS [Key]
    FROM [Transactions] AS [t]
    WHERE [t].[UserId] = @userId AND [t].[Type] = N'Expense' AND [t].[TransactionDate] >= @monthStart AND [t].[TransactionDate] <= @today
) AS [t0]
GROUP BY [t0].[Key]
2026-09-10 17:39:06.573 +05:30 [INF] Executed DbCommand (11ms) [Parameters=[@userId='?' (Size = 450), @monthStart='?' (DbType = DateTime2), @today='?' (DbType = DateTime2)], CommandType='"Text"', CommandTimeout='30']
SELECT [p].[Name] AS [Method], COALESCE(SUM([t].[Amount]), 0.0) AS [Total]
FROM [Transactions] AS [t]
LEFT JOIN [PaymentMethods] AS [p] ON [t].[PaymentMethodId] = [p].[PaymentMethodId]
WHERE [t].[UserId] = @userId AND [t].[Type] = N'Expense' AND [t].[TransactionDate] >= @monthStart AND [t].[TransactionDate] <= @today AND [t].[PaymentMethodId] IS NOT NULL
GROUP BY [p].[Name]
2026-09-10 17:39:06.581 +05:30 [INF] Executed DbCommand (4ms) [Parameters=[@userId='?' (Size = 450), @today_Month='?' (DbType = Int32), @today_Year='?' (DbType = Int32)], CommandType='"Text"', CommandTimeout='30']
SELECT TOP(1) [b].[BudgetId], [b].[CreatedDate], [b].[Month], [b].[Notes], [b].[TotalBudget], [b].[UpdatedDate], [b].[UserId], [b].[Year]
FROM [Budgets] AS [b]
WHERE [b].[UserId] = @userId AND [b].[Month] = @today_Month AND [b].[Year] = @today_Year
2026-09-10 17:39:06.590 +05:30 [INF] Executed DbCommand (4ms) [Parameters=[@userId='?' (Size = 450)], CommandType='"Text"', CommandTimeout='30']
SELECT COUNT(*)
FROM [Notifications] AS [n]
WHERE [n].[UserId] = @userId AND [n].[IsRead] = CAST(0 AS bit)
2026-09-10 17:39:06.605 +05:30 [INF] Executing ViewResult, running view Index.
2026-09-10 17:39:06.635 +05:30 [INF] Executed ViewResult - view Index executed in 38.6399ms.
2026-09-10 17:39:06.638 +05:30 [INF] Executed action MyDailyExpenseTracker.Controllers.DashboardController.Index (MyDailyExpenseTracker) in 318.7978ms
2026-09-10 17:39:06.640 +05:30 [INF] Executed endpoint 'MyDailyExpenseTracker.Controllers.DashboardController.Index (MyDailyExpenseTracker)'
2026-09-10 17:39:06.642 +05:30 [INF] Request finished HTTP/1.1 GET http://localhost:5172/ - 200 null text/html; charset=utf-8 2706.3843ms
2026-09-10 17:52:46.143 +05:30 [INF] Request starting HTTP/1.1 GET http://localhost:5172/ - null null
2026-09-10 17:52:46.193 +05:30 [INF] Executing endpoint 'MyDailyExpenseTracker.Controllers.DashboardController.Index (MyDailyExpenseTracker)'
2026-09-10 17:52:46.199 +05:30 [INF] Route matched with {action = "Index", controller = "Dashboard"}. Executing controller action with signature System.Threading.Tasks.Task`1[Microsoft.AspNetCore.Mvc.IActionResult] Index() on controller MyDailyExpenseTracker.Controllers.DashboardController (MyDailyExpenseTracker).
2026-09-10 17:52:48.374 +05:30 [INF] Executed DbCommand (79ms) [Parameters=[@userId='?' (Size = 450), @today='?' (DbType = DateTime2), @today2='?' (DbType = DateTime2)], CommandType='"Text"', CommandTimeout='30']
SELECT [r].[RecurringExpenseId], [r].[Amount], [r].[CategoryId], [r].[CreatedDate], [r].[EndDate], [r].[Frequency], [r].[IsActive], [r].[LastGeneratedDate], [r].[Name], [r].[Notes], [r].[PaymentMethodId], [r].[StartDate], [r].[Type], [r].[UserId]
FROM [RecurringExpenses] AS [r]
WHERE [r].[UserId] = @userId AND [r].[IsActive] = CAST(1 AS bit) AND [r].[StartDate] <= @today AND ([r].[EndDate] IS NULL OR [r].[EndDate] >= @today2)
2026-09-10 17:52:48.421 +05:30 [INF] Executed DbCommand (32ms) [Parameters=[@userId='?' (Size = 450), @today_Month='?' (DbType = Int32), @today_Year='?' (DbType = Int32)], CommandType='"Text"', CommandTimeout='30']
SELECT [b1].[BudgetId], [b1].[CreatedDate], [b1].[Month], [b1].[Notes], [b1].[TotalBudget], [b1].[UpdatedDate], [b1].[UserId], [b1].[Year], [s].[BudgetCategoryId], [s].[Amount], [s].[BudgetId], [s].[CategoryId], [s].[CategoryId0], [s].[Color], [s].[CreatedDate], [s].[Icon], [s].[IsActive], [s].[IsDefault], [s].[Name], [s].[Type], [s].[UserId]
FROM (
    SELECT TOP(1) [b].[BudgetId], [b].[CreatedDate], [b].[Month], [b].[Notes], [b].[TotalBudget], [b].[UpdatedDate], [b].[UserId], [b].[Year]
    FROM [Budgets] AS [b]
    WHERE [b].[UserId] = @userId AND [b].[Month] = @today_Month AND [b].[Year] = @today_Year
) AS [b1]
LEFT JOIN (
    SELECT [b0].[BudgetCategoryId], [b0].[Amount], [b0].[BudgetId], [b0].[CategoryId], [c].[CategoryId] AS [CategoryId0], [c].[Color], [c].[CreatedDate], [c].[Icon], [c].[IsActive], [c].[IsDefault], [c].[Name], [c].[Type], [c].[UserId]
    FROM [BudgetCategories] AS [b0]
    INNER JOIN [Categories] AS [c] ON [b0].[CategoryId] = [c].[CategoryId]
) AS [s] ON [b1].[BudgetId] = [s].[BudgetId]
ORDER BY [b1].[BudgetId], [s].[BudgetCategoryId]
2026-09-10 17:52:48.453 +05:30 [INF] Executed DbCommand (16ms) [Parameters=[@userId='?' (Size = 450), @monthStart='?' (DbType = DateTime2)], CommandType='"Text"', CommandTimeout='30']
SELECT COALESCE(SUM([t].[Amount]), 0.0)
FROM [Transactions] AS [t]
WHERE [t].[UserId] = @userId AND [t].[Type] = N'Expense' AND [t].[TransactionDate] >= @monthStart
2026-09-10 17:52:48.476 +05:30 [INF] Executed DbCommand (14ms) [Parameters=[@userId='?' (Size = 450), @today='?' (DbType = DateTime2)], CommandType='"Text"', CommandTimeout='30']
SELECT [t].[Type], COALESCE(SUM([t].[Amount]), 0.0) AS [Total]
FROM [Transactions] AS [t]
WHERE [t].[UserId] = @userId AND CONVERT(date, [t].[TransactionDate]) = @today
GROUP BY [t].[Type]
2026-09-10 17:52:48.491 +05:30 [INF] Executed DbCommand (9ms) [Parameters=[@userId='?' (Size = 450), @monthStart='?' (DbType = DateTime2), @today='?' (DbType = DateTime2)], CommandType='"Text"', CommandTimeout='30']
SELECT [t].[Type], COALESCE(SUM([t].[Amount]), 0.0) AS [Total]
FROM [Transactions] AS [t]
WHERE [t].[UserId] = @userId AND [t].[TransactionDate] >= @monthStart AND [t].[TransactionDate] <= @today
GROUP BY [t].[Type]
2026-09-10 17:52:48.506 +05:30 [INF] Executed DbCommand (10ms) [Parameters=[@userId='?' (Size = 450)], CommandType='"Text"', CommandTimeout='30']
SELECT COALESCE(SUM([t].[Amount]), 0.0)
FROM [Transactions] AS [t]
WHERE [t].[UserId] = @userId AND [t].[Type] = N'Income'
2026-09-10 17:52:48.518 +05:30 [INF] Executed DbCommand (8ms) [Parameters=[@userId='?' (Size = 450)], CommandType='"Text"', CommandTimeout='30']
SELECT COALESCE(SUM([t].[Amount]), 0.0)
FROM [Transactions] AS [t]
WHERE [t].[UserId] = @userId AND [t].[Type] = N'Expense'
2026-09-10 17:52:48.527 +05:30 [INF] Executed DbCommand (3ms) [Parameters=[@userId='?' (Size = 450)], CommandType='"Text"', CommandTimeout='30']
SELECT COUNT(*)
FROM [Transactions] AS [t]
WHERE [t].[UserId] = @userId
2026-09-10 17:52:48.540 +05:30 [INF] Executed DbCommand (8ms) [Parameters=[@userId='?' (Size = 450), @prevStart='?' (DbType = DateTime2), @prevEnd='?' (DbType = DateTime2)], CommandType='"Text"', CommandTimeout='30']
SELECT COALESCE(SUM([t].[Amount]), 0.0)
FROM [Transactions] AS [t]
WHERE [t].[UserId] = @userId AND [t].[Type] = N'Expense' AND [t].[TransactionDate] >= @prevStart AND [t].[TransactionDate] <= @prevEnd
2026-09-10 17:52:48.565 +05:30 [INF] Executed DbCommand (14ms) [Parameters=[@p='?' (DbType = Int32), @userId='?' (Size = 450)], CommandType='"Text"', CommandTimeout='30']
SELECT [t0].[TransactionId], [t0].[TransactionDate], [t0].[Description], [c].[Name] AS [CategoryName], [c].[Icon] AS [CategoryIcon], [c].[Color] AS [CategoryColor], [t0].[Type], [t0].[Amount], [p].[Name] AS [PaymentMethodName]
FROM (
    SELECT TOP(@p) [t].[TransactionId], [t].[Amount], [t].[CategoryId], [t].[CreatedDate], [t].[Description], [t].[PaymentMethodId], [t].[TransactionDate], [t].[Type]
    FROM [Transactions] AS [t]
    WHERE [t].[UserId] = @userId
    ORDER BY [t].[TransactionDate] DESC, [t].[CreatedDate] DESC
) AS [t0]
INNER JOIN [Categories] AS [c] ON [t0].[CategoryId] = [c].[CategoryId]
LEFT JOIN [PaymentMethods] AS [p] ON [t0].[PaymentMethodId] = [p].[PaymentMethodId]
ORDER BY [t0].[TransactionDate] DESC, [t0].[CreatedDate] DESC
2026-09-10 17:52:48.583 +05:30 [INF] Executed DbCommand (12ms) [Parameters=[@userId='?' (Size = 450), @sixMonthsAgo='?' (DbType = DateTime2)], CommandType='"Text"', CommandTimeout='30']
SELECT [t0].[Year], [t0].[Month], COALESCE(SUM([t0].[Amount]), 0.0) AS [Total]
FROM (
    SELECT [t].[Amount], DATEPART(year, [t].[TransactionDate]) AS [Year], DATEPART(month, [t].[TransactionDate]) AS [Month]
    FROM [Transactions] AS [t]
    WHERE [t].[UserId] = @userId AND [t].[Type] = N'Expense' AND [t].[TransactionDate] >= @sixMonthsAgo
) AS [t0]
GROUP BY [t0].[Year], [t0].[Month]
2026-09-10 17:52:48.595 +05:30 [INF] Executed DbCommand (7ms) [Parameters=[@userId='?' (Size = 450), @sixMonthsAgo='?' (DbType = DateTime2)], CommandType='"Text"', CommandTimeout='30']
SELECT [t0].[Year], [t0].[Month], [t0].[Type], COALESCE(SUM([t0].[Amount]), 0.0) AS [Total]
FROM (
    SELECT [t].[Amount], [t].[Type], DATEPART(year, [t].[TransactionDate]) AS [Year], DATEPART(month, [t].[TransactionDate]) AS [Month]
    FROM [Transactions] AS [t]
    WHERE [t].[UserId] = @userId AND [t].[TransactionDate] >= @sixMonthsAgo
) AS [t0]
GROUP BY [t0].[Year], [t0].[Month], [t0].[Type]
2026-09-10 17:52:48.617 +05:30 [INF] Executed DbCommand (14ms) [Parameters=[@p='?' (DbType = Int32), @userId='?' (Size = 450), @monthStart='?' (DbType = DateTime2), @today='?' (DbType = DateTime2)], CommandType='"Text"', CommandTimeout='30']
SELECT TOP(@p) [c].[Name] AS [Category], COALESCE(SUM([t].[Amount]), 0.0) AS [Total]
FROM [Transactions] AS [t]
INNER JOIN [Categories] AS [c] ON [t].[CategoryId] = [c].[CategoryId]
WHERE [t].[UserId] = @userId AND [t].[Type] = N'Expense' AND [t].[TransactionDate] >= @monthStart AND [t].[TransactionDate] <= @today
GROUP BY [c].[Name]
ORDER BY COALESCE(SUM([t].[Amount]), 0.0) DESC
2026-09-10 17:52:48.633 +05:30 [INF] Executed DbCommand (10ms) [Parameters=[@userId='?' (Size = 450), @monthStart='?' (DbType = DateTime2), @today='?' (DbType = DateTime2)], CommandType='"Text"', CommandTimeout='30']
SELECT [t0].[Key] AS [Day], COALESCE(SUM([t0].[Amount]), 0.0) AS [Total]
FROM (
    SELECT [t].[Amount], DATEPART(day, [t].[TransactionDate]) AS [Key]
    FROM [Transactions] AS [t]
    WHERE [t].[UserId] = @userId AND [t].[Type] = N'Expense' AND [t].[TransactionDate] >= @monthStart AND [t].[TransactionDate] <= @today
) AS [t0]
GROUP BY [t0].[Key]
2026-09-10 17:52:48.650 +05:30 [INF] Executed DbCommand (12ms) [Parameters=[@userId='?' (Size = 450), @monthStart='?' (DbType = DateTime2), @today='?' (DbType = DateTime2)], CommandType='"Text"', CommandTimeout='30']
SELECT [p].[Name] AS [Method], COALESCE(SUM([t].[Amount]), 0.0) AS [Total]
FROM [Transactions] AS [t]
LEFT JOIN [PaymentMethods] AS [p] ON [t].[PaymentMethodId] = [p].[PaymentMethodId]
WHERE [t].[UserId] = @userId AND [t].[Type] = N'Expense' AND [t].[TransactionDate] >= @monthStart AND [t].[TransactionDate] <= @today AND [t].[PaymentMethodId] IS NOT NULL
GROUP BY [p].[Name]
2026-09-10 17:52:48.660 +05:30 [INF] Executed DbCommand (5ms) [Parameters=[@userId='?' (Size = 450), @today_Month='?' (DbType = Int32), @today_Year='?' (DbType = Int32)], CommandType='"Text"', CommandTimeout='30']
SELECT TOP(1) [b].[BudgetId], [b].[CreatedDate], [b].[Month], [b].[Notes], [b].[TotalBudget], [b].[UpdatedDate], [b].[UserId], [b].[Year]
FROM [Budgets] AS [b]
WHERE [b].[UserId] = @userId AND [b].[Month] = @today_Month AND [b].[Year] = @today_Year
2026-09-10 17:52:48.673 +05:30 [INF] Executed DbCommand (6ms) [Parameters=[@userId='?' (Size = 450)], CommandType='"Text"', CommandTimeout='30']
SELECT COUNT(*)
FROM [Notifications] AS [n]
WHERE [n].[UserId] = @userId AND [n].[IsRead] = CAST(0 AS bit)
2026-09-10 17:52:48.678 +05:30 [INF] Executing ViewResult, running view Index.
2026-09-10 17:52:48.734 +05:30 [INF] Executed DbCommand (13ms) [Parameters=[@p='?' (Size = 450)], CommandType='"Text"', CommandTimeout='30']
SELECT TOP(1) [a].[Id], [a].[AccessFailedCount], [a].[ConcurrencyStamp], [a].[CreatedDate], [a].[Currency], [a].[DateFormat], [a].[Email], [a].[EmailConfirmed], [a].[FirstName], [a].[LastName], [a].[LockoutEnabled], [a].[LockoutEnd], [a].[NormalizedEmail], [a].[NormalizedUserName], [a].[PasswordHash], [a].[PhoneNumber], [a].[PhoneNumberConfirmed], [a].[SecurityStamp], [a].[Theme], [a].[TwoFactorEnabled], [a].[UserName]
FROM [AspNetUsers] AS [a]
WHERE [a].[Id] = @p
2026-09-10 17:52:48.754 +05:30 [INF] Executed ViewResult - view Index executed in 77.2633ms.
2026-09-10 17:52:48.757 +05:30 [INF] Executed action MyDailyExpenseTracker.Controllers.DashboardController.Index (MyDailyExpenseTracker) in 2555.3399ms
2026-09-10 17:52:48.759 +05:30 [INF] Executed endpoint 'MyDailyExpenseTracker.Controllers.DashboardController.Index (MyDailyExpenseTracker)'
2026-09-10 17:52:48.761 +05:30 [INF] Request finished HTTP/1.1 GET http://localhost:5172/ - 200 null text/html; charset=utf-8 2619.1735ms
2026-09-10 17:52:48.904 +05:30 [INF] Request starting HTTP/1.1 GET http://localhost:5172/css/site.css?v=vtNZor98W6QsGzUeK69TDPcJEDrQk7IBLVSmHJHrQs8 - null null
2026-09-10 17:52:48.992 +05:30 [INF] Sending file. Request path: '/css/site.css'. Physical path: 'C:\Users\ABHI\Desktop\Expense Tracker\MyDailyExpenseTracker\wwwroot\css\site.css'
2026-09-10 17:52:48.994 +05:30 [INF] Request finished HTTP/1.1 GET http://localhost:5172/css/site.css?v=vtNZor98W6QsGzUeK69TDPcJEDrQk7IBLVSmHJHrQs8 - 200 43212 text/css 89.9082ms
2026-09-10 17:52:59.701 +05:30 [INF] Request starting HTTP/1.1 GET http://localhost:5172/Profile - null null
2026-09-10 17:52:59.716 +05:30 [INF] Executing endpoint 'MyDailyExpenseTracker.Controllers.ProfileController.Index (MyDailyExpenseTracker)'
2026-09-10 17:52:59.718 +05:30 [INF] Route matched with {action = "Index", controller = "Profile"}. Executing controller action with signature System.Threading.Tasks.Task`1[Microsoft.AspNetCore.Mvc.IActionResult] Index() on controller MyDailyExpenseTracker.Controllers.ProfileController (MyDailyExpenseTracker).
2026-09-10 17:52:59.763 +05:30 [INF] Executed DbCommand (34ms) [Parameters=[@p='?' (Size = 450)], CommandType='"Text"', CommandTimeout='30']
SELECT TOP(1) [a].[Id], [a].[AccessFailedCount], [a].[ConcurrencyStamp], [a].[CreatedDate], [a].[Currency], [a].[DateFormat], [a].[Email], [a].[EmailConfirmed], [a].[FirstName], [a].[LastName], [a].[LockoutEnabled], [a].[LockoutEnd], [a].[NormalizedEmail], [a].[NormalizedUserName], [a].[PasswordHash], [a].[PhoneNumber], [a].[PhoneNumberConfirmed], [a].[SecurityStamp], [a].[Theme], [a].[TwoFactorEnabled], [a].[UserName]
FROM [AspNetUsers] AS [a]
WHERE [a].[Id] = @p
2026-09-10 17:52:59.795 +05:30 [INF] Executed DbCommand (10ms) [Parameters=[@user_Id='?' (Size = 450)], CommandType='"Text"', CommandTimeout='30']
SELECT COUNT(*)
FROM [Transactions] AS [t]
WHERE [t].[UserId] = @user_Id
2026-09-10 17:52:59.810 +05:30 [INF] Executing ViewResult, running view Index.
2026-09-10 17:52:59.865 +05:30 [INF] Executed ViewResult - view Index executed in 62.9413ms.
2026-09-10 17:52:59.868 +05:30 [INF] Executed action MyDailyExpenseTracker.Controllers.ProfileController.Index (MyDailyExpenseTracker) in 145.3486ms
2026-09-10 17:52:59.870 +05:30 [INF] Executed endpoint 'MyDailyExpenseTracker.Controllers.ProfileController.Index (MyDailyExpenseTracker)'
2026-09-10 17:52:59.874 +05:30 [INF] Request finished HTTP/1.1 GET http://localhost:5172/Profile - 200 null text/html; charset=utf-8 173.3704ms
2026-09-10 17:52:59.921 +05:30 [INF] Request starting HTTP/1.1 GET http://localhost:5172/css/site.css?v=vtNZor98W6QsGzUeK69TDPcJEDrQk7IBLVSmHJHrQs8 - null null
2026-09-10 17:52:59.930 +05:30 [INF] The file /css/site.css was not modified
2026-09-10 17:52:59.933 +05:30 [INF] Request finished HTTP/1.1 GET http://localhost:5172/css/site.css?v=vtNZor98W6QsGzUeK69TDPcJEDrQk7IBLVSmHJHrQs8 - 304 null text/css 11.6023ms
2026-09-10 17:53:04.533 +05:30 [INF] Request starting HTTP/1.1 GET http://localhost:5172/ - null null
2026-09-10 17:53:04.539 +05:30 [INF] Executing endpoint 'MyDailyExpenseTracker.Controllers.DashboardController.Index (MyDailyExpenseTracker)'
2026-09-10 17:53:04.569 +05:30 [INF] Route matched with {action = "Index", controller = "Dashboard"}. Executing controller action with signature System.Threading.Tasks.Task`1[Microsoft.AspNetCore.Mvc.IActionResult] Index() on controller MyDailyExpenseTracker.Controllers.DashboardController (MyDailyExpenseTracker).
2026-09-10 17:53:04.649 +05:30 [INF] Executed DbCommand (57ms) [Parameters=[@userId='?' (Size = 450), @today='?' (DbType = DateTime2), @today2='?' (DbType = DateTime2)], CommandType='"Text"', CommandTimeout='30']
SELECT [r].[RecurringExpenseId], [r].[Amount], [r].[CategoryId], [r].[CreatedDate], [r].[EndDate], [r].[Frequency], [r].[IsActive], [r].[LastGeneratedDate], [r].[Name], [r].[Notes], [r].[PaymentMethodId], [r].[StartDate], [r].[Type], [r].[UserId]
FROM [RecurringExpenses] AS [r]
WHERE [r].[UserId] = @userId AND [r].[IsActive] = CAST(1 AS bit) AND [r].[StartDate] <= @today AND ([r].[EndDate] IS NULL OR [r].[EndDate] >= @today2)
2026-09-10 17:53:04.681 +05:30 [INF] Executed DbCommand (25ms) [Parameters=[@userId='?' (Size = 450), @today_Month='?' (DbType = Int32), @today_Year='?' (DbType = Int32)], CommandType='"Text"', CommandTimeout='30']
SELECT [b1].[BudgetId], [b1].[CreatedDate], [b1].[Month], [b1].[Notes], [b1].[TotalBudget], [b1].[UpdatedDate], [b1].[UserId], [b1].[Year], [s].[BudgetCategoryId], [s].[Amount], [s].[BudgetId], [s].[CategoryId], [s].[CategoryId0], [s].[Color], [s].[CreatedDate], [s].[Icon], [s].[IsActive], [s].[IsDefault], [s].[Name], [s].[Type], [s].[UserId]
FROM (
    SELECT TOP(1) [b].[BudgetId], [b].[CreatedDate], [b].[Month], [b].[Notes], [b].[TotalBudget], [b].[UpdatedDate], [b].[UserId], [b].[Year]
    FROM [Budgets] AS [b]
    WHERE [b].[UserId] = @userId AND [b].[Month] = @today_Month AND [b].[Year] = @today_Year
) AS [b1]
LEFT JOIN (
    SELECT [b0].[BudgetCategoryId], [b0].[Amount], [b0].[BudgetId], [b0].[CategoryId], [c].[CategoryId] AS [CategoryId0], [c].[Color], [c].[CreatedDate], [c].[Icon], [c].[IsActive], [c].[IsDefault], [c].[Name], [c].[Type], [c].[UserId]
    FROM [BudgetCategories] AS [b0]
    INNER JOIN [Categories] AS [c] ON [b0].[CategoryId] = [c].[CategoryId]
) AS [s] ON [b1].[BudgetId] = [s].[BudgetId]
ORDER BY [b1].[BudgetId], [s].[BudgetCategoryId]
2026-09-10 17:53:04.696 +05:30 [INF] Executed DbCommand (9ms) [Parameters=[@userId='?' (Size = 450), @monthStart='?' (DbType = DateTime2)], CommandType='"Text"', CommandTimeout='30']
SELECT COALESCE(SUM([t].[Amount]), 0.0)
FROM [Transactions] AS [t]
WHERE [t].[UserId] = @userId AND [t].[Type] = N'Expense' AND [t].[TransactionDate] >= @monthStart
2026-09-10 17:53:04.713 +05:30 [INF] Executed DbCommand (12ms) [Parameters=[@userId='?' (Size = 450), @today='?' (DbType = DateTime2)], CommandType='"Text"', CommandTimeout='30']
SELECT [t].[Type], COALESCE(SUM([t].[Amount]), 0.0) AS [Total]
FROM [Transactions] AS [t]
WHERE [t].[UserId] = @userId AND CONVERT(date, [t].[TransactionDate]) = @today
GROUP BY [t].[Type]
2026-09-10 17:53:04.728 +05:30 [INF] Executed DbCommand (11ms) [Parameters=[@userId='?' (Size = 450), @monthStart='?' (DbType = DateTime2), @today='?' (DbType = DateTime2)], CommandType='"Text"', CommandTimeout='30']
SELECT [t].[Type], COALESCE(SUM([t].[Amount]), 0.0) AS [Total]
FROM [Transactions] AS [t]
WHERE [t].[UserId] = @userId AND [t].[TransactionDate] >= @monthStart AND [t].[TransactionDate] <= @today
GROUP BY [t].[Type]
2026-09-10 17:53:04.741 +05:30 [INF] Executed DbCommand (9ms) [Parameters=[@userId='?' (Size = 450)], CommandType='"Text"', CommandTimeout='30']
SELECT COALESCE(SUM([t].[Amount]), 0.0)
FROM [Transactions] AS [t]
WHERE [t].[UserId] = @userId AND [t].[Type] = N'Income'
2026-09-10 17:53:04.755 +05:30 [INF] Executed DbCommand (9ms) [Parameters=[@userId='?' (Size = 450)], CommandType='"Text"', CommandTimeout='30']
SELECT COALESCE(SUM([t].[Amount]), 0.0)
FROM [Transactions] AS [t]
WHERE [t].[UserId] = @userId AND [t].[Type] = N'Expense'
2026-09-10 17:53:04.762 +05:30 [INF] Executed DbCommand (3ms) [Parameters=[@userId='?' (Size = 450)], CommandType='"Text"', CommandTimeout='30']
SELECT COUNT(*)
FROM [Transactions] AS [t]
WHERE [t].[UserId] = @userId
2026-09-10 17:53:04.774 +05:30 [INF] Executed DbCommand (8ms) [Parameters=[@userId='?' (Size = 450), @prevStart='?' (DbType = DateTime2), @prevEnd='?' (DbType = DateTime2)], CommandType='"Text"', CommandTimeout='30']
SELECT COALESCE(SUM([t].[Amount]), 0.0)
FROM [Transactions] AS [t]
WHERE [t].[UserId] = @userId AND [t].[Type] = N'Expense' AND [t].[TransactionDate] >= @prevStart AND [t].[TransactionDate] <= @prevEnd
2026-09-10 17:53:04.784 +05:30 [INF] Executed DbCommand (7ms) [Parameters=[@p='?' (DbType = Int32), @userId='?' (Size = 450)], CommandType='"Text"', CommandTimeout='30']
SELECT [t0].[TransactionId], [t0].[TransactionDate], [t0].[Description], [c].[Name] AS [CategoryName], [c].[Icon] AS [CategoryIcon], [c].[Color] AS [CategoryColor], [t0].[Type], [t0].[Amount], [p].[Name] AS [PaymentMethodName]
FROM (
    SELECT TOP(@p) [t].[TransactionId], [t].[Amount], [t].[CategoryId], [t].[CreatedDate], [t].[Description], [t].[PaymentMethodId], [t].[TransactionDate], [t].[Type]
    FROM [Transactions] AS [t]
    WHERE [t].[UserId] = @userId
    ORDER BY [t].[TransactionDate] DESC, [t].[CreatedDate] DESC
) AS [t0]
INNER JOIN [Categories] AS [c] ON [t0].[CategoryId] = [c].[CategoryId]
LEFT JOIN [PaymentMethods] AS [p] ON [t0].[PaymentMethodId] = [p].[PaymentMethodId]
ORDER BY [t0].[TransactionDate] DESC, [t0].[CreatedDate] DESC
2026-09-10 17:53:04.800 +05:30 [INF] Executed DbCommand (9ms) [Parameters=[@userId='?' (Size = 450), @sixMonthsAgo='?' (DbType = DateTime2)], CommandType='"Text"', CommandTimeout='30']
SELECT [t0].[Year], [t0].[Month], COALESCE(SUM([t0].[Amount]), 0.0) AS [Total]
FROM (
    SELECT [t].[Amount], DATEPART(year, [t].[TransactionDate]) AS [Year], DATEPART(month, [t].[TransactionDate]) AS [Month]
    FROM [Transactions] AS [t]
    WHERE [t].[UserId] = @userId AND [t].[Type] = N'Expense' AND [t].[TransactionDate] >= @sixMonthsAgo
) AS [t0]
GROUP BY [t0].[Year], [t0].[Month]
2026-09-10 17:53:04.812 +05:30 [INF] Executed DbCommand (7ms) [Parameters=[@userId='?' (Size = 450), @sixMonthsAgo='?' (DbType = DateTime2)], CommandType='"Text"', CommandTimeout='30']
SELECT [t0].[Year], [t0].[Month], [t0].[Type], COALESCE(SUM([t0].[Amount]), 0.0) AS [Total]
FROM (
    SELECT [t].[Amount], [t].[Type], DATEPART(year, [t].[TransactionDate]) AS [Year], DATEPART(month, [t].[TransactionDate]) AS [Month]
    FROM [Transactions] AS [t]
    WHERE [t].[UserId] = @userId AND [t].[TransactionDate] >= @sixMonthsAgo
) AS [t0]
GROUP BY [t0].[Year], [t0].[Month], [t0].[Type]
2026-09-10 17:53:04.827 +05:30 [INF] Executed DbCommand (11ms) [Parameters=[@p='?' (DbType = Int32), @userId='?' (Size = 450), @monthStart='?' (DbType = DateTime2), @today='?' (DbType = DateTime2)], CommandType='"Text"', CommandTimeout='30']
SELECT TOP(@p) [c].[Name] AS [Category], COALESCE(SUM([t].[Amount]), 0.0) AS [Total]
FROM [Transactions] AS [t]
INNER JOIN [Categories] AS [c] ON [t].[CategoryId] = [c].[CategoryId]
WHERE [t].[UserId] = @userId AND [t].[Type] = N'Expense' AND [t].[TransactionDate] >= @monthStart AND [t].[TransactionDate] <= @today
GROUP BY [c].[Name]
ORDER BY COALESCE(SUM([t].[Amount]), 0.0) DESC
2026-09-10 17:53:04.841 +05:30 [INF] Executed DbCommand (9ms) [Parameters=[@userId='?' (Size = 450), @monthStart='?' (DbType = DateTime2), @today='?' (DbType = DateTime2)], CommandType='"Text"', CommandTimeout='30']
SELECT [t0].[Key] AS [Day], COALESCE(SUM([t0].[Amount]), 0.0) AS [Total]
FROM (
    SELECT [t].[Amount], DATEPART(day, [t].[TransactionDate]) AS [Key]
    FROM [Transactions] AS [t]
    WHERE [t].[UserId] = @userId AND [t].[Type] = N'Expense' AND [t].[TransactionDate] >= @monthStart AND [t].[TransactionDate] <= @today
) AS [t0]
GROUP BY [t0].[Key]
2026-09-10 17:53:04.857 +05:30 [INF] Executed DbCommand (12ms) [Parameters=[@userId='?' (Size = 450), @monthStart='?' (DbType = DateTime2), @today='?' (DbType = DateTime2)], CommandType='"Text"', CommandTimeout='30']
SELECT [p].[Name] AS [Method], COALESCE(SUM([t].[Amount]), 0.0) AS [Total]
FROM [Transactions] AS [t]
LEFT JOIN [PaymentMethods] AS [p] ON [t].[PaymentMethodId] = [p].[PaymentMethodId]
WHERE [t].[UserId] = @userId AND [t].[Type] = N'Expense' AND [t].[TransactionDate] >= @monthStart AND [t].[TransactionDate] <= @today AND [t].[PaymentMethodId] IS NOT NULL
GROUP BY [p].[Name]
2026-09-10 17:53:04.867 +05:30 [INF] Executed DbCommand (4ms) [Parameters=[@userId='?' (Size = 450), @today_Month='?' (DbType = Int32), @today_Year='?' (DbType = Int32)], CommandType='"Text"', CommandTimeout='30']
SELECT TOP(1) [b].[BudgetId], [b].[CreatedDate], [b].[Month], [b].[Notes], [b].[TotalBudget], [b].[UpdatedDate], [b].[UserId], [b].[Year]
FROM [Budgets] AS [b]
WHERE [b].[UserId] = @userId AND [b].[Month] = @today_Month AND [b].[Year] = @today_Year
2026-09-10 17:53:04.879 +05:30 [INF] Executed DbCommand (5ms) [Parameters=[@userId='?' (Size = 450)], CommandType='"Text"', CommandTimeout='30']
SELECT COUNT(*)
FROM [Notifications] AS [n]
WHERE [n].[UserId] = @userId AND [n].[IsRead] = CAST(0 AS bit)
2026-09-10 17:53:04.882 +05:30 [INF] Executing ViewResult, running view Index.
2026-09-10 17:53:04.894 +05:30 [INF] Executed DbCommand (9ms) [Parameters=[@p='?' (Size = 450)], CommandType='"Text"', CommandTimeout='30']
SELECT TOP(1) [a].[Id], [a].[AccessFailedCount], [a].[ConcurrencyStamp], [a].[CreatedDate], [a].[Currency], [a].[DateFormat], [a].[Email], [a].[EmailConfirmed], [a].[FirstName], [a].[LastName], [a].[LockoutEnabled], [a].[LockoutEnd], [a].[NormalizedEmail], [a].[NormalizedUserName], [a].[PasswordHash], [a].[PhoneNumber], [a].[PhoneNumberConfirmed], [a].[SecurityStamp], [a].[Theme], [a].[TwoFactorEnabled], [a].[UserName]
FROM [AspNetUsers] AS [a]
WHERE [a].[Id] = @p
2026-09-10 17:53:04.900 +05:30 [INF] Executed ViewResult - view Index executed in 17.8262ms.
2026-09-10 17:53:04.903 +05:30 [INF] Executed action MyDailyExpenseTracker.Controllers.DashboardController.Index (MyDailyExpenseTracker) in 316.1902ms
2026-09-10 17:53:04.907 +05:30 [INF] Executed endpoint 'MyDailyExpenseTracker.Controllers.DashboardController.Index (MyDailyExpenseTracker)'
2026-09-10 17:53:04.910 +05:30 [INF] Request finished HTTP/1.1 GET http://localhost:5172/ - 200 null text/html; charset=utf-8 376.6151ms
2026-09-10 17:54:11.222 +05:30 [INF] Request starting HTTP/1.1 POST http://localhost:5172/Profile/SetTheme - application/x-www-form-urlencoded 11
2026-09-10 17:54:11.232 +05:30 [INF] Executing endpoint 'MyDailyExpenseTracker.Controllers.ProfileController.SetTheme (MyDailyExpenseTracker)'
2026-09-10 17:54:11.233 +05:30 [INF] Route matched with {action = "SetTheme", controller = "Profile"}. Executing controller action with signature System.Threading.Tasks.Task`1[Microsoft.AspNetCore.Mvc.IActionResult] SetTheme(System.String) on controller MyDailyExpenseTracker.Controllers.ProfileController (MyDailyExpenseTracker).
2026-09-10 17:54:11.287 +05:30 [INF] Executed DbCommand (25ms) [Parameters=[@p='?' (Size = 450)], CommandType='"Text"', CommandTimeout='30']
SELECT TOP(1) [a].[Id], [a].[AccessFailedCount], [a].[ConcurrencyStamp], [a].[CreatedDate], [a].[Currency], [a].[DateFormat], [a].[Email], [a].[EmailConfirmed], [a].[FirstName], [a].[LastName], [a].[LockoutEnabled], [a].[LockoutEnd], [a].[NormalizedEmail], [a].[NormalizedUserName], [a].[PasswordHash], [a].[PhoneNumber], [a].[PhoneNumberConfirmed], [a].[SecurityStamp], [a].[Theme], [a].[TwoFactorEnabled], [a].[UserName]
FROM [AspNetUsers] AS [a]
WHERE [a].[Id] = @p
2026-09-10 17:54:11.327 +05:30 [INF] Executed DbCommand (28ms) [Parameters=[@normalizedUserName='?' (Size = 256)], CommandType='"Text"', CommandTimeout='30']
SELECT TOP(1) [a].[Id], [a].[AccessFailedCount], [a].[ConcurrencyStamp], [a].[CreatedDate], [a].[Currency], [a].[DateFormat], [a].[Email], [a].[EmailConfirmed], [a].[FirstName], [a].[LastName], [a].[LockoutEnabled], [a].[LockoutEnd], [a].[NormalizedEmail], [a].[NormalizedUserName], [a].[PasswordHash], [a].[PhoneNumber], [a].[PhoneNumberConfirmed], [a].[SecurityStamp], [a].[Theme], [a].[TwoFactorEnabled], [a].[UserName]
FROM [AspNetUsers] AS [a]
WHERE [a].[NormalizedUserName] = @normalizedUserName
2026-09-10 17:54:11.342 +05:30 [INF] Executed DbCommand (6ms) [Parameters=[@normalizedEmail='?' (Size = 256)], CommandType='"Text"', CommandTimeout='30']
SELECT TOP(2) [a].[Id], [a].[AccessFailedCount], [a].[ConcurrencyStamp], [a].[CreatedDate], [a].[Currency], [a].[DateFormat], [a].[Email], [a].[EmailConfirmed], [a].[FirstName], [a].[LastName], [a].[LockoutEnabled], [a].[LockoutEnd], [a].[NormalizedEmail], [a].[NormalizedUserName], [a].[PasswordHash], [a].[PhoneNumber], [a].[PhoneNumberConfirmed], [a].[SecurityStamp], [a].[Theme], [a].[TwoFactorEnabled], [a].[UserName]
FROM [AspNetUsers] AS [a]
WHERE [a].[NormalizedEmail] = @normalizedEmail
2026-09-10 17:54:11.452 +05:30 [INF] Executed DbCommand (43ms) [Parameters=[@p20='?' (Size = 450), @p0='?' (DbType = Int32), @p1='?' (Size = 4000), @p21='?' (Size = 4000), @p2='?' (DbType = DateTime2), @p3='?' (Size = 10), @p4='?' (Size = 20), @p5='?' (Size = 256), @p6='?' (DbType = Boolean), @p7='?' (Size = 100), @p8='?' (Size = 100), @p9='?' (DbType = Boolean), @p10='?' (DbType = DateTimeOffset), @p11='?' (Size = 256), @p12='?' (Size = 256), @p13='?' (Size = 4000), @p14='?' (Size = 4000), @p15='?' (DbType = Boolean), @p16='?' (Size = 4000), @p17='?' (Size = 10), @p18='?' (DbType = Boolean), @p19='?' (Size = 256)], CommandType='"Text"', CommandTimeout='30']
SET IMPLICIT_TRANSACTIONS OFF;
SET NOCOUNT ON;
UPDATE [AspNetUsers] SET [AccessFailedCount] = @p0, [ConcurrencyStamp] = @p1, [CreatedDate] = @p2, [Currency] = @p3, [DateFormat] = @p4, [Email] = @p5, [EmailConfirmed] = @p6, [FirstName] = @p7, [LastName] = @p8, [LockoutEnabled] = @p9, [LockoutEnd] = @p10, [NormalizedEmail] = @p11, [NormalizedUserName] = @p12, [PasswordHash] = @p13, [PhoneNumber] = @p14, [PhoneNumberConfirmed] = @p15, [SecurityStamp] = @p16, [Theme] = @p17, [TwoFactorEnabled] = @p18, [UserName] = @p19
OUTPUT 1
WHERE [Id] = @p20 AND [ConcurrencyStamp] = @p21;
2026-09-10 17:54:11.459 +05:30 [INF] Executing StatusCodeResult, setting HTTP status code 200
2026-09-10 17:54:11.461 +05:30 [INF] Executed action MyDailyExpenseTracker.Controllers.ProfileController.SetTheme (MyDailyExpenseTracker) in 225.3358ms
2026-09-10 17:54:11.463 +05:30 [INF] Executed endpoint 'MyDailyExpenseTracker.Controllers.ProfileController.SetTheme (MyDailyExpenseTracker)'
2026-09-10 17:54:11.465 +05:30 [INF] Request finished HTTP/1.1 POST http://localhost:5172/Profile/SetTheme - 200 0 null 243.0338ms
2026-09-10 17:54:12.214 +05:30 [INF] Request starting HTTP/1.1 POST http://localhost:5172/Profile/SetTheme - application/x-www-form-urlencoded 10
2026-09-10 17:54:12.217 +05:30 [INF] Executing endpoint 'MyDailyExpenseTracker.Controllers.ProfileController.SetTheme (MyDailyExpenseTracker)'
2026-09-10 17:54:12.219 +05:30 [INF] Route matched with {action = "SetTheme", controller = "Profile"}. Executing controller action with signature System.Threading.Tasks.Task`1[Microsoft.AspNetCore.Mvc.IActionResult] SetTheme(System.String) on controller MyDailyExpenseTracker.Controllers.ProfileController (MyDailyExpenseTracker).
2026-09-10 17:54:12.240 +05:30 [INF] Executed DbCommand (16ms) [Parameters=[@p='?' (Size = 450)], CommandType='"Text"', CommandTimeout='30']
SELECT TOP(1) [a].[Id], [a].[AccessFailedCount], [a].[ConcurrencyStamp], [a].[CreatedDate], [a].[Currency], [a].[DateFormat], [a].[Email], [a].[EmailConfirmed], [a].[FirstName], [a].[LastName], [a].[LockoutEnabled], [a].[LockoutEnd], [a].[NormalizedEmail], [a].[NormalizedUserName], [a].[PasswordHash], [a].[PhoneNumber], [a].[PhoneNumberConfirmed], [a].[SecurityStamp], [a].[Theme], [a].[TwoFactorEnabled], [a].[UserName]
FROM [AspNetUsers] AS [a]
WHERE [a].[Id] = @p
2026-09-10 17:54:12.262 +05:30 [INF] Executed DbCommand (12ms) [Parameters=[@normalizedUserName='?' (Size = 256)], CommandType='"Text"', CommandTimeout='30']
SELECT TOP(1) [a].[Id], [a].[AccessFailedCount], [a].[ConcurrencyStamp], [a].[CreatedDate], [a].[Currency], [a].[DateFormat], [a].[Email], [a].[EmailConfirmed], [a].[FirstName], [a].[LastName], [a].[LockoutEnabled], [a].[LockoutEnd], [a].[NormalizedEmail], [a].[NormalizedUserName], [a].[PasswordHash], [a].[PhoneNumber], [a].[PhoneNumberConfirmed], [a].[SecurityStamp], [a].[Theme], [a].[TwoFactorEnabled], [a].[UserName]
FROM [AspNetUsers] AS [a]
WHERE [a].[NormalizedUserName] = @normalizedUserName
2026-09-10 17:54:12.278 +05:30 [INF] Executed DbCommand (9ms) [Parameters=[@normalizedEmail='?' (Size = 256)], CommandType='"Text"', CommandTimeout='30']
SELECT TOP(2) [a].[Id], [a].[AccessFailedCount], [a].[ConcurrencyStamp], [a].[CreatedDate], [a].[Currency], [a].[DateFormat], [a].[Email], [a].[EmailConfirmed], [a].[FirstName], [a].[LastName], [a].[LockoutEnabled], [a].[LockoutEnd], [a].[NormalizedEmail], [a].[NormalizedUserName], [a].[PasswordHash], [a].[PhoneNumber], [a].[PhoneNumberConfirmed], [a].[SecurityStamp], [a].[Theme], [a].[TwoFactorEnabled], [a].[UserName]
FROM [AspNetUsers] AS [a]
WHERE [a].[NormalizedEmail] = @normalizedEmail
2026-09-10 17:54:12.306 +05:30 [INF] Executed DbCommand (18ms) [Parameters=[@p20='?' (Size = 450), @p0='?' (DbType = Int32), @p1='?' (Size = 4000), @p21='?' (Size = 4000), @p2='?' (DbType = DateTime2), @p3='?' (Size = 10), @p4='?' (Size = 20), @p5='?' (Size = 256), @p6='?' (DbType = Boolean), @p7='?' (Size = 100), @p8='?' (Size = 100), @p9='?' (DbType = Boolean), @p10='?' (DbType = DateTimeOffset), @p11='?' (Size = 256), @p12='?' (Size = 256), @p13='?' (Size = 4000), @p14='?' (Size = 4000), @p15='?' (DbType = Boolean), @p16='?' (Size = 4000), @p17='?' (Size = 10), @p18='?' (DbType = Boolean), @p19='?' (Size = 256)], CommandType='"Text"', CommandTimeout='30']
SET IMPLICIT_TRANSACTIONS OFF;
SET NOCOUNT ON;
UPDATE [AspNetUsers] SET [AccessFailedCount] = @p0, [ConcurrencyStamp] = @p1, [CreatedDate] = @p2, [Currency] = @p3, [DateFormat] = @p4, [Email] = @p5, [EmailConfirmed] = @p6, [FirstName] = @p7, [LastName] = @p8, [LockoutEnabled] = @p9, [LockoutEnd] = @p10, [NormalizedEmail] = @p11, [NormalizedUserName] = @p12, [PasswordHash] = @p13, [PhoneNumber] = @p14, [PhoneNumberConfirmed] = @p15, [SecurityStamp] = @p16, [Theme] = @p17, [TwoFactorEnabled] = @p18, [UserName] = @p19
OUTPUT 1
WHERE [Id] = @p20 AND [ConcurrencyStamp] = @p21;
2026-09-10 17:54:12.311 +05:30 [INF] Executing StatusCodeResult, setting HTTP status code 200
2026-09-10 17:54:12.312 +05:30 [INF] Executed action MyDailyExpenseTracker.Controllers.ProfileController.SetTheme (MyDailyExpenseTracker) in 91.0024ms
2026-09-10 17:54:12.316 +05:30 [INF] Executed endpoint 'MyDailyExpenseTracker.Controllers.ProfileController.SetTheme (MyDailyExpenseTracker)'
2026-09-10 17:54:12.319 +05:30 [INF] Request finished HTTP/1.1 POST http://localhost:5172/Profile/SetTheme - 200 0 null 103.933ms
2026-09-10 17:54:13.001 +05:30 [INF] Request starting HTTP/1.1 POST http://localhost:5172/Profile/SetTheme - application/x-www-form-urlencoded 11
2026-09-10 17:54:13.004 +05:30 [INF] Executing endpoint 'MyDailyExpenseTracker.Controllers.ProfileController.SetTheme (MyDailyExpenseTracker)'
2026-09-10 17:54:13.006 +05:30 [INF] Route matched with {action = "SetTheme", controller = "Profile"}. Executing controller action with signature System.Threading.Tasks.Task`1[Microsoft.AspNetCore.Mvc.IActionResult] SetTheme(System.String) on controller MyDailyExpenseTracker.Controllers.ProfileController (MyDailyExpenseTracker).
2026-09-10 17:54:13.021 +05:30 [INF] Executed DbCommand (12ms) [Parameters=[@p='?' (Size = 450)], CommandType='"Text"', CommandTimeout='30']
SELECT TOP(1) [a].[Id], [a].[AccessFailedCount], [a].[ConcurrencyStamp], [a].[CreatedDate], [a].[Currency], [a].[DateFormat], [a].[Email], [a].[EmailConfirmed], [a].[FirstName], [a].[LastName], [a].[LockoutEnabled], [a].[LockoutEnd], [a].[NormalizedEmail], [a].[NormalizedUserName], [a].[PasswordHash], [a].[PhoneNumber], [a].[PhoneNumberConfirmed], [a].[SecurityStamp], [a].[Theme], [a].[TwoFactorEnabled], [a].[UserName]
FROM [AspNetUsers] AS [a]
WHERE [a].[Id] = @p
2026-09-10 17:54:13.031 +05:30 [INF] Executed DbCommand (7ms) [Parameters=[@normalizedUserName='?' (Size = 256)], CommandType='"Text"', CommandTimeout='30']
SELECT TOP(1) [a].[Id], [a].[AccessFailedCount], [a].[ConcurrencyStamp], [a].[CreatedDate], [a].[Currency], [a].[DateFormat], [a].[Email], [a].[EmailConfirmed], [a].[FirstName], [a].[LastName], [a].[LockoutEnabled], [a].[LockoutEnd], [a].[NormalizedEmail], [a].[NormalizedUserName], [a].[PasswordHash], [a].[PhoneNumber], [a].[PhoneNumberConfirmed], [a].[SecurityStamp], [a].[Theme], [a].[TwoFactorEnabled], [a].[UserName]
FROM [AspNetUsers] AS [a]
WHERE [a].[NormalizedUserName] = @normalizedUserName
2026-09-10 17:54:13.041 +05:30 [INF] Executed DbCommand (5ms) [Parameters=[@normalizedEmail='?' (Size = 256)], CommandType='"Text"', CommandTimeout='30']
SELECT TOP(2) [a].[Id], [a].[AccessFailedCount], [a].[ConcurrencyStamp], [a].[CreatedDate], [a].[Currency], [a].[DateFormat], [a].[Email], [a].[EmailConfirmed], [a].[FirstName], [a].[LastName], [a].[LockoutEnabled], [a].[LockoutEnd], [a].[NormalizedEmail], [a].[NormalizedUserName], [a].[PasswordHash], [a].[PhoneNumber], [a].[PhoneNumberConfirmed], [a].[SecurityStamp], [a].[Theme], [a].[TwoFactorEnabled], [a].[UserName]
FROM [AspNetUsers] AS [a]
WHERE [a].[NormalizedEmail] = @normalizedEmail
2026-09-10 17:54:13.072 +05:30 [INF] Executed DbCommand (23ms) [Parameters=[@p20='?' (Size = 450), @p0='?' (DbType = Int32), @p1='?' (Size = 4000), @p21='?' (Size = 4000), @p2='?' (DbType = DateTime2), @p3='?' (Size = 10), @p4='?' (Size = 20), @p5='?' (Size = 256), @p6='?' (DbType = Boolean), @p7='?' (Size = 100), @p8='?' (Size = 100), @p9='?' (DbType = Boolean), @p10='?' (DbType = DateTimeOffset), @p11='?' (Size = 256), @p12='?' (Size = 256), @p13='?' (Size = 4000), @p14='?' (Size = 4000), @p15='?' (DbType = Boolean), @p16='?' (Size = 4000), @p17='?' (Size = 10), @p18='?' (DbType = Boolean), @p19='?' (Size = 256)], CommandType='"Text"', CommandTimeout='30']
SET IMPLICIT_TRANSACTIONS OFF;
SET NOCOUNT ON;
UPDATE [AspNetUsers] SET [AccessFailedCount] = @p0, [ConcurrencyStamp] = @p1, [CreatedDate] = @p2, [Currency] = @p3, [DateFormat] = @p4, [Email] = @p5, [EmailConfirmed] = @p6, [FirstName] = @p7, [LastName] = @p8, [LockoutEnabled] = @p9, [LockoutEnd] = @p10, [NormalizedEmail] = @p11, [NormalizedUserName] = @p12, [PasswordHash] = @p13, [PhoneNumber] = @p14, [PhoneNumberConfirmed] = @p15, [SecurityStamp] = @p16, [Theme] = @p17, [TwoFactorEnabled] = @p18, [UserName] = @p19
OUTPUT 1
WHERE [Id] = @p20 AND [ConcurrencyStamp] = @p21;
2026-09-10 17:54:13.077 +05:30 [INF] Executing StatusCodeResult, setting HTTP status code 200
2026-09-10 17:54:13.078 +05:30 [INF] Executed action MyDailyExpenseTracker.Controllers.ProfileController.SetTheme (MyDailyExpenseTracker) in 70.6782ms
2026-09-10 17:54:13.081 +05:30 [INF] Executed endpoint 'MyDailyExpenseTracker.Controllers.ProfileController.SetTheme (MyDailyExpenseTracker)'
2026-09-10 17:54:13.085 +05:30 [INF] Request finished HTTP/1.1 POST http://localhost:5172/Profile/SetTheme - 200 0 null 83.9734ms
2026-09-10 17:54:16.472 +05:30 [INF] Request starting HTTP/1.1 GET http://localhost:5172/Notifications/GetUnread - null null
2026-09-10 17:54:16.489 +05:30 [INF] Executing endpoint 'MyDailyExpenseTracker.Controllers.NotificationsController.GetUnread (MyDailyExpenseTracker)'
2026-09-10 17:54:16.539 +05:30 [INF] Route matched with {action = "GetUnread", controller = "Notifications"}. Executing controller action with signature System.Threading.Tasks.Task`1[Microsoft.AspNetCore.Mvc.IActionResult] GetUnread() on controller MyDailyExpenseTracker.Controllers.NotificationsController (MyDailyExpenseTracker).
2026-09-10 17:54:16.619 +05:30 [INF] Executed DbCommand (6ms) [Parameters=[@p='?' (DbType = Int32), @userId='?' (Size = 450)], CommandType='"Text"', CommandTimeout='30']
SELECT TOP(@p) [n].[NotificationId], [n].[CreatedDate], [n].[IsRead], [n].[Message], [n].[Type], [n].[UserId]
FROM [Notifications] AS [n]
WHERE [n].[UserId] = @userId AND [n].[IsRead] = CAST(0 AS bit)
ORDER BY [n].[CreatedDate] DESC
2026-09-10 17:54:16.626 +05:30 [INF] Executing JsonResult, writing value of type 'System.Linq.Enumerable+ListSelectIterator`2[[MyDailyExpenseTracker.Models.Notification, MyDailyExpenseTracker, Version=1.0.0.0, Culture=neutral, PublicKeyToken=null],[<>f__AnonymousType2`4[[System.Int32, System.Private.CoreLib, Version=10.0.0.0, Culture=neutral, PublicKeyToken=7cec85d7bea7798e],[System.String, System.Private.CoreLib, Version=10.0.0.0, Culture=neutral, PublicKeyToken=7cec85d7bea7798e],[System.String, System.Private.CoreLib, Version=10.0.0.0, Culture=neutral, PublicKeyToken=7cec85d7bea7798e],[System.String, System.Private.CoreLib, Version=10.0.0.0, Culture=neutral, PublicKeyToken=7cec85d7bea7798e]], MyDailyExpenseTracker, Version=1.0.0.0, Culture=neutral, PublicKeyToken=null]]'.
2026-09-10 17:54:16.664 +05:30 [INF] Executed action MyDailyExpenseTracker.Controllers.NotificationsController.GetUnread (MyDailyExpenseTracker) in 120.8122ms
2026-09-10 17:54:16.666 +05:30 [INF] Executed endpoint 'MyDailyExpenseTracker.Controllers.NotificationsController.GetUnread (MyDailyExpenseTracker)'
2026-09-10 17:54:16.668 +05:30 [INF] Request finished HTTP/1.1 GET http://localhost:5172/Notifications/GetUnread - 200 null application/json; charset=utf-8 195.0871ms
2026-09-10 17:54:18.505 +05:30 [INF] Request starting HTTP/1.1 POST http://localhost:5172/Profile/SetTheme - application/x-www-form-urlencoded 10
2026-09-10 17:54:18.509 +05:30 [INF] Executing endpoint 'MyDailyExpenseTracker.Controllers.ProfileController.SetTheme (MyDailyExpenseTracker)'
2026-09-10 17:54:18.510 +05:30 [INF] Route matched with {action = "SetTheme", controller = "Profile"}. Executing controller action with signature System.Threading.Tasks.Task`1[Microsoft.AspNetCore.Mvc.IActionResult] SetTheme(System.String) on controller MyDailyExpenseTracker.Controllers.ProfileController (MyDailyExpenseTracker).
2026-09-10 17:54:18.529 +05:30 [INF] Executed DbCommand (13ms) [Parameters=[@p='?' (Size = 450)], CommandType='"Text"', CommandTimeout='30']
SELECT TOP(1) [a].[Id], [a].[AccessFailedCount], [a].[ConcurrencyStamp], [a].[CreatedDate], [a].[Currency], [a].[DateFormat], [a].[Email], [a].[EmailConfirmed], [a].[FirstName], [a].[LastName], [a].[LockoutEnabled], [a].[LockoutEnd], [a].[NormalizedEmail], [a].[NormalizedUserName], [a].[PasswordHash], [a].[PhoneNumber], [a].[PhoneNumberConfirmed], [a].[SecurityStamp], [a].[Theme], [a].[TwoFactorEnabled], [a].[UserName]
FROM [AspNetUsers] AS [a]
WHERE [a].[Id] = @p
2026-09-10 17:54:18.554 +05:30 [INF] Executed DbCommand (16ms) [Parameters=[@normalizedUserName='?' (Size = 256)], CommandType='"Text"', CommandTimeout='30']
SELECT TOP(1) [a].[Id], [a].[AccessFailedCount], [a].[ConcurrencyStamp], [a].[CreatedDate], [a].[Currency], [a].[DateFormat], [a].[Email], [a].[EmailConfirmed], [a].[FirstName], [a].[LastName], [a].[LockoutEnabled], [a].[LockoutEnd], [a].[NormalizedEmail], [a].[NormalizedUserName], [a].[PasswordHash], [a].[PhoneNumber], [a].[PhoneNumberConfirmed], [a].[SecurityStamp], [a].[Theme], [a].[TwoFactorEnabled], [a].[UserName]
FROM [AspNetUsers] AS [a]
WHERE [a].[NormalizedUserName] = @normalizedUserName
2026-09-10 17:54:18.572 +05:30 [INF] Executed DbCommand (9ms) [Parameters=[@normalizedEmail='?' (Size = 256)], CommandType='"Text"', CommandTimeout='30']
SELECT TOP(2) [a].[Id], [a].[AccessFailedCount], [a].[ConcurrencyStamp], [a].[CreatedDate], [a].[Currency], [a].[DateFormat], [a].[Email], [a].[EmailConfirmed], [a].[FirstName], [a].[LastName], [a].[LockoutEnabled], [a].[LockoutEnd], [a].[NormalizedEmail], [a].[NormalizedUserName], [a].[PasswordHash], [a].[PhoneNumber], [a].[PhoneNumberConfirmed], [a].[SecurityStamp], [a].[Theme], [a].[TwoFactorEnabled], [a].[UserName]
FROM [AspNetUsers] AS [a]
WHERE [a].[NormalizedEmail] = @normalizedEmail
2026-09-10 17:54:18.590 +05:30 [INF] Executed DbCommand (12ms) [Parameters=[@p20='?' (Size = 450), @p0='?' (DbType = Int32), @p1='?' (Size = 4000), @p21='?' (Size = 4000), @p2='?' (DbType = DateTime2), @p3='?' (Size = 10), @p4='?' (Size = 20), @p5='?' (Size = 256), @p6='?' (DbType = Boolean), @p7='?' (Size = 100), @p8='?' (Size = 100), @p9='?' (DbType = Boolean), @p10='?' (DbType = DateTimeOffset), @p11='?' (Size = 256), @p12='?' (Size = 256), @p13='?' (Size = 4000), @p14='?' (Size = 4000), @p15='?' (DbType = Boolean), @p16='?' (Size = 4000), @p17='?' (Size = 10), @p18='?' (DbType = Boolean), @p19='?' (Size = 256)], CommandType='"Text"', CommandTimeout='30']
SET IMPLICIT_TRANSACTIONS OFF;
SET NOCOUNT ON;
UPDATE [AspNetUsers] SET [AccessFailedCount] = @p0, [ConcurrencyStamp] = @p1, [CreatedDate] = @p2, [Currency] = @p3, [DateFormat] = @p4, [Email] = @p5, [EmailConfirmed] = @p6, [FirstName] = @p7, [LastName] = @p8, [LockoutEnabled] = @p9, [LockoutEnd] = @p10, [NormalizedEmail] = @p11, [NormalizedUserName] = @p12, [PasswordHash] = @p13, [PhoneNumber] = @p14, [PhoneNumberConfirmed] = @p15, [SecurityStamp] = @p16, [Theme] = @p17, [TwoFactorEnabled] = @p18, [UserName] = @p19
OUTPUT 1
WHERE [Id] = @p20 AND [ConcurrencyStamp] = @p21;
2026-09-10 17:54:18.595 +05:30 [INF] Executing StatusCodeResult, setting HTTP status code 200
2026-09-10 17:54:18.597 +05:30 [INF] Executed action MyDailyExpenseTracker.Controllers.ProfileController.SetTheme (MyDailyExpenseTracker) in 84.6869ms
2026-09-10 17:54:18.599 +05:30 [INF] Executed endpoint 'MyDailyExpenseTracker.Controllers.ProfileController.SetTheme (MyDailyExpenseTracker)'
2026-09-10 17:54:18.601 +05:30 [INF] Request finished HTTP/1.1 POST http://localhost:5172/Profile/SetTheme - 200 0 null 96.4722ms
